suite,system,case_id,fault_type,ground_truth,prediction_top1,hit@1,rank_of_ground_truth,predicted_ranking,diagnostic_path,total_tokens,total_calls,status,notes
RE1,Online Boutique,RE1-OB/adservice_cpu/1,cpu,adservice,adservice,1,1,"[""adservice"", ""paymentservice"", ""shippingservice"", ""productcatalogservice"", ""currencyservice""]",shortcut,0,0,lightweight_ivd_shortcut,
RE1,Online Boutique,RE1-OB/adservice_cpu/2,cpu,adservice,adservice,1,1,"[""adservice"", ""main"", ""cartservice"", ""productcatalogservice"", ""frontend""]",shortcut,0,0,lightweight_ivd_shortcut,
RE1,Online Boutique,RE1-OB/adservice_cpu/3,cpu,adservice,cartservice,0,2,"[""cartservice"", ""adservice"", ""main"", ""productcatalogservice"", ""recommendationservice""]",shortcut,0,0,lightweight_ivd_shortcut,
RE1,Online Boutique,RE1-OB/adservice_cpu/4,cpu,adservice,adservice,1,1,"[""adservice"", ""main"", ""currencyservice"", ""productcatalogservice"", ""checkoutservice""]",shortcut,0,0,lightweight_ivd_shortcut,
RE1,Online Boutique,RE1-OB/adservice_cpu/5,cpu,adservice,adservice,1,1,"[""adservice"", ""paymentservice"", ""main"", ""emailservice"", ""productcatalogservice""]",shortcut,0,0,lightweight_ivd_shortcut,
RE1,Online Boutique,RE1-OB/adservice_delay/1,delay,adservice,adservice,1,1,"[""adservice"", ""checkoutservice"", ""main"", ""shippingservice"", ""cartservice""]",shortcut,0,0,lightweight_ivd_shortcut,
RE1,Online Boutique,RE1-OB/adservice_delay/2,delay,adservice,checkoutservice,0,,"[""checkoutservice"", ""paymentservice"", ""currencyservice"", ""recommendationservice"", ""main""]",shortcut,0,0,lightweight_ivd_shortcut,
RE1,Online Boutique,RE1-OB/adservice_delay/3,delay,adservice,adservice,1,1,"[""adservice"", ""main"", ""paymentservice"", ""emailservice"", ""currencyservice""]",shortcut,0,0,lightweight_ivd_shortcut,
RE1,Online Boutique,RE1-OB/adservice_delay/4,delay,adservice,checkoutservice,0,2,"[""checkoutservice"", ""adservice"", ""currencyservice"", ""shippingservice"", ""main""]",shortcut,0,0,lightweight_ivd_shortcut,
RE1,Online Boutique,RE1-OB/adservice_delay/5,delay,adservice,adservice,1,1,"[""adservice"", ""checkoutservice"", ""main"", ""emailservice"", ""currencyservice""]",shortcut,0,0,lightweight_ivd_shortcut,
RE1,Online Boutique,RE1-OB/adservice_disk/1,disk,adservice,adservice,1,1,"[""adservice"", ""emailservice"", ""recommendationservice"", ""shippingservice"", ""main""]",shortcut,0,0,lightweight_ivd_shortcut,
RE1,Online Boutique,RE1-OB/adservice_disk/2,disk,adservice,adservice,1,1,"[""adservice"", ""emailservice"", ""productcatalogservice"", ""cartservice"", ""shippingservice""]",shortcut,0,0,lightweight_ivd_shortcut,
RE1,Online Boutique,RE1-OB/adservice_disk/3,disk,adservice,adservice,1,1,"[""adservice"", ""emailservice"", ""checkoutservice"", ""frontend"", ""productcatalogservice""]",shortcut,0,0,lightweight_ivd_shortcut,
RE1,Online Boutique,RE1-OB/adservice_disk/4,disk,adservice,adservice,1,1,"[""adservice"", ""emailservice"", ""shippingservice"", ""currencyservice"", ""frontend""]",shortcut,0,0,lightweight_ivd_shortcut,
RE1,Online Boutique,RE1-OB/adservice_disk/5,disk,adservice,adservice,1,1,"[""adservice"", ""productcatalogservice"", ""currencyservice"", ""paymentservice"", ""recommendationservice""]",shortcut,0,0,lightweight_ivd_shortcut,
RE1,Online Boutique,RE1-OB/adservice_loss/1,loss,adservice,checkoutservice,0,2,"[""checkoutservice"", ""adservice"", ""cartservice"", ""shippingservice"", ""productcatalogservice""]",shortcut,0,0,lightweight_ivd_shortcut,
RE1,Online Boutique,RE1-OB/adservice_loss/2,loss,adservice,checkoutservice,0,2,"[""checkoutservice"", ""adservice"", ""paymentservice"", ""productcatalogservice"", ""shippingservice""]",shortcut,0,0,lightweight_ivd_shortcut,
RE1,Online Boutique,RE1-OB/adservice_loss/3,loss,adservice,adservice,1,1,"[""adservice"", ""paymentservice"", ""productcatalogservice"", ""cartservice"", ""currencyservice""]",shortcut,0,0,lightweight_ivd_shortcut,
RE1,Online Boutique,RE1-OB/adservice_loss/4,loss,adservice,adservice,1,1,"[""adservice"", ""productcatalogservice"", ""recommendationservice"", ""frontend"", ""main""]",shortcut,0,0,lightweight_ivd_shortcut,
RE1,Online Boutique,RE1-OB/adservice_loss/5,loss,adservice,adservice,1,1,"[""adservice"", ""frontend"", ""currencyservice"", ""productcatalogservice"", ""paymentservice""]",shortcut,0,0,lightweight_ivd_shortcut,
RE1,Online Boutique,RE1-OB/adservice_mem/1,mem,adservice,adservice,1,1,"[""adservice"", ""cartservice"", ""frontend"", ""checkoutservice"", ""emailservice""]",shortcut,0,0,lightweight_ivd_shortcut,
RE1,Online Boutique,RE1-OB/adservice_mem/2,mem,adservice,adservice,1,1,"[""adservice"", ""shippingservice"", ""cartservice"", ""productcatalogservice"", ""main""]",shortcut,0,0,lightweight_ivd_shortcut,
RE1,Online Boutique,RE1-OB/adservice_mem/3,mem,adservice,adservice,1,1,"[""adservice"", ""main"", ""frontend"", ""productcatalogservice"", ""recommendationservice""]",shortcut,0,0,lightweight_ivd_shortcut,
RE1,Online Boutique,RE1-OB/adservice_mem/4,mem,adservice,adservice,1,1,"[""adservice"", ""recommendationservice"", ""main"", ""cartservice"", ""shippingservice""]",shortcut,0,0,lightweight_ivd_shortcut,
RE1,Online Boutique,RE1-OB/adservice_mem/5,mem,adservice,adservice,1,1,"[""adservice"", ""paymentservice"", ""cartservice"", ""emailservice"", ""main""]",shortcut,0,0,lightweight_ivd_shortcut,
RE1,Online Boutique,RE1-OB/cartservice_cpu/1,cpu,cartservice,cartservice,1,1,"[""cartservice"", ""adservice"", ""checkoutservice"", ""main"", ""currencyservice""]",shortcut,0,0,lightweight_ivd_shortcut,
RE1,Online Boutique,RE1-OB/cartservice_cpu/2,cpu,cartservice,cartservice,1,1,"[""cartservice"", ""adservice"", ""shippingservice"", ""currencyservice"", ""productcatalogservice""]",shortcut,0,0,lightweight_ivd_shortcut,
RE1,Online Boutique,RE1-OB/cartservice_cpu/3,cpu,cartservice,cartservice,1,1,"[""cartservice"", ""main"", ""adservice"", ""productcatalogservice"", ""currencyservice""]",shortcut,0,0,lightweight_ivd_shortcut,
RE1,Online Boutique,RE1-OB/cartservice_cpu/4,cpu,cartservice,cartservice,1,1,"[""cartservice"", ""main"", ""recommendationservice"", ""currencyservice"", ""productcatalogservice""]",shortcut,0,0,lightweight_ivd_shortcut,
RE1,Online Boutique,RE1-OB/cartservice_cpu/5,cpu,cartservice,cartservice,1,1,"[""cartservice"", ""emailservice"", ""currencyservice"", ""paymentservice"", ""productcatalogservice""]",shortcut,0,0,lightweight_ivd_shortcut,
RE1,Online Boutique,RE1-OB/cartservice_delay/1,delay,cartservice,frontend,0,3,"[""frontend"", ""checkoutservice"", ""cartservice"", ""currencyservice"", ""productcatalogservice""]",shortcut,0,0,lightweight_ivd_shortcut,
RE1,Online Boutique,RE1-OB/cartservice_delay/2,delay,cartservice,checkoutservice,0,2,"[""checkoutservice"", ""cartservice"", ""adservice"", ""paymentservice"", ""currencyservice""]",shortcut,0,0,lightweight_ivd_shortcut,
RE1,Online Boutique,RE1-OB/cartservice_delay/3,delay,cartservice,frontend,0,3,"[""frontend"", ""checkoutservice"", ""cartservice"", ""currencyservice"", ""shippingservice""]",shortcut,0,0,lightweight_ivd_shortcut,
RE1,Online Boutique,RE1-OB/cartservice_delay/4,delay,cartservice,frontend,0,2,"[""frontend"", ""cartservice"", ""checkoutservice"", ""currencyservice"", ""shippingservice""]",shortcut,0,0,lightweight_ivd_shortcut,
RE1,Online Boutique,RE1-OB/cartservice_delay/5,delay,cartservice,frontend,0,,"[""frontend"", ""main"", ""currencyservice"", ""recommendationservice"", ""shippingservice""]",shortcut,0,0,lightweight_ivd_shortcut,
RE1,Online Boutique,RE1-OB/cartservice_disk/1,disk,cartservice,cartservice,1,1,"[""cartservice"", ""paymentservice"", ""checkoutservice"", ""adservice"", ""currencyservice""]",shortcut,0,0,lightweight_ivd_shortcut,
RE1,Online Boutique,RE1-OB/cartservice_disk/2,disk,cartservice,cartservice,1,1,"[""cartservice"", ""checkoutservice"", ""currencyservice"", ""frontend"", ""shippingservice""]",shortcut,0,0,lightweight_ivd_shortcut,
RE1,Online Boutique,RE1-OB/cartservice_disk/3,disk,cartservice,cartservice,1,1,"[""cartservice"", ""main"", ""currencyservice"", ""shippingservice"", ""productcatalogservice""]",shortcut,0,0,lightweight_ivd_shortcut,
RE1,Online Boutique,RE1-OB/cartservice_disk/4,disk,cartservice,cartservice,1,1,"[""cartservice"", ""currencyservice"", ""adservice"", ""checkoutservice"", ""emailservice""]",shortcut,0,0,lightweight_ivd_shortcut,
RE1,Online Boutique,RE1-OB/cartservice_disk/5,disk,cartservice,cartservice,1,1,"[""cartservice"", ""shippingservice"", ""frontend"", ""paymentservice"", ""productcatalogservice""]",shortcut,0,0,lightweight_ivd_shortcut,
RE1,Online Boutique,RE1-OB/cartservice_loss/1,loss,cartservice,cartservice,1,1,"[""cartservice"", ""checkoutservice"", ""recommendationservice"", ""emailservice"", ""paymentservice""]",shortcut,0,0,lightweight_ivd_shortcut,
RE1,Online Boutique,RE1-OB/cartservice_loss/2,loss,cartservice,cartservice,1,1,"[""cartservice"", ""productcatalogservice"", ""adservice"", ""shippingservice"", ""currencyservice""]",shortcut,0,0,lightweight_ivd_shortcut,
RE1,Online Boutique,RE1-OB/cartservice_loss/3,loss,cartservice,cartservice,1,1,"[""cartservice"", ""adservice"", ""frontend"", ""currencyservice"", ""shippingservice""]",shortcut,0,0,lightweight_ivd_shortcut,
RE1,Online Boutique,RE1-OB/cartservice_loss/4,loss,cartservice,recommendationservice,0,,"[""recommendationservice"", ""currencyservice"", ""checkoutservice"", ""productcatalogservice"", ""adservice""]",shortcut,0,0,lightweight_ivd_shortcut,
RE1,Online Boutique,RE1-OB/cartservice_loss/5,loss,cartservice,frontend,0,,"[""frontend"", ""recommendationservice"", ""currencyservice"", ""adservice"", ""main""]",shortcut,0,0,lightweight_ivd_shortcut,
RE1,Online Boutique,RE1-OB/cartservice_mem/1,mem,cartservice,cartservice,1,1,"[""cartservice"", ""shippingservice"", ""adservice"", ""currencyservice"", ""frontend""]",shortcut,0,0,lightweight_ivd_shortcut,
RE1,Online Boutique,RE1-OB/cartservice_mem/2,mem,cartservice,cartservice,1,1,"[""cartservice"", ""main"", ""productcatalogservice"", ""checkoutservice"", ""shippingservice""]",shortcut,0,0,lightweight_ivd_shortcut,
RE1,Online Boutique,RE1-OB/cartservice_mem/3,mem,cartservice,cartservice,1,1,"[""cartservice"", ""checkoutservice"", ""main"", ""recommendationservice"", ""paymentservice""]",shortcut,0,0,lightweight_ivd_shortcut,
RE1,Online Boutique,RE1-OB/cartservice_mem/4,mem,cartservice,cartservice,1,1,"[""cartservice"", ""shippingservice"", ""main"", ""adservice"", ""paymentservice""]",shortcut,0,0,lightweight_ivd_shortcut,
RE1,Online Boutique,RE1-OB/cartservice_mem/5,mem,cartservice,cartservice,1,1,"[""cartservice"", ""emailservice"", ""paymentservice"", ""main"", ""currencyservice""]",shortcut,0,0,lightweight_ivd_shortcut,
RE1,Online Boutique,RE1-OB/checkoutservice_cpu/1,cpu,checkoutservice,checkoutservice,1,1,"[""checkoutservice"", ""main"", ""adservice"", ""shippingservice"", ""emailservice""]",shortcut,0,0,lightweight_ivd_shortcut,
RE1,Online Boutique,RE1-OB/checkoutservice_cpu/2,cpu,checkoutservice,checkoutservice,1,1,"[""checkoutservice"", ""main"", ""productcatalogservice"", ""adservice"", ""shippingservice""]",shortcut,0,0,lightweight_ivd_shortcut,
RE1,Online Boutique,RE1-OB/checkoutservice_cpu/3,cpu,checkoutservice,checkoutservice,1,1,"[""checkoutservice"", ""main"", ""cartservice"", ""productcatalogservice"", ""paymentservice""]",shortcut,0,0,lightweight_ivd_shortcut,
RE1,Online Boutique,RE1-OB/checkoutservice_cpu/4,cpu,checkoutservice,checkoutservice,1,1,"[""checkoutservice"", ""frontend"", ""productcatalogservice"", ""currencyservice"", ""shippingservice""]",shortcut,0,0,lightweight_ivd_shortcut,
RE1,Online Boutique,RE1-OB/checkoutservice_cpu/5,cpu,checkoutservice,checkoutservice,1,1,"[""checkoutservice"", ""paymentservice"", ""main"", ""frontend"", ""productcatalogservice""]",shortcut,0,0,lightweight_ivd_shortcut,
RE1,Online Boutique,RE1-OB/checkoutservice_delay/1,delay,checkoutservice,checkoutservice,1,1,"[""checkoutservice"", ""recommendationservice"", ""shippingservice"", ""paymentservice"", ""currencyservice""]",shortcut,0,0,lightweight_ivd_shortcut,
RE1,Online Boutique,RE1-OB/checkoutservice_delay/2,delay,checkoutservice,cartservice,0,2,"[""cartservice"", ""checkoutservice"", ""recommendationservice"", ""adservice"", ""productcatalogservice""]",shortcut,0,0,lightweight_ivd_shortcut,
RE1,Online Boutique,RE1-OB/checkoutservice_delay/3,delay,checkoutservice,checkoutservice,1,1,"[""checkoutservice"", ""shippingservice"", ""cartservice"", ""adservice"", ""productcatalogservice""]",shortcut,0,0,lightweight_ivd_shortcut,
RE1,Online Boutique,RE1-OB/checkoutservice_delay/4,delay,checkoutservice,checkoutservice,1,1,"[""checkoutservice"", ""adservice"", ""shippingservice"", ""productcatalogservice"", ""currencyservice""]",shortcut,0,0,lightweight_ivd_shortcut,
RE1,Online Boutique,RE1-OB/checkoutservice_delay/5,delay,checkoutservice,checkoutservice,1,1,"[""checkoutservice"", ""main"", ""shippingservice"", ""cartservice"", ""recommendationservice""]",shortcut,0,0,lightweight_ivd_shortcut,
RE1,Online Boutique,RE1-OB/checkoutservice_disk/1,disk,checkoutservice,checkoutservice,1,1,"[""checkoutservice"", ""cartservice"", ""adservice"", ""recommendationservice"", ""productcatalogservice""]",shortcut,0,0,lightweight_ivd_shortcut,
RE1,Online Boutique,RE1-OB/checkoutservice_disk/2,disk,checkoutservice,checkoutservice,1,1,"[""checkoutservice"", ""emailservice"", ""adservice"", ""frontend"", ""paymentservice""]",shortcut,0,0,lightweight_ivd_shortcut,
RE1,Online Boutique,RE1-OB/checkoutservice_disk/3,disk,checkoutservice,checkoutservice,1,1,"[""checkoutservice"", ""productcatalogservice"", ""shippingservice"", ""recommendationservice"", ""adservice""]",shortcut,0,0,lightweight_ivd_shortcut,
RE1,Online Boutique,RE1-OB/checkoutservice_disk/4,disk,checkoutservice,checkoutservice,1,1,"[""checkoutservice"", ""emailservice"", ""productcatalogservice"", ""adservice"", ""currencyservice""]",shortcut,0,0,lightweight_ivd_shortcut,
RE1,Online Boutique,RE1-OB/checkoutservice_disk/5,disk,checkoutservice,checkoutservice,1,1,"[""checkoutservice"", ""cartservice"", ""emailservice"", ""currencyservice"", ""adservice""]",shortcut,0,0,lightweight_ivd_shortcut,
RE1,Online Boutique,RE1-OB/checkoutservice_loss/1,loss,checkoutservice,paymentservice,0,4,"[""paymentservice"", ""cartservice"", ""emailservice"", ""checkoutservice"", ""productcatalogservice""]",shortcut,0,0,lightweight_ivd_shortcut,
RE1,Online Boutique,RE1-OB/checkoutservice_loss/2,loss,checkoutservice,emailservice,0,3,"[""emailservice"", ""paymentservice"", ""checkoutservice"", ""shippingservice"", ""productcatalogservice""]",shortcut,0,0,lightweight_ivd_shortcut,
RE1,Online Boutique,RE1-OB/checkoutservice_loss/3,loss,checkoutservice,adservice,0,4,"[""adservice"", ""main"", ""currencyservice"", ""checkoutservice"", ""paymentservice""]",shortcut,0,0,lightweight_ivd_shortcut,
RE1,Online Boutique,RE1-OB/checkoutservice_loss/4,loss,checkoutservice,emailservice,0,2,"[""emailservice"", ""checkoutservice"", ""main"", ""productcatalogservice"", ""shippingservice""]",shortcut,0,0,lightweight_ivd_shortcut,
RE1,Online Boutique,RE1-OB/checkoutservice_loss/5,loss,checkoutservice,emailservice,0,2,"[""emailservice"", ""checkoutservice"", ""adservice"", ""main"", ""productcatalogservice""]",shortcut,0,0,lightweight_ivd_shortcut,
RE1,Online Boutique,RE1-OB/checkoutservice_mem/1,mem,checkoutservice,checkoutservice,1,1,"[""checkoutservice"", ""shippingservice"", ""main""]",shortcut,0,0,lightweight_ivd_shortcut,
RE1,Online Boutique,RE1-OB/checkoutservice_mem/2,mem,checkoutservice,checkoutservice,1,1,"[""checkoutservice"", ""cartservice"", ""currencyservice"", ""productcatalogservice"", ""paymentservice""]",shortcut,0,0,lightweight_ivd_shortcut,
RE1,Online Boutique,RE1-OB/checkoutservice_mem/3,mem,checkoutservice,checkoutservice,1,1,"[""checkoutservice"", ""adservice"", ""cartservice"", ""paymentservice"", ""productcatalogservice""]",shortcut,0,0,lightweight_ivd_shortcut,
RE1,Online Boutique,RE1-OB/checkoutservice_mem/4,mem,checkoutservice,checkoutservice,1,1,"[""checkoutservice"", ""cartservice"", ""productcatalogservice"", ""adservice"", ""shippingservice""]",shortcut,0,0,lightweight_ivd_shortcut,
RE1,Online Boutique,RE1-OB/checkoutservice_mem/5,mem,checkoutservice,checkoutservice,1,1,"[""checkoutservice"", ""frontend"", ""main"", ""adservice"", ""productcatalogservice""]",shortcut,0,0,lightweight_ivd_shortcut,
RE1,Online Boutique,RE1-OB/currencyservice_cpu/1,cpu,currencyservice,recommendationservice,0,2,"[""recommendationservice"", ""currencyservice"", ""cartservice"", ""adservice"", ""productcatalogservice""]",shortcut,0,0,lightweight_ivd_shortcut,
RE1,Online Boutique,RE1-OB/currencyservice_cpu/2,cpu,currencyservice,currencyservice,1,1,"[""currencyservice"", ""emailservice"", ""checkoutservice"", ""frontend"", ""productcatalogservice""]",shortcut,0,0,lightweight_ivd_shortcut,
RE1,Online Boutique,RE1-OB/currencyservice_cpu/3,cpu,currencyservice,currencyservice,1,1,"[""currencyservice"", ""paymentservice"", ""emailservice"", ""frontend"", ""productcatalogservice""]",shortcut,0,0,lightweight_ivd_shortcut,
RE1,Online Boutique,RE1-OB/currencyservice_cpu/4,cpu,currencyservice,currencyservice,1,1,"[""currencyservice"", ""main""]",shortcut,0,0,lightweight_ivd_shortcut,
RE1,Online Boutique,RE1-OB/currencyservice_cpu/5,cpu,currencyservice,currencyservice,1,1,"[""currencyservice"", ""emailservice"", ""frontend"", ""main"", ""shippingservice""]",shortcut,0,0,lightweight_ivd_shortcut,
RE1,Online Boutique,RE1-OB/currencyservice_delay/1,delay,currencyservice,frontend,0,2,"[""frontend"", ""currencyservice"", ""checkoutservice"", ""shippingservice"", ""main""]",shortcut,0,0,lightweight_ivd_shortcut,
RE1,Online Boutique,RE1-OB/currencyservice_delay/2,delay,currencyservice,frontend,0,2,"[""frontend"", ""currencyservice"", ""checkoutservice"", ""shippingservice"", ""cartservice""]",shortcut,0,0,lightweight_ivd_shortcut,
RE1,Online Boutique,RE1-OB/currencyservice_delay/3,delay,currencyservice,frontend,0,2,"[""frontend"", ""currencyservice"", ""cartservice"", ""paymentservice"", ""productcatalogservice""]",shortcut,0,0,lightweight_ivd_shortcut,
RE1,Online Boutique,RE1-OB/currencyservice_delay/4,delay,currencyservice,frontend,0,2,"[""frontend"", ""currencyservice"", ""checkoutservice"", ""recommendationservice"", ""productcatalogservice""]",shortcut,0,0,lightweight_ivd_shortcut,
RE1,Online Boutique,RE1-OB/currencyservice_delay/5,delay,currencyservice,frontend,0,2,"[""frontend"", ""currencyservice"", ""checkoutservice"", ""main"", ""productcatalogservice""]",shortcut,0,0,lightweight_ivd_shortcut,
RE1,Online Boutique,RE1-OB/currencyservice_disk/1,disk,currencyservice,currencyservice,1,1,"[""currencyservice"", ""checkoutservice"", ""cartservice"", ""frontend"", ""paymentservice""]",shortcut,0,0,lightweight_ivd_shortcut,
RE1,Online Boutique,RE1-OB/currencyservice_disk/2,disk,currencyservice,currencyservice,1,1,"[""currencyservice"", ""checkoutservice"", ""cartservice"", ""frontend"", ""productcatalogservice""]",shortcut,0,0,lightweight_ivd_shortcut,
RE1,Online Boutique,RE1-OB/currencyservice_disk/3,disk,currencyservice,currencyservice,1,1,"[""currencyservice"", ""checkoutservice"", ""paymentservice"", ""recommendationservice"", ""main""]",shortcut,0,0,lightweight_ivd_shortcut,
RE1,Online Boutique,RE1-OB/currencyservice_disk/4,disk,currencyservice,currencyservice,1,1,"[""currencyservice"", ""checkoutservice"", ""recommendationservice"", ""emailservice"", ""productcatalogservice""]",shortcut,0,0,lightweight_ivd_shortcut,
RE1,Online Boutique,RE1-OB/currencyservice_disk/5,disk,currencyservice,currencyservice,1,1,"[""currencyservice"", ""checkoutservice"", ""emailservice"", ""frontend"", ""adservice""]",shortcut,0,0,lightweight_ivd_shortcut,
RE1,Online Boutique,RE1-OB/currencyservice_loss/1,loss,currencyservice,currencyservice,1,1,"[""currencyservice"", ""frontend"", ""cartservice"", ""main"", ""recommendationservice""]",shortcut,0,0,lightweight_ivd_shortcut,
RE1,Online Boutique,RE1-OB/currencyservice_loss/2,loss,currencyservice,currencyservice,1,1,"[""currencyservice"", ""productcatalogservice"", ""adservice"", ""main"", ""paymentservice""]",shortcut,0,0,lightweight_ivd_shortcut,
RE1,Online Boutique,RE1-OB/currencyservice_loss/3,loss,currencyservice,currencyservice,1,1,"[""currencyservice"", ""recommendationservice"", ""frontend"", ""main"", ""productcatalogservice""]",shortcut,0,0,lightweight_ivd_shortcut,
RE1,Online Boutique,RE1-OB/currencyservice_loss/4,loss,currencyservice,currencyservice,1,1,"[""currencyservice"", ""recommendationservice"", ""productcatalogservice"", ""frontend"", ""adservice""]",shortcut,0,0,lightweight_ivd_shortcut,
RE1,Online Boutique,RE1-OB/currencyservice_loss/5,loss,currencyservice,currencyservice,1,1,"[""currencyservice"", ""recommendationservice"", ""productcatalogservice"", ""frontend"", ""adservice""]",shortcut,0,0,lightweight_ivd_shortcut,
RE1,Online Boutique,RE1-OB/currencyservice_mem/1,mem,currencyservice,currencyservice,1,1,"[""currencyservice"", ""cartservice"", ""frontend"", ""adservice"", ""productcatalogservice""]",shortcut,0,0,lightweight_ivd_shortcut,
RE1,Online Boutique,RE1-OB/currencyservice_mem/2,mem,currencyservice,currencyservice,1,1,"[""currencyservice"", ""frontend"", ""adservice"", ""productcatalogservice"", ""cartservice""]",shortcut,0,0,lightweight_ivd_shortcut,
RE1,Online Boutique,RE1-OB/currencyservice_mem/3,mem,currencyservice,currencyservice,1,1,"[""currencyservice"", ""adservice"", ""cartservice"", ""frontend"", ""shippingservice""]",shortcut,0,0,lightweight_ivd_shortcut,
RE1,Online Boutique,RE1-OB/currencyservice_mem/4,mem,currencyservice,currencyservice,1,1,"[""currencyservice"", ""paymentservice"", ""checkoutservice"", ""main"", ""frontend""]",shortcut,0,0,lightweight_ivd_shortcut,
RE1,Online Boutique,RE1-OB/currencyservice_mem/5,mem,currencyservice,currencyservice,1,1,"[""currencyservice"", ""emailservice"", ""main"", ""checkoutservice"", ""paymentservice""]",shortcut,0,0,lightweight_ivd_shortcut,
RE1,Online Boutique,RE1-OB/productcatalogservice_cpu/1,cpu,productcatalogservice,productcatalogservice,1,1,"[""productcatalogservice"", ""currencyservice"", ""shippingservice"", ""emailservice"", ""checkoutservice""]",shortcut,0,0,lightweight_ivd_shortcut,
RE1,Online Boutique,RE1-OB/productcatalogservice_cpu/2,cpu,productcatalogservice,cartservice,0,2,"[""cartservice"", ""productcatalogservice"", ""main"", ""adservice"", ""currencyservice""]",shortcut,0,0,lightweight_ivd_shortcut,
RE1,Online Boutique,RE1-OB/productcatalogservice_cpu/3,cpu,productcatalogservice,productcatalogservice,1,1,"[""productcatalogservice"", ""checkoutservice"", ""adservice"", ""recommendationservice"", ""shippingservice""]",shortcut,0,0,lightweight_ivd_shortcut,
RE1,Online Boutique,RE1-OB/productcatalogservice_cpu/4,cpu,productcatalogservice,cartservice,0,2,"[""cartservice"", ""productcatalogservice"", ""main"", ""currencyservice"", ""recommendationservice""]",shortcut,0,0,lightweight_ivd_shortcut,
RE1,Online Boutique,RE1-OB/productcatalogservice_cpu/5,cpu,productcatalogservice,productcatalogservice,1,1,"[""productcatalogservice"", ""checkoutservice"", ""frontend"", ""paymentservice"", ""shippingservice""]",shortcut,0,0,lightweight_ivd_shortcut,
RE1,Online Boutique,RE1-OB/productcatalogservice_delay/1,delay,productcatalogservice,frontend,0,2,"[""frontend"", ""productcatalogservice"", ""checkoutservice"", ""main"", ""paymentservice""]",shortcut,0,0,lightweight_ivd_shortcut,
RE1,Online Boutique,RE1-OB/productcatalogservice_delay/2,delay,productcatalogservice,frontend,0,2,"[""frontend"", ""productcatalogservice"", ""recommendationservice"", ""checkoutservice"", ""main""]",shortcut,0,0,lightweight_ivd_shortcut,
RE1,Online Boutique,RE1-OB/productcatalogservice_delay/3,delay,productcatalogservice,frontend,0,3,"[""frontend"", ""recommendationservice"", ""productcatalogservice"", ""main"", ""adservice""]",shortcut,0,0,lightweight_ivd_shortcut,
RE1,Online Boutique,RE1-OB/productcatalogservice_delay/4,delay,productcatalogservice,frontend,0,3,"[""frontend"", ""recommendationservice"", ""productcatalogservice"", ""checkoutservice"", ""shippingservice""]",shortcut,0,0,lightweight_ivd_shortcut,
RE1,Online Boutique,RE1-OB/productcatalogservice_delay/5,delay,productcatalogservice,frontend,0,,"[""frontend"", ""checkoutservice"", ""cartservice"", ""adservice"", ""currencyservice""]",shortcut,0,0,lightweight_ivd_shortcut,
RE1,Online Boutique,RE1-OB/productcatalogservice_disk/1,disk,productcatalogservice,productcatalogservice,1,1,"[""productcatalogservice"", ""cartservice"", ""paymentservice"", ""shippingservice"", ""adservice""]",shortcut,0,0,lightweight_ivd_shortcut,
RE1,Online Boutique,RE1-OB/productcatalogservice_disk/2,disk,productcatalogservice,recommendationservice,0,3,"[""recommendationservice"", ""emailservice"", ""productcatalogservice"", ""checkoutservice"", ""frontend""]",shortcut,0,0,lightweight_ivd_shortcut,
RE1,Online Boutique,RE1-OB/productcatalogservice_disk/3,disk,productcatalogservice,checkoutservice,0,2,"[""checkoutservice"", ""productcatalogservice"", ""recommendationservice"", ""adservice"", ""cartservice""]",shortcut,0,0,lightweight_ivd_shortcut,
RE1,Online Boutique,RE1-OB/productcatalogservice_disk/4,disk,productcatalogservice,productcatalogservice,1,1,"[""productcatalogservice"", ""recommendationservice"", ""checkoutservice"", ""cartservice"", ""frontend""]",shortcut,0,0,lightweight_ivd_shortcut,
RE1,Online Boutique,RE1-OB/productcatalogservice_disk/5,disk,productcatalogservice,productcatalogservice,1,1,"[""productcatalogservice"", ""checkoutservice"", ""paymentservice"", ""shippingservice"", ""main""]",shortcut,0,0,lightweight_ivd_shortcut,
RE1,Online Boutique,RE1-OB/productcatalogservice_loss/1,loss,productcatalogservice,productcatalogservice,1,1,"[""productcatalogservice"", ""frontend"", ""cartservice"", ""adservice"", ""checkoutservice""]",shortcut,0,0,lightweight_ivd_shortcut,
RE1,Online Boutique,RE1-OB/productcatalogservice_loss/2,loss,productcatalogservice,adservice,0,3,"[""adservice"", ""checkoutservice"", ""productcatalogservice"", ""currencyservice"", ""emailservice""]",shortcut,0,0,lightweight_ivd_shortcut,
RE1,Online Boutique,RE1-OB/productcatalogservice_loss/3,loss,productcatalogservice,productcatalogservice,1,1,"[""productcatalogservice"", ""recommendationservice"", ""adservice"", ""currencyservice"", ""shippingservice""]",shortcut,0,0,lightweight_ivd_shortcut,
RE1,Online Boutique,RE1-OB/productcatalogservice_loss/4,loss,productcatalogservice,productcatalogservice,1,1,"[""productcatalogservice"", ""frontend"", ""recommendationservice"", ""adservice"", ""currencyservice""]",shortcut,0,0,lightweight_ivd_shortcut,
RE1,Online Boutique,RE1-OB/productcatalogservice_loss/5,loss,productcatalogservice,recommendationservice,0,4,"[""recommendationservice"", ""adservice"", ""frontend"", ""productcatalogservice"", ""paymentservice""]",shortcut,0,0,lightweight_ivd_shortcut,
RE1,Online Boutique,RE1-OB/productcatalogservice_mem/1,mem,productcatalogservice,productcatalogservice,1,1,"[""productcatalogservice"", ""adservice"", ""cartservice"", ""frontend"", ""recommendationservice""]",shortcut,0,0,lightweight_ivd_shortcut,
RE1,Online Boutique,RE1-OB/productcatalogservice_mem/2,mem,productcatalogservice,productcatalogservice,1,1,"[""productcatalogservice"", ""adservice"", ""cartservice"", ""emailservice"", ""currencyservice""]",shortcut,0,0,lightweight_ivd_shortcut,
RE1,Online Boutique,RE1-OB/productcatalogservice_mem/3,mem,productcatalogservice,productcatalogservice,1,1,"[""productcatalogservice"", ""cartservice"", ""checkoutservice"", ""frontend"", ""currencyservice""]",shortcut,0,0,lightweight_ivd_shortcut,
RE1,Online Boutique,RE1-OB/productcatalogservice_mem/4,mem,productcatalogservice,productcatalogservice,1,1,"[""productcatalogservice"", ""recommendationservice"", ""checkoutservice"", ""main"", ""currencyservice""]",shortcut,0,0,lightweight_ivd_shortcut,
RE1,Online Boutique,RE1-OB/productcatalogservice_mem/5,mem,productcatalogservice,productcatalogservice,1,1,"[""productcatalogservice"", ""currencyservice""]",shortcut,0,0,lightweight_ivd_shortcut,
RE1,Sock Shop,RE1-SS/carts_cpu/1,cpu,carts,carts,1,1,"[""carts"", ""catalogue"", ""rabbitmq"", ""192-168-37-154-9100"", ""front-end""]",shortcut,0,0,lightweight_ivd_shortcut,
RE1,Sock Shop,RE1-SS/carts_cpu/2,cpu,carts,carts,1,1,"[""carts"", ""192-168-15-8-9100"", ""front-end"", ""payment"", ""shipping""]",shortcut,0,0,lightweight_ivd_shortcut,
RE1,Sock Shop,RE1-SS/carts_cpu/3,cpu,carts,payment,0,3,"[""payment"", ""queue-master"", ""carts"", ""front-end"", ""orders""]",shortcut,0,0,lightweight_ivd_shortcut,
RE1,Sock Shop,RE1-SS/carts_cpu/4,cpu,carts,carts,1,1,"[""carts"", ""payment"", ""catalogue"", ""192-168-15-8-9100"", ""front-end""]",shortcut,0,0,lightweight_ivd_shortcut,
RE1,Sock Shop,RE1-SS/carts_cpu/5,cpu,carts,carts,1,1,"[""carts"", ""catalogue"", ""user"", ""front-end"", ""orders""]",shortcut,0,0,lightweight_ivd_shortcut,
RE1,Sock Shop,RE1-SS/carts_delay/1,delay,carts,carts,1,1,"[""carts"", ""user"", ""front-end"", ""orders"", ""192-168-37-154-9100""]",shortcut,0,0,lightweight_ivd_shortcut,
RE1,Sock Shop,RE1-SS/carts_delay/2,delay,carts,carts,1,1,"[""carts"", ""front-end"", ""catalogue"", ""payment"", ""rabbitmq""]",shortcut,0,0,lightweight_ivd_shortcut,
RE1,Sock Shop,RE1-SS/carts_delay/3,delay,carts,front-end,0,2,"[""front-end"", ""carts"", ""orders"", ""queue-master"", ""catalogue""]",shortcut,0,0,lightweight_ivd_shortcut,
RE1,Sock Shop,RE1-SS/carts_delay/4,delay,carts,192-168-33-0-9100,0,2,"[""192-168-33-0-9100"", ""carts"", ""192-168-15-8-9100"", ""192-168-37-154-9100"", ""front-end""]",shortcut,0,0,lightweight_ivd_shortcut,
RE1,Sock Shop,RE1-SS/carts_delay/5,delay,carts,192-168-33-0-9100,0,4,"[""192-168-33-0-9100"", ""catalogue"", ""orders"", ""carts"", ""queue-master""]",shortcut,0,0,lightweight_ivd_shortcut,
RE1,Sock Shop,RE1-SS/carts_disk/1,disk,carts,carts,1,1,"[""carts"", ""payment"", ""shipping"", ""user"", ""catalogue""]",shortcut,0,0,lightweight_ivd_shortcut,
RE1,Sock Shop,RE1-SS/carts_disk/2,disk,carts,carts,1,1,"[""carts"", ""user"", ""catalogue"", ""orders"", ""payment""]",shortcut,0,0,lightweight_ivd_shortcut,
RE1,Sock Shop,RE1-SS/carts_disk/3,disk,carts,carts,1,1,"[""carts"", ""catalogue"", ""shipping"", ""queue-master"", ""orders""]",shortcut,0,0,lightweight_ivd_shortcut,
RE1,Sock Shop,RE1-SS/carts_disk/4,disk,carts,carts,1,1,"[""carts"", ""queue-master"", ""orders"", ""10-192-15-195-9100"", ""front-end""]",shortcut,0,0,lightweight_ivd_shortcut,
RE1,Sock Shop,RE1-SS/carts_disk/5,disk,carts,carts,1,1,"[""carts"", ""payment"", ""catalogue"", ""shipping"", ""queue-master""]",shortcut,0,0,lightweight_ivd_shortcut,
RE1,Sock Shop,RE1-SS/carts_loss/1,loss,carts,192-168-15-8-9100,0,2,"[""192-168-15-8-9100"", ""carts"", ""queue-master"", ""shipping"", ""orders""]",shortcut,0,0,lightweight_ivd_shortcut,
RE1,Sock Shop,RE1-SS/carts_loss/2,loss,carts,carts,1,1,"[""carts"", ""rabbitmq-exporter"", ""orders"", ""front-end"", ""catalogue""]",shortcut,0,0,lightweight_ivd_shortcut,
RE1,Sock Shop,RE1-SS/carts_loss/3,loss,carts,carts,1,1,"[""carts"", ""orders"", ""front-end"", ""shipping"", ""queue-master""]",shortcut,0,0,lightweight_ivd_shortcut,
RE1,Sock Shop,RE1-SS/carts_loss/4,loss,carts,192-168-15-8-9100,0,2,"[""192-168-15-8-9100"", ""carts"", ""payment"", ""orders"", ""rabbitmq""]",shortcut,0,0,lightweight_ivd_shortcut,
RE1,Sock Shop,RE1-SS/carts_loss/5,loss,carts,front-end,0,2,"[""front-end"", ""carts"", ""orders"", ""catalogue"", ""queue-master""]",shortcut,0,0,lightweight_ivd_shortcut,
RE1,Sock Shop,RE1-SS/carts_mem/1,mem,carts,carts,1,1,"[""carts"", ""catalogue"", ""user"", ""front-end"", ""orders""]",shortcut,0,0,lightweight_ivd_shortcut,
RE1,Sock Shop,RE1-SS/carts_mem/2,mem,carts,carts,1,1,"[""carts"", ""catalogue"", ""front-end"", ""orders"", ""192-168-76-116-9100""]",shortcut,0,0,lightweight_ivd_shortcut,
RE1,Sock Shop,RE1-SS/carts_mem/3,mem,carts,192-168-33-0-9100,0,2,"[""192-168-33-0-9100"", ""carts"", ""catalogue"", ""192-168-37-154-9100"", ""orders""]",shortcut,0,0,lightweight_ivd_shortcut,
RE1,Sock Shop,RE1-SS/carts_mem/4,mem,carts,carts,1,1,"[""carts"", ""catalogue"", ""front-end"", ""user"", ""192-168-76-116-9100""]",shortcut,0,0,lightweight_ivd_shortcut,
RE1,Sock Shop,RE1-SS/carts_mem/5,mem,carts,carts,1,1,"[""carts"", ""orders"", ""shipping"", ""front-end"", ""rabbitmq""]",shortcut,0,0,lightweight_ivd_shortcut,
RE1,Sock Shop,RE1-SS/catalogue_cpu/1,cpu,catalogue,catalogue,1,1,"[""catalogue"", ""payment"", ""192-168-15-8-9100"", ""192-168-33-0-9100"", ""carts""]",shortcut,0,0,lightweight_ivd_shortcut,
RE1,Sock Shop,RE1-SS/catalogue_cpu/2,cpu,catalogue,catalogue,1,1,"[""catalogue"", ""payment"", ""user"", ""rabbitmq"", ""queue""]",shortcut,0,0,lightweight_ivd_shortcut,
RE1,Sock Shop,RE1-SS/catalogue_cpu/3,cpu,catalogue,192-168-56-14-9100,0,2,"[""192-168-56-14-9100"", ""catalogue"", ""rabbitmq"", ""shipping"", ""user""]",shortcut,0,0,lightweight_ivd_shortcut,
RE1,Sock Shop,RE1-SS/catalogue_cpu/4,cpu,catalogue,catalogue,1,1,"[""catalogue"", ""payment"", ""queue"", ""front"", ""front-end""]",shortcut,0,0,lightweight_ivd_shortcut,
RE1,Sock Shop,RE1-SS/catalogue_cpu/5,cpu,catalogue,192-168-15-8-9100,0,2,"[""192-168-15-8-9100"", ""catalogue"", ""orders"", ""front-end"", ""rabbitmq""]",shortcut,0,0,lightweight_ivd_shortcut,
RE1,Sock Shop,RE1-SS/catalogue_delay/1,delay,catalogue,catalogue,1,1,"[""catalogue"", ""payment"", ""front-end"", ""rabbitmq"", ""front""]",shortcut,0,0,lightweight_ivd_shortcut,
RE1,Sock Shop,RE1-SS/catalogue_delay/2,delay,catalogue,catalogue,1,1,"[""catalogue"", ""front-end"", ""shipping"", ""queue-master"", ""payment""]",shortcut,0,0,lightweight_ivd_shortcut,
RE1,Sock Shop,RE1-SS/catalogue_delay/3,delay,catalogue,catalogue,1,1,"[""catalogue"", ""payment"", ""front-end"", ""192-168-2-165-9100"", ""user""]",shortcut,0,0,lightweight_ivd_shortcut,
RE1,Sock Shop,RE1-SS/catalogue_delay/4,delay,catalogue,catalogue,1,1,"[""catalogue"", ""queue-master"", ""orders"", ""carts"", ""192-168-33-39-9100""]",shortcut,0,0,lightweight_ivd_shortcut,
RE1,Sock Shop,RE1-SS/catalogue_delay/5,delay,catalogue,payment,0,2,"[""payment"", ""catalogue"", ""front-end"", ""shipping"", ""192-168-2-165-9100""]",shortcut,0,0,lightweight_ivd_shortcut,
RE1,Sock Shop,RE1-SS/catalogue_disk/1,disk,catalogue,catalogue,1,1,"[""catalogue"", ""queue-master"", ""front-end"", ""shipping"", ""orders""]",shortcut,0,0,lightweight_ivd_shortcut,
RE1,Sock Shop,RE1-SS/catalogue_disk/2,disk,catalogue,catalogue,1,1,"[""catalogue"", ""user"", ""queue-master"", ""carts"", ""orders""]",shortcut,0,0,lightweight_ivd_shortcut,
RE1,Sock Shop,RE1-SS/catalogue_disk/3,disk,catalogue,catalogue,1,1,"[""catalogue"", ""orders"", ""shipping"", ""carts"", ""queue-master""]",shortcut,0,0,lightweight_ivd_shortcut,
RE1,Sock Shop,RE1-SS/catalogue_disk/4,disk,catalogue,catalogue,1,1,"[""catalogue"", ""queue-master"", ""payment"", ""front-end"", ""rabbitmq""]",shortcut,0,0,lightweight_ivd_shortcut,
RE1,Sock Shop,RE1-SS/catalogue_disk/5,disk,catalogue,catalogue,1,1,"[""catalogue"", ""rabbitmq"", ""10-192-15-195-9100"", ""front-end"", ""shipping""]",shortcut,0,0,lightweight_ivd_shortcut,
RE1,Sock Shop,RE1-SS/catalogue_loss/1,loss,catalogue,192-168-33-0-9100,0,2,"[""192-168-33-0-9100"", ""catalogue"", ""front-end"", ""orders"", ""carts""]",shortcut,0,0,lightweight_ivd_shortcut,
RE1,Sock Shop,RE1-SS/catalogue_loss/2,loss,catalogue,192-168-15-8-9100,0,2,"[""192-168-15-8-9100"", ""catalogue"", ""front-end"", ""queue-master"", ""rabbitmq""]",shortcut,0,0,lightweight_ivd_shortcut,
RE1,Sock Shop,RE1-SS/catalogue_loss/3,loss,catalogue,catalogue,1,1,"[""catalogue"", ""queue-master"", ""front-end"", ""shipping"", ""orders""]",shortcut,0,0,lightweight_ivd_shortcut,
RE1,Sock Shop,RE1-SS/catalogue_loss/4,loss,catalogue,payment,0,2,"[""payment"", ""catalogue"", ""front-end"", ""rabbitmq"", ""shipping""]",shortcut,0,0,lightweight_ivd_shortcut,
RE1,Sock Shop,RE1-SS/catalogue_loss/5,loss,catalogue,catalogue,1,1,"[""catalogue"", ""192-168-27-60-9100"", ""queue-master"", ""front-end"", ""shipping""]",shortcut,0,0,lightweight_ivd_shortcut,
RE1,Sock Shop,RE1-SS/catalogue_mem/1,mem,catalogue,catalogue,1,1,"[""catalogue"", ""payment"", ""192-168-33-0-9100"", ""192-168-15-8-9100"", ""rabbitmq""]",shortcut,0,0,lightweight_ivd_shortcut,
RE1,Sock Shop,RE1-SS/catalogue_mem/2,mem,catalogue,catalogue,1,1,"[""catalogue"", ""payment"", ""192-168-37-154-9100"", ""192-168-76-116-9100"", ""front-end""]",shortcut,0,0,lightweight_ivd_shortcut,
RE1,Sock Shop,RE1-SS/catalogue_mem/3,mem,catalogue,catalogue,1,1,"[""catalogue"", ""carts"", ""orders"", ""192-168-15-8-9100"", ""front-end""]",shortcut,0,0,lightweight_ivd_shortcut,
RE1,Sock Shop,RE1-SS/catalogue_mem/4,mem,catalogue,catalogue,1,1,"[""catalogue"", ""payment"", ""front-end"", ""user"", ""192-168-15-8-9100""]",shortcut,0,0,lightweight_ivd_shortcut,
RE1,Sock Shop,RE1-SS/catalogue_mem/5,mem,catalogue,catalogue,1,1,"[""catalogue"", ""192-168-15-8-9100"", ""orders"", ""shipping"", ""front-end""]",shortcut,0,0,lightweight_ivd_shortcut,
RE1,Sock Shop,RE1-SS/orders_cpu/1,cpu,orders,orders,1,1,"[""orders"", ""payment"", ""192-168-15-8-9100"", ""catalogue"", ""shipping""]",shortcut,0,0,lightweight_ivd_shortcut,
RE1,Sock Shop,RE1-SS/orders_cpu/2,cpu,orders,orders,1,1,"[""orders"", ""catalogue"", ""payment"", ""rabbitmq"", ""front""]",shortcut,0,0,lightweight_ivd_shortcut,
RE1,Sock Shop,RE1-SS/orders_cpu/3,cpu,orders,orders,1,1,"[""orders"", ""queue-master"", ""front-end"", ""shipping"", ""payment""]",shortcut,0,0,lightweight_ivd_shortcut,
RE1,Sock Shop,RE1-SS/orders_cpu/4,cpu,orders,orders,1,1,"[""orders"", ""payment"", ""front-end"", ""rabbitmq"", ""shipping""]",shortcut,0,0,lightweight_ivd_shortcut,
RE1,Sock Shop,RE1-SS/orders_cpu/5,cpu,orders,orders,1,1,"[""orders"", ""payment"", ""front-end"", ""rabbitmq"", ""catalogue""]",shortcut,0,0,lightweight_ivd_shortcut,
RE1,Sock Shop,RE1-SS/orders_delay/1,delay,orders,,0,3,"[""front-end"", ""queue-master"", ""orders"", ""carts"", ""payment""]",timeout,0,0,timeout_or_budget_exhausted,error=EG-CDA fallback budget guard for RE1 metrics-only run
RE1,Sock Shop,RE1-SS/orders_delay/2,delay,orders,catalogue,0,,"[""catalogue"", ""192-168-15-8-9100"", ""front-end"", ""rabbitmq"", ""shipping""]",shortcut,0,0,lightweight_ivd_shortcut,
RE1,Sock Shop,RE1-SS/orders_delay/3,delay,orders,,0,4,"[""catalogue"", ""payment"", ""192-168-15-8-9100"", ""orders"", ""shipping""]",timeout,0,0,timeout_or_budget_exhausted,error=EG-CDA fallback budget guard for RE1 metrics-only run
RE1,Sock Shop,RE1-SS/orders_delay/4,delay,orders,catalogue,0,,"[""catalogue"", ""192-168-15-8-9100"", ""192-168-33-0-9100"", ""rabbitmq"", ""shipping""]",shortcut,0,0,lightweight_ivd_shortcut,
RE1,Sock Shop,RE1-SS/orders_delay/5,delay,orders,orders,1,1,"[""orders"", ""payment"", ""carts"", ""front-end"", ""queue-master""]",shortcut,0,0,lightweight_ivd_shortcut,
RE1,Sock Shop,RE1-SS/orders_disk/1,disk,orders,orders,1,1,"[""orders"", ""catalogue"", ""payment"", ""user"", ""rabbitmq""]",shortcut,0,0,lightweight_ivd_shortcut,
RE1,Sock Shop,RE1-SS/orders_disk/2,disk,orders,orders,1,1,"[""orders"", ""payment"", ""catalogue"", ""10-192-15-196-9100"", ""front""]",shortcut,0,0,lightweight_ivd_shortcut,
RE1,Sock Shop,RE1-SS/orders_disk/3,disk,orders,orders,1,1,"[""orders"", ""shipping"", ""front-end"", ""catalogue"", ""payment""]",shortcut,0,0,lightweight_ivd_shortcut,
RE1,Sock Shop,RE1-SS/orders_disk/4,disk,orders,orders,1,1,"[""orders"", ""catalogue"", ""queue-master"", ""rabbitmq"", ""carts""]",shortcut,0,0,lightweight_ivd_shortcut,
RE1,Sock Shop,RE1-SS/orders_disk/5,disk,orders,orders,1,1,"[""orders"", ""payment"", ""queue-master"", ""catalogue"", ""carts""]",shortcut,0,0,lightweight_ivd_shortcut,
RE1,Sock Shop,RE1-SS/orders_loss/1,loss,orders,rabbitmq,0,4,"[""rabbitmq"", ""payment"", ""shipping"", ""orders"", ""front-end""]",shortcut,0,0,lightweight_ivd_shortcut,
RE1,Sock Shop,RE1-SS/orders_loss/2,loss,orders,catalogue,0,,"[""catalogue"", ""payment"", ""front-end"", ""192-168-10-83-9100"", ""192-168-60-79-9100""]",shortcut,0,0,lightweight_ivd_shortcut,
RE1,Sock Shop,RE1-SS/orders_loss/3,loss,orders,,0,,"[""payment"", ""catalogue"", ""user"", ""front-end"", ""rabbitmq""]",timeout,0,0,timeout_or_budget_exhausted,error=EG-CDA fallback budget guard for RE1 metrics-only run
RE1,Sock Shop,RE1-SS/orders_loss/4,loss,orders,payment,0,4,"[""payment"", ""192-168-85-112-9100"", ""user"", ""orders"", ""catalogue""]",shortcut,0,0,lightweight_ivd_shortcut,
RE1,Sock Shop,RE1-SS/orders_loss/5,loss,orders,192-168-85-112-9100,0,2,"[""192-168-85-112-9100"", ""orders"", ""front-end"", ""shipping"", ""queue-master""]",shortcut,0,0,lightweight_ivd_shortcut,
RE1,Sock Shop,RE1-SS/orders_mem/1,mem,orders,192-168-33-0-9100,0,2,"[""192-168-33-0-9100"", ""orders"", ""catalogue"", ""192-168-15-8-9100"", ""front-end""]",shortcut,0,0,lightweight_ivd_shortcut,
RE1,Sock Shop,RE1-SS/orders_mem/2,mem,orders,orders,1,1,"[""orders"", ""catalogue"", ""front-end"", ""payment"", ""192-168-15-8-9100""]",shortcut,0,0,lightweight_ivd_shortcut,
RE1,Sock Shop,RE1-SS/orders_mem/3,mem,orders,orders,1,1,"[""orders"", ""payment"", ""front-end"", ""shipping"", ""catalogue""]",shortcut,0,0,lightweight_ivd_shortcut,
RE1,Sock Shop,RE1-SS/orders_mem/4,mem,orders,orders,1,1,"[""orders"", ""payment"", ""192-168-33-0-9100"", ""catalogue"", ""front-end""]",shortcut,0,0,lightweight_ivd_shortcut,
RE1,Sock Shop,RE1-SS/orders_mem/5,mem,orders,orders,1,1,"[""orders"", ""catalogue"", ""front-end"", ""payment"", ""shipping""]",shortcut,0,0,lightweight_ivd_shortcut,
RE1,Sock Shop,RE1-SS/payment_cpu/1,cpu,payment,payment,1,1,"[""payment"", ""192-168-15-8-9100"", ""catalogue"", ""front-end"", ""rabbitmq""]",shortcut,0,0,lightweight_ivd_shortcut,
RE1,Sock Shop,RE1-SS/payment_cpu/2,cpu,payment,192-168-33-0-9100,0,2,"[""192-168-33-0-9100"", ""payment"", ""catalogue"", ""front-end"", ""rabbitmq""]",shortcut,0,0,lightweight_ivd_shortcut,
RE1,Sock Shop,RE1-SS/payment_cpu/3,cpu,payment,,0,3,"[""192-168-15-8-9100"", ""192-168-33-0-9100"", ""payment"", ""catalogue"", ""front-end""]",timeout,0,0,timeout_or_budget_exhausted,error=EG-CDA fallback budget guard for RE1 metrics-only run
RE1,Sock Shop,RE1-SS/payment_cpu/4,cpu,payment,payment,1,1,"[""payment"", ""front-end"", ""shipping"", ""user"", ""catalogue""]",shortcut,0,0,lightweight_ivd_shortcut,
RE1,Sock Shop,RE1-SS/payment_cpu/5,cpu,payment,,0,1,"[""payment"", ""192-168-27-60-9100"", ""192-168-15-8-9100"", ""front-end"", ""orders""]",timeout,0,0,timeout_or_budget_exhausted,error=EG-CDA fallback budget guard for RE1 metrics-only run
RE1,Sock Shop,RE1-SS/payment_delay/1,delay,payment,192-168-85-112-9100,0,2,"[""192-168-85-112-9100"", ""payment"", ""front-end"", ""catalogue"", ""rabbitmq""]",shortcut,0,0,lightweight_ivd_shortcut,
RE1,Sock Shop,RE1-SS/payment_delay/2,delay,payment,192-168-15-8-9100,0,2,"[""192-168-15-8-9100"", ""payment"", ""front-end"", ""orders"", ""rabbitmq""]",shortcut,0,0,lightweight_ivd_shortcut,
RE1,Sock Shop,RE1-SS/payment_delay/3,delay,payment,192-168-15-8-9100,0,2,"[""192-168-15-8-9100"", ""payment"", ""user"", ""front-end"", ""orders""]",shortcut,0,0,lightweight_ivd_shortcut,
RE1,Sock Shop,RE1-SS/payment_delay/4,delay,payment,192-168-33-0-9100,0,2,"[""192-168-33-0-9100"", ""payment"", ""192-168-15-8-9100"", ""front-end"", ""orders""]",shortcut,0,0,lightweight_ivd_shortcut,
RE1,Sock Shop,RE1-SS/payment_delay/5,delay,payment,192-168-15-8-9100,0,2,"[""192-168-15-8-9100"", ""payment"", ""192-168-37-154-9100"", ""front-end"", ""orders""]",shortcut,0,0,lightweight_ivd_shortcut,
RE1,Sock Shop,RE1-SS/payment_disk/1,disk,payment,payment,1,1,"[""payment"", ""user"", ""orders"", ""catalogue"", ""front-end""]",shortcut,0,0,lightweight_ivd_shortcut,
RE1,Sock Shop,RE1-SS/payment_disk/2,disk,payment,payment,1,1,"[""payment"", ""queue-master"", ""shipping"", ""carts"", ""catalogue""]",shortcut,0,0,lightweight_ivd_shortcut,
RE1,Sock Shop,RE1-SS/payment_disk/3,disk,payment,payment,1,1,"[""payment"", ""catalogue"", ""queue-master"", ""carts"", ""10-192-15-196-9100""]",shortcut,0,0,lightweight_ivd_shortcut,
RE1,Sock Shop,RE1-SS/payment_disk/4,disk,payment,payment,1,1,"[""payment"", ""catalogue"", ""10-192-15-195-9100"", ""queue-master"", ""carts""]",shortcut,0,0,lightweight_ivd_shortcut,
RE1,Sock Shop,RE1-SS/payment_disk/5,disk,payment,payment,1,1,"[""payment"", ""queue-master"", ""carts"", ""orders"", ""shipping""]",shortcut,0,0,lightweight_ivd_shortcut,
RE1,Sock Shop,RE1-SS/payment_loss/1,loss,payment,payment,1,1,"[""payment"", ""orders"", ""carts"", ""shipping"", ""user""]",shortcut,0,0,lightweight_ivd_shortcut,
RE1,Sock Shop,RE1-SS/payment_loss/2,loss,payment,payment,1,1,"[""payment"", ""192-168-85-112-9100"", ""catalogue"", ""front-end"", ""rabbitmq""]",shortcut,0,0,lightweight_ivd_shortcut,
RE1,Sock Shop,RE1-SS/payment_loss/3,loss,payment,192-168-2-165-9100,0,2,"[""192-168-2-165-9100"", ""payment"", ""catalogue"", ""orders"", ""rabbitmq""]",shortcut,0,0,lightweight_ivd_shortcut,
RE1,Sock Shop,RE1-SS/payment_loss/4,loss,payment,payment,1,1,"[""payment"", ""user"", ""192-168-2-165-9100"", ""orders"", ""192-168-33-39-9100""]",shortcut,0,0,lightweight_ivd_shortcut,
RE1,Sock Shop,RE1-SS/payment_loss/5,loss,payment,192-168-2-165-9100,0,2,"[""192-168-2-165-9100"", ""payment"", ""catalogue"", ""rabbitmq"", ""user""]",shortcut,0,0,lightweight_ivd_shortcut,
RE1,Sock Shop,RE1-SS/payment_mem/1,mem,payment,payment,1,1,"[""payment"", ""catalogue"", ""queue-master"", ""front-end"", ""orders""]",shortcut,0,0,lightweight_ivd_shortcut,
RE1,Sock Shop,RE1-SS/payment_mem/2,mem,payment,192-168-33-0-9100,0,2,"[""192-168-33-0-9100"", ""payment"", ""catalogue"", ""orders"", ""192-168-27-60-9100""]",shortcut,0,0,lightweight_ivd_shortcut,
RE1,Sock Shop,RE1-SS/payment_mem/3,mem,payment,payment,1,1,"[""payment"", ""user"", ""catalogue"", ""orders"", ""queue-master""]",shortcut,0,0,lightweight_ivd_shortcut,
RE1,Sock Shop,RE1-SS/payment_mem/4,mem,payment,payment,1,1,"[""payment"", ""catalogue"", ""orders"", ""192-168-27-60-9100"", ""rabbitmq""]",shortcut,0,0,lightweight_ivd_shortcut,
RE1,Sock Shop,RE1-SS/payment_mem/5,mem,payment,payment,1,1,"[""payment"", ""orders"", ""carts"", ""queue-master"", ""rabbitmq""]",shortcut,0,0,lightweight_ivd_shortcut,
RE1,Sock Shop,RE1-SS/user_cpu/1,cpu,user,user,1,1,"[""user"", ""catalogue"", ""payment"", ""192-168-33-39-9100"", ""front-end""]",shortcut,0,0,lightweight_ivd_shortcut,
RE1,Sock Shop,RE1-SS/user_cpu/2,cpu,user,192-168-33-0-9100,0,2,"[""192-168-33-0-9100"", ""user"", ""payment"", ""front-end"", ""rabbitmq""]",shortcut,0,0,lightweight_ivd_shortcut,
RE1,Sock Shop,RE1-SS/user_cpu/3,cpu,user,192-168-33-0-9100,0,2,"[""192-168-33-0-9100"", ""user"", ""front-end"", ""orders"", ""payment""]",shortcut,0,0,lightweight_ivd_shortcut,
RE1,Sock Shop,RE1-SS/user_cpu/4,cpu,user,user,1,1,"[""user"", ""catalogue"", ""orders"", ""queue-master"", ""shipping""]",shortcut,0,0,lightweight_ivd_shortcut,
RE1,Sock Shop,RE1-SS/user_cpu/5,cpu,user,192-168-85-112-9100,0,2,"[""192-168-85-112-9100"", ""user"", ""payment"", ""front-end"", ""rabbitmq""]",shortcut,0,0,lightweight_ivd_shortcut,
RE1,Sock Shop,RE1-SS/user_delay/1,delay,user,user,1,1,"[""user"", ""orders"", ""carts"", ""front-end"", ""192-168-15-8-9100""]",shortcut,0,0,lightweight_ivd_shortcut,
RE1,Sock Shop,RE1-SS/user_delay/2,delay,user,192-168-33-0-9100,0,4,"[""192-168-33-0-9100"", ""catalogue"", ""192-168-15-8-9100"", ""user"", ""front-end""]",shortcut,0,0,lightweight_ivd_shortcut,
RE1,Sock Shop,RE1-SS/user_delay/3,delay,user,user,1,1,"[""user"", ""payment"", ""catalogue"", ""front-end"", ""orders""]",shortcut,0,0,lightweight_ivd_shortcut,
RE1,Sock Shop,RE1-SS/user_delay/4,delay,user,192-168-15-8-9100,0,2,"[""192-168-15-8-9100"", ""user"", ""front-end"", ""orders"", ""rabbitmq""]",shortcut,0,0,lightweight_ivd_shortcut,
RE1,Sock Shop,RE1-SS/user_delay/5,delay,user,user,1,1,"[""user"", ""catalogue"", ""queue-master"", ""orders"", ""shipping""]",shortcut,0,0,lightweight_ivd_shortcut,
RE1,Sock Shop,RE1-SS/user_disk/1,disk,user,user,1,1,"[""user"", ""catalogue"", ""shipping"", ""carts"", ""front-end""]",shortcut,0,0,lightweight_ivd_shortcut,
RE1,Sock Shop,RE1-SS/user_disk/2,disk,user,user,1,1,"[""user"", ""payment"", ""catalogue"", ""front-end"", ""carts""]",shortcut,0,0,lightweight_ivd_shortcut,
RE1,Sock Shop,RE1-SS/user_disk/3,disk,user,user,1,1,"[""user"", ""shipping"", ""10-192-15-196-9100"", ""catalogue"", ""carts""]",shortcut,0,0,lightweight_ivd_shortcut,
RE1,Sock Shop,RE1-SS/user_disk/4,disk,user,user,1,1,"[""user"", ""catalogue"", ""carts"", ""queue-master"", ""shipping""]",shortcut,0,0,lightweight_ivd_shortcut,
RE1,Sock Shop,RE1-SS/user_disk/5,disk,user,user,1,1,"[""user"", ""catalogue"", ""shipping"", ""carts"", ""10-192-15-195-9100""]",shortcut,0,0,lightweight_ivd_shortcut,
RE1,Sock Shop,RE1-SS/user_loss/1,loss,user,user,1,1,"[""user"", ""shipping"", ""catalogue"", ""front-end"", ""orders""]",shortcut,0,0,lightweight_ivd_shortcut,
RE1,Sock Shop,RE1-SS/user_loss/2,loss,user,payment,0,2,"[""payment"", ""user"", ""192-168-33-0-9100"", ""front-end"", ""shipping""]",shortcut,0,0,lightweight_ivd_shortcut,
RE1,Sock Shop,RE1-SS/user_loss/3,loss,user,192-168-18-57-9100,0,2,"[""192-168-18-57-9100"", ""user"", ""orders"", ""payment"", ""shipping""]",shortcut,0,0,lightweight_ivd_shortcut,
RE1,Sock Shop,RE1-SS/user_loss/4,loss,user,192-168-33-0-9100,0,4,"[""192-168-33-0-9100"", ""payment"", ""catalogue"", ""user"", ""192-168-37-154-9100""]",shortcut,0,0,lightweight_ivd_shortcut,
RE1,Sock Shop,RE1-SS/user_loss/5,loss,user,queue-master,0,,"[""queue-master"", ""payment"", ""catalogue"", ""front-end"", ""rabbitmq""]",shortcut,0,0,lightweight_ivd_shortcut,
RE1,Sock Shop,RE1-SS/user_mem/1,mem,user,user,1,1,"[""user"", ""catalogue"", ""payment"", ""192-168-33-0-9100"", ""192-168-76-116-9100""]",shortcut,0,0,lightweight_ivd_shortcut,
RE1,Sock Shop,RE1-SS/user_mem/2,mem,user,user,1,1,"[""user"", ""shipping"", ""queue-master"", ""catalogue"", ""front-end""]",shortcut,0,0,lightweight_ivd_shortcut,
RE1,Sock Shop,RE1-SS/user_mem/3,mem,user,user,1,1,"[""user"", ""192-168-18-57-9100"", ""front-end"", ""192-168-95-91-9100"", ""192-168-77-58-9100""]",shortcut,0,0,lightweight_ivd_shortcut,
RE1,Sock Shop,RE1-SS/user_mem/4,mem,user,user,1,1,"[""user"", ""shipping"", ""orders"", ""carts"", ""catalogue""]",shortcut,0,0,lightweight_ivd_shortcut,
RE1,Sock Shop,RE1-SS/user_mem/5,mem,user,payment,0,4,"[""payment"", ""catalogue"", ""192-168-15-8-9100"", ""user"", ""front-end""]",shortcut,0,0,lightweight_ivd_shortcut,
RE1,Train Ticket,RE1-TT/ts-auth-service_cpu/1,cpu,ts-auth-service,ts-auth-service,1,1,"[""ts-auth-service"", ""192-168-29-237-9100"", ""ts-admin-order-service"", ""ts-ticket-office-service"", ""ts-contacts-service""]",shortcut,0,0,lightweight_ivd_shortcut,
RE1,Train Ticket,RE1-TT/ts-auth-service_cpu/2,cpu,ts-auth-service,192-168-29-237-9100,0,2,"[""192-168-29-237-9100"", ""ts-auth-service"", ""ts-travel-plan-service"", ""192-168-93-129-9100""]",shortcut,0,0,lightweight_ivd_shortcut,
RE1,Train Ticket,RE1-TT/ts-auth-service_cpu/3,cpu,ts-auth-service,192-168-45-158-9100,0,2,"[""192-168-45-158-9100"", ""ts-auth-service"", ""ts-ticket-office-service"", ""ts-verification-code-service"", ""ts-assurance-service""]",shortcut,0,0,lightweight_ivd_shortcut,
RE1,Train Ticket,RE1-TT/ts-auth-service_cpu/4,cpu,ts-auth-service,ts-auth-service,1,1,"[""ts-auth-service"", ""ts-execute-service"", ""ts-preserve-other-service"", ""ts-user-service"", ""ts-payment-service""]",shortcut,0,0,lightweight_ivd_shortcut,
RE1,Train Ticket,RE1-TT/ts-auth-service_cpu/5,cpu,ts-auth-service,,0,3,"[""192-168-29-237-9100"", ""192-168-93-129-9100"", ""ts-auth-service"", ""ts-execute-service"", ""ts-contacts-service""]",timeout,0,0,timeout_or_budget_exhausted,error=EG-CDA fallback budget guard for RE1 metrics-only run
RE1,Train Ticket,RE1-TT/ts-auth-service_delay/1,delay,ts-auth-service,,0,,"[""ts-admin-order-service"", ""ts-admin-route-service"", ""ts-cancel-service"", ""ts-execute-service"", ""ts-consign-service""]",timeout,0,0,timeout_or_budget_exhausted,error=EG-CDA fallback budget guard for RE1 metrics-only run
RE1,Train Ticket,RE1-TT/ts-auth-service_delay/2,delay,ts-auth-service,192-168-45-158-9100,0,,"[""192-168-45-158-9100"", ""ts-execute-service"", ""ts-preserve-other-service"", ""ts-ticket-office-service"", ""ts-contacts-service""]",shortcut,0,0,lightweight_ivd_shortcut,
RE1,Train Ticket,RE1-TT/ts-auth-service_delay/3,delay,ts-auth-service,,0,,"[""192-168-45-158-9100"", ""192-168-51-251-9100"", ""ts-assurance-service"", ""ts-contacts-service"", ""ts-food-map-service""]",timeout,0,0,timeout_or_budget_exhausted,error=EG-CDA fallback budget guard for RE1 metrics-only run
RE1,Train Ticket,RE1-TT/ts-auth-service_delay/4,delay,ts-auth-service,ts-auth-service,1,1,"[""ts-auth-service"", ""192-168-51-251-9100"", ""192-168-93-129-9100"", ""ts-payment-service"", ""ts-food-map-service""]",shortcut,0,0,lightweight_ivd_shortcut,
RE1,Train Ticket,RE1-TT/ts-auth-service_delay/5,delay,ts-auth-service,192-168-29-237-9100,0,,"[""192-168-29-237-9100"", ""ts-consign-price-service"", ""ts-security-service"", ""ts-user-service"", ""ts-ticket-office-service""]",shortcut,0,0,lightweight_ivd_shortcut,
RE1,Train Ticket,RE1-TT/ts-auth-service_disk/1,disk,ts-auth-service,ts-auth-service,1,1,"[""ts-auth-service"", ""ts-consign-price-service"", ""ts-preserve-other-service"", ""ts-notification-service"", ""ts-contacts-service""]",shortcut,0,0,lightweight_ivd_shortcut,
RE1,Train Ticket,RE1-TT/ts-auth-service_disk/2,disk,ts-auth-service,ts-news-service,0,2,"[""ts-news-service"", ""ts-auth-service"", ""ts-consign-price-service"", ""ts-food-map-service"", ""ts-contacts-service""]",shortcut,0,0,lightweight_ivd_shortcut,
RE1,Train Ticket,RE1-TT/ts-auth-service_disk/3,disk,ts-auth-service,ts-auth-service,1,1,"[""ts-auth-service"", ""ts-preserve-other-service"", ""ts-consign-price-service"", ""ts-food-map-service"", ""ts-assurance-service""]",shortcut,0,0,lightweight_ivd_shortcut,
RE1,Train Ticket,RE1-TT/ts-auth-service_disk/4,disk,ts-auth-service,ts-consign-price-service,0,,"[""ts-consign-price-service"", ""ts-notification-service"", ""ts-contacts-service"", ""ts-payment-service"", ""ts-food-service""]",shortcut,0,0,lightweight_ivd_shortcut,
RE1,Train Ticket,RE1-TT/ts-auth-service_disk/5,disk,ts-auth-service,ts-consign-price-service,0,,"[""ts-consign-price-service"", ""ts-security-service"", ""ts-food-service"", ""ts-food-map-service"", ""ts-contacts-service""]",shortcut,0,0,lightweight_ivd_shortcut,
RE1,Train Ticket,RE1-TT/ts-auth-service_loss/1,loss,ts-auth-service,ts-payment-service,0,,"[""ts-payment-service"", ""ts-food-map-service"", ""ts-user-service"", ""ts-verification-code-service"", ""ts-config-service""]",shortcut,0,0,lightweight_ivd_shortcut,
RE1,Train Ticket,RE1-TT/ts-auth-service_loss/2,loss,ts-auth-service,192-168-45-158-9100,0,,"[""192-168-45-158-9100"", ""ts-admin-order-service"", ""ts-admin-user-service"", ""ts-contacts-service""]",shortcut,0,0,lightweight_ivd_shortcut,
RE1,Train Ticket,RE1-TT/ts-auth-service_loss/3,loss,ts-auth-service,ts-rebook-service,0,,"[""ts-rebook-service"", ""ts-order-other-service"", ""ts-food-service""]",shortcut,0,0,lightweight_ivd_shortcut,
RE1,Train Ticket,RE1-TT/ts-auth-service_loss/4,loss,ts-auth-service,192-168-51-251-9100,0,,"[""192-168-51-251-9100"", ""ts-execute-service"", ""ts-preserve-other-service"", ""ts-security-service"", ""ts-order-other-service""]",shortcut,0,0,lightweight_ivd_shortcut,
RE1,Train Ticket,RE1-TT/ts-auth-service_loss/5,loss,ts-auth-service,ts-execute-service,0,,"[""ts-execute-service"", ""ts-order-service"", ""ts-food-map-service"", ""ts-food-service""]",shortcut,0,0,lightweight_ivd_shortcut,
RE1,Train Ticket,RE1-TT/ts-auth-service_mem/1,mem,ts-auth-service,ts-auth-service,1,1,"[""ts-auth-service"", ""ts-rebook-service"", ""ts-assurance-service"", ""ts-route-plan-service"", ""192-168-29-237-9100""]",shortcut,0,0,lightweight_ivd_shortcut,
RE1,Train Ticket,RE1-TT/ts-auth-service_mem/2,mem,ts-auth-service,192-168-93-129-9100,0,3,"[""192-168-93-129-9100"", ""192-168-76-138-9100"", ""ts-auth-service"", ""ts-rebook-service"", ""ts-user-service""]",shortcut,0,0,lightweight_ivd_shortcut,
RE1,Train Ticket,RE1-TT/ts-auth-service_mem/3,mem,ts-auth-service,ts-auth-service,1,1,"[""ts-auth-service"", ""192-168-51-251-9100"", ""ts-preserve-other-service"", ""ts-route-plan-service"", ""ts-contacts-service""]",shortcut,0,0,lightweight_ivd_shortcut,
RE1,Train Ticket,RE1-TT/ts-auth-service_mem/4,mem,ts-auth-service,ts-auth-service,1,1,"[""ts-auth-service"", ""192-168-31-243-9100"", ""ts-admin-route-service"", ""ts-contacts-service"", ""ts-payment-service""]",shortcut,0,0,lightweight_ivd_shortcut,
RE1,Train Ticket,RE1-TT/ts-auth-service_mem/5,mem,ts-auth-service,192-168-45-158-9100,0,2,"[""192-168-45-158-9100"", ""ts-auth-service"", ""ts-config-service"", ""ts-payment-service"", ""192-168-93-129-9100""]",shortcut,0,0,lightweight_ivd_shortcut,
RE1,Train Ticket,RE1-TT/ts-order-service_cpu/1,cpu,ts-order-service,ts-order-service,1,1,"[""ts-order-service"", ""192-168-93-129-9100"", ""ts-contacts-service"", ""ts-food-map-service""]",shortcut,0,0,lightweight_ivd_shortcut,
RE1,Train Ticket,RE1-TT/ts-order-service_cpu/2,cpu,ts-order-service,ts-order-service,1,1,"[""ts-order-service"", ""ts-admin-route-service"", ""ts-admin-user-service"", ""ts-execute-service"", ""ts-assurance-service""]",shortcut,0,0,lightweight_ivd_shortcut,
RE1,Train Ticket,RE1-TT/ts-order-service_cpu/3,cpu,ts-order-service,192-168-93-129-9100,0,2,"[""192-168-93-129-9100"", ""ts-order-service"", ""ts-config-service"", ""ts-seat-service"", ""ts-security-service""]",shortcut,0,0,lightweight_ivd_shortcut,
RE1,Train Ticket,RE1-TT/ts-order-service_cpu/4,cpu,ts-order-service,ts-order-service,1,1,"[""ts-order-service"", ""ts-order-other-service"", ""ts-config-service"", ""192-168-45-158-9100"", ""ts-contacts-service""]",shortcut,0,0,lightweight_ivd_shortcut,
RE1,Train Ticket,RE1-TT/ts-order-service_cpu/5,cpu,ts-order-service,ts-order-service,1,1,"[""ts-order-service"", ""ts-order-other-service"", ""192-168-29-237-9100"", ""ts-food-service"", ""ts-food-map-service""]",shortcut,0,0,lightweight_ivd_shortcut,
RE1,Train Ticket,RE1-TT/ts-order-service_delay/1,delay,ts-order-service,192-168-93-129-9100,0,,"[""192-168-93-129-9100"", ""ts-consign-price-service"", ""ts-admin-user-service"", ""ts-admin-order-service"", ""ts-contacts-service""]",shortcut,0,0,lightweight_ivd_shortcut,
RE1,Train Ticket,RE1-TT/ts-order-service_delay/2,delay,ts-order-service,,0,,"[""192-168-29-237-9100"", ""192-168-45-158-9100"", ""192-168-76-138-9100"", ""ts-contacts-service"", ""ts-ticket-office-service""]",timeout,0,0,timeout_or_budget_exhausted,error=EG-CDA fallback budget guard for RE1 metrics-only run
RE1,Train Ticket,RE1-TT/ts-order-service_delay/3,delay,ts-order-service,192-168-93-129-9100,0,,"[""192-168-93-129-9100"", ""ts-ticket-office-service"", ""ts-preserve-service"", ""ts-seat-service"", ""ts-admin-user-service""]",shortcut,0,0,lightweight_ivd_shortcut,
RE1,Train Ticket,RE1-TT/ts-order-service_delay/4,delay,ts-order-service,ts-order-service,1,1,"[""ts-order-service"", ""192-168-45-158-9100"", ""ts-food-service"", ""ts-auth-service"", ""ts-admin-user-service""]",shortcut,0,0,lightweight_ivd_shortcut,
RE1,Train Ticket,RE1-TT/ts-order-service_delay/5,delay,ts-order-service,ts-food-map-service,0,,"[""ts-food-map-service"", ""192-168-51-251-9100"", ""192-168-93-129-9100"", ""ts-verification-code-service"", ""ts-route-plan-service""]",shortcut,0,0,lightweight_ivd_shortcut,
RE1,Train Ticket,RE1-TT/ts-order-service_disk/1,disk,ts-order-service,ts-news-service,0,2,"[""ts-news-service"", ""ts-order-service"", ""ts-food-map-service"", ""ts-security-service"", ""ts-contacts-service""]",shortcut,0,0,lightweight_ivd_shortcut,
RE1,Train Ticket,RE1-TT/ts-order-service_disk/2,disk,ts-order-service,ts-news-service,0,,"[""ts-news-service"", ""ts-food-map-service"", ""ts-payment-service"", ""ts-notification-service"", ""ts-consign-service""]",shortcut,0,0,lightweight_ivd_shortcut,
RE1,Train Ticket,RE1-TT/ts-order-service_disk/3,disk,ts-order-service,,0,,"[""ts-contacts-service"", ""ts-payment-service"", ""ts-security-service"", ""ts-consign-price-service"", ""10-192-15-226-9100""]",timeout,0,0,timeout_or_budget_exhausted,error=EG-CDA fallback budget guard for RE1 metrics-only run
RE1,Train Ticket,RE1-TT/ts-order-service_disk/4,disk,ts-order-service,ts-order-service,1,1,"[""ts-order-service"", ""ts-inside-payment-service"", ""ts-food-map-service"", ""ts-food-service"", ""ts-ui-dashboard""]",shortcut,0,0,lightweight_ivd_shortcut,
RE1,Train Ticket,RE1-TT/ts-order-service_disk/5,disk,ts-order-service,ts-news-service,0,2,"[""ts-news-service"", ""ts-order-service"", ""ts-rebook-service"", ""ts-food-map-service"", ""ts-assurance-service""]",shortcut,0,0,lightweight_ivd_shortcut,
RE1,Train Ticket,RE1-TT/ts-order-service_loss/1,loss,ts-order-service,ts-food-service,0,,"[""ts-food-service"", ""ts-ticket-office-service"", ""192-168-29-237-9100"", ""ts-cancel-service""]",shortcut,0,0,lightweight_ivd_shortcut,
RE1,Train Ticket,RE1-TT/ts-order-service_loss/2,loss,ts-order-service,192-168-45-158-9100,0,,"[""192-168-45-158-9100"", ""ts-rebook-service"", ""ts-verification-code-service"", ""ts-order-other-service""]",shortcut,0,0,lightweight_ivd_shortcut,
RE1,Train Ticket,RE1-TT/ts-order-service_loss/3,loss,ts-order-service,,0,,"[""ts-execute-service"", ""ts-rebook-service"", ""ts-user-service"", ""ts-order-other-service"", ""ts-food-map-service""]",timeout,0,0,timeout_or_budget_exhausted,error=EG-CDA fallback budget guard for RE1 metrics-only run
RE1,Train Ticket,RE1-TT/ts-order-service_loss/4,loss,ts-order-service,192-168-93-129-9100,0,,"[""192-168-93-129-9100"", ""ts-execute-service"", ""ts-rebook-service"", ""ts-admin-order-service"", ""ts-user-service""]",shortcut,0,0,lightweight_ivd_shortcut,
RE1,Train Ticket,RE1-TT/ts-order-service_loss/5,loss,ts-order-service,ts-food-service,0,2,"[""ts-food-service"", ""ts-order-service"", ""ts-food-map-service"", ""192-168-29-237-9100"", ""ts-payment-service""]",shortcut,0,0,lightweight_ivd_shortcut,
RE1,Train Ticket,RE1-TT/ts-order-service_mem/1,mem,ts-order-service,ts-order-service,1,1,"[""ts-order-service"", ""ts-food-service"", ""ts-food-map-service"", ""192-168-29-237-9100"", ""ts-preserve-service""]",shortcut,0,0,lightweight_ivd_shortcut,
RE1,Train Ticket,RE1-TT/ts-order-service_mem/2,mem,ts-order-service,ts-order-service,1,1,"[""ts-order-service"", ""192-168-45-158-9100"", ""192-168-76-138-9100"", ""ts-admin-user-service"", ""ts-route-plan-service""]",shortcut,0,0,lightweight_ivd_shortcut,
RE1,Train Ticket,RE1-TT/ts-order-service_mem/3,mem,ts-order-service,192-168-45-158-9100,0,2,"[""192-168-45-158-9100"", ""ts-order-service"", ""ts-rebook-service"", ""ts-contacts-service"", ""ts-route-plan-service""]",shortcut,0,0,lightweight_ivd_shortcut,
RE1,Train Ticket,RE1-TT/ts-order-service_mem/4,mem,ts-order-service,ts-order-service,1,1,"[""ts-order-service"", ""192-168-29-237-9100"", ""ts-food-service"", ""ts-order-other-service"", ""ts-preserve-other-service""]",shortcut,0,0,lightweight_ivd_shortcut,
RE1,Train Ticket,RE1-TT/ts-order-service_mem/5,mem,ts-order-service,ts-order-service,1,1,"[""ts-order-service"", ""192-168-51-251-9100"", ""ts-security-service"", ""ts-admin-user-service"", ""ts-admin-route-service""]",shortcut,0,0,lightweight_ivd_shortcut,
RE1,Train Ticket,RE1-TT/ts-route-service_cpu/1,cpu,ts-route-service,ts-route-service,1,1,"[""ts-route-service"", ""ts-contacts-service"", ""ts-food-service"", ""192-168-45-158-9100"", ""ts-admin-order-service""]",shortcut,0,0,lightweight_ivd_shortcut,
RE1,Train Ticket,RE1-TT/ts-route-service_cpu/2,cpu,ts-route-service,ts-route-service,1,1,"[""ts-route-service"", ""ts-admin-user-service"", ""ts-rebook-service"", ""ts-verification-code-service"", ""ts-cancel-service""]",shortcut,0,0,lightweight_ivd_shortcut,
RE1,Train Ticket,RE1-TT/ts-route-service_cpu/3,cpu,ts-route-service,192-168-51-251-9100,0,2,"[""192-168-51-251-9100"", ""ts-route-service"", ""ts-preserve-other-service"", ""ts-cancel-service"", ""ts-config-service""]",shortcut,0,0,lightweight_ivd_shortcut,
RE1,Train Ticket,RE1-TT/ts-route-service_cpu/4,cpu,ts-route-service,ts-route-service,1,1,"[""ts-route-service"", ""ts-food-service"", ""ts-config-service"", ""ts-food-map-service"", ""ts-route-plan-service""]",shortcut,0,0,lightweight_ivd_shortcut,
RE1,Train Ticket,RE1-TT/ts-route-service_cpu/5,cpu,ts-route-service,ts-route-service,1,1,"[""ts-route-service"", ""ts-admin-user-service"", ""ts-price-service"", ""ts-seat-service"", ""ts-user-service""]",shortcut,0,0,lightweight_ivd_shortcut,
RE1,Train Ticket,RE1-TT/ts-route-service_delay/1,delay,ts-route-service,192-168-45-158-9100,0,,"[""192-168-45-158-9100"", ""ts-cancel-service"", ""ts-rebook-service"", ""192-168-51-251-9100"", ""ts-contacts-service""]",shortcut,0,0,lightweight_ivd_shortcut,
RE1,Train Ticket,RE1-TT/ts-route-service_delay/2,delay,ts-route-service,ts-food-map-service,0,,"[""ts-food-map-service"", ""192-168-76-138-9100""]",shortcut,0,0,lightweight_ivd_shortcut,
RE1,Train Ticket,RE1-TT/ts-route-service_delay/3,delay,ts-route-service,192-168-93-129-9100,0,,"[""192-168-93-129-9100"", ""ts-price-service"", ""ts-admin-user-service"", ""ts-consign-price-service"", ""ts-food-service""]",shortcut,0,0,lightweight_ivd_shortcut,
RE1,Train Ticket,RE1-TT/ts-route-service_delay/4,delay,ts-route-service,ts-ticket-office-service,0,,"[""ts-ticket-office-service"", ""ts-execute-service"", ""ts-food-map-service"", ""ts-station-service"", ""ts-ui-dashboard""]",shortcut,0,0,lightweight_ivd_shortcut,
RE1,Train Ticket,RE1-TT/ts-route-service_delay/5,delay,ts-route-service,ts-food-service,0,,"[""ts-food-service"", ""ts-assurance-service"", ""ts-ui-dashboard"", ""ts-food-map-service"", ""ts-ticket-office-service""]",shortcut,0,0,lightweight_ivd_shortcut,
RE1,Train Ticket,RE1-TT/ts-route-service_disk/1,disk,ts-route-service,ts-food-service,0,,"[""ts-food-service"", ""ts-inside-payment-service"", ""ts-security-service"", ""ts-assurance-service"", ""ts-consign-service""]",shortcut,0,0,lightweight_ivd_shortcut,
RE1,Train Ticket,RE1-TT/ts-route-service_disk/2,disk,ts-route-service,ts-news-service,0,2,"[""ts-news-service"", ""ts-route-service"", ""ts-food-service"", ""ts-preserve-service"", ""10-192-15-221-9100""]",shortcut,0,0,lightweight_ivd_shortcut,
RE1,Train Ticket,RE1-TT/ts-route-service_disk/3,disk,ts-route-service,ts-news-service,0,2,"[""ts-news-service"", ""ts-route-service"", ""ts-payment-service"", ""ts-contacts-service"", ""ts-consign-service""]",shortcut,0,0,lightweight_ivd_shortcut,
RE1,Train Ticket,RE1-TT/ts-route-service_disk/4,disk,ts-route-service,ts-news-service,0,2,"[""ts-news-service"", ""ts-route-service"", ""ts-food-service"", ""ts-assurance-service"", ""ts-consign-price-service""]",shortcut,0,0,lightweight_ivd_shortcut,
RE1,Train Ticket,RE1-TT/ts-route-service_disk/5,disk,ts-route-service,ts-route-service,1,1,"[""ts-route-service"", ""ts-order-other-service"", ""ts-food-service"", ""10-192-15-226-9100""]",shortcut,0,0,lightweight_ivd_shortcut,
RE1,Train Ticket,RE1-TT/ts-route-service_loss/1,loss,ts-route-service,,0,,"[""192-168-45-158-9100"", ""192-168-76-138-9100"", ""ts-travel-plan-service"", ""ts-admin-route-service"", ""ts-preserve-service""]",timeout,0,0,timeout_or_budget_exhausted,error=EG-CDA fallback budget guard for RE1 metrics-only run
RE1,Train Ticket,RE1-TT/ts-route-service_loss/2,loss,ts-route-service,,0,,"[""192-168-29-237-9100"", ""192-168-51-251-9100"", ""ts-cancel-service"", ""ts-travel-plan-service"", ""ts-food-map-service""]",timeout,0,0,timeout_or_budget_exhausted,error=EG-CDA fallback budget guard for RE1 metrics-only run
RE1,Train Ticket,RE1-TT/ts-route-service_loss/3,loss,ts-route-service,,0,,"[""ts-preserve-other-service"", ""ts-travel-plan-service"", ""ts-route-plan-service"", ""ts-ticket-office-service"", ""ts-user-service""]",timeout,0,0,timeout_or_budget_exhausted,error=EG-CDA fallback budget guard for RE1 metrics-only run
RE1,Train Ticket,RE1-TT/ts-route-service_loss/4,loss,ts-route-service,,0,,"[""ts-admin-user-service"", ""ts-verification-code-service"", ""ts-payment-service"", ""ts-admin-travel-service"", ""ts-food-map-service""]",timeout,0,0,timeout_or_budget_exhausted,error=EG-CDA fallback budget guard for RE1 metrics-only run
RE1,Train Ticket,RE1-TT/ts-route-service_loss/5,loss,ts-route-service,192-168-51-251-9100,0,,"[""192-168-51-251-9100"", ""ts-preserve-service"", ""ts-user-service"", ""ts-food-map-service""]",shortcut,0,0,lightweight_ivd_shortcut,
RE1,Train Ticket,RE1-TT/ts-route-service_mem/1,mem,ts-route-service,ts-route-service,1,1,"[""ts-route-service"", ""ts-travel-plan-service"", ""ts-contacts-service"", ""ts-rebook-service"", ""192-168-29-237-9100""]",shortcut,0,0,lightweight_ivd_shortcut,
RE1,Train Ticket,RE1-TT/ts-route-service_mem/2,mem,ts-route-service,ts-route-service,1,1,"[""ts-route-service"", ""ts-notification-service"", ""ts-preserve-service"", ""ts-seat-service"", ""ts-verification-code-service""]",shortcut,0,0,lightweight_ivd_shortcut,
RE1,Train Ticket,RE1-TT/ts-route-service_mem/3,mem,ts-route-service,ts-route-service,1,1,"[""ts-route-service"", ""ts-preserve-other-service"", ""ts-security-service"", ""ts-cancel-service"", ""192-168-29-237-9100""]",shortcut,0,0,lightweight_ivd_shortcut,
RE1,Train Ticket,RE1-TT/ts-route-service_mem/4,mem,ts-route-service,192-168-93-129-9100,0,2,"[""192-168-93-129-9100"", ""ts-route-service"", ""ts-admin-route-service"", ""ts-payment-service"", ""ts-cancel-service""]",shortcut,0,0,lightweight_ivd_shortcut,
RE1,Train Ticket,RE1-TT/ts-route-service_mem/5,mem,ts-route-service,192-168-93-129-9100,0,,"[""192-168-93-129-9100"", ""ts-config-service"", ""ts-admin-route-service"", ""ts-payment-service"", ""ts-contacts-service""]",shortcut,0,0,lightweight_ivd_shortcut,
RE1,Train Ticket,RE1-TT/ts-train-service_cpu/1,cpu,ts-train-service,192-168-93-129-9100,0,2,"[""192-168-93-129-9100"", ""ts-train-service"", ""ts-route-plan-service"", ""ts-food-map-service"", ""192-168-76-138-9100""]",shortcut,0,0,lightweight_ivd_shortcut,
RE1,Train Ticket,RE1-TT/ts-train-service_cpu/2,cpu,ts-train-service,192-168-51-251-9100,0,2,"[""192-168-51-251-9100"", ""ts-train-service"", ""ts-cancel-service"", ""ts-contacts-service"", ""ts-food-map-service""]",shortcut,0,0,lightweight_ivd_shortcut,
RE1,Train Ticket,RE1-TT/ts-train-service_cpu/3,cpu,ts-train-service,,0,3,"[""192-168-29-237-9100"", ""192-168-51-251-9100"", ""ts-train-service"", ""ts-admin-user-service"", ""ts-ticket-office-service""]",timeout,0,0,timeout_or_budget_exhausted,error=EG-CDA fallback budget guard for RE1 metrics-only run
RE1,Train Ticket,RE1-TT/ts-train-service_cpu/4,cpu,ts-train-service,,0,3,"[""192-168-93-129-9100"", ""192-168-45-158-9100"", ""ts-train-service"", ""ts-notification-service"", ""ts-preserve-other-service""]",timeout,0,0,timeout_or_budget_exhausted,error=EG-CDA fallback budget guard for RE1 metrics-only run
RE1,Train Ticket,RE1-TT/ts-train-service_cpu/5,cpu,ts-train-service,,0,3,"[""192-168-45-158-9100"", ""192-168-51-251-9100"", ""ts-train-service"", ""ts-consign-price-service"", ""ts-config-service""]",timeout,0,0,timeout_or_budget_exhausted,error=EG-CDA fallback budget guard for RE1 metrics-only run
RE1,Train Ticket,RE1-TT/ts-train-service_delay/1,delay,ts-train-service,192-168-45-158-9100,0,,"[""192-168-45-158-9100"", ""ts-cancel-service"", ""ts-admin-order-service"", ""ts-food-map-service"", ""ts-price-service""]",shortcut,0,0,lightweight_ivd_shortcut,
RE1,Train Ticket,RE1-TT/ts-train-service_delay/2,delay,ts-train-service,,0,,"[""ts-route-plan-service"", ""ts-verification-code-service"", ""ts-admin-route-service"", ""ts-food-map-service"", ""ts-contacts-service""]",timeout,0,0,timeout_or_budget_exhausted,error=EG-CDA fallback budget guard for RE1 metrics-only run
RE1,Train Ticket,RE1-TT/ts-train-service_delay/3,delay,ts-train-service,192-168-45-158-9100,0,,"[""192-168-45-158-9100"", ""ts-auth-service"", ""ts-admin-order-service"", ""ts-admin-user-service"", ""ts-consign-price-service""]",shortcut,0,0,lightweight_ivd_shortcut,
RE1,Train Ticket,RE1-TT/ts-train-service_delay/4,delay,ts-train-service,,0,,"[""192-168-29-237-9100"", ""192-168-93-129-9100"", ""192-168-45-158-9100"", ""ts-auth-service"", ""ts-contacts-service""]",timeout,0,0,timeout_or_budget_exhausted,error=EG-CDA fallback budget guard for RE1 metrics-only run
RE1,Train Ticket,RE1-TT/ts-train-service_delay/5,delay,ts-train-service,ts-ticket-office-service,0,,"[""ts-ticket-office-service"", ""ts-seat-service"", ""ts-admin-travel-service"", ""ts-travel-service"", ""ts-order-service""]",shortcut,0,0,lightweight_ivd_shortcut,
RE1,Train Ticket,RE1-TT/ts-train-service_disk/1,disk,ts-train-service,ts-consign-price-service,0,,"[""ts-consign-price-service"", ""ts-food-service"", ""ts-food-map-service"", ""10-192-15-225-9100"", ""ts-basic-service""]",shortcut,0,0,lightweight_ivd_shortcut,
RE1,Train Ticket,RE1-TT/ts-train-service_disk/2,disk,ts-train-service,ts-consign-price-service,0,,"[""ts-consign-price-service"", ""ts-assurance-service"", ""ts-food-service"", ""ts-food-map-service"", ""ts-order-other-service""]",shortcut,0,0,lightweight_ivd_shortcut,
RE1,Train Ticket,RE1-TT/ts-train-service_disk/3,disk,ts-train-service,ts-train-service,1,1,"[""ts-train-service"", ""ts-consign-price-service"", ""ts-security-service"", ""ts-preserve-service"", ""ts-order-other-service""]",shortcut,0,0,lightweight_ivd_shortcut,
RE1,Train Ticket,RE1-TT/ts-train-service_disk/4,disk,ts-train-service,,0,,"[""ts-consign-price-service"", ""ts-contacts-service"", ""ts-notification-service"", ""ts-order-other-service"", ""ts-preserve-service""]",timeout,0,0,timeout_or_budget_exhausted,error=EG-CDA fallback budget guard for RE1 metrics-only run
RE1,Train Ticket,RE1-TT/ts-train-service_disk/5,disk,ts-train-service,ts-news-service,0,,"[""ts-news-service"", ""ts-consign-price-service"", ""ts-contacts-service"", ""ts-order-other-service"", ""ts-travel-service""]",shortcut,0,0,lightweight_ivd_shortcut,
RE1,Train Ticket,RE1-TT/ts-train-service_loss/1,loss,ts-train-service,192-168-29-237-9100,0,,"[""192-168-29-237-9100"", ""ts-rebook-service"", ""ts-security-service"", ""ts-verification-code-service"", ""ts-auth-service""]",shortcut,0,0,lightweight_ivd_shortcut,
RE1,Train Ticket,RE1-TT/ts-train-service_loss/2,loss,ts-train-service,ts-contacts-service,0,,"[""ts-contacts-service"", ""ts-food-map-service"", ""ts-preserve-other-service"", ""ts-admin-user-service"", ""ts-admin-order-service""]",shortcut,0,0,lightweight_ivd_shortcut,
RE1,Train Ticket,RE1-TT/ts-train-service_loss/3,loss,ts-train-service,,0,,"[""ts-cancel-service"", ""ts-rebook-service"", ""ts-route-plan-service"", ""ts-travel-plan-service"", ""ts-admin-user-service""]",timeout,0,0,timeout_or_budget_exhausted,error=EG-CDA fallback budget guard for RE1 metrics-only run
RE1,Train Ticket,RE1-TT/ts-train-service_loss/4,loss,ts-train-service,192-168-93-129-9100,0,,"[""192-168-93-129-9100"", ""ts-config-service"", ""ts-travel-plan-service"", ""ts-user-service"", ""ts-food-service""]",shortcut,0,0,lightweight_ivd_shortcut,
RE1,Train Ticket,RE1-TT/ts-train-service_loss/5,loss,ts-train-service,ts-config-service,0,,"[""ts-config-service"", ""ts-payment-service"", ""ts-order-service"", ""ts-cancel-service"", ""192-168-93-129-9100""]",shortcut,0,0,lightweight_ivd_shortcut,
RE1,Train Ticket,RE1-TT/ts-train-service_mem/1,mem,ts-train-service,192-168-93-129-9100,0,4,"[""192-168-93-129-9100"", ""192-168-29-237-9100"", ""192-168-76-138-9100"", ""ts-train-service"", ""ts-admin-route-service""]",shortcut,0,0,lightweight_ivd_shortcut,
RE1,Train Ticket,RE1-TT/ts-train-service_mem/2,mem,ts-train-service,ts-train-service,1,1,"[""ts-train-service"", ""ts-payment-service"", ""ts-price-service"", ""ts-ticket-office-service"", ""192-168-93-129-9100""]",shortcut,0,0,lightweight_ivd_shortcut,
RE1,Train Ticket,RE1-TT/ts-train-service_mem/3,mem,ts-train-service,192-168-29-237-9100,0,2,"[""192-168-29-237-9100"", ""ts-train-service"", ""ts-admin-order-service"", ""ts-execute-service"", ""ts-admin-user-service""]",shortcut,0,0,lightweight_ivd_shortcut,
RE1,Train Ticket,RE1-TT/ts-train-service_mem/4,mem,ts-train-service,ts-train-service,1,1,"[""ts-train-service"", ""ts-contacts-service"", ""ts-notification-service"", ""ts-order-service"", ""192-168-29-237-9100""]",shortcut,0,0,lightweight_ivd_shortcut,
RE1,Train Ticket,RE1-TT/ts-train-service_mem/5,mem,ts-train-service,ts-train-service,1,1,"[""ts-train-service"", ""ts-cancel-service"", ""ts-seat-service"", ""ts-notification-service"", ""192-168-76-138-9100""]",shortcut,0,0,lightweight_ivd_shortcut,
RE1,Train Ticket,RE1-TT/ts-travel-service_cpu/1,cpu,ts-travel-service,,0,3,"[""192-168-29-237-9100"", ""192-168-93-129-9100"", ""ts-travel-service"", ""ts-ticket-office-service"", ""ts-admin-route-service""]",timeout,0,0,timeout_or_budget_exhausted,error=EG-CDA fallback budget guard for RE1 metrics-only run
RE1,Train Ticket,RE1-TT/ts-travel-service_cpu/2,cpu,ts-travel-service,ts-travel-service,1,1,"[""ts-travel-service"", ""ts-config-service"", ""ts-admin-order-service"", ""ts-preserve-service"", ""ts-food-map-service""]",shortcut,0,0,lightweight_ivd_shortcut,
RE1,Train Ticket,RE1-TT/ts-travel-service_cpu/3,cpu,ts-travel-service,192-168-76-138-9100,0,2,"[""192-168-76-138-9100"", ""ts-travel-service"", ""ts-food-map-service"", ""ts-rebook-service"", ""ts-travel-plan-service""]",shortcut,0,0,lightweight_ivd_shortcut,
RE1,Train Ticket,RE1-TT/ts-travel-service_cpu/4,cpu,ts-travel-service,ts-travel-service,1,1,"[""ts-travel-service"", ""ts-food-map-service"", ""ts-notification-service"", ""ts-payment-service"", ""ts-ticket-office-service""]",shortcut,0,0,lightweight_ivd_shortcut,
RE1,Train Ticket,RE1-TT/ts-travel-service_cpu/5,cpu,ts-travel-service,,0,3,"[""192-168-29-237-9100"", ""192-168-93-129-9100"", ""ts-travel-service"", ""ts-config-service"", ""ts-contacts-service""]",timeout,0,0,timeout_or_budget_exhausted,error=EG-CDA fallback budget guard for RE1 metrics-only run
RE1,Train Ticket,RE1-TT/ts-travel-service_delay/1,delay,ts-travel-service,192-168-45-158-9100,0,,"[""192-168-45-158-9100"", ""ts-cancel-service"", ""ts-execute-service"", ""ts-travel-plan-service"", ""ts-inside-payment-service""]",shortcut,0,0,lightweight_ivd_shortcut,
RE1,Train Ticket,RE1-TT/ts-travel-service_delay/2,delay,ts-travel-service,192-168-93-129-9100,0,,"[""192-168-93-129-9100"", ""ts-admin-order-service"", ""ts-payment-service"", ""ts-travel-plan-service"", ""ts-user-service""]",shortcut,0,0,lightweight_ivd_shortcut,
RE1,Train Ticket,RE1-TT/ts-travel-service_delay/3,delay,ts-travel-service,ts-assurance-service,0,,"[""ts-assurance-service"", ""ts-food-service"", ""ts-payment-service"", ""ts-food-map-service"", ""ts-rebook-service""]",shortcut,0,0,lightweight_ivd_shortcut,
RE1,Train Ticket,RE1-TT/ts-travel-service_delay/4,delay,ts-travel-service,,0,,"[""ts-price-service"", ""ts-route-plan-service"", ""ts-user-service"", ""ts-consign-price-service"", ""ts-assurance-service""]",timeout,0,0,timeout_or_budget_exhausted,error=EG-CDA fallback budget guard for RE1 metrics-only run
RE1,Train Ticket,RE1-TT/ts-travel-service_delay/5,delay,ts-travel-service,192-168-29-237-9100,0,,"[""192-168-29-237-9100"", ""ts-admin-route-service"", ""ts-price-service"", ""ts-security-service"", ""ts-travel-plan-service""]",shortcut,0,0,lightweight_ivd_shortcut,
RE1,Train Ticket,RE1-TT/ts-travel-service_disk/1,disk,ts-travel-service,ts-notification-service,0,,"[""ts-notification-service"", ""ts-user-service"", ""ts-food-service"", ""10-192-15-219-9100"", ""ts-food-map-service""]",shortcut,0,0,lightweight_ivd_shortcut,
RE1,Train Ticket,RE1-TT/ts-travel-service_disk/2,disk,ts-travel-service,ts-notification-service,0,,"[""ts-notification-service"", ""ts-user-service"", ""ts-contacts-service"", ""ts-food-service"", ""ts-ui-dashboard""]",shortcut,0,0,lightweight_ivd_shortcut,
RE1,Train Ticket,RE1-TT/ts-travel-service_disk/3,disk,ts-travel-service,ts-user-service,0,,"[""ts-user-service"", ""ts-order-other-service"", ""ts-food-service"", ""ts-food-map-service""]",shortcut,0,0,lightweight_ivd_shortcut,
RE1,Train Ticket,RE1-TT/ts-travel-service_disk/4,disk,ts-travel-service,,0,,"[""ts-notification-service"", ""ts-user-service"", ""ts-consign-service"", ""ts-contacts-service"", ""ts-food-map-service""]",timeout,0,0,timeout_or_budget_exhausted,error=EG-CDA fallback budget guard for RE1 metrics-only run
RE1,Train Ticket,RE1-TT/ts-travel-service_disk/5,disk,ts-travel-service,ts-travel-service,1,1,"[""ts-travel-service"", ""ts-notification-service"", ""ts-user-service"", ""ts-admin-travel-service"", ""ts-order-other-service""]",shortcut,0,0,lightweight_ivd_shortcut,
RE1,Train Ticket,RE1-TT/ts-travel-service_loss/1,loss,ts-travel-service,ts-ui-dashboard,0,,"[""ts-ui-dashboard"", ""ts-assurance-service"", ""ts-admin-travel-service"", ""ts-food-service"", ""ts-seat-service""]",shortcut,0,0,lightweight_ivd_shortcut,
RE1,Train Ticket,RE1-TT/ts-travel-service_loss/2,loss,ts-travel-service,,0,,"[""ts-food-map-service"", ""ts-station-service"", ""ts-order-other-service"", ""ts-order-service"", ""ts-inside-payment-service""]",timeout,0,0,timeout_or_budget_exhausted,error=EG-CDA fallback budget guard for RE1 metrics-only run
RE1,Train Ticket,RE1-TT/ts-travel-service_loss/3,loss,ts-travel-service,192-168-45-158-9100,0,5,"[""192-168-45-158-9100"", ""ts-preserve-service"", ""ts-seat-service"", ""ts-admin-travel-service"", ""ts-travel-service""]",shortcut,0,0,lightweight_ivd_shortcut,
RE1,Train Ticket,RE1-TT/ts-travel-service_loss/4,loss,ts-travel-service,ts-admin-travel-service,0,,"[""ts-admin-travel-service"", ""ts-ui-dashboard"", ""ts-seat-service"", ""192-168-45-158-9100"", ""ts-food-map-service""]",shortcut,0,0,lightweight_ivd_shortcut,
RE1,Train Ticket,RE1-TT/ts-travel-service_loss/5,loss,ts-travel-service,192-168-51-251-9100,0,,"[""192-168-51-251-9100"", ""ts-assurance-service"", ""ts-admin-travel-service"", ""ts-ui-dashboard"", ""192-168-29-237-9100""]",shortcut,0,0,lightweight_ivd_shortcut,
RE1,Train Ticket,RE1-TT/ts-travel-service_mem/1,mem,ts-travel-service,ts-travel-service,1,1,"[""ts-travel-service"", ""ts-assurance-service"", ""192-168-25-221-9100"", ""192-168-80-141-9100"", ""192-168-34-36-9100""]",shortcut,0,0,lightweight_ivd_shortcut,
RE1,Train Ticket,RE1-TT/ts-travel-service_mem/2,mem,ts-travel-service,192-168-31-243-9100,0,,"[""192-168-31-243-9100"", ""ts-contacts-service"", ""ts-food-map-service"", ""ts-preserve-other-service"", ""ts-rebook-service""]",shortcut,0,0,lightweight_ivd_shortcut,
RE1,Train Ticket,RE1-TT/ts-travel-service_mem/3,mem,ts-travel-service,ts-travel-service,1,1,"[""ts-travel-service"", ""ts-admin-route-service"", ""ts-assurance-service"", ""ts-payment-service"", ""ts-rebook-service""]",shortcut,0,0,lightweight_ivd_shortcut,
RE1,Train Ticket,RE1-TT/ts-travel-service_mem/4,mem,ts-travel-service,ts-travel-service,1,1,"[""ts-travel-service"", ""ts-admin-route-service"", ""ts-food-map-service"", ""ts-food-service"", ""192-168-93-129-9100""]",shortcut,0,0,lightweight_ivd_shortcut,
RE1,Train Ticket,RE1-TT/ts-travel-service_mem/5,mem,ts-travel-service,ts-travel-service,1,1,"[""ts-travel-service"", ""ts-admin-order-service"", ""192-168-25-221-9100"", ""ts-food-map-service"", ""192-168-57-5-9100""]",shortcut,0,0,lightweight_ivd_shortcut,
RE2,Online Boutique,RE2-OB/checkoutservice_cpu/1,cpu,checkoutservice,checkoutservice,1,1,"[""checkoutservice"", ""productcatalogservice"", ""paymentservice"", ""adservice"", ""currencyservice""]",shortcut,0,0,lightweight_ivd_shortcut,
RE2,Online Boutique,RE2-OB/checkoutservice_cpu/2,cpu,checkoutservice,checkoutservice,1,1,"[""checkoutservice"", ""productcatalogservice"", ""emailservice"", ""currencyservice"", ""paymentservice""]",shortcut,0,0,lightweight_ivd_shortcut,
RE2,Online Boutique,RE2-OB/checkoutservice_cpu/3,cpu,checkoutservice,adservice,0,2,"[""adservice"", ""checkoutservice"", ""productcatalogservice"", ""paymentservice"", ""currencyservice""]",shortcut,0,0,lightweight_ivd_shortcut,
RE2,Online Boutique,RE2-OB/checkoutservice_cpu/multi-source-data,cpu,checkoutservice,checkoutservice,1,1,"[""checkoutservice"", ""productcatalogservice"", ""paymentservice"", ""adservice"", ""currencyservice""]",shortcut,0,0,lightweight_ivd_shortcut,
RE2,Online Boutique,RE2-OB/checkoutservice_delay/1,delay,checkoutservice,shippingservice,0,3,"[""shippingservice"", ""emailservice"", ""checkoutservice"", ""cartservice"", ""currencyservice""]",shortcut,0,0,lightweight_ivd_shortcut,
RE2,Online Boutique,RE2-OB/checkoutservice_delay/2,delay,checkoutservice,shippingservice,0,2,"[""shippingservice"", ""checkoutservice"", ""emailservice"", ""paymentservice"", ""cartservice""]",shortcut,0,0,lightweight_ivd_shortcut,
RE2,Online Boutique,RE2-OB/checkoutservice_delay/3,delay,checkoutservice,paymentservice,0,,"[""paymentservice"", ""recommendationservice"", ""productcatalogservice"", ""currencyservice"", ""adservice""]",shortcut,0,0,lightweight_ivd_shortcut,
RE2,Online Boutique,RE2-OB/checkoutservice_disk/1,disk,checkoutservice,checkoutservice,1,1,"[""checkoutservice"", ""currencyservice"", ""shippingservice"", ""recommendationservice"", ""productcatalogservice""]",shortcut,0,0,lightweight_ivd_shortcut,
RE2,Online Boutique,RE2-OB/checkoutservice_disk/2,disk,checkoutservice,checkoutservice,1,1,"[""checkoutservice"", ""emailservice"", ""currencyservice"", ""productcatalogservice"", ""adservice""]",shortcut,0,0,lightweight_ivd_shortcut,
RE2,Online Boutique,RE2-OB/checkoutservice_disk/3,disk,checkoutservice,checkoutservice,1,1,"[""checkoutservice"", ""currencyservice"", ""adservice"", ""cartservice"", ""shippingservice""]",shortcut,0,0,lightweight_ivd_shortcut,
RE2,Online Boutique,RE2-OB/checkoutservice_loss/1,loss,checkoutservice,checkoutservice,1,1,"[""checkoutservice"", ""productcatalogservice"", ""emailservice"", ""cartservice"", ""recommendationservice""]",shortcut,0,0,lightweight_ivd_shortcut,
RE2,Online Boutique,RE2-OB/checkoutservice_loss/2,loss,checkoutservice,checkoutservice,1,1,"[""checkoutservice"", ""adservice"", ""currencyservice"", ""productcatalogservice"", ""shippingservice""]",shortcut,0,0,lightweight_ivd_shortcut,
RE2,Online Boutique,RE2-OB/checkoutservice_loss/3,loss,checkoutservice,paymentservice,0,2,"[""paymentservice"", ""checkoutservice"", ""emailservice"", ""currencyservice"", ""productcatalogservice""]",shortcut,0,0,lightweight_ivd_shortcut,
RE2,Online Boutique,RE2-OB/checkoutservice_mem/1,mem,checkoutservice,checkoutservice,1,1,"[""checkoutservice"", ""productcatalogservice"", ""emailservice"", ""paymentservice"", ""adservice""]",shortcut,0,0,lightweight_ivd_shortcut,
RE2,Online Boutique,RE2-OB/checkoutservice_mem/2,mem,checkoutservice,checkoutservice,1,1,"[""checkoutservice"", ""currencyservice"", ""emailservice"", ""paymentservice"", ""shippingservice""]",shortcut,0,0,lightweight_ivd_shortcut,
RE2,Online Boutique,RE2-OB/checkoutservice_mem/3,mem,checkoutservice,checkoutservice,1,1,"[""checkoutservice"", ""emailservice"", ""paymentservice"", ""cartservice"", ""currencyservice""]",shortcut,0,0,lightweight_ivd_shortcut,
RE2,Online Boutique,RE2-OB/checkoutservice_socket/1,socket,checkoutservice,checkoutservice,1,1,"[""checkoutservice"", ""emailservice"", ""currencyservice"", ""productcatalogservice"", ""cartservice""]",shortcut,0,0,lightweight_ivd_shortcut,
RE2,Online Boutique,RE2-OB/checkoutservice_socket/2,socket,checkoutservice,checkoutservice,1,1,"[""checkoutservice"", ""productcatalogservice"", ""currencyservice"", ""paymentservice"", ""shippingservice""]",shortcut,0,0,lightweight_ivd_shortcut,
RE2,Online Boutique,RE2-OB/checkoutservice_socket/3,socket,checkoutservice,checkoutservice,1,1,"[""checkoutservice"", ""productcatalogservice"", ""currencyservice"", ""paymentservice"", ""emailservice""]",shortcut,0,0,lightweight_ivd_shortcut,
RE2,Online Boutique,RE2-OB/currencyservice_cpu/1,cpu,currencyservice,currencyservice,1,1,"[""currencyservice"", ""recommendationservice"", ""cartservice"", ""frontend"", ""productcatalogservice""]",shortcut,0,0,lightweight_ivd_shortcut,
RE2,Online Boutique,RE2-OB/currencyservice_cpu/2,cpu,currencyservice,cartservice,0,2,"[""cartservice"", ""currencyservice"", ""checkoutservice"", ""productcatalogservice"", ""recommendationservice""]",shortcut,0,0,lightweight_ivd_shortcut,
RE2,Online Boutique,RE2-OB/currencyservice_cpu/3,cpu,currencyservice,currencyservice,1,1,"[""currencyservice"", ""productcatalogservice"", ""frontend"", ""adservice"", ""recommendationservice""]",shortcut,0,0,lightweight_ivd_shortcut,
RE2,Online Boutique,RE2-OB/currencyservice_delay/1,delay,currencyservice,currencyservice,1,1,"[""currencyservice"", ""frontend"", ""productcatalogservice"", ""adservice"", ""recommendationservice""]",shortcut,0,0,lightweight_ivd_shortcut,
RE2,Online Boutique,RE2-OB/currencyservice_delay/2,delay,currencyservice,currencyservice,1,1,"[""currencyservice"", ""checkoutservice"", ""frontend"", ""productcatalogservice"", ""paymentservice""]",shortcut,0,0,lightweight_ivd_shortcut,
RE2,Online Boutique,RE2-OB/currencyservice_delay/3,delay,currencyservice,currencyservice,1,1,"[""currencyservice"", ""productcatalogservice"", ""shippingservice"", ""recommendationservice"", ""emailservice""]",shortcut,0,0,lightweight_ivd_shortcut,
RE2,Online Boutique,RE2-OB/currencyservice_disk/1,disk,currencyservice,currencyservice,1,1,"[""currencyservice"", ""frontend"", ""paymentservice"", ""adservice"", ""checkoutservice""]",shortcut,0,0,lightweight_ivd_shortcut,
RE2,Online Boutique,RE2-OB/currencyservice_disk/2,disk,currencyservice,currencyservice,1,1,"[""currencyservice"", ""cartservice"", ""recommendationservice"", ""productcatalogservice"", ""shippingservice""]",shortcut,0,0,lightweight_ivd_shortcut,
RE2,Online Boutique,RE2-OB/currencyservice_disk/3,disk,currencyservice,currencyservice,1,1,"[""currencyservice"", ""cartservice"", ""recommendationservice"", ""shippingservice"", ""adservice""]",shortcut,0,0,lightweight_ivd_shortcut,
RE2,Online Boutique,RE2-OB/currencyservice_loss/1,loss,currencyservice,currencyservice,1,1,"[""currencyservice"", ""recommendationservice"", ""cartservice"", ""productcatalogservice"", ""adservice""]",shortcut,0,0,lightweight_ivd_shortcut,
RE2,Online Boutique,RE2-OB/currencyservice_loss/2,loss,currencyservice,currencyservice,1,1,"[""currencyservice"", ""recommendationservice"", ""cartservice"", ""productcatalogservice"", ""adservice""]",shortcut,0,0,lightweight_ivd_shortcut,
RE2,Online Boutique,RE2-OB/currencyservice_loss/3,loss,currencyservice,currencyservice,1,1,"[""currencyservice"", ""recommendationservice"", ""checkoutservice"", ""productcatalogservice"", ""cartservice""]",shortcut,0,0,lightweight_ivd_shortcut,
RE2,Online Boutique,RE2-OB/currencyservice_mem/1,mem,currencyservice,currencyservice,1,1,"[""currencyservice"", ""recommendationservice"", ""frontend"", ""checkoutservice"", ""emailservice""]",shortcut,0,0,lightweight_ivd_shortcut,
RE2,Online Boutique,RE2-OB/currencyservice_mem/2,mem,currencyservice,currencyservice,1,1,"[""currencyservice"", ""frontend"", ""recommendationservice""]",shortcut,0,0,lightweight_ivd_shortcut,
RE2,Online Boutique,RE2-OB/currencyservice_mem/3,mem,currencyservice,currencyservice,1,1,"[""currencyservice"", ""frontend"", ""cartservice""]",shortcut,0,0,lightweight_ivd_shortcut,
RE2,Online Boutique,RE2-OB/currencyservice_socket/1,socket,currencyservice,productcatalogservice,0,3,"[""productcatalogservice"", ""adservice"", ""currencyservice"", ""shippingservice"", ""frontend""]",shortcut,0,0,lightweight_ivd_shortcut,
RE2,Online Boutique,RE2-OB/currencyservice_socket/2,socket,currencyservice,currencyservice,1,1,"[""currencyservice"", ""cartservice"", ""recommendationservice"", ""adservice"", ""frontend""]",shortcut,0,0,lightweight_ivd_shortcut,
RE2,Online Boutique,RE2-OB/currencyservice_socket/3,socket,currencyservice,currencyservice,1,1,"[""currencyservice"", ""cartservice"", ""frontend"", ""recommendationservice"", ""checkoutservice""]",shortcut,0,0,lightweight_ivd_shortcut,
RE2,Online Boutique,RE2-OB/emailservice_cpu/1,cpu,emailservice,emailservice,1,1,"[""emailservice"", ""productcatalogservice"", ""recommendationservice"", ""currencyservice"", ""shippingservice""]",shortcut,0,0,lightweight_ivd_shortcut,
RE2,Online Boutique,RE2-OB/emailservice_cpu/2,cpu,emailservice,emailservice,1,1,"[""emailservice"", ""checkoutservice"", ""currencyservice"", ""productcatalogservice"", ""paymentservice""]",shortcut,0,0,lightweight_ivd_shortcut,
RE2,Online Boutique,RE2-OB/emailservice_cpu/3,cpu,emailservice,emailservice,1,1,"[""emailservice"", ""productcatalogservice"", ""currencyservice"", ""adservice"", ""cartservice""]",shortcut,0,0,lightweight_ivd_shortcut,
RE2,Online Boutique,RE2-OB/emailservice_delay/1,delay,emailservice,emailservice,1,1,"[""emailservice"", ""currencyservice"", ""paymentservice"", ""frontend"", ""shippingservice""]",shortcut,0,0,lightweight_ivd_shortcut,
RE2,Online Boutique,RE2-OB/emailservice_delay/2,delay,emailservice,emailservice,1,1,"[""emailservice"", ""adservice"", ""productcatalogservice"", ""checkoutservice"", ""currencyservice""]",shortcut,0,0,lightweight_ivd_shortcut,
RE2,Online Boutique,RE2-OB/emailservice_delay/3,delay,emailservice,emailservice,1,1,"[""emailservice"", ""productcatalogservice"", ""shippingservice"", ""cartservice"", ""currencyservice""]",shortcut,0,0,lightweight_ivd_shortcut,
RE2,Online Boutique,RE2-OB/emailservice_disk/1,disk,emailservice,emailservice,1,1,"[""emailservice"", ""productcatalogservice"", ""currencyservice"", ""cartservice"", ""shippingservice""]",shortcut,0,0,lightweight_ivd_shortcut,
RE2,Online Boutique,RE2-OB/emailservice_disk/2,disk,emailservice,emailservice,1,1,"[""emailservice"", ""productcatalogservice"", ""paymentservice"", ""adservice"", ""recommendationservice""]",shortcut,0,0,lightweight_ivd_shortcut,
RE2,Online Boutique,RE2-OB/emailservice_disk/3,disk,emailservice,emailservice,1,1,"[""emailservice"", ""adservice"", ""cartservice"", ""currencyservice"", ""paymentservice""]",shortcut,0,0,lightweight_ivd_shortcut,
RE2,Online Boutique,RE2-OB/emailservice_loss/1,loss,emailservice,emailservice,1,1,"[""emailservice"", ""cartservice"", ""adservice"", ""recommendationservice"", ""shippingservice""]",shortcut,0,0,lightweight_ivd_shortcut,
RE2,Online Boutique,RE2-OB/emailservice_loss/2,loss,emailservice,checkoutservice,0,,"[""checkoutservice"", ""recommendationservice""]",shortcut,0,0,lightweight_ivd_shortcut,
RE2,Online Boutique,RE2-OB/emailservice_loss/3,loss,emailservice,emailservice,1,1,"[""emailservice"", ""checkoutservice"", ""currencyservice"", ""adservice"", ""recommendationservice""]",shortcut,0,0,lightweight_ivd_shortcut,
RE2,Online Boutique,RE2-OB/emailservice_mem/1,mem,emailservice,emailservice,1,1,"[""emailservice"", ""productcatalogservice"", ""cartservice"", ""shippingservice"", ""currencyservice""]",shortcut,0,0,lightweight_ivd_shortcut,
RE2,Online Boutique,RE2-OB/emailservice_mem/2,mem,emailservice,emailservice,1,1,"[""emailservice"", ""adservice"", ""recommendationservice"", ""checkoutservice"", ""currencyservice""]",shortcut,0,0,lightweight_ivd_shortcut,
RE2,Online Boutique,RE2-OB/emailservice_mem/3,mem,emailservice,emailservice,1,1,"[""emailservice"", ""checkoutservice"", ""currencyservice"", ""productcatalogservice"", ""shippingservice""]",shortcut,0,0,lightweight_ivd_shortcut,
RE2,Online Boutique,RE2-OB/emailservice_socket/1,socket,emailservice,emailservice,1,1,"[""emailservice"", ""productcatalogservice"", ""paymentservice"", ""currencyservice"", ""recommendationservice""]",shortcut,0,0,lightweight_ivd_shortcut,
RE2,Online Boutique,RE2-OB/emailservice_socket/2,socket,emailservice,emailservice,1,1,"[""emailservice"", ""productcatalogservice"", ""recommendationservice"", ""adservice"", ""currencyservice""]",shortcut,0,0,lightweight_ivd_shortcut,
RE2,Online Boutique,RE2-OB/emailservice_socket/3,socket,emailservice,emailservice,1,1,"[""emailservice"", ""currencyservice"", ""recommendationservice"", ""paymentservice"", ""cartservice""]",shortcut,0,0,lightweight_ivd_shortcut,
RE2,Online Boutique,RE2-OB/productcatalogservice_cpu/1,cpu,productcatalogservice,productcatalogservice,1,,[],egcda,144560,6,continuous_final,predicted_ranking_missing
RE2,Online Boutique,RE2-OB/productcatalogservice_cpu/2,cpu,productcatalogservice,productcatalogservice,1,1,"[""productcatalogservice"", ""recommendationservice"", ""frontend"", ""adservice"", ""currencyservice""]",shortcut,0,0,lightweight_ivd_shortcut,
RE2,Online Boutique,RE2-OB/productcatalogservice_cpu/3,cpu,productcatalogservice,productcatalogservice,1,1,"[""productcatalogservice"", ""recommendationservice"", ""frontend"", ""adservice"", ""currencyservice""]",shortcut,0,0,lightweight_ivd_shortcut,
RE2,Online Boutique,RE2-OB/productcatalogservice_delay/1,delay,productcatalogservice,productcatalogservice,1,1,"[""productcatalogservice"", ""recommendationservice"", ""checkoutservice"", ""paymentservice"", ""currencyservice""]",shortcut,0,0,lightweight_ivd_shortcut,
RE2,Online Boutique,RE2-OB/productcatalogservice_delay/2,delay,productcatalogservice,productcatalogservice,1,1,"[""productcatalogservice"", ""frontend"", ""recommendationservice"", ""currencyservice"", ""shippingservice""]",shortcut,0,0,lightweight_ivd_shortcut,
RE2,Online Boutique,RE2-OB/productcatalogservice_delay/3,delay,productcatalogservice,productcatalogservice,1,1,"[""productcatalogservice"", ""recommendationservice"", ""frontend"", ""cartservice"", ""shippingservice""]",shortcut,0,0,lightweight_ivd_shortcut,
RE2,Online Boutique,RE2-OB/productcatalogservice_disk/1,disk,productcatalogservice,productcatalogservice,1,1,"[""productcatalogservice"", ""recommendationservice"", ""currencyservice"", ""cartservice"", ""paymentservice""]",shortcut,0,0,lightweight_ivd_shortcut,
RE2,Online Boutique,RE2-OB/productcatalogservice_disk/2,disk,productcatalogservice,productcatalogservice,1,1,"[""productcatalogservice"", ""recommendationservice"", ""adservice"", ""currencyservice"", ""shippingservice""]",shortcut,0,0,lightweight_ivd_shortcut,
RE2,Online Boutique,RE2-OB/productcatalogservice_disk/3,disk,productcatalogservice,productcatalogservice,1,1,"[""productcatalogservice"", ""recommendationservice"", ""frontend"", ""paymentservice"", ""currencyservice""]",shortcut,0,0,lightweight_ivd_shortcut,
RE2,Online Boutique,RE2-OB/productcatalogservice_loss/1,loss,productcatalogservice,productcatalogservice,1,1,"[""productcatalogservice"", ""recommendationservice"", ""frontend"", ""shippingservice""]",shortcut,0,0,lightweight_ivd_shortcut,
RE2,Online Boutique,RE2-OB/productcatalogservice_loss/2,loss,productcatalogservice,recommendationservice,0,,[],egcda,159083,6,continuous_final,predicted_ranking_missing
RE2,Online Boutique,RE2-OB/productcatalogservice_loss/3,loss,productcatalogservice,productcatalogservice,1,1,"[""productcatalogservice"", ""recommendationservice"", ""frontend"", ""currencyservice"", ""shippingservice""]",shortcut,0,0,lightweight_ivd_shortcut,
RE2,Online Boutique,RE2-OB/productcatalogservice_mem/1,mem,productcatalogservice,recommendationservice,0,,"[""recommendationservice"", ""frontend"", ""adservice"", ""currencyservice""]",shortcut,0,0,lightweight_ivd_shortcut,
RE2,Online Boutique,RE2-OB/productcatalogservice_mem/2,mem,productcatalogservice,productcatalogservice,1,1,"[""productcatalogservice"", ""recommendationservice"", ""frontend""]",shortcut,0,0,lightweight_ivd_shortcut,
RE2,Online Boutique,RE2-OB/productcatalogservice_mem/3,mem,productcatalogservice,productcatalogservice,1,1,"[""productcatalogservice"", ""recommendationservice"", ""cartservice"", ""frontend"", ""adservice""]",shortcut,0,0,lightweight_ivd_shortcut,
RE2,Online Boutique,RE2-OB/productcatalogservice_socket/1,socket,productcatalogservice,productcatalogservice,1,1,"[""productcatalogservice"", ""recommendationservice"", ""frontend"", ""currencyservice"", ""adservice""]",shortcut,0,0,lightweight_ivd_shortcut,
RE2,Online Boutique,RE2-OB/productcatalogservice_socket/2,socket,productcatalogservice,productcatalogservice,1,1,"[""productcatalogservice"", ""recommendationservice"", ""frontend"", ""currencyservice"", ""cartservice""]",shortcut,0,0,lightweight_ivd_shortcut,
RE2,Online Boutique,RE2-OB/productcatalogservice_socket/3,socket,productcatalogservice,productcatalogservice,1,1,"[""productcatalogservice"", ""recommendationservice"", ""currencyservice"", ""adservice"", ""emailservice""]",shortcut,0,0,lightweight_ivd_shortcut,
RE2,Online Boutique,RE2-OB/recommendationservice_cpu/1,cpu,recommendationservice,recommendationservice,1,1,"[""recommendationservice"", ""productcatalogservice"", ""currencyservice"", ""adservice"", ""cartservice""]",shortcut,0,0,lightweight_ivd_shortcut,
RE2,Online Boutique,RE2-OB/recommendationservice_cpu/2,cpu,recommendationservice,recommendationservice,1,1,"[""recommendationservice"", ""currencyservice"", ""productcatalogservice"", ""shippingservice"", ""emailservice""]",shortcut,0,0,lightweight_ivd_shortcut,
RE2,Online Boutique,RE2-OB/recommendationservice_cpu/3,cpu,recommendationservice,recommendationservice,1,1,"[""recommendationservice"", ""productcatalogservice"", ""shippingservice"", ""currencyservice"", ""emailservice""]",shortcut,0,0,lightweight_ivd_shortcut,
RE2,Online Boutique,RE2-OB/recommendationservice_delay/1,delay,recommendationservice,recommendationservice,1,1,"[""recommendationservice"", ""currencyservice"", ""paymentservice"", ""productcatalogservice"", ""emailservice""]",shortcut,0,0,lightweight_ivd_shortcut,
RE2,Online Boutique,RE2-OB/recommendationservice_delay/2,delay,recommendationservice,recommendationservice,1,1,"[""recommendationservice"", ""emailservice"", ""currencyservice"", ""paymentservice"", ""productcatalogservice""]",shortcut,0,0,lightweight_ivd_shortcut,
RE2,Online Boutique,RE2-OB/recommendationservice_delay/3,delay,recommendationservice,recommendationservice,1,1,"[""recommendationservice"", ""frontend"", ""productcatalogservice"", ""currencyservice"", ""emailservice""]",shortcut,0,0,lightweight_ivd_shortcut,
RE2,Online Boutique,RE2-OB/recommendationservice_disk/1,disk,recommendationservice,recommendationservice,1,1,"[""recommendationservice"", ""currencyservice"", ""adservice"", ""cartservice"", ""emailservice""]",shortcut,0,0,lightweight_ivd_shortcut,
RE2,Online Boutique,RE2-OB/recommendationservice_disk/2,disk,recommendationservice,recommendationservice,1,1,"[""recommendationservice"", ""currencyservice"", ""paymentservice"", ""adservice"", ""cartservice""]",shortcut,0,0,lightweight_ivd_shortcut,
RE2,Online Boutique,RE2-OB/recommendationservice_disk/3,disk,recommendationservice,recommendationservice,1,1,"[""recommendationservice"", ""productcatalogservice"", ""currencyservice"", ""adservice"", ""emailservice""]",shortcut,0,0,lightweight_ivd_shortcut,
RE2,Online Boutique,RE2-OB/recommendationservice_loss/1,loss,recommendationservice,recommendationservice,1,1,"[""recommendationservice"", ""adservice"", ""frontend"", ""emailservice""]",shortcut,0,0,lightweight_ivd_shortcut,
RE2,Online Boutique,RE2-OB/recommendationservice_loss/2,loss,recommendationservice,recommendationservice,1,1,"[""recommendationservice"", ""frontend"", ""adservice"", ""currencyservice""]",shortcut,0,0,lightweight_ivd_shortcut,
RE2,Online Boutique,RE2-OB/recommendationservice_loss/3,loss,recommendationservice,recommendationservice,1,1,"[""recommendationservice"", ""frontend"", ""adservice""]",shortcut,0,0,lightweight_ivd_shortcut,
RE2,Online Boutique,RE2-OB/recommendationservice_mem/1,mem,recommendationservice,recommendationservice,1,1,"[""recommendationservice"", ""frontend"", ""productcatalogservice"", ""paymentservice"", ""emailservice""]",shortcut,0,0,lightweight_ivd_shortcut,
RE2,Online Boutique,RE2-OB/recommendationservice_mem/2,mem,recommendationservice,recommendationservice,1,1,"[""recommendationservice"", ""cartservice"", ""currencyservice"", ""productcatalogservice"", ""adservice""]",shortcut,0,0,lightweight_ivd_shortcut,
RE2,Online Boutique,RE2-OB/recommendationservice_mem/3,mem,recommendationservice,recommendationservice,1,1,"[""recommendationservice"", ""productcatalogservice"", ""adservice"", ""cartservice"", ""currencyservice""]",shortcut,0,0,lightweight_ivd_shortcut,
RE2,Online Boutique,RE2-OB/recommendationservice_socket/1,socket,recommendationservice,recommendationservice,1,1,"[""recommendationservice"", ""adservice"", ""productcatalogservice"", ""cartservice"", ""currencyservice""]",shortcut,0,0,lightweight_ivd_shortcut,
RE2,Online Boutique,RE2-OB/recommendationservice_socket/2,socket,recommendationservice,recommendationservice,1,1,"[""recommendationservice"", ""productcatalogservice"", ""adservice"", ""currencyservice"", ""paymentservice""]",shortcut,0,0,lightweight_ivd_shortcut,
RE2,Online Boutique,RE2-OB/recommendationservice_socket/3,socket,recommendationservice,recommendationservice,1,1,"[""recommendationservice"", ""productcatalogservice"", ""adservice"", ""frontend"", ""shippingservice""]",shortcut,0,0,lightweight_ivd_shortcut,
RE2,Sock Shop,RE2-SS/carts_cpu/1,cpu,carts,carts,1,1,"[""carts"", ""queue-master"", ""orders"", ""front-end""]",shortcut,0,0,lightweight_ivd_shortcut,
RE2,Sock Shop,RE2-SS/carts_cpu/2,cpu,carts,carts,1,1,"[""carts"", ""shipping"", ""rabbitmq"", ""catalogue"", ""queue-master""]",shortcut,0,0,lightweight_ivd_shortcut,
RE2,Sock Shop,RE2-SS/carts_cpu/3,cpu,carts,carts,1,1,"[""carts"", ""queue-master""]",shortcut,0,0,lightweight_ivd_shortcut,
RE2,Sock Shop,RE2-SS/carts_delay/1,delay,carts,carts,1,1,"[""carts"", ""front-end"", ""orders"", ""queue-master"", ""rabbitmq""]",shortcut,0,0,lightweight_ivd_shortcut,
RE2,Sock Shop,RE2-SS/carts_delay/2,delay,carts,carts,1,1,"[""carts"", ""front-end"", ""queue-master"", ""rabbitmq""]",shortcut,0,0,lightweight_ivd_shortcut,
RE2,Sock Shop,RE2-SS/carts_delay/3,delay,carts,carts,1,1,"[""carts"", ""front-end"", ""shipping"", ""orders"", ""queue-master""]",shortcut,0,0,lightweight_ivd_shortcut,
RE2,Sock Shop,RE2-SS/carts_disk/1,disk,carts,carts,1,1,"[""carts"", ""queue-master"", ""front-end"", ""payment"", ""rabbitmq""]",shortcut,0,0,lightweight_ivd_shortcut,
RE2,Sock Shop,RE2-SS/carts_disk/2,disk,carts,carts,1,1,"[""carts"", ""queue-master"", ""payment"", ""catalogue"", ""user""]",shortcut,0,0,lightweight_ivd_shortcut,
RE2,Sock Shop,RE2-SS/carts_disk/3,disk,carts,carts,1,1,"[""carts"", ""queue-master"", ""rabbitmq"", ""front-end"", ""user""]",shortcut,0,0,lightweight_ivd_shortcut,
RE2,Sock Shop,RE2-SS/carts_loss/1,loss,carts,carts,1,1,"[""carts"", ""queue-master"", ""catalogue""]",shortcut,0,0,lightweight_ivd_shortcut,
RE2,Sock Shop,RE2-SS/carts_loss/2,loss,carts,carts,1,,[],egcda,163370,7,continuous_final,predicted_ranking_missing
RE2,Sock Shop,RE2-SS/carts_loss/3,loss,carts,carts,1,1,"[""carts"", ""queue-master"", ""front-end""]",shortcut,0,0,lightweight_ivd_shortcut,
RE2,Sock Shop,RE2-SS/carts_mem/1,mem,carts,carts,1,1,"[""carts"", ""catalogue"", ""queue-master"", ""front-end"", ""payment""]",shortcut,0,0,lightweight_ivd_shortcut,
RE2,Sock Shop,RE2-SS/carts_mem/2,mem,carts,carts,1,1,"[""carts"", ""queue-master"", ""catalogue"", ""user""]",shortcut,0,0,lightweight_ivd_shortcut,
RE2,Sock Shop,RE2-SS/carts_mem/3,mem,carts,carts,1,1,"[""carts"", ""queue-master"", ""catalogue""]",shortcut,0,0,lightweight_ivd_shortcut,
RE2,Sock Shop,RE2-SS/carts_socket/1,socket,carts,queue-master,0,2,"[""queue-master"", ""carts"", ""front-end"", ""orders""]",shortcut,0,0,lightweight_ivd_shortcut,
RE2,Sock Shop,RE2-SS/carts_socket/2,socket,carts,carts,1,1,"[""carts"", ""orders"", ""payment"", ""queue-master""]",shortcut,0,0,lightweight_ivd_shortcut,
RE2,Sock Shop,RE2-SS/carts_socket/3,socket,carts,carts,1,1,"[""carts"", ""queue-master"", ""front-end"", ""user""]",shortcut,0,0,lightweight_ivd_shortcut,
RE2,Sock Shop,RE2-SS/catalogue_cpu/1,cpu,catalogue,catalogue,1,1,"[""catalogue"", ""queue-master"", ""orders"", ""user"", ""carts""]",shortcut,0,0,lightweight_ivd_shortcut,
RE2,Sock Shop,RE2-SS/catalogue_cpu/2,cpu,catalogue,catalogue,1,1,"[""catalogue"", ""carts"", ""queue-master"", ""rabbitmq"", ""orders""]",shortcut,0,0,lightweight_ivd_shortcut,
RE2,Sock Shop,RE2-SS/catalogue_cpu/3,cpu,catalogue,catalogue,1,1,"[""catalogue"", ""queue-master"", ""carts"", ""payment"", ""user""]",shortcut,0,0,lightweight_ivd_shortcut,
RE2,Sock Shop,RE2-SS/catalogue_delay/1,delay,catalogue,catalogue,1,1,"[""catalogue"", ""queue-master"", ""carts"", ""orders""]",shortcut,0,0,lightweight_ivd_shortcut,
RE2,Sock Shop,RE2-SS/catalogue_delay/2,delay,catalogue,catalogue,1,1,"[""catalogue"", ""queue-master"", ""carts"", ""user""]",shortcut,0,0,lightweight_ivd_shortcut,
RE2,Sock Shop,RE2-SS/catalogue_delay/3,delay,catalogue,catalogue,1,1,"[""catalogue"", ""front-end"", ""queue-master"", ""carts"", ""rabbitmq""]",shortcut,0,0,lightweight_ivd_shortcut,
RE2,Sock Shop,RE2-SS/catalogue_disk/1,disk,catalogue,queue-master,0,,"[""queue-master"", ""carts"", ""orders""]",shortcut,0,0,lightweight_ivd_shortcut,
RE2,Sock Shop,RE2-SS/catalogue_disk/2,disk,catalogue,catalogue,1,1,"[""catalogue"", ""queue-master"", ""carts"", ""rabbitmq"", ""user""]",shortcut,0,0,lightweight_ivd_shortcut,
RE2,Sock Shop,RE2-SS/catalogue_disk/3,disk,catalogue,catalogue,1,1,"[""catalogue"", ""queue-master"", ""carts"", ""orders"", ""rabbitmq""]",shortcut,0,0,lightweight_ivd_shortcut,
RE2,Sock Shop,RE2-SS/catalogue_loss/1,loss,catalogue,catalogue,1,1,"[""catalogue"", ""carts"", ""front-end"", ""queue-master""]",shortcut,0,0,lightweight_ivd_shortcut,
RE2,Sock Shop,RE2-SS/catalogue_loss/2,loss,catalogue,carts,0,,"[""carts"", ""front-end"", ""payment"", ""shipping"", ""queue-master""]",shortcut,0,0,lightweight_ivd_shortcut,
RE2,Sock Shop,RE2-SS/catalogue_loss/3,loss,catalogue,carts,0,,"[""carts"", ""orders"", ""user"", ""front-end"", ""queue-master""]",shortcut,0,0,lightweight_ivd_shortcut,
RE2,Sock Shop,RE2-SS/catalogue_mem/1,mem,catalogue,catalogue,1,1,"[""catalogue"", ""carts"", ""front-end"", ""payment"", ""shipping""]",shortcut,0,0,lightweight_ivd_shortcut,
RE2,Sock Shop,RE2-SS/catalogue_mem/2,mem,catalogue,catalogue,1,1,"[""catalogue"", ""queue-master"", ""shipping"", ""carts"", ""payment""]",shortcut,0,0,lightweight_ivd_shortcut,
RE2,Sock Shop,RE2-SS/catalogue_mem/3,mem,catalogue,catalogue,1,1,"[""catalogue"", ""carts"", ""front-end"", ""queue-master""]",shortcut,0,0,lightweight_ivd_shortcut,
RE2,Sock Shop,RE2-SS/catalogue_socket/1,socket,catalogue,catalogue,1,,[],egcda,154480,6,continuous_final,predicted_ranking_missing
RE2,Sock Shop,RE2-SS/catalogue_socket/2,socket,catalogue,catalogue,1,1,"[""catalogue"", ""queue-master"", ""carts"", ""front-end"", ""user""]",shortcut,0,0,lightweight_ivd_shortcut,
RE2,Sock Shop,RE2-SS/catalogue_socket/3,socket,catalogue,catalogue,1,1,"[""catalogue"", ""queue-master"", ""orders"", ""carts"", ""shipping""]",shortcut,0,0,lightweight_ivd_shortcut,
RE2,Sock Shop,RE2-SS/orders_cpu/1,cpu,orders,orders,1,1,"[""orders"", ""queue-master"", ""carts"", ""user""]",shortcut,0,0,lightweight_ivd_shortcut,
RE2,Sock Shop,RE2-SS/orders_cpu/2,cpu,orders,queue-master,0,,[],egcda,164578,6,continuous_final,predicted_ranking_missing
RE2,Sock Shop,RE2-SS/orders_cpu/3,cpu,orders,orders,1,1,"[""orders"", ""carts"", ""front-end"", ""queue-master""]",shortcut,0,0,lightweight_ivd_shortcut,
RE2,Sock Shop,RE2-SS/orders_delay/1,delay,orders,shipping,0,5,"[""shipping"", ""user"", ""carts"", ""queue-master"", ""orders""]",shortcut,0,0,lightweight_ivd_shortcut,
RE2,Sock Shop,RE2-SS/orders_delay/2,delay,orders,payment,0,2,"[""payment"", ""orders"", ""user"", ""carts"", ""queue-master""]",shortcut,0,0,lightweight_ivd_shortcut,
RE2,Sock Shop,RE2-SS/orders_delay/3,delay,orders,shipping,0,,"[""shipping"", ""carts"", ""queue-master"", ""front-end"", ""rabbitmq""]",shortcut,0,0,lightweight_ivd_shortcut,
RE2,Sock Shop,RE2-SS/orders_disk/1,disk,orders,carts,0,4,"[""carts"", ""shipping"", ""queue-master"", ""orders"", ""carts-db""]",shortcut,0,0,lightweight_ivd_shortcut,
RE2,Sock Shop,RE2-SS/orders_disk/2,disk,orders,orders,1,1,"[""orders"", ""carts"", ""queue-master"", ""catalogue"", ""front-end""]",shortcut,0,0,lightweight_ivd_shortcut,
RE2,Sock Shop,RE2-SS/orders_disk/3,disk,orders,orders,1,1,"[""orders"", ""carts"", ""front-end"", ""queue-master""]",shortcut,0,0,lightweight_ivd_shortcut,
RE2,Sock Shop,RE2-SS/orders_loss/1,loss,orders,orders,1,1,"[""orders"", ""front-end"", ""carts"", ""queue-master""]",shortcut,0,0,lightweight_ivd_shortcut,
RE2,Sock Shop,RE2-SS/orders_loss/2,loss,orders,orders,1,1,"[""orders"", ""front-end"", ""queue-master"", ""carts"", ""catalogue""]",shortcut,0,0,lightweight_ivd_shortcut,
RE2,Sock Shop,RE2-SS/orders_loss/3,loss,orders,orders,1,1,"[""orders"", ""front-end"", ""carts"", ""catalogue"", ""queue-master""]",shortcut,0,0,lightweight_ivd_shortcut,
RE2,Sock Shop,RE2-SS/orders_mem/1,mem,orders,orders,1,1,"[""orders"", ""queue-master"", ""carts"", ""front-end"", ""catalogue""]",shortcut,0,0,lightweight_ivd_shortcut,
RE2,Sock Shop,RE2-SS/orders_mem/2,mem,orders,orders,1,1,"[""orders"", ""shipping"", ""carts"", ""queue-master"", ""payment""]",shortcut,0,0,lightweight_ivd_shortcut,
RE2,Sock Shop,RE2-SS/orders_mem/3,mem,orders,orders,1,1,"[""orders"", ""queue-master"", ""carts"", ""payment"", ""user""]",shortcut,0,0,lightweight_ivd_shortcut,
RE2,Sock Shop,RE2-SS/orders_socket/1,socket,orders,carts,0,4,"[""carts"", ""queue-master"", ""catalogue"", ""orders"", ""shipping""]",shortcut,0,0,lightweight_ivd_shortcut,
RE2,Sock Shop,RE2-SS/orders_socket/2,socket,orders,,0,,[],failed,101336,4,,predicted_ranking_missing; error=KeyError: 'gap_seconds'
RE2,Sock Shop,RE2-SS/orders_socket/3,socket,orders,orders,1,1,"[""orders"", ""carts"", ""queue-master"", ""catalogue""]",shortcut,0,0,lightweight_ivd_shortcut,
RE2,Sock Shop,RE2-SS/payment_cpu/1,cpu,payment,payment,1,1,"[""payment"", ""queue-master"", ""orders"", ""carts"", ""user""]",shortcut,0,0,lightweight_ivd_shortcut,
RE2,Sock Shop,RE2-SS/payment_cpu/2,cpu,payment,payment,1,1,"[""payment"", ""queue-master"", ""shipping"", ""carts"", ""front-end""]",shortcut,0,0,lightweight_ivd_shortcut,
RE2,Sock Shop,RE2-SS/payment_cpu/3,cpu,payment,payment,1,1,"[""payment"", ""orders"", ""shipping"", ""carts"", ""queue-master""]",shortcut,0,0,lightweight_ivd_shortcut,
RE2,Sock Shop,RE2-SS/payment_delay/1,delay,payment,queue-master,0,,"[""queue-master"", ""shipping"", ""carts"", ""front-end"", ""user""]",shortcut,0,0,lightweight_ivd_shortcut,
RE2,Sock Shop,RE2-SS/payment_delay/2,delay,payment,orders,0,,"[""orders"", ""shipping"", ""carts"", ""queue-master"", ""rabbitmq""]",shortcut,0,0,lightweight_ivd_shortcut,
RE2,Sock Shop,RE2-SS/payment_delay/3,delay,payment,queue-master,0,,"[""queue-master"", ""carts"", ""rabbitmq"", ""front-end"", ""user""]",shortcut,0,0,lightweight_ivd_shortcut,
RE2,Sock Shop,RE2-SS/payment_disk/1,disk,payment,payment,1,1,"[""payment"", ""carts"", ""queue-master""]",shortcut,0,0,lightweight_ivd_shortcut,
RE2,Sock Shop,RE2-SS/payment_disk/2,disk,payment,payment,1,1,"[""payment"", ""carts"", ""queue-master"", ""orders"", ""catalogue""]",shortcut,0,0,lightweight_ivd_shortcut,
RE2,Sock Shop,RE2-SS/payment_disk/3,disk,payment,payment,1,1,"[""payment"", ""queue-master"", ""carts"", ""front-end"", ""rabbitmq""]",shortcut,0,0,lightweight_ivd_shortcut,
RE2,Sock Shop,RE2-SS/payment_loss/1,loss,payment,payment,1,1,"[""payment"", ""orders"", ""front-end"", ""queue-master"", ""carts""]",shortcut,0,0,lightweight_ivd_shortcut,
RE2,Sock Shop,RE2-SS/payment_loss/2,loss,payment,orders,0,,"[""orders"", ""queue-master"", ""front-end"", ""carts"", ""user""]",shortcut,0,0,lightweight_ivd_shortcut,
RE2,Sock Shop,RE2-SS/payment_loss/3,loss,payment,orders,0,,"[""orders"", ""front-end"", ""queue-master"", ""carts""]",shortcut,0,0,lightweight_ivd_shortcut,
RE2,Sock Shop,RE2-SS/payment_mem/1,mem,payment,payment,1,1,"[""payment"", ""queue-master"", ""carts""]",shortcut,0,0,lightweight_ivd_shortcut,
RE2,Sock Shop,RE2-SS/payment_mem/2,mem,payment,payment,1,1,"[""payment"", ""queue-master"", ""carts"", ""catalogue""]",shortcut,0,0,lightweight_ivd_shortcut,
RE2,Sock Shop,RE2-SS/payment_mem/3,mem,payment,payment,1,1,"[""payment"", ""carts"", ""queue-master""]",shortcut,0,0,lightweight_ivd_shortcut,
RE2,Sock Shop,RE2-SS/payment_socket/1,socket,payment,payment,1,1,"[""payment"", ""shipping"", ""carts"", ""queue-master"", ""user""]",shortcut,0,0,lightweight_ivd_shortcut,
RE2,Sock Shop,RE2-SS/payment_socket/2,socket,payment,payment,1,1,"[""payment"", ""queue-master"", ""shipping"", ""rabbitmq"", ""carts""]",shortcut,0,0,lightweight_ivd_shortcut,
RE2,Sock Shop,RE2-SS/payment_socket/3,socket,payment,orders,0,2,"[""orders"", ""payment"", ""shipping"", ""queue-master"", ""front-end""]",shortcut,0,0,lightweight_ivd_shortcut,
RE2,Sock Shop,RE2-SS/user_cpu/1,cpu,user,user,1,1,"[""user"", ""orders"", ""carts"", ""front-end"", ""queue-master""]",shortcut,0,0,lightweight_ivd_shortcut,
RE2,Sock Shop,RE2-SS/user_cpu/2,cpu,user,user,1,1,"[""user"", ""queue-master"", ""orders"", ""carts"", ""payment""]",shortcut,0,0,lightweight_ivd_shortcut,
RE2,Sock Shop,RE2-SS/user_cpu/3,cpu,user,user,1,1,"[""user"", ""carts"", ""shipping"", ""queue-master"", ""orders""]",shortcut,0,0,lightweight_ivd_shortcut,
RE2,Sock Shop,RE2-SS/user_delay/1,delay,user,queue-master,0,,"[""queue-master"", ""carts"", ""rabbitmq"", ""orders"", ""shipping""]",shortcut,0,0,lightweight_ivd_shortcut,
RE2,Sock Shop,RE2-SS/user_delay/2,delay,user,user,1,1,"[""user"", ""queue-master"", ""front-end"", ""shipping"", ""carts""]",shortcut,0,0,lightweight_ivd_shortcut,
RE2,Sock Shop,RE2-SS/user_delay/3,delay,user,user,1,1,"[""user"", ""orders"", ""front-end"", ""queue-master"", ""carts""]",shortcut,0,0,lightweight_ivd_shortcut,
RE2,Sock Shop,RE2-SS/user_disk/1,disk,user,user,1,1,"[""user"", ""queue-master"", ""carts"", ""user-db"", ""orders""]",shortcut,0,0,lightweight_ivd_shortcut,
RE2,Sock Shop,RE2-SS/user_disk/2,disk,user,user,1,1,"[""user"", ""queue-master"", ""orders"", ""shipping"", ""carts""]",shortcut,0,0,lightweight_ivd_shortcut,
RE2,Sock Shop,RE2-SS/user_disk/3,disk,user,user,1,1,"[""user"", ""carts"", ""orders"", ""queue-master"", ""user-db""]",shortcut,0,0,lightweight_ivd_shortcut,
RE2,Sock Shop,RE2-SS/user_loss/1,loss,user,user,1,1,"[""user"", ""orders"", ""front-end"", ""queue-master"", ""carts""]",shortcut,0,0,lightweight_ivd_shortcut,
RE2,Sock Shop,RE2-SS/user_loss/2,loss,user,user,1,1,"[""user"", ""front-end"", ""orders"", ""carts"", ""queue-master""]",shortcut,0,0,lightweight_ivd_shortcut,
RE2,Sock Shop,RE2-SS/user_loss/3,loss,user,orders,0,2,"[""orders"", ""user"", ""front-end"", ""queue-master"", ""carts""]",shortcut,0,0,lightweight_ivd_shortcut,
RE2,Sock Shop,RE2-SS/user_mem/1,mem,user,user,1,1,"[""user"", ""queue-master"", ""carts"", ""front-end"", ""catalogue""]",shortcut,0,0,lightweight_ivd_shortcut,
RE2,Sock Shop,RE2-SS/user_mem/2,mem,user,user,1,1,"[""user"", ""queue-master"", ""carts""]",shortcut,0,0,lightweight_ivd_shortcut,
RE2,Sock Shop,RE2-SS/user_mem/3,mem,user,user,1,1,"[""user"", ""queue-master"", ""orders"", ""front-end""]",shortcut,0,0,lightweight_ivd_shortcut,
RE2,Sock Shop,RE2-SS/user_socket/1,socket,user,user,1,1,"[""user"", ""carts"", ""front-end"", ""queue-master"", ""shipping""]",shortcut,0,0,lightweight_ivd_shortcut,
RE2,Sock Shop,RE2-SS/user_socket/2,socket,user,orders,0,,[],egcda,158364,6,continuous_final,predicted_ranking_missing
RE2,Sock Shop,RE2-SS/user_socket/3,socket,user,user,1,1,"[""user"", ""queue-master"", ""rabbitmq-exporter"", ""shipping"", ""carts""]",shortcut,0,0,lightweight_ivd_shortcut,
RE2,Train Ticket,RE2-TT/ts-auth-service_cpu/1,cpu,ts-auth-service,ts-auth-service,1,1,"[""ts-auth-service"", ""ts-seat-service"", ""ts-contacts-service"", ""ts-payment-service"", ""ts-admin-basic-info-service""]",shortcut,0,0,lightweight_ivd_shortcut,
RE2,Train Ticket,RE2-TT/ts-auth-service_cpu/2,cpu,ts-auth-service,ts-basic-service,0,,"[""ts-basic-service"", ""ts-ticketinfo-service"", ""ts-seat-service"", ""ts-travel-service"", ""ts-station-service""]",shortcut,0,0,lightweight_ivd_shortcut,
RE2,Train Ticket,RE2-TT/ts-auth-service_cpu/3,cpu,ts-auth-service,ts-station-service,0,2,"[""ts-station-service"", ""ts-auth-service"", ""ts-consign-service"", ""ts-ui-dashboard"", ""ts-inside-payment-service""]",shortcut,0,0,lightweight_ivd_shortcut,
RE2,Train Ticket,RE2-TT/ts-auth-service_delay/1,delay,ts-auth-service,ts-auth-service,1,1,"[""ts-auth-service"", ""ts-order-service"", ""ts-food-map-service"", ""ts-inside-payment-service"", ""ts-food-service""]",egcda,0,0,lightweight_ivd_fallback,non_shortcut_status=lightweight_ivd_fallback
RE2,Train Ticket,RE2-TT/ts-auth-service_delay/2,delay,ts-auth-service,ts-auth-service,1,1,"[""ts-auth-service"", ""ts-admin-order-service"", ""ts-execute-service"", ""ts-inside-payment-service"", ""ts-preserve-service""]",egcda,0,0,lightweight_ivd_fallback,non_shortcut_status=lightweight_ivd_fallback
RE2,Train Ticket,RE2-TT/ts-auth-service_delay/3,delay,ts-auth-service,ts-auth-service,1,1,"[""ts-auth-service"", ""ts-inside-payment-service""]",egcda,0,0,lightweight_ivd_fallback,non_shortcut_status=lightweight_ivd_fallback
RE2,Train Ticket,RE2-TT/ts-auth-service_disk/1,disk,ts-auth-service,ts-auth-service,1,1,"[""ts-auth-service"", ""ts-order-service"", ""ts-food-map-service"", ""ts-ui-dashboard"", ""ts-security-service""]",shortcut,0,0,lightweight_ivd_shortcut,
RE2,Train Ticket,RE2-TT/ts-auth-service_disk/2,disk,ts-auth-service,ts-auth-service,1,1,"[""ts-auth-service"", ""ts-route-plan-service"", ""ts-travel2-service"", ""ts-admin-order-service"", ""ts-inside-payment-service""]",shortcut,0,0,lightweight_ivd_shortcut,
RE2,Train Ticket,RE2-TT/ts-auth-service_disk/3,disk,ts-auth-service,ts-auth-service,1,1,"[""ts-auth-service"", ""ts-admin-order-service"", ""ts-admin-route-service"", ""ts-cancel-service"", ""ts-route-plan-service""]",shortcut,0,0,lightweight_ivd_shortcut,
RE2,Train Ticket,RE2-TT/ts-auth-service_loss/1,loss,ts-auth-service,ts-auth-service,1,1,"[""ts-auth-service"", ""ts-food-map-service"", ""ts-inside-payment-service"", ""ts-basic-service"", ""ts-execute-service""]",shortcut,0,0,lightweight_ivd_shortcut,
RE2,Train Ticket,RE2-TT/ts-auth-service_loss/2,loss,ts-auth-service,ts-admin-order-service,0,,"[""ts-admin-order-service"", ""ts-admin-route-service"", ""ts-cancel-service"", ""ts-security-service"", ""ts-travel-plan-service""]",egcda,0,0,lightweight_ivd_fallback,non_shortcut_status=lightweight_ivd_fallback
RE2,Train Ticket,RE2-TT/ts-auth-service_loss/3,loss,ts-auth-service,ts-seat-service,0,4,"[""ts-seat-service"", ""ts-contacts-service"", ""ts-price-service"", ""ts-auth-service"", ""ts-preserve-service""]",shortcut,0,0,lightweight_ivd_shortcut,
RE2,Train Ticket,RE2-TT/ts-auth-service_mem/1,mem,ts-auth-service,ts-auth-service,1,1,"[""ts-auth-service"", ""ts-consign-service"", ""ts-execute-service"", ""ts-food-service"", ""ts-inside-payment-service""]",shortcut,0,0,lightweight_ivd_shortcut,
RE2,Train Ticket,RE2-TT/ts-auth-service_mem/2,mem,ts-auth-service,ts-config-service,0,,"[""ts-config-service"", ""ts-route-service"", ""ts-train-service"", ""ts-admin-basic-info-service"", ""ts-travel2-service""]",shortcut,0,0,lightweight_ivd_shortcut,
RE2,Train Ticket,RE2-TT/ts-auth-service_mem/3,mem,ts-auth-service,ts-auth-service,1,1,"[""ts-auth-service"", ""ts-price-service"", ""ts-route-plan-service"", ""ts-admin-order-service"", ""ts-verification-code-service""]",shortcut,0,0,lightweight_ivd_shortcut,
RE2,Train Ticket,RE2-TT/ts-auth-service_socket/1,socket,ts-auth-service,ts-price-service,0,2,"[""ts-price-service"", ""ts-auth-service"", ""ts-execute-service"", ""ts-route-plan-service"", ""ts-route-service""]",shortcut,0,0,lightweight_ivd_shortcut,
RE2,Train Ticket,RE2-TT/ts-auth-service_socket/2,socket,ts-auth-service,ts-order-service,0,2,"[""ts-order-service"", ""ts-auth-service"", ""ts-food-map-service"", ""ts-admin-user-service"", ""ts-assurance-service""]",shortcut,0,0,lightweight_ivd_shortcut,
RE2,Train Ticket,RE2-TT/ts-auth-service_socket/3,socket,ts-auth-service,ts-auth-service,1,1,"[""ts-auth-service"", ""ts-config-service"", ""ts-route-service"", ""ts-ui-dashboard"", ""ts-admin-basic-info-service""]",egcda,0,0,lightweight_ivd_fallback,non_shortcut_status=lightweight_ivd_fallback
RE2,Train Ticket,RE2-TT/ts-order-service_cpu/1,cpu,ts-order-service,ts-order-service,1,1,"[""ts-order-service"", ""ts-price-service"", ""ts-travel-plan-service"", ""ts-inside-payment-service""]",shortcut,0,0,lightweight_ivd_shortcut,
RE2,Train Ticket,RE2-TT/ts-order-service_cpu/2,cpu,ts-order-service,ts-order-service,1,1,"[""ts-order-service"", ""ts-payment-service"", ""ts-food-service"", ""ts-auth-service"", ""ts-config-service""]",shortcut,0,0,lightweight_ivd_shortcut,
RE2,Train Ticket,RE2-TT/ts-order-service_cpu/3,cpu,ts-order-service,ts-contacts-service,0,2,"[""ts-contacts-service"", ""ts-order-service"", ""ts-station-service"", ""ts-admin-basic-info-service"", ""ts-config-service""]",shortcut,0,0,lightweight_ivd_shortcut,
RE2,Train Ticket,RE2-TT/ts-order-service_delay/1,delay,ts-order-service,ts-security-service,0,,"[""ts-security-service"", ""ts-seat-service"", ""ts-inside-payment-service"", ""ts-contacts-service"", ""ts-travel-service""]",shortcut,0,0,lightweight_ivd_shortcut,
RE2,Train Ticket,RE2-TT/ts-order-service_delay/2,delay,ts-order-service,ts-inside-payment-service,0,,"[""ts-inside-payment-service"", ""ts-basic-service"", ""ts-food-map-service"", ""ts-consign-price-service"", ""ts-consign-service""]",shortcut,0,0,lightweight_ivd_shortcut,
RE2,Train Ticket,RE2-TT/ts-order-service_delay/3,delay,ts-order-service,ts-auth-service,0,,"[""ts-auth-service"", ""ts-config-service"", ""ts-assurance-service"", ""ts-travel2-service"", ""ts-inside-payment-service""]",shortcut,0,0,lightweight_ivd_shortcut,
RE2,Train Ticket,RE2-TT/ts-order-service_disk/1,disk,ts-order-service,ts-order-service,1,1,"[""ts-order-service"", ""ts-consign-service"", ""ts-inside-payment-service"", ""ts-admin-travel-service"", ""ts-admin-basic-info-service""]",shortcut,0,0,lightweight_ivd_shortcut,
RE2,Train Ticket,RE2-TT/ts-order-service_disk/2,disk,ts-order-service,ts-order-service,1,1,"[""ts-order-service"", ""ts-admin-route-service"", ""ts-execute-service"", ""ts-preserve-other-service"", ""ts-inside-payment-service""]",shortcut,0,0,lightweight_ivd_shortcut,
RE2,Train Ticket,RE2-TT/ts-order-service_disk/3,disk,ts-order-service,ts-order-service,1,1,"[""ts-order-service"", ""ts-basic-service"", ""ts-admin-basic-info-service"", ""ts-food-service"", ""ts-inside-payment-service""]",shortcut,0,0,lightweight_ivd_shortcut,
RE2,Train Ticket,RE2-TT/ts-order-service_loss/1,loss,ts-order-service,ts-order-service,1,1,"[""ts-order-service"", ""ts-travel2-service"", ""ts-config-service"", ""ts-payment-service"", ""ts-inside-payment-service""]",shortcut,0,0,lightweight_ivd_shortcut,
RE2,Train Ticket,RE2-TT/ts-order-service_loss/2,loss,ts-order-service,ts-auth-service,0,,"[""ts-auth-service"", ""ts-inside-payment-service"", ""ts-consign-price-service"", ""ts-admin-basic-info-service"", ""ts-station-service""]",shortcut,0,0,lightweight_ivd_shortcut,
RE2,Train Ticket,RE2-TT/ts-order-service_loss/3,loss,ts-order-service,ts-order-service,1,1,"[""ts-order-service"", ""ts-inside-payment-service"", ""ts-consign-price-service"", ""ts-ticketinfo-service"", ""ts-basic-service""]",shortcut,0,0,lightweight_ivd_shortcut,
RE2,Train Ticket,RE2-TT/ts-order-service_mem/1,mem,ts-order-service,ts-order-service,1,1,"[""ts-order-service"", ""ts-order-other-service"", ""ts-admin-basic-info-service"", ""ts-consign-service"", ""ts-security-service""]",shortcut,0,0,lightweight_ivd_shortcut,
RE2,Train Ticket,RE2-TT/ts-order-service_mem/2,mem,ts-order-service,ts-order-service,1,1,"[""ts-order-service"", ""ts-price-service"", ""ts-security-service"", ""ts-inside-payment-service"", ""ts-travel-plan-service""]",shortcut,0,0,lightweight_ivd_shortcut,
RE2,Train Ticket,RE2-TT/ts-order-service_mem/3,mem,ts-order-service,ts-order-service,1,1,"[""ts-order-service"", ""ts-admin-basic-info-service"", ""ts-payment-service"", ""ts-execute-service"", ""ts-admin-route-service""]",shortcut,0,0,lightweight_ivd_shortcut,
RE2,Train Ticket,RE2-TT/ts-order-service_socket/1,socket,ts-order-service,ts-order-service,1,1,"[""ts-order-service"", ""ts-config-service"", ""ts-seat-service"", ""ts-security-service"", ""ts-travel-service""]",shortcut,0,0,lightweight_ivd_shortcut,
RE2,Train Ticket,RE2-TT/ts-order-service_socket/2,socket,ts-order-service,ts-order-service,1,1,"[""ts-order-service"", ""ts-inside-payment-service"", ""ts-train-service"", ""ts-travel-service"", ""ts-preserve-service""]",shortcut,0,0,lightweight_ivd_shortcut,
RE2,Train Ticket,RE2-TT/ts-order-service_socket/3,socket,ts-order-service,ts-order-service,1,1,"[""ts-order-service"", ""ts-security-service"", ""ts-admin-travel-service"", ""ts-auth-service"", ""ts-admin-basic-info-service""]",shortcut,0,0,lightweight_ivd_shortcut,
RE2,Train Ticket,RE2-TT/ts-route-service_cpu/1,cpu,ts-route-service,ts-travel-service,0,2,"[""ts-travel-service"", ""ts-route-service"", ""ts-travel2-service"", ""ts-ticketinfo-service"", ""ts-train-service""]",shortcut,0,0,lightweight_ivd_shortcut,
RE2,Train Ticket,RE2-TT/ts-route-service_cpu/2,cpu,ts-route-service,ts-price-service,0,,"[""ts-price-service"", ""ts-inside-payment-service"", ""ts-admin-basic-info-service"", ""ts-admin-route-service"", ""ts-contacts-service""]",shortcut,0,0,lightweight_ivd_shortcut,
RE2,Train Ticket,RE2-TT/ts-route-service_cpu/3,cpu,ts-route-service,ts-route-service,1,1,"[""ts-route-service"", ""ts-admin-basic-info-service"", ""ts-config-service"", ""ts-station-service"", ""ts-travel-service""]",shortcut,0,0,lightweight_ivd_shortcut,
RE2,Train Ticket,RE2-TT/ts-route-service_delay/1,delay,ts-route-service,ts-travel2-service,0,2,"[""ts-travel2-service"", ""ts-route-service"", ""ts-order-service"", ""ts-travel-service"", ""ts-basic-service""]",shortcut,0,0,lightweight_ivd_shortcut,
RE2,Train Ticket,RE2-TT/ts-route-service_delay/2,delay,ts-route-service,ts-route-service,1,1,"[""ts-route-service"", ""ts-seat-service"", ""ts-travel-service"", ""ts-travel2-service"", ""ts-basic-service""]",shortcut,0,0,lightweight_ivd_shortcut,
RE2,Train Ticket,RE2-TT/ts-route-service_delay/3,delay,ts-route-service,ts-order-service,0,,"[""ts-order-service"", ""ts-basic-service"", ""ts-food-service"", ""ts-admin-basic-info-service"", ""ts-admin-travel-service""]",shortcut,0,0,lightweight_ivd_shortcut,
RE2,Train Ticket,RE2-TT/ts-route-service_disk/1,disk,ts-route-service,ts-route-service,1,1,"[""ts-route-service"", ""ts-auth-service"", ""ts-admin-basic-info-service"", ""ts-consign-price-service"", ""ts-rebook-service""]",shortcut,0,0,lightweight_ivd_shortcut,
RE2,Train Ticket,RE2-TT/ts-route-service_disk/2,disk,ts-route-service,ts-route-service,1,1,"[""ts-route-service"", ""ts-seat-service"", ""ts-preserve-other-service"", ""ts-inside-payment-service""]",shortcut,0,0,lightweight_ivd_shortcut,
RE2,Train Ticket,RE2-TT/ts-route-service_disk/3,disk,ts-route-service,ts-route-service,1,1,"[""ts-route-service"", ""ts-order-other-service"", ""ts-admin-user-service"", ""ts-notification-service"", ""ts-payment-service""]",shortcut,0,0,lightweight_ivd_shortcut,
RE2,Train Ticket,RE2-TT/ts-route-service_loss/1,loss,ts-route-service,ts-route-service,1,1,"[""ts-route-service"", ""ts-consign-price-service"", ""ts-payment-service"", ""ts-consign-service"", ""ts-inside-payment-service""]",shortcut,0,0,lightweight_ivd_shortcut,
RE2,Train Ticket,RE2-TT/ts-route-service_loss/2,loss,ts-route-service,ts-route-service,1,1,"[""ts-route-service"", ""ts-seat-service"", ""ts-assurance-service"", ""ts-admin-basic-info-service"", ""ts-travel2-service""]",shortcut,0,0,lightweight_ivd_shortcut,
RE2,Train Ticket,RE2-TT/ts-route-service_loss/3,loss,ts-route-service,ts-admin-travel-service,0,,"[""ts-admin-travel-service"", ""ts-price-service"", ""ts-auth-service"", ""ts-admin-order-service"", ""ts-cancel-service""]",shortcut,0,0,lightweight_ivd_shortcut,
RE2,Train Ticket,RE2-TT/ts-route-service_mem/1,mem,ts-route-service,ts-route-service,1,1,"[""ts-route-service"", ""ts-ticketinfo-service"", ""ts-train-service"", ""ts-admin-travel-service"", ""ts-price-service""]",shortcut,0,0,lightweight_ivd_shortcut,
RE2,Train Ticket,RE2-TT/ts-route-service_mem/2,mem,ts-route-service,ts-route-service,1,1,"[""ts-route-service"", ""ts-food-service"", ""ts-order-service"", ""ts-cancel-service"", ""ts-rebook-service""]",shortcut,0,0,lightweight_ivd_shortcut,
RE2,Train Ticket,RE2-TT/ts-route-service_mem/3,mem,ts-route-service,ts-price-service,0,,"[""ts-price-service"", ""ts-order-other-service"", ""ts-food-service"", ""ts-auth-service"", ""ts-inside-payment-service""]",shortcut,0,0,lightweight_ivd_shortcut,
RE2,Train Ticket,RE2-TT/ts-route-service_socket/1,socket,ts-route-service,ts-route-service,1,1,"[""ts-route-service"", ""ts-food-service"", ""ts-admin-basic-info-service"", ""ts-seat-service"", ""ts-travel2-service""]",shortcut,0,0,lightweight_ivd_shortcut,
RE2,Train Ticket,RE2-TT/ts-route-service_socket/2,socket,ts-route-service,ts-route-service,1,1,"[""ts-route-service"", ""ts-admin-order-service"", ""ts-auth-service"", ""ts-inside-payment-service"", ""ts-ui-dashboard""]",shortcut,0,0,lightweight_ivd_shortcut,
RE2,Train Ticket,RE2-TT/ts-route-service_socket/3,socket,ts-route-service,ts-auth-service,0,,"[""ts-auth-service"", ""ts-admin-order-service"", ""ts-admin-user-service"", ""ts-cancel-service"", ""ts-contacts-service""]",shortcut,0,0,lightweight_ivd_shortcut,
RE2,Train Ticket,RE2-TT/ts-train-service_cpu/1,cpu,ts-train-service,ts-price-service,0,,"[""ts-price-service"", ""ts-ticketinfo-service"", ""ts-config-service"", ""ts-seat-service"", ""ts-basic-service""]",egcda,0,0,lightweight_ivd_fallback,non_shortcut_status=lightweight_ivd_fallback
RE2,Train Ticket,RE2-TT/ts-train-service_cpu/2,cpu,ts-train-service,ts-train-service,1,1,"[""ts-train-service"", ""ts-basic-service"", ""ts-ticketinfo-service"", ""ts-order-other-service"", ""ts-seat-service""]",shortcut,0,0,lightweight_ivd_shortcut,
RE2,Train Ticket,RE2-TT/ts-train-service_cpu/3,cpu,ts-train-service,ts-seat-service,0,,"[""ts-seat-service"", ""ts-station-service"", ""ts-auth-service"", ""ts-travel2-service"", ""ts-inside-payment-service""]",shortcut,0,0,lightweight_ivd_shortcut,
RE2,Train Ticket,RE2-TT/ts-train-service_delay/1,delay,ts-train-service,ts-train-service,1,1,"[""ts-train-service"", ""ts-contacts-service"", ""ts-preserve-service"", ""ts-admin-travel-service"", ""ts-order-other-service""]",shortcut,0,0,lightweight_ivd_shortcut,
RE2,Train Ticket,RE2-TT/ts-train-service_delay/2,delay,ts-train-service,ts-price-service,0,,"[""ts-price-service"", ""ts-seat-service"", ""ts-auth-service"", ""ts-basic-service"", ""ts-admin-route-service""]",shortcut,0,0,lightweight_ivd_shortcut,
RE2,Train Ticket,RE2-TT/ts-train-service_delay/3,delay,ts-train-service,ts-train-service,1,1,"[""ts-train-service"", ""ts-ticketinfo-service"", ""ts-seat-service"", ""ts-travel2-service"", ""ts-travel-service""]",shortcut,0,0,lightweight_ivd_shortcut,
RE2,Train Ticket,RE2-TT/ts-train-service_disk/1,disk,ts-train-service,ts-price-service,0,,"[""ts-price-service"", ""ts-contacts-service"", ""ts-food-service"", ""ts-inside-payment-service"", ""ts-admin-user-service""]",shortcut,0,0,lightweight_ivd_shortcut,
RE2,Train Ticket,RE2-TT/ts-train-service_disk/2,disk,ts-train-service,ts-train-service,1,1,"[""ts-train-service"", ""ts-admin-basic-info-service"", ""ts-admin-travel-service"", ""ts-seat-service"", ""ts-user-service""]",shortcut,0,0,lightweight_ivd_shortcut,
RE2,Train Ticket,RE2-TT/ts-train-service_disk/3,disk,ts-train-service,ts-train-service,1,1,"[""ts-train-service"", ""ts-food-map-service"", ""ts-food-service"", ""ts-admin-basic-info-service"", ""ts-preserve-other-service""]",shortcut,0,0,lightweight_ivd_shortcut,
RE2,Train Ticket,RE2-TT/ts-train-service_loss/1,loss,ts-train-service,ts-train-service,1,1,"[""ts-train-service"", ""ts-seat-service"", ""ts-order-service"", ""ts-travel-service"", ""ts-user-service""]",shortcut,0,0,lightweight_ivd_shortcut,
RE2,Train Ticket,RE2-TT/ts-train-service_loss/2,loss,ts-train-service,ts-train-service,1,1,"[""ts-train-service"", ""ts-seat-service"", ""ts-travel-service"", ""ts-security-service"", ""ts-inside-payment-service""]",shortcut,0,0,lightweight_ivd_shortcut,
RE2,Train Ticket,RE2-TT/ts-train-service_loss/3,loss,ts-train-service,ts-assurance-service,0,,"[""ts-assurance-service"", ""ts-admin-basic-info-service"", ""ts-consign-service"", ""ts-seat-service"", ""ts-travel-plan-service""]",shortcut,0,0,lightweight_ivd_shortcut,
RE2,Train Ticket,RE2-TT/ts-train-service_mem/1,mem,ts-train-service,ts-payment-service,0,,"[""ts-payment-service"", ""ts-consign-service"", ""ts-basic-service"", ""ts-admin-basic-info-service"", ""ts-admin-route-service""]",shortcut,0,0,lightweight_ivd_shortcut,
RE2,Train Ticket,RE2-TT/ts-train-service_mem/2,mem,ts-train-service,ts-price-service,0,,"[""ts-price-service"", ""ts-config-service"", ""ts-food-map-service"", ""ts-notification-service"", ""ts-order-service""]",shortcut,0,0,lightweight_ivd_shortcut,
RE2,Train Ticket,RE2-TT/ts-train-service_mem/3,mem,ts-train-service,ts-admin-travel-service,0,,"[""ts-admin-travel-service"", ""ts-execute-service"", ""ts-admin-user-service"", ""ts-auth-service"", ""ts-config-service""]",egcda,0,0,lightweight_ivd_fallback,non_shortcut_status=lightweight_ivd_fallback
RE2,Train Ticket,RE2-TT/ts-train-service_socket/1,socket,ts-train-service,ts-train-service,1,1,"[""ts-train-service"", ""ts-order-service"", ""ts-admin-travel-service"", ""ts-ticketinfo-service"", ""ts-inside-payment-service""]",shortcut,0,0,lightweight_ivd_shortcut,
RE2,Train Ticket,RE2-TT/ts-train-service_socket/2,socket,ts-train-service,ts-train-service,1,1,"[""ts-train-service"", ""ts-seat-service"", ""ts-travel2-service"", ""ts-order-other-service"", ""ts-config-service""]",shortcut,0,0,lightweight_ivd_shortcut,
RE2,Train Ticket,RE2-TT/ts-train-service_socket/3,socket,ts-train-service,ts-train-service,1,1,"[""ts-train-service"", ""ts-admin-route-service"", ""ts-consign-service"", ""ts-auth-service"", ""ts-travel2-service""]",shortcut,0,0,lightweight_ivd_shortcut,
RE2,Train Ticket,RE2-TT/ts-travel-service_cpu/1,cpu,ts-travel-service,ts-contacts-service,0,2,"[""ts-contacts-service"", ""ts-travel-service"", ""ts-admin-order-service"", ""ts-travel-plan-service"", ""ts-inside-payment-service""]",shortcut,0,0,lightweight_ivd_shortcut,
RE2,Train Ticket,RE2-TT/ts-travel-service_cpu/2,cpu,ts-travel-service,ts-seat-service,0,2,"[""ts-seat-service"", ""ts-travel-service"", ""ts-auth-service"", ""ts-inside-payment-service"", ""ts-preserve-other-service""]",shortcut,0,0,lightweight_ivd_shortcut,
RE2,Train Ticket,RE2-TT/ts-travel-service_cpu/3,cpu,ts-travel-service,ts-config-service,0,4,"[""ts-config-service"", ""ts-food-map-service"", ""ts-ticketinfo-service"", ""ts-travel-service"", ""ts-auth-service""]",egcda,0,0,lightweight_ivd_fallback,non_shortcut_status=lightweight_ivd_fallback
RE2,Train Ticket,RE2-TT/ts-travel-service_delay/1,delay,ts-travel-service,ts-seat-service,0,3,"[""ts-seat-service"", ""ts-config-service"", ""ts-travel-service"", ""ts-preserve-service"", ""ts-security-service""]",shortcut,0,0,lightweight_ivd_shortcut,
RE2,Train Ticket,RE2-TT/ts-travel-service_delay/2,delay,ts-travel-service,ts-route-service,0,,"[""ts-route-service"", ""ts-seat-service"", ""ts-train-service"", ""ts-admin-travel-service"", ""ts-order-service""]",egcda,0,0,lightweight_ivd_fallback,non_shortcut_status=lightweight_ivd_fallback
RE2,Train Ticket,RE2-TT/ts-travel-service_delay/3,delay,ts-travel-service,ts-travel-service,1,1,"[""ts-travel-service"", ""ts-route-service"", ""ts-admin-travel-service"", ""ts-consign-price-service"", ""ts-inside-payment-service""]",shortcut,0,0,lightweight_ivd_shortcut,
RE2,Train Ticket,RE2-TT/ts-travel-service_disk/1,disk,ts-travel-service,ts-travel-service,1,1,"[""ts-travel-service"", ""ts-price-service"", ""ts-admin-order-service"", ""ts-admin-basic-info-service"", ""ts-preserve-other-service""]",shortcut,0,0,lightweight_ivd_shortcut,
RE2,Train Ticket,RE2-TT/ts-travel-service_disk/2,disk,ts-travel-service,ts-travel-service,1,1,"[""ts-travel-service"", ""ts-food-map-service"", ""ts-ticketinfo-service"", ""ts-inside-payment-service"", ""ts-assurance-service""]",shortcut,0,0,lightweight_ivd_shortcut,
RE2,Train Ticket,RE2-TT/ts-travel-service_disk/3,disk,ts-travel-service,ts-travel-service,1,1,"[""ts-travel-service"", ""ts-auth-service"", ""ts-consign-price-service"", ""ts-ticketinfo-service"", ""ts-preserve-other-service""]",shortcut,0,0,lightweight_ivd_shortcut,
RE2,Train Ticket,RE2-TT/ts-travel-service_loss/1,loss,ts-travel-service,ts-order-other-service,0,2,"[""ts-order-other-service"", ""ts-travel-service"", ""ts-inside-payment-service"", ""ts-execute-service"", ""ts-admin-route-service""]",shortcut,0,0,lightweight_ivd_shortcut,
RE2,Train Ticket,RE2-TT/ts-travel-service_loss/2,loss,ts-travel-service,ts-contacts-service,0,,"[""ts-contacts-service"", ""ts-assurance-service"", ""ts-admin-travel-service"", ""ts-order-other-service"", ""ts-admin-basic-info-service""]",shortcut,0,0,lightweight_ivd_shortcut,
RE2,Train Ticket,RE2-TT/ts-travel-service_loss/3,loss,ts-travel-service,ts-travel-service,1,1,"[""ts-travel-service"", ""ts-admin-travel-service"", ""ts-seat-service"", ""ts-food-service"", ""ts-admin-basic-info-service""]",shortcut,0,0,lightweight_ivd_shortcut,
RE2,Train Ticket,RE2-TT/ts-travel-service_mem/1,mem,ts-travel-service,ts-travel-service,1,1,"[""ts-travel-service"", ""ts-payment-service"", ""ts-auth-service"", ""ts-basic-service"", ""ts-food-service""]",shortcut,0,0,lightweight_ivd_shortcut,
RE2,Train Ticket,RE2-TT/ts-travel-service_mem/2,mem,ts-travel-service,ts-travel-service,1,1,"[""ts-travel-service"", ""ts-train-service"", ""ts-route-service"", ""ts-basic-service"", ""ts-order-other-service""]",shortcut,0,0,lightweight_ivd_shortcut,
RE2,Train Ticket,RE2-TT/ts-travel-service_mem/3,mem,ts-travel-service,ts-travel-service,1,1,"[""ts-travel-service"", ""ts-execute-service"", ""ts-notification-service"", ""ts-rebook-service"", ""ts-preserve-other-service""]",shortcut,0,0,lightweight_ivd_shortcut,
RE2,Train Ticket,RE2-TT/ts-travel-service_socket/1,socket,ts-travel-service,ts-admin-basic-info-service,0,,"[""ts-admin-basic-info-service"", ""ts-order-service"", ""ts-config-service"", ""ts-consign-service"", ""ts-ticketinfo-service""]",egcda,0,0,lightweight_ivd_fallback,non_shortcut_status=lightweight_ivd_fallback
RE2,Train Ticket,RE2-TT/ts-travel-service_socket/2,socket,ts-travel-service,ts-travel2-service,0,3,"[""ts-travel2-service"", ""ts-order-other-service"", ""ts-travel-service"", ""ts-admin-basic-info-service"", ""ts-preserve-service""]",egcda,0,0,lightweight_ivd_fallback,non_shortcut_status=lightweight_ivd_fallback
RE2,Train Ticket,RE2-TT/ts-travel-service_socket/3,socket,ts-travel-service,ts-auth-service,0,,"[""ts-auth-service"", ""ts-admin-route-service"", ""ts-admin-user-service"", ""ts-execute-service"", ""ts-food-map-service""]",egcda,0,0,lightweight_ivd_fallback,non_shortcut_status=lightweight_ivd_fallback
RE3,Online Boutique,RE3-OB/adservice_f3/1,f3,adservice,adservice,1,1,"[""adservice"", ""recommendationservice"", ""frontend""]",shortcut,0,0,lightweight_ivd_shortcut,
RE3,Online Boutique,RE3-OB/adservice_f3/2,f3,adservice,adservice,1,1,"[""adservice"", ""paymentservice"", ""frontend""]",shortcut,0,0,lightweight_ivd_shortcut,
RE3,Online Boutique,RE3-OB/adservice_f3/3,f3,adservice,adservice,1,1,"[""adservice"", ""productcatalogservice"", ""recommendationservice"", ""currencyservice"", ""frontend""]",shortcut,0,0,lightweight_ivd_shortcut,
RE3,Online Boutique,RE3-OB/adservice_f4/1,f4,adservice,adservice,1,1,"[""adservice"", ""productcatalogservice"", ""frontend""]",shortcut,0,0,lightweight_ivd_shortcut,
RE3,Online Boutique,RE3-OB/adservice_f4/2,f4,adservice,adservice,1,1,"[""adservice"", ""productcatalogservice"", ""frontend""]",shortcut,0,0,lightweight_ivd_shortcut,
RE3,Online Boutique,RE3-OB/adservice_f4/3,f4,adservice,adservice,1,1,"[""adservice"", ""paymentservice"", ""frontend""]",shortcut,0,0,lightweight_ivd_shortcut,
RE3,Online Boutique,RE3-OB/adservice_f5/1,f5,adservice,adservice,1,1,"[""adservice"", ""frontend"", ""recommendationservice"", ""currencyservice"", ""paymentservice""]",shortcut,0,0,lightweight_ivd_shortcut,
RE3,Online Boutique,RE3-OB/adservice_f5/2,f5,adservice,adservice,1,1,"[""adservice"", ""recommendationservice"", ""frontend""]",shortcut,0,0,lightweight_ivd_shortcut,
RE3,Online Boutique,RE3-OB/adservice_f5/3,f5,adservice,adservice,1,1,"[""adservice"", ""frontend"", ""recommendationservice""]",shortcut,0,0,lightweight_ivd_shortcut,
RE3,Online Boutique,RE3-OB/cartservice_f1/1,f1,cartservice,cartservice,1,,[],egcda,150527,7,continuous_final,predicted_ranking_missing
RE3,Online Boutique,RE3-OB/cartservice_f1/2,f1,cartservice,cartservice,1,1,"[""cartservice"", ""productcatalogservice"", ""emailservice"", ""recommendationservice"", ""currencyservice""]",shortcut,0,0,lightweight_ivd_shortcut,
RE3,Online Boutique,RE3-OB/cartservice_f1/3,f1,cartservice,cartservice,1,1,"[""cartservice"", ""recommendationservice"", ""shippingservice"", ""paymentservice""]",shortcut,0,0,lightweight_ivd_shortcut,
RE3,Online Boutique,RE3-OB/currencyservice_f1/1,f1,currencyservice,recommendationservice,0,2,"[""recommendationservice"", ""currencyservice"", ""productcatalogservice"", ""frontend"", ""checkoutservice""]",shortcut,0,0,lightweight_ivd_shortcut,
RE3,Online Boutique,RE3-OB/currencyservice_f1/2,f1,currencyservice,currencyservice,1,1,"[""currencyservice"", ""productcatalogservice"", ""checkoutservice"", ""cartservice"", ""emailservice""]",shortcut,0,0,lightweight_ivd_shortcut,
RE3,Online Boutique,RE3-OB/currencyservice_f1/3,f1,currencyservice,currencyservice,1,,[],egcda,150605,6,continuous_final,predicted_ranking_missing
RE3,Online Boutique,RE3-OB/emailservice_f1/1,f1,emailservice,emailservice,1,1,"[""emailservice"", ""shippingservice"", ""checkoutservice""]",shortcut,0,0,lightweight_ivd_shortcut,
RE3,Online Boutique,RE3-OB/emailservice_f1/2,f1,emailservice,emailservice,1,1,"[""emailservice"", ""checkoutservice""]",shortcut,0,0,lightweight_ivd_shortcut,
RE3,Online Boutique,RE3-OB/emailservice_f1/3,f1,emailservice,emailservice,1,1,"[""emailservice"", ""checkoutservice"", ""cartservice""]",shortcut,0,0,lightweight_ivd_shortcut,
RE3,Online Boutique,RE3-OB/emailservice_f2/1,f2,emailservice,emailservice,1,1,"[""emailservice"", ""checkoutservice""]",shortcut,0,0,lightweight_ivd_shortcut,
RE3,Online Boutique,RE3-OB/emailservice_f2/2,f2,emailservice,emailservice,1,1,"[""emailservice"", ""productcatalogservice"", ""checkoutservice""]",shortcut,0,0,lightweight_ivd_shortcut,
RE3,Online Boutique,RE3-OB/emailservice_f2/3,f2,emailservice,emailservice,1,1,"[""emailservice"", ""checkoutservice""]",shortcut,0,0,lightweight_ivd_shortcut,
RE3,Online Boutique,RE3-OB/emailservice_f3/1,f3,emailservice,emailservice,1,1,"[""emailservice"", ""productcatalogservice"", ""currencyservice"", ""recommendationservice"", ""paymentservice""]",shortcut,0,0,lightweight_ivd_shortcut,
RE3,Online Boutique,RE3-OB/emailservice_f3/2,f3,emailservice,emailservice,1,1,"[""emailservice"", ""checkoutservice""]",shortcut,0,0,lightweight_ivd_shortcut,
RE3,Online Boutique,RE3-OB/emailservice_f3/3,f3,emailservice,emailservice,1,1,"[""emailservice"", ""productcatalogservice"", ""currencyservice"", ""recommendationservice"", ""shippingservice""]",shortcut,0,0,lightweight_ivd_shortcut,
RE3,Online Boutique,RE3-OB/emailservice_f4/1,f4,emailservice,emailservice,1,1,"[""emailservice"", ""checkoutservice"", ""cartservice"", ""paymentservice""]",shortcut,0,0,lightweight_ivd_shortcut,
RE3,Online Boutique,RE3-OB/emailservice_f4/2,f4,emailservice,emailservice,1,1,"[""emailservice"", ""productcatalogservice"", ""adservice"", ""recommendationservice"", ""checkoutservice""]",shortcut,0,0,lightweight_ivd_shortcut,
RE3,Online Boutique,RE3-OB/emailservice_f4/3,f4,emailservice,emailservice,1,1,"[""emailservice"", ""productcatalogservice"", ""recommendationservice"", ""adservice"", ""checkoutservice""]",shortcut,0,0,lightweight_ivd_shortcut,
RE3,Online Boutique,RE3-OB/emailservice_f5/1,f5,emailservice,emailservice,1,1,"[""emailservice"", ""paymentservice"", ""checkoutservice"", ""productcatalogservice""]",shortcut,0,0,lightweight_ivd_shortcut,
RE3,Online Boutique,RE3-OB/emailservice_f5/2,f5,emailservice,emailservice,1,1,"[""emailservice"", ""currencyservice"", ""shippingservice"", ""recommendationservice"", ""checkoutservice""]",shortcut,0,0,lightweight_ivd_shortcut,
RE3,Online Boutique,RE3-OB/emailservice_f5/3,f5,emailservice,emailservice,1,1,"[""emailservice"", ""checkoutservice""]",shortcut,0,0,lightweight_ivd_shortcut,
RE3,Sock Shop,RE3-SS/carts_f1/1,f1,carts,carts,1,,[],egcda,213143,6,continuous_final,predicted_ranking_missing
RE3,Sock Shop,RE3-SS/carts_f1/2,f1,carts,orders,0,2,"[""orders"", ""carts"", ""front-end"", ""queue-master"", ""payment""]",shortcut,0,0,lightweight_ivd_shortcut,
RE3,Sock Shop,RE3-SS/carts_f1/3,f1,carts,carts,1,1,"[""carts"", ""front-end"", ""orders"", ""queue-master"", ""user""]",shortcut,0,0,lightweight_ivd_shortcut,
RE3,Sock Shop,RE3-SS/carts_f1/4,f1,carts,carts,1,1,"[""carts"", ""orders"", ""front-end"", ""payment"", ""catalogue""]",shortcut,0,0,lightweight_ivd_shortcut,
RE3,Sock Shop,RE3-SS/carts_f3/1,f3,carts,front-end,0,5,"[""front-end"", ""orders"", ""user"", ""queue-master"", ""carts""]",shortcut,0,0,lightweight_ivd_shortcut,
RE3,Sock Shop,RE3-SS/carts_f3/2,f3,carts,carts,1,1,"[""carts"", ""front-end"", ""orders"", ""catalogue"", ""queue-master""]",shortcut,0,0,lightweight_ivd_shortcut,
RE3,Sock Shop,RE3-SS/carts_f3/3,f3,carts,carts,1,1,"[""carts"", ""front-end"", ""orders"", ""queue-master"", ""rabbitmq""]",shortcut,0,0,lightweight_ivd_shortcut,
RE3,Sock Shop,RE3-SS/carts_f3/4,f3,carts,carts,1,1,"[""carts"", ""orders"", ""front-end"", ""queue-master"", ""shipping""]",shortcut,0,0,lightweight_ivd_shortcut,
RE3,Sock Shop,RE3-SS/carts_f4/1,f4,carts,carts,1,,[],egcda,191353,6,continuous_final,predicted_ranking_missing
RE3,Sock Shop,RE3-SS/carts_f4/2,f4,carts,carts,1,,[],egcda,183443,6,continuous_final,predicted_ranking_missing
RE3,Sock Shop,RE3-SS/carts_f4/3,f4,carts,carts,1,1,"[""carts"", ""orders"", ""front-end"", ""rabbitmq"", ""shipping""]",shortcut,0,0,lightweight_ivd_shortcut,
RE3,Sock Shop,RE3-SS/carts_f4/4,f4,carts,carts,1,1,"[""carts"", ""front-end"", ""orders"", ""queue-master""]",shortcut,0,0,lightweight_ivd_shortcut,
RE3,Sock Shop,RE3-SS/front-end_f1/1,f1,front-end,front-end,1,1,"[""front-end"", ""queue-master"", ""rabbitmq"", ""orders""]",shortcut,0,0,lightweight_ivd_shortcut,
RE3,Sock Shop,RE3-SS/front-end_f1/2,f1,front-end,front-end,1,1,"[""front-end"", ""queue-master"", ""orders"", ""user""]",shortcut,0,0,lightweight_ivd_shortcut,
RE3,Sock Shop,RE3-SS/front-end_f1/3,f1,front-end,queue-master,0,2,"[""queue-master"", ""front-end"", ""carts"", ""catalogue""]",shortcut,0,0,lightweight_ivd_shortcut,
RE3,Sock Shop,RE3-SS/front-end_f2/1,f2,front-end,shipping,0,,[],egcda,185803,6,continuous_final,predicted_ranking_missing
RE3,Sock Shop,RE3-SS/front-end_f2/2,f2,front-end,front-end,1,1,"[""front-end"", ""queue-master"", ""orders"", ""user""]",shortcut,0,0,lightweight_ivd_shortcut,
RE3,Sock Shop,RE3-SS/front-end_f2/3,f2,front-end,front-end,1,1,"[""front-end"", ""orders"", ""user"", ""queue-master""]",shortcut,0,0,lightweight_ivd_shortcut,
RE3,Sock Shop,RE3-SS/front-end_f3/1,f3,front-end,front-end,1,1,"[""front-end"", ""user"", ""queue-master"", ""rabbitmq"", ""shipping""]",shortcut,0,0,lightweight_ivd_shortcut,
RE3,Sock Shop,RE3-SS/front-end_f3/2,f3,front-end,front-end,1,1,"[""front-end"", ""user"", ""queue-master"", ""rabbitmq""]",shortcut,0,0,lightweight_ivd_shortcut,
RE3,Sock Shop,RE3-SS/front-end_f3/3,f3,front-end,front-end,1,1,"[""front-end"", ""orders"", ""queue-master""]",shortcut,0,0,lightweight_ivd_shortcut,
RE3,Sock Shop,RE3-SS/orders_f1/1,f1,orders,orders,1,1,"[""orders"", ""queue-master"", ""user"", ""shipping"", ""front-end""]",shortcut,0,0,lightweight_ivd_shortcut,
RE3,Sock Shop,RE3-SS/orders_f1/2,f1,orders,orders,1,,[],egcda,154539,6,continuous_final,predicted_ranking_missing
RE3,Sock Shop,RE3-SS/orders_f1/3,f1,orders,orders,1,1,"[""orders"", ""queue-master"", ""rabbitmq"", ""front-end""]",shortcut,0,0,lightweight_ivd_shortcut,
RE3,Sock Shop,RE3-SS/orders_f3/1,f3,orders,orders,1,,[],egcda,155151,6,continuous_final,predicted_ranking_missing
RE3,Sock Shop,RE3-SS/orders_f3/2,f3,orders,orders,1,1,"[""orders"", ""front-end"", ""queue-master"", ""carts""]",shortcut,0,0,lightweight_ivd_shortcut,
RE3,Sock Shop,RE3-SS/orders_f3/3,f3,orders,orders,1,1,"[""orders"", ""carts"", ""queue-master"", ""front-end""]",shortcut,0,0,lightweight_ivd_shortcut,
RE3,Sock Shop,RE3-SS/orders_f4/1,f4,orders,orders,1,1,"[""orders"", ""front-end"", ""queue-master""]",shortcut,0,0,lightweight_ivd_shortcut,
RE3,Sock Shop,RE3-SS/orders_f4/2,f4,orders,orders,1,1,"[""orders"", ""shipping"", ""carts"", ""front-end"", ""queue-master""]",shortcut,0,0,lightweight_ivd_shortcut,
RE3,Sock Shop,RE3-SS/orders_f4/3,f4,orders,orders,1,1,"[""orders"", ""front-end"", ""queue-master"", ""rabbitmq""]",shortcut,0,0,lightweight_ivd_shortcut,
RE3,Train Ticket,RE3-TT/ts-auth-service_f1/1,f1,ts-auth-service,ts-auth-service,1,1,"[""ts-auth-service"", ""ts-admin-travel-service"", ""ts-consign-service"", ""ts-preserve-service""]",shortcut,0,0,lightweight_ivd_shortcut,
RE3,Train Ticket,RE3-TT/ts-auth-service_f1/2,f1,ts-auth-service,ts-auth-service,1,1,"[""ts-auth-service"", ""ts-assurance-service"", ""ts-admin-basic-info-service"", ""ts-food-service"", ""ts-contacts-service""]",shortcut,0,0,lightweight_ivd_shortcut,
RE3,Train Ticket,RE3-TT/ts-auth-service_f1/3,f1,ts-auth-service,ts-auth-service,1,1,"[""ts-auth-service"", ""ts-order-service"", ""ts-travel2-service"", ""ts-security-service"", ""ts-rebook-service""]",shortcut,0,0,lightweight_ivd_shortcut,
RE3,Train Ticket,RE3-TT/ts-auth-service_f1/4,f1,ts-auth-service,ts-auth-service,1,1,"[""ts-auth-service"", ""ts-order-service"", ""ts-order-other-service"", ""ts-assurance-service"", ""ts-admin-travel-service""]",shortcut,0,0,lightweight_ivd_shortcut,
RE3,Train Ticket,RE3-TT/ts-auth-service_f2/1,f2,ts-auth-service,ts-auth-service,1,1,"[""ts-auth-service"", ""ts-station-service"", ""ts-order-other-service"", ""ts-admin-travel-service"", ""ts-food-map-service""]",shortcut,0,0,lightweight_ivd_shortcut,
RE3,Train Ticket,RE3-TT/ts-auth-service_f2/2,f2,ts-auth-service,ts-auth-service,1,1,"[""ts-auth-service"", ""ts-order-service"", ""ts-consign-service"", ""ts-assurance-service"", ""ts-preserve-service""]",shortcut,0,0,lightweight_ivd_shortcut,
RE3,Train Ticket,RE3-TT/ts-auth-service_f2/3,f2,ts-auth-service,ts-preserve-service,0,2,"[""ts-preserve-service"", ""ts-auth-service"", ""ts-order-other-service"", ""ts-travel-plan-service"", ""ts-admin-travel-service""]",shortcut,0,0,lightweight_ivd_shortcut,
RE3,Train Ticket,RE3-TT/ts-auth-service_f2/4,f2,ts-auth-service,ts-auth-service,1,1,"[""ts-auth-service"", ""ts-assurance-service"", ""ts-ui-dashboard"", ""ts-inside-payment-service""]",shortcut,0,0,lightweight_ivd_shortcut,
RE3,Train Ticket,RE3-TT/ts-auth-service_f3/1,f3,ts-auth-service,ts-auth-service,1,1,"[""ts-auth-service"", ""ts-admin-basic-info-service"", ""ts-travel-service"", ""ts-travel2-service"", ""ts-payment-service""]",shortcut,0,0,lightweight_ivd_shortcut,
RE3,Train Ticket,RE3-TT/ts-auth-service_f3/2,f3,ts-auth-service,ts-auth-service,1,1,"[""ts-auth-service"", ""ts-order-service"", ""ts-travel2-service"", ""ts-travel-service"", ""ts-admin-basic-info-service""]",shortcut,0,0,lightweight_ivd_shortcut,
RE3,Train Ticket,RE3-TT/ts-auth-service_f3/3,f3,ts-auth-service,ts-auth-service,1,,[],egcda,203294,6,continuous_final,predicted_ranking_missing
RE3,Train Ticket,RE3-TT/ts-auth-service_f3/4,f3,ts-auth-service,ts-auth-service,1,1,"[""ts-auth-service"", ""ts-order-other-service"", ""ts-assurance-service"", ""ts-admin-basic-info-service"", ""ts-travel2-service""]",shortcut,0,0,lightweight_ivd_shortcut,
RE3,Train Ticket,RE3-TT/ts-auth-service_f4/1,f4,ts-auth-service,ts-auth-service,1,1,"[""ts-auth-service"", ""ts-execute-service"", ""ts-inside-payment-service"", ""ts-admin-basic-info-service""]",shortcut,0,0,lightweight_ivd_shortcut,
RE3,Train Ticket,RE3-TT/ts-auth-service_f4/2,f4,ts-auth-service,ts-auth-service,1,1,"[""ts-auth-service"", ""ts-payment-service"", ""ts-inside-payment-service"", ""ts-consign-service""]",shortcut,0,0,lightweight_ivd_shortcut,
RE3,Train Ticket,RE3-TT/ts-auth-service_f4/3,f4,ts-auth-service,ts-auth-service,1,1,"[""ts-auth-service"", ""ts-order-other-service"", ""ts-order-service"", ""ts-admin-travel-service"", ""ts-inside-payment-service""]",shortcut,0,0,lightweight_ivd_shortcut,
RE3,Train Ticket,RE3-TT/ts-route-service_f1/1,f1,ts-route-service,ts-route-service,1,1,"[""ts-route-service"", ""ts-inside-payment-service"", ""ts-travel2-service"", ""ts-travel-service"", ""ts-admin-travel-service""]",shortcut,0,0,lightweight_ivd_shortcut,
RE3,Train Ticket,RE3-TT/ts-route-service_f1/2,f1,ts-route-service,ts-route-service,1,1,"[""ts-route-service"", ""ts-payment-service"", ""ts-assurance-service"", ""ts-admin-travel-service"", ""ts-food-service""]",shortcut,0,0,lightweight_ivd_shortcut,
RE3,Train Ticket,RE3-TT/ts-route-service_f1/3,f1,ts-route-service,ts-route-service,1,1,"[""ts-route-service"", ""ts-execute-service"", ""ts-travel2-service"", ""ts-travel-service"", ""ts-food-service""]",shortcut,0,0,lightweight_ivd_shortcut,
RE3,Train Ticket,RE3-TT/ts-route-service_f2/1,f2,ts-route-service,ts-route-service,1,1,"[""ts-route-service"", ""ts-travel-service"", ""ts-admin-travel-service"", ""ts-consign-price-service"", ""ts-consign-service""]",shortcut,0,0,lightweight_ivd_shortcut,
RE3,Train Ticket,RE3-TT/ts-route-service_f2/2,f2,ts-route-service,ts-route-service,1,1,"[""ts-route-service"", ""ts-food-service"", ""ts-seat-service"", ""ts-admin-travel-service"", ""ts-travel-service""]",shortcut,0,0,lightweight_ivd_shortcut,
RE3,Train Ticket,RE3-TT/ts-route-service_f2/3,f2,ts-route-service,ts-route-service,1,1,"[""ts-route-service"", ""ts-food-service"", ""ts-admin-travel-service"", ""ts-admin-basic-info-service"", ""ts-auth-service""]",shortcut,0,0,lightweight_ivd_shortcut,
RE3,Train Ticket,RE3-TT/ts-route-service_f3/1,f3,ts-route-service,ts-route-service,1,1,"[""ts-route-service"", ""ts-admin-travel-service"", ""ts-contacts-service"", ""ts-food-service"", ""ts-admin-basic-info-service""]",shortcut,0,0,lightweight_ivd_shortcut,
RE3,Train Ticket,RE3-TT/ts-route-service_f3/2,f3,ts-route-service,ts-route-service,1,1,"[""ts-route-service"", ""ts-food-service"", ""ts-inside-payment-service"", ""ts-admin-travel-service"", ""ts-travel-service""]",shortcut,0,0,lightweight_ivd_shortcut,
RE3,Train Ticket,RE3-TT/ts-route-service_f3/3,f3,ts-route-service,ts-route-service,1,1,"[""ts-route-service"", ""ts-food-service"", ""ts-assurance-service"", ""ts-contacts-service"", ""ts-travel2-service""]",shortcut,0,0,lightweight_ivd_shortcut,
RE3,Train Ticket,RE3-TT/ts-route-service_f3_1/1,1,ts-route-service,ts-inside-payment-service,0,3,"[""ts-inside-payment-service"", ""ts-admin-travel-service"", ""ts-route-service"", ""ts-admin-basic-info-service"", ""ts-food-service""]",shortcut,0,0,lightweight_ivd_shortcut,
RE3,Train Ticket,RE3-TT/ts-route-service_f3_1/2,1,ts-route-service,ts-route-service,1,1,"[""ts-route-service"", ""ts-assurance-service"", ""ts-food-service"", ""ts-inside-payment-service"", ""ts-travel-service""]",shortcut,0,0,lightweight_ivd_shortcut,
RE3,Train Ticket,RE3-TT/ts-route-service_f3_1/3,1,ts-route-service,ts-route-service,1,1,"[""ts-route-service"", ""ts-food-service"", ""ts-preserve-other-service"", ""ts-inside-payment-service"", ""ts-admin-travel-service""]",shortcut,0,0,lightweight_ivd_shortcut,
RE3,Train Ticket,RE3-TT/ts-route-service_f4/1,f4,ts-route-service,ts-route-service,1,1,"[""ts-route-service"", ""ts-order-service"", ""ts-travel-service"", ""ts-auth-service"", ""ts-admin-travel-service""]",shortcut,0,0,lightweight_ivd_shortcut,
RE3,Train Ticket,RE3-TT/ts-route-service_f4/2,f4,ts-route-service,ts-route-service,1,1,"[""ts-route-service"", ""ts-inside-payment-service"", ""ts-food-service"", ""ts-admin-travel-service"", ""ts-travel-service""]",shortcut,0,0,lightweight_ivd_shortcut,
RE3,Train Ticket,RE3-TT/ts-route-service_f4/3,f4,ts-route-service,ts-route-service,1,1,"[""ts-route-service"", ""ts-food-service"", ""ts-travel-service"", ""ts-travel2-service"", ""ts-admin-travel-service""]",shortcut,0,0,lightweight_ivd_shortcut,
