actionable_hit_any_label,actionable_hit_count,actionable_hit_label,actionable_required,actionable_required_total,blind_card_count,candidate_space_count,card_count,component_hit_any_label,component_hit_count,component_hit_label,component_reason_pair_hit_any_label,component_reason_pair_hit_count,component_reason_pair_hit_label,component_reason_pair_required,component_reason_pair_required_total,component_required,component_required_total,data_blind_spot_count,decision_count,fractional_score,heldout_date,high_suspicion_count,hit_total,log_present,log_service_count,log_strength_max,low_suspicion_count,matched_cluster_similarity_count,matched_cluster_similarity_max,matched_cluster_similarity_mean,matched_cluster_similarity_min,matched_rule_confidence_count,matched_rule_confidence_max,matched_rule_confidence_mean,matched_rule_confidence_min,matched_rule_validation_confidence_count,matched_rule_validation_confidence_max,matched_rule_validation_confidence_mean,matched_rule_validation_confidence_min,matched_rule_validation_dates_count,matched_rule_validation_dates_max,matched_rule_validation_dates_mean,matched_rule_validation_dates_min,matched_rule_validation_support_count,matched_rule_validation_support_max,matched_rule_validation_support_mean,matched_rule_validation_support_min,metric_present,metric_service_count,metric_strength_max,partial_label,prior_margin_top1_minus_top2,reason_hit_any_label,reason_hit_count,reason_hit_label,reason_required,reason_required_total,rebuttal_margin_top2_minus_top1,refute_card_count,refute_card_strength,required_total,row_id,signature_blind_spot_count,signature_dominant_count,signature_service_count,strict_label,support_card_count,support_card_strength,support_margin_top1_minus_top2,support_per_blind,support_refute_ratio,task_index,time_anchor_fallback_votes,time_anchor_log_votes,time_anchor_metric_votes,time_anchor_rejected_best_score,time_anchor_rejected_count,time_anchor_score,time_anchor_score_margin,time_anchor_trace_votes,time_anchor_vote_count,time_anchor_vote_kind_diversity,time_anchor_vote_source_diversity,time_hit_any_label,time_hit_count,time_hit_label,time_policy_fallback_window_start,time_policy_jvm_log_then_heap_onset,time_policy_metric_sustained_cross_vote,time_policy_network_trace_first_seen,time_required,time_required_total,time_vote_kind_cross_metric_vote,time_vote_kind_dropped_edges_first_seen,time_vote_kind_slow_edges_first_seen,time_vote_kind_strongest_peak,time_vote_kind_sustained_onset,time_vote_kind_window_start,top1_blind_count,top1_cluster_similarity,top1_component_bucket_strength_max,top1_component_bucket_strength_sum,top1_component_evidence_prior,top1_component_log_bucket_support,top1_component_metric_bucket_support,top1_component_modality_agreement,top1_component_topology_bucket_support,top1_component_trace_bucket_support,top1_confidence_level,top1_prior,top1_reason_prior_count,top1_reason_prior_weight,top1_rebuttal_score,top1_refute_strength,top1_source_event_fallback,top1_source_layer1_cluster,top1_source_layer1_rule,top1_support_strength,top1_top2_same_component,top1_top2_same_reason,top1_top2_same_reason_bucket,top2_rebuttal_score,topk_component_entropy,topk_component_unique,topk_reason_bucket_entropy,topk_reason_bucket_unique,topk_reason_entropy,topk_reason_unique,topk_rebuttal_range,topk_source_unique,topk_support_range,topology_service_count,topology_strength_max,trace_present,trace_service_count,trace_strength_max
0,0,0,0,0,0.0,25.0,1.0,0,0,0,0,0,0,0,0,0,0,0.0,25.0,0.0,2021_03_04,10.0,0.0,1.0,0.0,0.0,0.0,3.0,0.8164680025249521,0.4951982966370406,0.31604001630861656,20.0,1.0,0.8716666666666667,0.75,20.0,1.0,0.748095238095238,0.6,20.0,3.0,2.6,2.0,20.0,9.0,6.5,2.0,1.0,8.0,1743.3698977283009,0,-0.7667234278500139,0,0,0,0,0,4.8899489149349895,0.0,0.0,1.0,0,0.0,7.0,11.0,0,1.0,36.00000000000001,31.000000000000007,36.00000000000001,36.00000000000001,task_1,0.0,0.0,2.0,0.9162781696878168,1.0,10.089794781610562,9.173516611922746,0.0,2.0,2.0,1.0,0,0,0,0.0,0.0,1.0,0.0,1,1,1.0,,,1.0,,,0.0,0.8164680025249521,37.49996859473142,37.49996859473142,2.5,0.0,1.0,1.0,0.0,0.0,2.0,2.733276572149986,2.0,0.2857142857142857,-8.93994891493499,0.0,0.0,1.0,0.0,36.00000000000001,0.0,0.0,0.0,-4.05,0.22879007430757964,8.0,0.17995163227558014,4.0,0.17995163227558014,4.0,6.323417860843826,2.0,34.0953997062888,0.0,0.0,1.0,6.0,80.0
0,0,0,1,1,0.0,37.0,1.0,1,1,1,0,0,0,1,1,1,1,0.0,30.0,0.5,2021_03_04,10.0,1.0,1.0,0.0,0.0,0.0,3.0,0.930513480476403,0.6212926425634115,0.43517852376085514,0.0,0.0,0.0,0.0,0.0,0.0,0.0,0.0,0.0,0.0,0.0,0.0,0.0,0.0,0.0,0.0,1.0,14.0,611.8801259460145,1,0.0,0,0,0,1,1,42.66306203121701,0.0,0.0,2.0,1,0.0,5.0,14.0,0,1.0,285.281796311149,237.01701128453894,285.281796311149,285.281796311149,task_6,0.0,0.0,1.0,11.753816095601408,3.0,25.333434281457627,13.57961818585622,0.0,1.0,1.0,1.0,0,0,0,0.0,0.0,1.0,0.0,0,0,1.0,,,,,,0.0,0.43517852376085514,611.8801259460145,611.8801259460145,2.5,0.0,1.0,1.0,0.0,0.0,2.0,2.935178523760855,1.0,1.0,-53.992384007391585,0.0,0.0,1.0,0.0,285.281796311149,0.0,1.0,1.0,-11.329321976174578,2.515406587867369e-17,9.0,9.877111936795831e-18,2.0,9.877111936795831e-18,2.0,48.40966499667986,1.0,267.781796311149,0.0,0.0,1.0,0.0,0.0
0,0,0,1,1,0.0,19.0,3.0,0,0,0,0,0,0,1,1,1,1,1.0,19.0,0.0,2021_03_06,10.0,0.0,1.0,0.0,0.0,0.0,3.0,0.7101776324628674,0.3423487567985599,0.14825257393269764,0.0,0.0,0.0,0.0,0.0,0.0,0.0,0.0,0.0,0.0,0.0,0.0,0.0,0.0,0.0,0.0,0.0,0.0,0.0,0,0.0,0,0,0,1,1,0.3599999999999999,0.0,0.0,2.0,2,1.0,2.0,2.0,0,3.0,3.707283680175243,2.0,3.707283680175243,3.707283680175243,task_6,0.0,0.0,0.0,0.0,0.0,8.441610245999462,8.441610245999462,1.0,1.0,1.0,1.0,0,0,0,0.0,0.0,0.0,1.0,0,0,,,1.0,,,,0.0,0.7101776324628674,3.4145673603504862,3.4145673603504862,0.7231653888280389,0.0,0.0,1.0,0.0,1.0,2.0,0.9007097969437557,1.0,0.25,-1.4779498796809238,0.0,0.0,1.0,0.0,3.707283680175243,0.0,1.0,1.0,-1.117949879680924,1.2626954548389322,5.0,0.9180316289374845,4.0,0.9180316289374845,4.0,1.8028113997532056,2.0,3.707283680175243,1.0,2.0,1.0,2.0,3.4145673603504862
0,0,0,0,0,0.0,30.0,1.0,0,0,0,0,0,0,0,0,0,0,0.0,30.0,0.0,2021_03_04,10.0,0.0,1.0,0.0,0.0,0.0,3.0,0.8116417606104567,0.5953186536601885,0.48256761818393157,6.0,1.0,0.8666666666666667,0.8,6.0,0.6666666666666666,0.6222222222222222,0.6,6.0,3.0,2.6666666666666665,2.0,6.0,5.0,4.333333333333333,3.0,1.0,10.0,27257.143259615088,0,0.013169947646888946,0,0,0,0,0,2400.0697859848838,0.0,0.0,1.0,3,0.0,5.0,10.0,0,1.0,13547.497598661143,13333.655183511119,13547.497598661143,13547.497598661143,task_1,0.0,0.0,2.0,17.652383647286058,1.0,47.371838887430904,29.719455240144846,0.0,2.0,2.0,1.0,0,0,0,0.0,0.0,1.0,0.0,1,1,1.0,,,1.0,,,0.0,0.8116417606104567,27257.143259615088,27257.143259615088,2.5,0.0,1.0,1.0,0.0,0.0,2.0,2.6770854750422814,12.0,0.21818181818181817,-2440.958944686544,0.0,0.0,1.0,0.0,13547.497598661143,1.0,0.0,0.0,-40.889158701660286,7.661523091090807e-20,7.0,2.8295563234036794e-20,2.0,2.8295563234036794e-20,2.0,2437.7145981790113,2.0,13540.062886103671,0.0,0.0,1.0,0.0,0.0
0,0,0,1,1,0.0,56.0,0.0,0,0,0,0,0,0,1,1,1,1,1.0,30.0,0.5,2021_03_06,10.0,1.0,1.0,0.0,0.0,0.0,1.0,0.5825507652983792,0.5825507652983792,0.5825507652983792,0.0,0.0,0.0,0.0,0.0,0.0,0.0,0.0,0.0,0.0,0.0,0.0,0.0,0.0,0.0,0.0,0.0,0.0,0.0,1,0.0,1,1,1,1,1,0.0,0.0,0.0,2.0,4,1.0,0.0,0.0,0,0.0,0.0,0.0,0.0,0.0,task_6,1.0,0.0,0.0,0.0,0.0,0.0,0.0,0.0,1.0,1.0,1.0,0,0,0,1.0,0.0,0.0,0.0,0,0,,,,,,1.0,0.0,0.5825507652983792,0.0,0.0,0.0,0.0,0.0,0.0,0.0,0.0,1.0,0.1259569222266766,8.0,0.21621621621621623,-0.11336123000400894,0.0,0.0,1.0,0.0,0.0,0.0,1.0,1.0,-0.11336123000400894,2.046207194874672,8.0,0.43175757511382185,2.0,0.43175757511382185,2.0,0.3074895387484966,1.0,0.0,0.0,0.0,1.0,0.0,0.0
0,0,0,1,1,0.0,42.0,2.0,0,0,0,0,0,0,0,0,1,1,1.0,30.0,0.0,2021_03_06,10.0,0.0,1.0,0.0,0.0,0.0,3.0,0.7583109747215385,0.3622367185530418,0.15331857824856124,0.0,0.0,0.0,0.0,0.0,0.0,0.0,0.0,0.0,0.0,0.0,0.0,0.0,0.0,0.0,0.0,0.0,0.0,0.0,0,0.0,0,0,0,0,0,0.17999999999999972,0.0,0.0,2.0,5,1.0,2.0,5.0,0,2.0,47.0,1.0,47.0,47.0,task_5,0.0,0.0,0.0,0.0,0.0,13.165529214387549,13.165529214387549,1.0,1.0,1.0,1.0,0,0,0,0.0,0.0,0.0,1.0,1,1,,,1.0,,,,0.0,0.7583109747215385,92.0,92.0,2.5,0.0,0.0,1.0,0.0,1.0,2.0,2.6895777436803847,1.0,0.25,-10.880619969312345,0.0,0.0,1.0,0.0,47.0,0.0,1.0,1.0,-10.700619969312346,0.7815044424143891,7.0,0.00034417380649578424,2.0,0.00034417380649578424,2.0,10.880619969312345,2.0,47.0,1.0,2.0,1.0,5.0,146.2245989304813
0,0,0,1,1,0.0,10.0,3.0,0,0,0,0,0,0,1,1,1,1,1.0,10.0,0.0,2021_03_06,10.0,0.0,1.0,1.0,735.0,0.0,1.0,0.6414379349102721,0.6414379349102721,0.6414379349102721,0.0,0.0,0.0,0.0,0.0,0.0,0.0,0.0,0.0,0.0,0.0,0.0,0.0,0.0,0.0,0.0,0.0,0.0,0.0,0,0.0,0,0,0,1,1,0.13912739593970613,0.0,0.0,3.0,6,1.0,3.0,3.0,0,3.0,31.55634026345024,0.7729299774428036,31.55634026345024,31.55634026345024,task_7,0.0,0.0,0.0,0.0,0.0,12.48914225511256,12.48914225511256,1.0,1.0,1.0,1.0,0,0,0,0.0,0.0,0.0,1.0,1,1,,,1.0,,,,0.0,0.6414379349102721,59.11268052690048,59.11268052690048,2.5,0.0,0.0,1.0,0.0,1.0,2.0,2.660359483727568,1.0,0.25,-8.074464782775856,0.0,0.0,1.0,0.0,31.55634026345024,0.0,1.0,1.0,-7.935337386836149,1.0902695826034006,3.0,0.006839233085085307,4.0,0.006839233085085307,4.0,8.504464782775855,2.0,31.55634026345024,1.0,2.0,1.0,3.0,118.67950109891535
0,0,0,1,1,0.0,56.0,0.0,0,0,0,0,0,0,0,0,1,1,1.0,30.0,0.0,2021_03_06,10.0,0.0,1.0,0.0,0.0,0.0,1.0,0.5825507652983792,0.5825507652983792,0.5825507652983792,0.0,0.0,0.0,0.0,0.0,0.0,0.0,0.0,0.0,0.0,0.0,0.0,0.0,0.0,0.0,0.0,0.0,0.0,0.0,0,0.0,0,0,0,0,0,0.0,0.0,0.0,1.0,7,1.0,0.0,0.0,0,0.0,0.0,0.0,0.0,0.0,task_3,1.0,0.0,0.0,0.0,0.0,0.0,0.0,0.0,1.0,1.0,1.0,0,0,0,1.0,0.0,0.0,0.0,0,0,,,,,,1.0,0.0,0.5825507652983792,0.0,0.0,0.0,0.0,0.0,0.0,0.0,0.0,1.0,0.1259569222266766,8.0,0.21621621621621623,-0.11336123000400894,0.0,0.0,1.0,0.0,0.0,0.0,1.0,1.0,-0.11336123000400894,2.046207194874672,8.0,0.43175757511382185,2.0,0.43175757511382185,2.0,0.3074895387484966,1.0,0.0,0.0,0.0,1.0,0.0,0.0
0,0,0,1,1,1.0,28.0,2.0,1,1,1,0,0,0,1,1,1,1,1.0,28.0,0.3333333333333333,2021_03_06,10.0,1.0,1.0,0.0,0.0,0.0,1.0,0.6981129317691258,0.6981129317691258,0.6981129317691258,0.0,0.0,0.0,0.0,0.0,0.0,0.0,0.0,0.0,0.0,0.0,0.0,0.0,0.0,0.0,0.0,0.0,0.0,0.0,1,1.1484773526824976,0,0,0,1,1,1.033629617414248,0.0,0.0,3.0,8,1.0,1.0,5.0,0,1.0,2.903645833333333,0.0,1.4518229166666665,2.903645833333333,task_7,0.0,0.0,0.0,0.0,0.0,29.100129361762725,29.100129361762725,5.0,5.0,1.0,1.0,0,0,0,0.0,0.0,0.0,1.0,1,1,,1.0,,,,,1.0,0.6981129317691258,27.146512621244625,27.146512621244625,2.5,0.0,0.0,1.0,0.0,1.0,2.0,2.5872641164711405,1.0,0.125,-2.5011939548240267,0.0,0.0,1.0,0.0,2.903645833333333,0.0,1.0,1.0,-1.4675643374097787,1.5947447001947672,7.0,0.5320715034322577,3.0,0.5320715034322577,3.0,2.6155808403519467,2.0,3.7631578947368425,0.0,0.0,1.0,5.0,27.146512621244625
0,0,0,1,1,1.0,56.0,1.0,0,0,0,0,0,0,1,1,1,1,3.0,30.0,0.0,2021_03_07,10.0,0.0,0.0,0.0,0.0,0.0,1.0,0.9982953841253283,0.9982953841253283,0.9982953841253283,0.0,0.0,0.0,0.0,0.0,0.0,0.0,0.0,0.0,0.0,0.0,0.0,0.0,0.0,0.0,0.0,0.0,0.0,0.0,0,0.0,0,0,0,1,1,0.0,0.0,0.0,2.0,9,3.0,0.0,0.0,0,0.0,0.0,0.0,0.0,0.0,task_6,1.0,0.0,0.0,0.0,0.0,0.0,0.0,0.0,1.0,1.0,1.0,0,0,0,1.0,0.0,0.0,0.0,0,0,,,,,,1.0,1.0,0.9982953841253283,0.0,0.0,0.0,0.0,0.0,0.0,0.0,0.0,1.0,0.21702073567941918,5.0,0.21739130434782608,0.1546813378885227,0.0,0.0,1.0,0.0,0.0,0.0,1.0,1.0,0.1546813378885227,1.9897916712823183,8.0,0.600359531739504,3.0,0.600359531739504,3.0,0.1171911972668864,1.0,0.0,0.0,0.0,0.0,0.0,0.0
0,0,0,1,1,1.0,56.0,1.0,0,0,0,0,0,0,0,0,1,1,3.0,30.0,0.0,2021_03_07,10.0,0.0,0.0,0.0,0.0,0.0,1.0,0.9982953841253283,0.9982953841253283,0.9982953841253283,0.0,0.0,0.0,0.0,0.0,0.0,0.0,0.0,0.0,0.0,0.0,0.0,0.0,0.0,0.0,0.0,0.0,0.0,0.0,0,0.0,0,0,0,0,0,0.0,0.0,0.0,1.0,10,3.0,0.0,0.0,0,0.0,0.0,0.0,0.0,0.0,task_3,1.0,0.0,0.0,0.0,0.0,0.0,0.0,0.0,1.0,1.0,1.0,0,0,0,1.0,0.0,0.0,0.0,0,0,,,,,,1.0,1.0,0.9982953841253283,0.0,0.0,0.0,0.0,0.0,0.0,0.0,0.0,1.0,0.21702073567941918,5.0,0.21739130434782608,0.1546813378885227,0.0,0.0,1.0,0.0,0.0,0.0,1.0,1.0,0.1546813378885227,1.9897916712823183,8.0,0.600359531739504,3.0,0.600359531739504,3.0,0.1171911972668864,1.0,0.0,0.0,0.0,0.0,0.0,0.0
0,0,0,0,0,1.0,56.0,1.0,0,0,0,0,0,0,0,0,0,0,3.0,30.0,0.0,2021_03_07,10.0,0.0,0.0,0.0,0.0,0.0,1.0,0.9982953841253283,0.9982953841253283,0.9982953841253283,0.0,0.0,0.0,0.0,0.0,0.0,0.0,0.0,0.0,0.0,0.0,0.0,0.0,0.0,0.0,0.0,0.0,0.0,0.0,0,0.0,0,0,0,0,0,0.0,0.0,0.0,2.0,11,3.0,0.0,0.0,0,0.0,0.0,0.0,0.0,0.0,task_1,1.0,0.0,0.0,0.0,0.0,0.0,0.0,0.0,1.0,1.0,1.0,0,0,0,1.0,0.0,0.0,0.0,1,2,,,,,,1.0,1.0,0.9982953841253283,0.0,0.0,0.0,0.0,0.0,0.0,0.0,0.0,1.0,0.21702073567941918,5.0,0.21739130434782608,0.1546813378885227,0.0,0.0,1.0,0.0,0.0,0.0,1.0,1.0,0.1546813378885227,1.9897916712823183,8.0,0.600359531739504,3.0,0.600359531739504,3.0,0.1171911972668864,1.0,0.0,0.0,0.0,0.0,0.0,0.0
0,0,0,1,2,1.0,56.0,1.0,0,0,0,0,0,0,0,0,1,2,3.0,30.0,0.0,2021_03_07,10.0,0.0,0.0,0.0,0.0,0.0,1.0,0.9982953841253283,0.9982953841253283,0.9982953841253283,0.0,0.0,0.0,0.0,0.0,0.0,0.0,0.0,0.0,0.0,0.0,0.0,0.0,0.0,0.0,0.0,0.0,0.0,0.0,0,0.0,0,0,0,0,0,0.0,0.0,0.0,2.0,12,3.0,0.0,0.0,0,0.0,0.0,0.0,0.0,0.0,task_3,1.0,0.0,0.0,0.0,0.0,0.0,0.0,0.0,1.0,1.0,1.0,0,0,0,1.0,0.0,0.0,0.0,0,0,,,,,,1.0,1.0,0.9982953841253283,0.0,0.0,0.0,0.0,0.0,0.0,0.0,0.0,1.0,0.21702073567941918,5.0,0.21739130434782608,0.1546813378885227,0.0,0.0,1.0,0.0,0.0,0.0,1.0,1.0,0.1546813378885227,1.9897916712823183,8.0,0.600359531739504,3.0,0.600359531739504,3.0,0.1171911972668864,1.0,0.0,0.0,0.0,0.0,0.0,0.0
0,0,0,0,0,1.0,56.0,1.0,0,0,0,0,0,0,0,0,0,0,3.0,30.0,0.0,2021_03_07,10.0,0.0,0.0,0.0,0.0,0.0,1.0,0.9982953841253283,0.9982953841253283,0.9982953841253283,0.0,0.0,0.0,0.0,0.0,0.0,0.0,0.0,0.0,0.0,0.0,0.0,0.0,0.0,0.0,0.0,0.0,0.0,0.0,0,0.0,0,0,0,1,1,0.0,0.0,0.0,2.0,13,3.0,0.0,0.0,0,0.0,0.0,0.0,0.0,0.0,task_4,1.0,0.0,0.0,0.0,0.0,0.0,0.0,0.0,1.0,1.0,1.0,0,0,0,1.0,0.0,0.0,0.0,1,1,,,,,,1.0,1.0,0.9982953841253283,0.0,0.0,0.0,0.0,0.0,0.0,0.0,0.0,1.0,0.21702073567941918,5.0,0.21739130434782608,0.1546813378885227,0.0,0.0,1.0,0.0,0.0,0.0,1.0,1.0,0.1546813378885227,1.9897916712823183,8.0,0.600359531739504,3.0,0.600359531739504,3.0,0.1171911972668864,1.0,0.0,0.0,0.0,0.0,0.0,0.0
0,0,0,0,0,1.0,56.0,1.0,0,0,0,0,0,0,0,0,0,0,3.0,30.0,0.0,2021_03_07,10.0,0.0,0.0,0.0,0.0,0.0,1.0,0.9982953841253283,0.9982953841253283,0.9982953841253283,0.0,0.0,0.0,0.0,0.0,0.0,0.0,0.0,0.0,0.0,0.0,0.0,0.0,0.0,0.0,0.0,0.0,0.0,0.0,0,0.0,0,0,0,1,1,0.0,0.0,0.0,1.0,14,3.0,0.0,0.0,0,0.0,0.0,0.0,0.0,0.0,task_2,1.0,0.0,0.0,0.0,0.0,0.0,0.0,0.0,1.0,1.0,1.0,0,0,0,1.0,0.0,0.0,0.0,0,0,,,,,,1.0,1.0,0.9982953841253283,0.0,0.0,0.0,0.0,0.0,0.0,0.0,0.0,1.0,0.21702073567941918,5.0,0.21739130434782608,0.1546813378885227,0.0,0.0,1.0,0.0,0.0,0.0,1.0,1.0,0.1546813378885227,1.9897916712823183,8.0,0.600359531739504,3.0,0.600359531739504,3.0,0.1171911972668864,1.0,0.0,0.0,0.0,0.0,0.0,0.0
0,0,0,0,0,1.0,48.0,1.0,0,0,0,0,0,0,0,0,0,0,3.0,30.0,0.0,2021_03_09,10.0,0.0,0.0,0.0,0.0,0.0,1.0,0.9984038297885895,0.9984038297885895,0.9984038297885895,0.0,0.0,0.0,0.0,0.0,0.0,0.0,0.0,0.0,0.0,0.0,0.0,0.0,0.0,0.0,0.0,0.0,0.0,0.0,0,0.0,0,0,0,1,1,0.0,0.0,0.0,2.0,15,3.0,0.0,0.0,0,0.0,0.0,0.0,0.0,0.0,task_4,1.0,0.0,0.0,0.0,0.0,0.0,0.0,0.0,1.0,1.0,1.0,0,0,0,1.0,0.0,0.0,0.0,1,1,,,,,,1.0,1.0,0.9984038297885895,0.0,0.0,0.0,0.0,0.0,0.0,0.0,0.0,1.0,0.3328012765961965,6.0,0.3333333333333333,0.05047885106342309,0.0,0.0,1.0,0.0,0.0,0.0,1.0,1.0,0.05047885106342309,2.039882335631741,8.0,0.45580838526295303,2.0,0.45580838526295303,2.0,0.19968076595771794,1.0,0.0,0.0,0.0,0.0,0.0,0.0
0,0,0,0,0,1.0,48.0,1.0,0,0,0,0,0,0,0,0,0,0,3.0,30.0,0.0,2021_03_09,10.0,0.0,0.0,0.0,0.0,0.0,1.0,0.9984038297885895,0.9984038297885895,0.9984038297885895,0.0,0.0,0.0,0.0,0.0,0.0,0.0,0.0,0.0,0.0,0.0,0.0,0.0,0.0,0.0,0.0,0.0,0.0,0.0,0,0.0,0,0,0,0,0,0.0,0.0,0.0,1.0,16,3.0,0.0,0.0,0,0.0,0.0,0.0,0.0,0.0,task_1,1.0,0.0,0.0,0.0,0.0,0.0,0.0,0.0,1.0,1.0,1.0,0,0,0,1.0,0.0,0.0,0.0,1,1,,,,,,1.0,1.0,0.9984038297885895,0.0,0.0,0.0,0.0,0.0,0.0,0.0,0.0,1.0,0.3328012765961965,6.0,0.3333333333333333,0.05047885106342309,0.0,0.0,1.0,0.0,0.0,0.0,1.0,1.0,0.05047885106342309,2.039882335631741,8.0,0.45580838526295303,2.0,0.45580838526295303,2.0,0.19968076595771794,1.0,0.0,0.0,0.0,0.0,0.0,0.0
0,0,0,1,1,1.0,48.0,1.0,0,0,0,0,0,0,1,1,1,1,3.0,30.0,0.0,2021_03_09,10.0,0.0,0.0,0.0,0.0,0.0,1.0,0.9984038297885895,0.9984038297885895,0.9984038297885895,0.0,0.0,0.0,0.0,0.0,0.0,0.0,0.0,0.0,0.0,0.0,0.0,0.0,0.0,0.0,0.0,0.0,0.0,0.0,0,0.0,0,0,0,1,1,0.0,0.0,0.0,2.0,17,3.0,0.0,0.0,0,0.0,0.0,0.0,0.0,0.0,task_6,1.0,0.0,0.0,0.0,0.0,0.0,0.0,0.0,1.0,1.0,1.0,0,0,0,1.0,0.0,0.0,0.0,0,0,,,,,,1.0,1.0,0.9984038297885895,0.0,0.0,0.0,0.0,0.0,0.0,0.0,0.0,1.0,0.3328012765961965,6.0,0.3333333333333333,0.05047885106342309,0.0,0.0,1.0,0.0,0.0,0.0,1.0,1.0,0.05047885106342309,2.039882335631741,8.0,0.45580838526295303,2.0,0.45580838526295303,2.0,0.19968076595771794,1.0,0.0,0.0,0.0,0.0,0.0,0.0
0,0,0,1,1,1.0,48.0,1.0,0,0,0,0,0,0,1,1,1,1,3.0,30.0,0.0,2021_03_09,10.0,0.0,0.0,0.0,0.0,0.0,1.0,0.9984038297885895,0.9984038297885895,0.9984038297885895,0.0,0.0,0.0,0.0,0.0,0.0,0.0,0.0,0.0,0.0,0.0,0.0,0.0,0.0,0.0,0.0,0.0,0.0,0.0,0,0.0,0,0,0,1,1,0.0,0.0,0.0,2.0,18,3.0,0.0,0.0,0,0.0,0.0,0.0,0.0,0.0,task_6,1.0,0.0,0.0,0.0,0.0,0.0,0.0,0.0,1.0,1.0,1.0,0,0,0,1.0,0.0,0.0,0.0,0,0,,,,,,1.0,1.0,0.9984038297885895,0.0,0.0,0.0,0.0,0.0,0.0,0.0,0.0,1.0,0.3328012765961965,6.0,0.3333333333333333,0.05047885106342309,0.0,0.0,1.0,0.0,0.0,0.0,1.0,1.0,0.05047885106342309,2.039882335631741,8.0,0.45580838526295303,2.0,0.45580838526295303,2.0,0.19968076595771794,1.0,0.0,0.0,0.0,0.0,0.0,0.0
0,0,0,1,1,1.0,48.0,1.0,0,0,0,0,0,0,0,0,1,1,3.0,30.0,0.0,2021_03_09,10.0,0.0,0.0,0.0,0.0,0.0,1.0,0.9984038297885895,0.9984038297885895,0.9984038297885895,0.0,0.0,0.0,0.0,0.0,0.0,0.0,0.0,0.0,0.0,0.0,0.0,0.0,0.0,0.0,0.0,0.0,0.0,0.0,0,0.0,0,0,0,0,0,0.0,0.0,0.0,1.0,19,3.0,0.0,0.0,0,0.0,0.0,0.0,0.0,0.0,task_3,1.0,0.0,0.0,0.0,0.0,0.0,0.0,0.0,1.0,1.0,1.0,0,0,0,1.0,0.0,0.0,0.0,0,0,,,,,,1.0,1.0,0.9984038297885895,0.0,0.0,0.0,0.0,0.0,0.0,0.0,0.0,1.0,0.3328012765961965,6.0,0.3333333333333333,0.05047885106342309,0.0,0.0,1.0,0.0,0.0,0.0,1.0,1.0,0.05047885106342309,2.039882335631741,8.0,0.45580838526295303,2.0,0.45580838526295303,2.0,0.19968076595771794,1.0,0.0,0.0,0.0,0.0,0.0,0.0
0,0,0,1,1,1.0,48.0,1.0,0,0,0,0,0,0,0,0,1,1,3.0,30.0,0.0,2021_03_09,10.0,0.0,0.0,0.0,0.0,0.0,1.0,0.9984038297885895,0.9984038297885895,0.9984038297885895,0.0,0.0,0.0,0.0,0.0,0.0,0.0,0.0,0.0,0.0,0.0,0.0,0.0,0.0,0.0,0.0,0.0,0.0,0.0,0,0.0,0,0,0,0,0,0.0,0.0,0.0,2.0,20,3.0,0.0,0.0,0,0.0,0.0,0.0,0.0,0.0,task_5,1.0,0.0,0.0,0.0,0.0,0.0,0.0,0.0,1.0,1.0,1.0,0,0,0,1.0,0.0,0.0,0.0,1,1,,,,,,1.0,1.0,0.9984038297885895,0.0,0.0,0.0,0.0,0.0,0.0,0.0,0.0,1.0,0.3328012765961965,6.0,0.3333333333333333,0.05047885106342309,0.0,0.0,1.0,0.0,0.0,0.0,1.0,1.0,0.05047885106342309,2.039882335631741,8.0,0.45580838526295303,2.0,0.45580838526295303,2.0,0.19968076595771794,1.0,0.0,0.0,0.0,0.0,0.0,0.0
0,0,0,1,1,1.0,48.0,1.0,0,0,0,0,0,0,0,0,1,1,3.0,30.0,0.0,2021_03_09,10.0,0.0,0.0,0.0,0.0,0.0,1.0,0.9984038297885895,0.9984038297885895,0.9984038297885895,0.0,0.0,0.0,0.0,0.0,0.0,0.0,0.0,0.0,0.0,0.0,0.0,0.0,0.0,0.0,0.0,0.0,0.0,0.0,0,0.0,0,0,0,0,0,0.0,0.0,0.0,2.0,21,3.0,0.0,0.0,0,0.0,0.0,0.0,0.0,0.0,task_5,1.0,0.0,0.0,0.0,0.0,0.0,0.0,0.0,1.0,1.0,1.0,0,0,0,1.0,0.0,0.0,0.0,1,1,,,,,,1.0,1.0,0.9984038297885895,0.0,0.0,0.0,0.0,0.0,0.0,0.0,0.0,1.0,0.3328012765961965,6.0,0.3333333333333333,0.05047885106342309,0.0,0.0,1.0,0.0,0.0,0.0,1.0,1.0,0.05047885106342309,2.039882335631741,8.0,0.45580838526295303,2.0,0.45580838526295303,2.0,0.19968076595771794,1.0,0.0,0.0,0.0,0.0,0.0,0.0
0,0,0,0,0,1.0,48.0,1.0,0,0,0,0,0,0,0,0,0,0,3.0,30.0,0.0,2021_03_09,10.0,0.0,0.0,0.0,0.0,0.0,1.0,0.9984038297885895,0.9984038297885895,0.9984038297885895,0.0,0.0,0.0,0.0,0.0,0.0,0.0,0.0,0.0,0.0,0.0,0.0,0.0,0.0,0.0,0.0,0.0,0.0,0.0,0,0.0,0,0,0,0,0,0.0,0.0,0.0,1.0,22,3.0,0.0,0.0,0,0.0,0.0,0.0,0.0,0.0,task_1,1.0,0.0,0.0,0.0,0.0,0.0,0.0,0.0,1.0,1.0,1.0,0,0,0,1.0,0.0,0.0,0.0,1,1,,,,,,1.0,1.0,0.9984038297885895,0.0,0.0,0.0,0.0,0.0,0.0,0.0,0.0,1.0,0.3328012765961965,6.0,0.3333333333333333,0.05047885106342309,0.0,0.0,1.0,0.0,0.0,0.0,1.0,1.0,0.05047885106342309,2.039882335631741,8.0,0.45580838526295303,2.0,0.45580838526295303,2.0,0.19968076595771794,1.0,0.0,0.0,0.0,0.0,0.0,0.0
0,0,0,1,1,1.0,48.0,1.0,0,0,0,0,0,0,1,1,1,1,3.0,30.0,0.0,2021_03_09,10.0,0.0,0.0,0.0,0.0,0.0,1.0,0.9984038297885895,0.9984038297885895,0.9984038297885895,0.0,0.0,0.0,0.0,0.0,0.0,0.0,0.0,0.0,0.0,0.0,0.0,0.0,0.0,0.0,0.0,0.0,0.0,0.0,0,0.0,0,0,0,1,1,0.0,0.0,0.0,3.0,23,3.0,0.0,0.0,0,0.0,0.0,0.0,0.0,0.0,task_7,1.0,0.0,0.0,0.0,0.0,0.0,0.0,0.0,1.0,1.0,1.0,0,0,0,1.0,0.0,0.0,0.0,1,1,,,,,,1.0,1.0,0.9984038297885895,0.0,0.0,0.0,0.0,0.0,0.0,0.0,0.0,1.0,0.3328012765961965,6.0,0.3333333333333333,0.05047885106342309,0.0,0.0,1.0,0.0,0.0,0.0,1.0,1.0,0.05047885106342309,2.039882335631741,8.0,0.45580838526295303,2.0,0.45580838526295303,2.0,0.19968076595771794,1.0,0.0,0.0,0.0,0.0,0.0,0.0
0,0,0,1,1,1.0,48.0,1.0,0,0,0,0,0,0,1,1,1,1,3.0,30.0,0.0,2021_03_09,10.0,0.0,0.0,0.0,0.0,0.0,1.0,0.9984038297885895,0.9984038297885895,0.9984038297885895,0.0,0.0,0.0,0.0,0.0,0.0,0.0,0.0,0.0,0.0,0.0,0.0,0.0,0.0,0.0,0.0,0.0,0.0,0.0,0,0.0,0,0,0,1,1,0.0,0.0,0.0,2.0,24,3.0,0.0,0.0,0,0.0,0.0,0.0,0.0,0.0,task_6,1.0,0.0,0.0,0.0,0.0,0.0,0.0,0.0,1.0,1.0,1.0,0,0,0,1.0,0.0,0.0,0.0,0,0,,,,,,1.0,1.0,0.9984038297885895,0.0,0.0,0.0,0.0,0.0,0.0,0.0,0.0,1.0,0.3328012765961965,6.0,0.3333333333333333,0.05047885106342309,0.0,0.0,1.0,0.0,0.0,0.0,1.0,1.0,0.05047885106342309,2.039882335631741,8.0,0.45580838526295303,2.0,0.45580838526295303,2.0,0.19968076595771794,1.0,0.0,0.0,0.0,0.0,0.0,0.0
0,0,0,1,1,0.0,32.0,1.0,0,0,0,0,0,0,0,0,1,1,0.0,30.0,0.0,2021_03_10,10.0,0.0,1.0,0.0,0.0,0.0,3.0,0.6142929409162617,0.4923804671484949,0.32122758298556636,0.0,0.0,0.0,0.0,0.0,0.0,0.0,0.0,0.0,0.0,0.0,0.0,0.0,0.0,0.0,0.0,1.0,7.0,28.333333333333336,0,1.7327248990216555,0,0,0,0,0,6.0238892870660585,0.0,0.0,1.0,25,0.0,7.0,9.0,0,1.0,28.333333333333336,24.802427099703163,28.333333333333336,28.333333333333336,task_3,0.0,0.0,2.0,0.0,0.0,9.509311314525242,9.509311314525242,0.0,2.0,2.0,1.0,0,0,0,0.0,0.0,1.0,0.0,0,0,1.0,,,1.0,,,0.0,0.5416208775436567,28.333333333333336,28.333333333333336,2.5,0.0,1.0,1.0,0.0,0.0,2.0,2.5812431316315485,9.0,0.15,-7.423118818468394,0.0,0.0,1.0,0.0,28.333333333333336,0.0,0.0,0.0,-1.399229531402335,0.09060968636202861,8.0,0.074142758893645,5.0,0.07598581325708595,6.0,7.0051495840148315,1.0,27.796357066055883,1.0,2.0,1.0,2.0,3.061812467260346
0,0,0,1,1,0.0,53.0,1.0,0,0,0,0,0,0,1,1,1,1,0.0,30.0,0.0,2021_03_10,10.0,0.0,1.0,0.0,0.0,0.0,3.0,0.8612595557802882,0.6245642005299665,0.4594795605462493,0.0,0.0,0.0,0.0,0.0,0.0,0.0,0.0,0.0,0.0,0.0,0.0,0.0,0.0,0.0,0.0,1.0,14.0,678.6609753948094,0,0.0,0,0,0,1,1,3.4319999699999997,0.0,0.0,3.0,26,0.0,8.0,16.0,0,1.0,309.0,19.066666499999997,309.0,309.0,task_7,0.0,0.0,2.0,6.186572297479192,6.0,18.039064882018717,11.852492584539526,0.0,2.0,2.0,1.0,0,0,0,0.0,0.0,1.0,0.0,1,1,1.0,,,,1.0,,0.0,0.8612595557802882,389.48353553851325,389.48353553851325,2.5,0.0,1.0,1.0,0.0,0.0,2.0,2.6291889333670433,9.0,0.15,-57.986270040030334,0.0,0.0,1.0,0.0,309.0,0.0,1.0,1.0,-54.554270070030334,0.13926752126636896,8.0,5.458296373885988e-20,3.0,5.521167786970017e-20,4.0,54.78852892958253,1.0,305.27075351213267,1.0,2.0,1.0,4.0,17.79618595119804
0,0,0,1,2,0.0,51.0,1.0,0,0,0,0,0,0,1,2,1,2,0.0,30.0,0.0,2021_03_10,10.0,0.0,1.0,1.0,20.0,0.0,3.0,0.8707338607768252,0.6116837903490877,0.37568256959839,0.0,0.0,0.0,0.0,0.0,0.0,0.0,0.0,0.0,0.0,0.0,0.0,0.0,0.0,0.0,0.0,1.0,13.0,166.7967828977454,0,-0.2450724904818662,0,0,0,1,2,8.082280449949085,0.0,0.0,4.0,27,0.0,7.0,16.0,0,1.0,86.33333333333333,46.12692050768203,86.33333333333333,86.33333333333333,task_6,0.0,0.0,2.0,2.9021226307652483,1.0,12.23683053773247,9.334707906967221,0.0,2.0,2.0,1.0,0,0,0,0.0,0.0,1.0,0.0,0,0,1.0,,,1.0,,,0.0,0.8707338607768252,88.57767229057329,88.57767229057329,2.5,0.0,1.0,1.0,0.0,0.0,2.0,2.630610079116524,9.0,0.15,-17.90754907120487,0.0,0.0,1.0,0.0,86.33333333333333,0.0,0.0,0.0,-9.825268621255784,0.0065859202321851785,6.0,0.006085465088525812,3.0,0.006560586412322529,4.0,13.1286038890489,1.0,69.08006680026719,1.0,2.0,1.0,6.0,12.67653775347091
0,0,0,1,2,0.0,51.0,1.0,0,0,0,0,0,0,0,0,1,2,0.0,30.0,0.0,2021_03_10,10.0,0.0,1.0,1.0,20.0,0.0,3.0,0.8707338607768252,0.6116837903490877,0.37568256959839,0.0,0.0,0.0,0.0,0.0,0.0,0.0,0.0,0.0,0.0,0.0,0.0,0.0,0.0,0.0,0.0,1.0,13.0,166.7967828977454,0,-0.2450724904818662,0,0,0,0,0,8.082280449949085,0.0,0.0,4.0,28,0.0,7.0,16.0,0,1.0,86.33333333333333,46.12692050768203,86.33333333333333,86.33333333333333,task_5,0.0,0.0,2.0,2.9021226307652483,1.0,12.23683053773247,9.334707906967221,0.0,2.0,2.0,1.0,0,0,0,0.0,0.0,1.0,0.0,1,2,1.0,,,1.0,,,0.0,0.8707338607768252,88.57767229057329,88.57767229057329,2.5,0.0,1.0,1.0,0.0,0.0,2.0,2.630610079116524,9.0,0.15,-17.90754907120487,0.0,0.0,1.0,0.0,86.33333333333333,0.0,0.0,0.0,-9.825268621255784,0.0065859202321851785,6.0,0.006085465088525812,3.0,0.006560586412322529,4.0,13.1286038890489,1.0,69.08006680026719,1.0,2.0,1.0,6.0,12.67653775347091
0,0,0,1,1,0.0,41.0,1.0,0,0,0,0,0,0,0,0,1,1,0.0,30.0,0.0,2021_03_10,10.0,0.0,1.0,0.0,0.0,0.0,3.0,0.7928752429687437,0.6313635886193911,0.4492718463724676,0.0,0.0,0.0,0.0,0.0,0.0,0.0,0.0,0.0,0.0,0.0,0.0,0.0,0.0,0.0,0.0,1.0,11.0,411.2974899673476,0,0.0,0,0,0,0,0,15.444002999999999,0.0,0.0,2.0,29,0.0,7.0,13.0,0,1.0,208.13335,85.80001666666668,208.13335,208.13335,task_5,0.0,0.0,3.0,4.257973986003903,3.0,32.279355206508924,28.02138122050502,0.0,3.0,3.0,1.0,0,0,0,0.0,0.0,1.0,0.0,1,1,1.0,,,1.0,1.0,,0.0,0.7928752429687437,411.2974899673476,411.2974899673476,2.5,0.0,1.0,1.0,0.0,0.0,2.0,2.6189312864453114,9.0,0.15,-39.82104115780078,0.0,0.0,1.0,0.0,208.13335,0.0,1.0,1.0,-24.37703815780078,3.226727328220926e-06,6.0,6.045823536165687e-13,2.0,6.171023107934944e-13,3.0,38.128431205047484,1.0,204.1343100096001,1.0,2.0,1.0,4.0,3.992828517190468
0,0,0,0,0,0.0,51.0,1.0,0,0,0,0,0,0,0,0,0,0,0.0,30.0,0.0,2021_03_10,10.0,0.0,1.0,0.0,0.0,0.0,3.0,0.8741829509866602,0.5636117223836213,0.36307770689776003,0.0,0.0,0.0,0.0,0.0,0.0,0.0,0.0,0.0,0.0,0.0,0.0,0.0,0.0,0.0,0.0,1.0,13.0,450.99980434995274,0,0.0,0,0,0,1,1,39.60000000000001,0.0,0.0,1.0,30,0.0,4.0,13.0,0,1.0,433.0,220.0,433.0,433.0,task_2,0.0,0.0,2.0,2.944428681742513,1.0,15.745111335251014,12.8006826535085,0.0,2.0,2.0,1.0,0,0,0,0.0,0.0,1.0,0.0,0,0,1.0,,,1.0,,,0.0,0.8741829509866602,450.99980434995274,450.99980434995274,2.5,0.0,1.0,1.0,0.0,0.0,2.0,2.631127442647999,9.0,0.15,-80.3080146983832,0.0,0.0,1.0,0.0,433.0,0.0,1.0,1.0,-40.708014698383195,2.5105295264188696e-16,6.0,7.394141587266485e-20,2.0,7.501094188796214e-20,3.0,72.88270684854646,1.0,404.55085447887734,0.0,0.0,1.0,0.0,0.0
0,0,0,0,0,0.0,50.0,1.0,0,0,0,0,0,0,0,0,0,0,0.0,30.0,0.0,2021_03_12,10.0,0.0,1.0,0.0,0.0,0.0,3.0,0.7550661256598089,0.7252312100029888,0.6759566925218969,0.0,0.0,0.0,0.0,0.0,0.0,0.0,0.0,0.0,0.0,0.0,0.0,0.0,0.0,0.0,0.0,1.0,16.0,550.4494967341469,0,0.0,0,0,0,1,1,0.0,0.0,0.0,1.0,31,0.0,8.0,17.0,0,1.0,1609.710526315788,0.0,1609.710526315788,1609.710526315788,task_2,0.0,0.0,0.0,0.0,0.0,112.93439331749843,112.93439331749843,11.0,11.0,1.0,1.0,0,0,0,0.0,0.0,0.0,1.0,0,0,,,1.0,,,,0.0,0.7550661256598089,3370.3502724938403,3370.3502724938403,2.5,0.0,0.0,1.0,0.0,1.0,2.0,2.7516887085532695,2.0,0.3333333333333333,-292.22441457453976,0.0,0.0,1.0,0.0,1609.710526315788,0.0,1.0,1.0,-292.22441457453976,0.6931471805599453,8.0,2.8696635489773273e-20,3.0,2.88807869805721e-20,4.0,283.517182470583,1.0,1575.095458169906,1.0,2.0,1.0,12.0,3370.3502724938403
0,0,0,1,1,0.0,44.0,1.0,0,0,0,0,0,0,0,0,1,1,0.0,30.0,0.0,2021_03_12,10.0,0.0,1.0,0.0,0.0,0.0,3.0,0.9273207338601244,0.6981451971596366,0.5309427345981027,0.0,0.0,0.0,0.0,0.0,0.0,0.0,0.0,0.0,0.0,0.0,0.0,0.0,0.0,0.0,0.0,1.0,11.0,586.2636211595471,0,0.0,0,0,0,0,0,31.739999999999995,0.0,0.0,1.0,32,0.0,7.0,16.0,0,1.0,264.3333333333333,176.33333333333331,264.3333333333333,264.3333333333333,task_3,0.0,0.0,2.0,6.414386125452123,5.0,14.514967242940683,8.10058111748856,0.0,2.0,2.0,1.0,0,0,0,0.0,0.0,1.0,0.0,0,0,1.0,,,1.0,,,0.0,0.5309427345981027,278.9420273976057,278.9420273976057,2.5,0.0,1.0,1.0,0.0,0.0,2.0,2.6061885469196207,12.0,0.2,-49.925569692227654,0.0,0.0,1.0,0.0,264.3333333333333,0.0,1.0,1.0,-18.18556969222766,8.193426829889757e-13,6.0,2.7597325150722036e-13,3.0,2.759773098673988e-13,4.0,42.92144847206961,1.0,239.46708333333328,1.0,2.0,1.0,12.0,269.133389093788
0,0,0,1,1,0.0,52.0,1.0,0,0,0,0,0,0,1,1,1,1,0.0,30.0,0.0,2021_03_12,10.0,0.0,1.0,0.0,0.0,0.0,3.0,0.7780061947056361,0.6551640617627859,0.5382615918242195,0.0,0.0,0.0,0.0,0.0,0.0,0.0,0.0,0.0,0.0,0.0,0.0,0.0,0.0,0.0,0.0,1.0,13.0,150.66666666666666,0,0.0,0,0,0,1,1,8.639999999999997,0.0,0.0,3.0,33,0.0,8.0,15.0,0,1.0,150.66666666666666,47.999999999999986,150.66666666666666,150.66666666666666,task_7,0.0,0.0,2.0,0.0,0.0,13.6167128257071,13.6167128257071,0.0,2.0,2.0,1.0,0,0,0,0.0,0.0,1.0,0.0,1,1,1.0,,,1.0,,,0.0,0.7780061947056361,150.66666666666666,150.66666666666666,2.5,0.0,1.0,1.0,0.0,0.0,2.0,2.655601238941127,12.0,0.2,-29.510041115047013,0.0,0.0,1.0,0.0,150.66666666666666,0.0,1.0,1.0,-20.870041115047016,0.0017063358428573852,7.0,1.5689194485781926e-08,3.0,1.5947179531164476e-08,4.0,26.036702366848033,1.0,144.95238095238093,1.0,2.0,1.0,4.0,70.48273809523799
0,0,0,0,0,0.0,44.0,1.0,0,0,0,0,0,0,0,0,0,0,0.0,30.0,0.0,2021_03_12,10.0,0.0,1.0,1.0,15.0,0.0,3.0,0.7939812722427197,0.6746850318602883,0.5309698626072543,0.0,0.0,0.0,0.0,0.0,0.0,0.0,0.0,0.0,0.0,0.0,0.0,0.0,0.0,0.0,0.0,1.0,16.0,154.3658932180254,0,-0.047261284356380884,0,0,0,1,1,7.7595161261305385,0.0,0.0,1.0,34,0.0,8.0,18.0,0,1.0,68.0,43.344729344729345,68.0,68.0,task_2,0.0,0.0,2.0,8.60258884647724,1.0,11.14776626149315,2.5451774150159103,0.0,2.0,2.0,1.0,0,0,0,0.0,0.0,1.0,0.0,0,0,1.0,,,1.0,,,0.0,0.6991039607308908,154.3658932180254,154.3658932180254,2.5,0.0,1.0,1.0,0.0,0.0,2.0,2.6398207921461783,12.0,0.2,-14.615838712931561,0.0,0.0,1.0,0.0,68.0,0.0,0.0,0.0,-6.8563225868010225,0.007219170746514764,6.0,0.006940756330327684,3.0,0.007511522191067388,4.0,11.708275314384029,1.0,65.07306446070008,1.0,2.0,1.0,10.0,25.4729643957469
1,1,0,1,2,0.0,51.0,1.0,1,1,0,1,1,0,1,2,1,2,0.0,30.0,0.3333333333333333,2021_03_12,10.0,2.0,1.0,0.0,0.0,0.0,3.0,0.9410257459918352,0.6212626295592841,0.42802318977505416,0.0,0.0,0.0,0.0,0.0,0.0,0.0,0.0,0.0,0.0,0.0,0.0,0.0,0.0,0.0,0.0,1.0,15.0,5236.950786799119,1,0.0,1,1,0,1,2,151.98678176806135,0.0,0.0,6.0,35,0.0,5.0,15.0,0,1.0,1237.7043431558964,844.3710098225631,1237.7043431558964,1237.7043431558964,task_7,0.0,0.0,2.0,22.957194237563627,4.0,40.45280818071794,17.49561394315431,0.0,2.0,2.0,1.0,0,0,0,0.0,0.0,1.0,0.0,1,2,1.0,,,,1.0,,0.0,0.9410257459918352,5236.950786799119,5236.950786799119,2.5,0.0,1.0,1.0,0.0,0.0,2.0,2.688205149198367,12.0,0.2,-225.20616640233987,0.0,0.0,1.0,0.0,1237.7043431558964,0.0,1.0,1.0,-73.21938463427853,6.697148167108848e-20,6.0,6.48790229458378e-20,2.0,6.580103417801787e-20,3.0,217.90126896329346,1.0,1211.7589869126145,0.0,0.0,1.0,0.0,0.0
0,0,0,1,1,0.0,22.0,1.0,0,0,0,0,0,0,0,0,1,1,0.0,22.0,0.5,2021_03_12,10.0,1.0,1.0,0.0,0.0,0.0,3.0,0.7785135543264224,0.48652051518212974,0.2232184889678386,0.0,0.0,0.0,0.0,0.0,0.0,0.0,0.0,0.0,0.0,0.0,0.0,0.0,0.0,0.0,0.0,1.0,11.0,31.06077341787975,1,1.41,0,0,0,0,0,2.6599392152183556,0.0,0.0,2.0,36,0.0,7.0,11.0,0,1.0,15.72744008454642,7.727440084546419,15.72744008454642,15.72744008454642,task_5,0.0,0.0,2.0,2.793208009442517,1.0,8.105126224537427,5.31191821509491,0.0,2.0,2.0,1.0,1,1,1,0.0,0.0,1.0,0.0,1,1,1.0,,,1.0,,,0.0,0.45782950225212815,31.06077341787975,31.06077341787975,2.5,0.0,1.0,1.0,0.0,0.0,2.0,2.5915659004504255,12.0,0.2,-5.163348525623738,0.0,0.0,1.0,0.0,15.72744008454642,0.0,1.0,1.0,-2.5034093104053827,0.919449516391577,7.0,0.6224833761617361,4.0,0.6224833761617361,4.0,3.918327647711072,1.0,15.72744008454642,0.0,0.0,1.0,0.0,0.0
0,0,0,0,0,0.0,43.0,1.0,0,0,0,0,0,0,0,0,0,0,0.0,30.0,0.0,2021_03_12,10.0,0.0,1.0,0.0,0.0,0.0,3.0,0.9299582408868625,0.6673079766374755,0.5005825879180811,0.0,0.0,0.0,0.0,0.0,0.0,0.0,0.0,0.0,0.0,0.0,0.0,0.0,0.0,0.0,0.0,1.0,13.0,1900.4037269612263,0,0.0,0,0,0,0,0,224.58000000000004,0.0,0.0,1.0,37,0.0,7.0,14.0,0,1.0,1493.6666666666667,1247.6666666666667,1493.6666666666667,1493.6666666666667,task_1,0.0,0.0,2.0,5.794377672827904,5.0,18.836646238809852,13.042268565981948,0.0,2.0,2.0,1.0,0,0,0,0.0,0.0,1.0,0.0,1,1,1.0,,,1.0,,,0.0,0.9299582408868625,1900.4037269612263,1900.4037269612263,2.5,0.0,1.0,1.0,0.0,0.0,2.0,2.6859916481773727,12.0,0.2,-271.2773924833597,0.0,0.0,1.0,0.0,1493.6666666666667,0.0,1.0,1.0,-46.697392483359636,8.589067716913e-20,7.0,4.666664463464062e-20,2.0,4.731568020985165e-20,3.0,251.931799920414,1.0,1401.19406536767,1.0,2.0,1.0,2.0,3.9000000000000057
0,0,0,1,1,0.0,43.0,1.0,0,0,0,0,0,0,0,0,1,1,1.0,30.0,0.5,2021_03_23,10.0,1.0,1.0,0.0,0.0,0.0,3.0,0.7239605376358276,0.49175516589306373,0.35777548115305285,0.0,0.0,0.0,0.0,0.0,0.0,0.0,0.0,0.0,0.0,0.0,0.0,0.0,0.0,0.0,0.0,1.0,10.0,26.34750517397857,1,-0.011758899369346931,0,0,0,0,0,0.020689541011574164,0.0,0.0,2.0,38,1.0,4.0,10.0,0,1.0,18.434603971695964,0.17373639135548657,18.434603971695964,18.434603971695964,task_5,0.0,0.0,2.0,0.0,0.0,12.43728744622351,12.43728744622351,0.0,2.0,2.0,1.0,1,1,1,0.0,0.0,1.0,0.0,1,1,1.0,,,1.0,,,0.0,0.7239605376358276,23.28038133822364,23.28038133822364,2.312430507057891,0.0,1.0,1.0,0.0,0.0,2.0,2.4394411276957557,10.0,0.17543859649122806,-5.513725729831453,0.0,0.0,1.0,0.0,18.434603971695964,0.0,1.0,1.0,-5.493036188819879,1.2530979733800869,8.0,0.6379840361089427,4.0,0.6601728791492886,5.0,4.981075020270574,1.0,17.999635119359585,0.0,0.0,0.0,0.0,0.0
0,0,0,1,1,0.0,35.0,1.0,0,0,0,0,0,0,0,0,1,1,1.0,30.0,0.0,2021_03_23,10.0,0.0,1.0,0.0,0.0,0.0,3.0,0.836493738717843,0.5336604363803255,0.34622655343857617,0.0,0.0,0.0,0.0,0.0,0.0,0.0,0.0,0.0,0.0,0.0,0.0,0.0,0.0,0.0,0.0,1.0,8.0,419.2146568804127,0,0.0,0,0,0,0,0,49.71000000000001,0.0,0.0,1.0,39,1.0,5.0,8.0,0,1.0,383.5,276.1666666666667,383.5,383.5,task_3,0.0,0.0,2.0,6.035097031237457,6.0,15.442359472364249,9.407262441126791,0.0,2.0,2.0,1.0,0,0,0,0.0,0.0,1.0,0.0,0,0,1.0,,,1.0,,,0.0,0.836493738717843,419.2146568804127,419.2146568804127,2.5,0.0,1.0,1.0,0.0,0.0,2.0,2.6467532874943585,10.0,0.17543859649122806,-71.41207795874493,0.0,0.0,1.0,0.0,383.5,0.0,1.0,1.0,-21.70207795874492,6.987377110404815e-20,5.0,7.394141587266485e-20,2.0,7.501094188796214e-20,3.0,69.45590003626884,1.0,378.85714285714283,0.0,0.0,0.0,0.0,0.0
0,0,0,0,0,0.0,31.0,1.0,0,0,0,0,0,0,0,0,0,0,1.0,30.0,0.0,2021_03_23,10.0,0.0,1.0,0.0,0.0,0.0,3.0,0.8117437206884931,0.5133976319288853,0.3455905440262418,0.0,0.0,0.0,0.0,0.0,0.0,0.0,0.0,0.0,0.0,0.0,0.0,0.0,0.0,0.0,0.0,1.0,7.0,202.33333333333334,0,0.0,0,0,0,1,1,31.560000000000002,0.0,0.0,2.0,40,1.0,5.0,7.0,0,1.0,195.33333333333334,175.33333333333334,195.33333333333334,195.33333333333334,task_4,0.0,0.0,2.0,2.0794415416798357,1.0,13.762034737458695,11.682593195778859,0.0,2.0,2.0,1.0,0,0,0,0.0,0.0,1.0,0.0,1,1,1.0,,,1.0,,,0.0,0.8117437206884931,202.33333333333334,202.33333333333334,2.5,0.0,1.0,1.0,0.0,0.0,2.0,2.642411179068157,10.0,0.17543859649122806,-37.538170061161345,0.0,0.0,1.0,0.0,195.33333333333334,0.0,1.0,1.0,-5.978170061161341,1.6390024939094954e-12,4.0,1.0116182560819136e-12,2.0,1.033433712582397e-12,3.0,35.744513888326516,1.0,192.44491152677034,0.0,0.0,0.0,0.0,0.0
0,0,0,0,0,0.0,40.0,1.0,0,0,0,0,0,0,0,0,0,0,1.0,30.0,0.0,2021_03_23,10.0,0.0,1.0,0.0,0.0,0.0,3.0,0.7459281214416769,0.5001347258216426,0.3596021278978099,0.0,0.0,0.0,0.0,0.0,0.0,0.0,0.0,0.0,0.0,0.0,0.0,0.0,0.0,0.0,0.0,1.0,7.0,173.56185461383092,0,1.206894369833155,0,0,0,0,0,25.368204932849842,0.0,0.0,1.0,41,1.0,4.0,7.0,0,1.0,145.0,134.9,145.0,145.0,task_1,0.0,0.0,2.0,8.807211093807435,2.0,13.02151655427084,4.214305460463406,0.0,2.0,2.0,1.0,0,0,0,0.0,0.0,1.0,0.0,1,1,1.0,,,1.0,,,0.0,0.7459281214416769,173.56185461383092,173.56185461383092,2.5,0.0,1.0,1.0,0.0,0.0,2.0,2.630864582709066,10.0,0.17543859649122806,-28.46777812443816,0.0,0.0,1.0,0.0,145.0,0.0,0.0,0.0,-3.099573191588318,1.0864797549209844e-09,6.0,1.0394785779263662e-09,3.0,1.066684116238234e-09,4.0,26.93870081737558,1.0,145.0,0.0,0.0,0.0,0.0,0.0
0,0,0,0,0,0.0,47.0,1.0,0,0,0,0,0,0,0,0,0,0,1.0,30.0,0.0,2021_03_23,10.0,0.0,1.0,0.0,0.0,0.0,3.0,0.8653090579152616,0.5618189513907662,0.39393026087063115,0.0,0.0,0.0,0.0,0.0,0.0,0.0,0.0,0.0,0.0,0.0,0.0,0.0,0.0,0.0,0.0,1.0,12.0,237.9980365323972,0,0.0,0,0,0,0,0,2.400000000000002,0.0,0.0,1.0,42,1.0,4.0,12.0,0,1.0,132.33333333333334,13.333333333333343,132.33333333333334,132.33333333333334,task_1,0.0,0.0,2.0,5.342852258439873,5.0,15.561283969672626,10.218431711232753,0.0,2.0,2.0,1.0,0,0,0,0.0,0.0,1.0,0.0,1,1,1.0,,,,1.0,,0.0,0.8653090579152616,170.3049582523182,170.3049582523182,2.5,0.0,1.0,1.0,0.0,0.0,2.0,2.6518086066518003,10.0,0.17543859649122806,-26.20662774598662,0.0,0.0,1.0,0.0,132.33333333333334,0.0,1.0,1.0,-23.806627745986617,0.2991868354791098,6.0,0.018946540716652104,2.0,0.02084717373212222,3.0,20.367340108014382,1.0,111.47125622632709,0.0,0.0,0.0,0.0,0.0
0,0,0,1,1,0.0,33.0,1.0,1,1,1,0,0,0,1,1,1,1,1.0,30.0,0.3333333333333333,2021_03_23,10.0,1.0,1.0,0.0,0.0,0.0,3.0,0.7232536555808037,0.484818334802432,0.35198420819461634,0.0,0.0,0.0,0.0,0.0,0.0,0.0,0.0,0.0,0.0,0.0,0.0,0.0,0.0,0.0,0.0,1.0,7.0,97.87063374865404,1,0.0,0,0,0,1,1,3.0600000000000023,0.0,0.0,3.0,43,1.0,4.0,7.0,0,1.0,87.33333333333333,17.0,87.33333333333333,87.33333333333333,task_7,0.0,0.0,2.0,1.8775948871412638,2.0,11.765293843295282,9.887698956154019,0.0,2.0,2.0,1.0,0,0,0,0.0,0.0,1.0,0.0,1,1,1.0,,,1.0,,,0.0,0.7232536555808037,97.87063374865404,97.87063374865404,2.5,0.0,1.0,1.0,0.0,0.0,2.0,2.6268866062422465,10.0,0.17543859649122806,-18.084197945618023,0.0,0.0,1.0,0.0,87.33333333333333,0.0,1.0,1.0,-15.02419794561802,0.18293474120962672,4.0,3.809255057629096e-05,3.0,3.982404299341537e-05,4.0,16.209989120675644,1.0,87.33333333333333,0.0,0.0,0.0,0.0,0.0
0,0,0,1,1,0.0,31.0,1.0,0,0,0,0,0,0,1,1,1,1,1.0,30.0,0.0,2021_03_23,10.0,0.0,1.0,0.0,0.0,0.0,3.0,0.7208443722499607,0.47400044628534993,0.31830186042734027,0.0,0.0,0.0,0.0,0.0,0.0,0.0,0.0,0.0,0.0,0.0,0.0,0.0,0.0,0.0,0.0,1.0,7.0,51.7812344099971,0,0.11304198461241599,0,0,0,1,1,0.10173778615117435,0.0,0.0,3.0,44,1.0,4.0,7.0,0,1.0,23.142021996353975,0.0,23.142021996353975,23.142021996353975,task_7,0.0,0.0,3.0,1.9472433749224778,3.0,22.161287935449963,20.214044560527483,0.0,3.0,3.0,1.0,0,0,0,0.0,0.0,1.0,0.0,1,1,1.0,,,1.0,1.0,,0.0,0.3828551061787489,43.626925815359634,43.626925815359634,2.5,0.0,1.0,1.0,0.0,0.0,2.0,2.6767023566978843,6.0,0.46153846153846156,-6.574596080371811,0.0,0.0,1.0,0.0,23.142021996353975,1.0,0.0,1.0,-6.472858294220637,0.5290132596819612,5.0,0.030320401471368625,3.0,0.7191621130531071,4.0,6.122195547694204,1.0,22.51017331192318,0.0,0.0,0.0,0.0,0.0
0,0,0,1,1,0.0,41.0,1.0,0,0,0,0,0,0,0,0,1,1,0.0,30.0,0.0,2021_03_04,10.0,0.0,1.0,0.0,0.0,0.0,3.0,0.7507259605766999,0.5622720992469357,0.41859772222767727,20.0,1.0,0.8266666666666667,0.75,20.0,1.0,0.733095238095238,0.6,20.0,3.0,2.8,2.0,20.0,9.0,6.5,2.0,1.0,15.0,186.13130713752082,0,-0.30569024260518374,0,0,0,0,0,22.177443337721847,0.0,0.0,1.0,45,0.0,7.0,17.0,0,1.0,170.9182879377432,124.73646975592506,170.9182879377432,170.9182879377432,task_3,0.0,0.0,2.0,3.676300671907076,1.0,13.930048234506216,10.253747562599141,0.0,2.0,2.0,1.0,0,0,0,0.0,0.0,1.0,0.0,0,0,1.0,,,1.0,,,0.0,0.5174926149364296,170.9182879377432,170.9182879377432,2.5,0.0,1.0,1.0,0.0,0.0,2.0,2.6129074796224936,12.0,0.21818181818181817,-33.11690856045402,0.0,0.0,1.0,0.0,170.9182879377432,0.0,0.0,0.0,-10.939465222732174,6.58062513573593e-09,7.0,5.739112684355759e-09,4.0,5.739112684355759e-09,4.0,30.019920839932936,2.0,166.30689016786704,0.0,0.0,1.0,4.0,16.288032441072808
0,0,0,0,0,0.0,33.0,1.0,0,0,0,0,0,0,0,0,0,0,0.0,30.0,0.0,2021_03_04,10.0,0.0,1.0,0.0,0.0,0.0,3.0,0.7783030992583968,0.6609414144697792,0.5128522117013719,0.0,0.0,0.0,0.0,0.0,0.0,0.0,0.0,0.0,0.0,0.0,0.0,0.0,0.0,0.0,0.0,1.0,12.0,4230.427949053391,0,0.0,0,0,0,1,1,1.9815176761063906,0.0,0.0,1.0,46,0.0,7.0,14.0,0,1.0,54.81229447717619,11.008431533924387,54.81229447717619,54.81229447717619,task_2,0.0,0.0,2.0,17.526350688773853,10.0,30.127693738234694,12.60134304946084,0.0,2.0,2.0,1.0,0,0,0,0.0,0.0,1.0,0.0,0,0,1.0,,,,1.0,,0.0,0.5128522117013719,514.3869032871036,514.3869032871036,2.5,0.0,1.0,1.0,0.0,0.0,2.0,3.0128522117013716,1.0,1.0,-12.577779996422949,0.0,0.0,1.0,0.0,54.81229447717619,0.0,1.0,1.0,-10.596262320316558,0.3967786043419314,7.0,0.0064938646608066405,5.0,0.0064938646608066405,5.0,10.802460405651187,1.0,53.7990370981348,1.0,2.0,1.0,4.0,21.018236963539746
0,0,0,0,0,0.0,44.0,1.0,0,0,0,0,0,0,0,0,0,0,1.0,30.0,0.0,2021_03_04,10.0,0.0,0.0,0.0,0.0,0.0,3.0,0.9022458545584383,0.695209975938624,0.5568096517925858,20.0,1.0,0.8466666666666667,0.75,20.0,0.75,0.6814285714285714,0.6,20.0,3.0,2.7,2.0,20.0,9.0,7.3,3.0,1.0,12.0,3204.3896807179217,0,0.16404147168472516,0,0,0,0,0,19.990792537348234,0.0,0.0,1.0,47,1.0,6.0,16.0,0,1.0,307.5730845157333,110.23975118239994,307.5730845157333,307.5730845157333,task_1,0.0,0.0,2.0,22.99405734057301,10.0,38.98919288282042,15.995135542247407,0.0,2.0,2.0,1.0,0,0,0,0.0,0.0,1.0,0.0,1,1,1.0,,,,1.0,,0.0,0.9022458545584383,3204.3896807179217,3204.3896807179217,2.5,0.0,1.0,1.0,0.0,0.0,2.0,2.8007486181861463,4.0,0.3333333333333333,-57.88382896919952,0.0,0.0,1.0,0.0,307.5730845157333,0.0,0.0,0.0,-37.893036431851286,4.3674562573678896e-08,9.0,4.366545344262119e-08,3.0,4.366545344262119e-08,3.0,56.1074961219229,1.0,304.10201608836235,1.0,2.0,1.0,9.0,16.3791923421301
0,0,0,0,0,0.0,34.0,1.0,0,0,0,0,0,0,0,0,0,0,0.0,30.0,0.0,2021_03_04,10.0,0.0,1.0,0.0,0.0,0.0,3.0,0.8336144901022263,0.5902842276073292,0.4483615737886255,0.0,0.0,0.0,0.0,0.0,0.0,0.0,0.0,0.0,0.0,0.0,0.0,0.0,0.0,0.0,0.0,1.0,13.0,230.3222497489652,0,0.0,0,0,0,1,1,0.8123376623376526,0.0,0.0,1.0,48,0.0,5.0,13.0,0,1.0,37.7272727272727,4.512987012986962,37.7272727272727,37.7272727272727,task_2,0.0,0.0,3.0,7.782157214908233,8.0,16.774540275516248,8.992383060608015,0.0,3.0,3.0,1.0,0,0,0,0.0,0.0,1.0,0.0,0,0,1.0,,,1.0,1.0,,0.0,0.4888766189311357,219.05514153109579,219.05514153109579,2.5,0.0,1.0,1.0,0.0,0.0,2.0,2.9888766189311355,1.0,1.0,-9.480898047947107,0.0,0.0,1.0,0.0,37.7272727272727,0.0,1.0,1.0,-8.668560385609455,0.9019734245477995,7.0,0.02929331563633237,5.0,0.02929331563633237,5.0,7.915587311365263,1.0,37.7272727272727,0.0,0.0,1.0,0.0,0.0
0,0,0,1,2,0.0,31.0,1.0,1,1,0,0,0,0,0,0,1,2,1.0,30.0,0.25,2021_03_04,10.0,1.0,0.0,0.0,0.0,0.0,3.0,0.8732815179579854,0.6868890423676172,0.5109362595945871,0.0,0.0,0.0,0.0,0.0,0.0,0.0,0.0,0.0,0.0,0.0,0.0,0.0,0.0,0.0,0.0,1.0,10.0,1830.5192086175582,1,-0.32040211022193565,0,0,0,0,0,69.18860543193583,0.0,0.0,4.0,49,1.0,6.0,11.0,0,1.0,538.8237590502682,385.983151839642,538.8237590502682,538.8237590502682,task_5,0.0,0.0,1.0,12.382125756064045,3.0,24.177128444480033,11.795002688415988,0.0,1.0,1.0,1.0,0,0,0,0.0,0.0,1.0,0.0,1,2,1.0,,,,,,0.0,0.8732815179579854,1830.5192086175582,1830.5192086175582,2.5,0.0,1.0,1.0,0.0,0.0,2.0,2.6905341493726516,12.0,0.21818181818181817,-99.40975736348366,0.0,0.0,1.0,0.0,538.8237590502682,1.0,0.0,0.0,-30.221151931547844,7.661523091090807e-20,7.0,7.533051085027506e-20,4.0,7.533051085027506e-20,4.0,97.95032527769692,1.0,538.8237590502682,1.0,2.0,1.0,2.0,7.6108108108108725
0,0,0,0,0,0.0,37.0,1.0,0,0,0,0,0,0,0,0,0,0,1.0,30.0,0.0,2021_03_04,10.0,0.0,0.0,0.0,0.0,0.0,3.0,0.8454901137441838,0.649185840987465,0.3623413717115579,0.0,0.0,0.0,0.0,0.0,0.0,0.0,0.0,0.0,0.0,0.0,0.0,0.0,0.0,0.0,0.0,1.0,9.0,212.8318318318319,0,-0.12043526609509447,0,0,0,0,0,17.783860512766665,0.0,0.0,2.0,50,1.0,5.0,11.0,0,1.0,183.33333333333334,99.4014014014014,183.33333333333334,183.33333333333334,task_1,0.0,0.0,2.0,2.7218338957189916,1.0,13.604364282135563,10.882530386416573,0.0,2.0,2.0,1.0,0,0,0,0.0,0.0,1.0,0.0,1,2,1.0,,,1.0,,,0.0,0.7397260375066534,197.54152024890578,197.54152024890578,2.5,0.0,1.0,1.0,0.0,0.0,2.0,2.6613947718196336,12.0,0.21818181818181817,-35.39525529463767,0.0,0.0,1.0,0.0,183.33333333333334,0.0,0.0,0.0,-17.611394781871006,3.5572620984715734e-07,9.0,3.5510900743566177e-07,3.0,3.5510900743566177e-07,3.0,32.88860826051442,1.0,177.33228332283323,1.0,2.0,1.0,4.0,48.94948717948708
0,0,0,0,0,0.0,37.0,1.0,0,0,0,0,0,0,0,0,0,0,1.0,30.0,0.0,2021_03_04,10.0,0.0,0.0,0.0,0.0,0.0,3.0,0.8454901137441838,0.649185840987465,0.3623413717115579,0.0,0.0,0.0,0.0,0.0,0.0,0.0,0.0,0.0,0.0,0.0,0.0,0.0,0.0,0.0,0.0,1.0,9.0,212.8318318318319,0,-0.12043526609509447,0,0,0,0,0,17.783860512766665,0.0,0.0,2.0,51,1.0,5.0,11.0,0,1.0,183.33333333333334,99.4014014014014,183.33333333333334,183.33333333333334,task_1,0.0,0.0,2.0,2.7218338957189916,1.0,13.604364282135563,10.882530386416573,0.0,2.0,2.0,1.0,0,0,0,0.0,0.0,1.0,0.0,1,2,1.0,,,1.0,,,0.0,0.7397260375066534,197.54152024890578,197.54152024890578,2.5,0.0,1.0,1.0,0.0,0.0,2.0,2.6613947718196336,12.0,0.21818181818181817,-35.39525529463767,0.0,0.0,1.0,0.0,183.33333333333334,0.0,0.0,0.0,-17.611394781871006,3.5572620984715734e-07,9.0,3.5510900743566177e-07,3.0,3.5510900743566177e-07,3.0,32.88860826051442,1.0,177.33228332283323,1.0,2.0,1.0,4.0,48.94948717948708
1,1,0,1,2,0.0,31.0,1.0,1,1,0,1,1,0,1,2,1,2,1.0,30.0,0.5,2021_03_04,10.0,2.0,0.0,0.0,0.0,0.0,3.0,0.8732815179579854,0.6868890423676172,0.5109362595945871,0.0,0.0,0.0,0.0,0.0,0.0,0.0,0.0,0.0,0.0,0.0,0.0,0.0,0.0,0.0,0.0,1.0,10.0,1830.5192086175582,1,-0.32040211022193565,1,1,0,1,2,69.18860543193583,0.0,0.0,4.0,52,1.0,6.0,11.0,0,1.0,538.8237590502682,385.983151839642,538.8237590502682,538.8237590502682,task_6,0.0,0.0,1.0,12.382125756064045,3.0,24.177128444480033,11.795002688415988,0.0,1.0,1.0,1.0,0,0,0,0.0,0.0,1.0,0.0,0,0,1.0,,,,,,0.0,0.8732815179579854,1830.5192086175582,1830.5192086175582,2.5,0.0,1.0,1.0,0.0,0.0,2.0,2.6905341493726516,12.0,0.21818181818181817,-99.40975736348366,0.0,0.0,1.0,0.0,538.8237590502682,1.0,0.0,0.0,-30.221151931547844,7.661523091090807e-20,7.0,7.533051085027506e-20,4.0,7.533051085027506e-20,4.0,97.95032527769692,1.0,538.8237590502682,1.0,2.0,1.0,2.0,7.6108108108108725
0,0,0,0,0,0.0,39.0,2.0,0,0,0,0,0,0,0,0,0,0,1.0,30.0,0.0,2021_03_06,10.0,0.0,1.0,0.0,0.0,0.0,2.0,0.7021852950307864,0.49227739330648423,0.28236949158218205,0.0,0.0,0.0,0.0,0.0,0.0,0.0,0.0,0.0,0.0,0.0,0.0,0.0,0.0,0.0,0.0,0.0,0.0,0.0,0,0.0,0,0,0,0,0,0.0,0.0,0.0,1.0,53,1.0,3.0,7.0,0,2.0,7.731249999999942,0.0,7.731249999999942,7.731249999999942,task_1,0.0,0.0,0.0,0.0,0.0,9.04091659340567,9.04091659340567,1.0,1.0,1.0,1.0,0,0,0,0.0,0.0,0.0,1.0,1,1,,,1.0,,,,0.0,0.28236949158218205,13.462499999999883,13.462499999999883,1.5269999999999906,0.0,0.0,1.0,0.0,1.0,2.0,1.5975923728955361,1.0,0.25,-2.829458135605972,0.0,0.0,1.0,0.0,7.731249999999942,0.0,1.0,1.0,-2.829458135605972,1.733446863371119,8.0,0.6888456494313935,2.0,0.6888456494313935,2.0,2.829458135605972,2.0,7.731249999999942,1.0,2.0,1.0,7.0,20.151844532279313
0,0,0,1,1,0.0,58.0,1.0,0,0,0,0,0,0,1,1,1,1,1.0,30.0,0.0,2021_03_06,10.0,0.0,1.0,0.0,0.0,0.0,3.0,0.8032966366534414,0.37996502229804663,0.15891733567264377,0.0,0.0,0.0,0.0,0.0,0.0,0.0,0.0,0.0,0.0,0.0,0.0,0.0,0.0,0.0,0.0,0.0,0.0,0.0,0,0.0,0,0,0,1,1,0.0,0.0,0.0,3.0,54,1.0,2.0,7.0,0,1.0,10.232088799192738,0.0,10.232088799192738,10.232088799192738,task_7,0.0,0.0,0.0,0.0,0.0,26.264950005567268,26.264950005567268,3.0,3.0,1.0,1.0,0,0,0,0.0,0.0,0.0,1.0,1,1,,,1.0,,,,0.0,0.8032966366534414,30.88094725145921,30.88094725145921,2.5,0.0,0.0,1.0,0.0,1.0,2.0,2.70082415916336,1.0,0.25,-4.272517727101717,0.0,0.0,1.0,0.0,10.232088799192738,0.0,1.0,1.0,-4.272517727101717,1.4488898066207758,7.0,0.08070779902315646,2.0,0.08070779902315646,2.0,4.261034240607668,1.0,10.232088799192738,1.0,2.0,1.0,7.0,30.88094725145921
0,0,0,1,1,1.0,56.0,1.0,0,0,0,0,0,0,0,0,1,1,3.0,30.0,0.0,2021_03_07,10.0,0.0,0.0,0.0,0.0,0.0,1.0,0.9982953841253283,0.9982953841253283,0.9982953841253283,0.0,0.0,0.0,0.0,0.0,0.0,0.0,0.0,0.0,0.0,0.0,0.0,0.0,0.0,0.0,0.0,0.0,0.0,0.0,0,0.0,0,0,0,0,0,0.0,0.0,0.0,2.0,55,3.0,0.0,0.0,0,0.0,0.0,0.0,0.0,0.0,task_5,1.0,0.0,0.0,0.0,0.0,0.0,0.0,0.0,1.0,1.0,1.0,0,0,0,1.0,0.0,0.0,0.0,1,1,,,,,,1.0,1.0,0.9982953841253283,0.0,0.0,0.0,0.0,0.0,0.0,0.0,0.0,1.0,0.21702073567941918,5.0,0.21739130434782608,0.1546813378885227,0.0,0.0,1.0,0.0,0.0,0.0,1.0,1.0,0.1546813378885227,1.9897916712823183,8.0,0.600359531739504,3.0,0.600359531739504,3.0,0.1171911972668864,1.0,0.0,0.0,0.0,0.0,0.0,0.0
0,0,0,1,1,1.0,56.0,1.0,0,0,0,0,0,0,1,1,1,1,3.0,30.0,0.0,2021_03_07,10.0,0.0,0.0,0.0,0.0,0.0,1.0,0.9982953841253283,0.9982953841253283,0.9982953841253283,0.0,0.0,0.0,0.0,0.0,0.0,0.0,0.0,0.0,0.0,0.0,0.0,0.0,0.0,0.0,0.0,0.0,0.0,0.0,0,0.0,0,0,0,1,1,0.0,0.0,0.0,3.0,56,3.0,0.0,0.0,0,0.0,0.0,0.0,0.0,0.0,task_7,1.0,0.0,0.0,0.0,0.0,0.0,0.0,0.0,1.0,1.0,1.0,0,0,0,1.0,0.0,0.0,0.0,1,1,,,,,,1.0,1.0,0.9982953841253283,0.0,0.0,0.0,0.0,0.0,0.0,0.0,0.0,1.0,0.21702073567941918,5.0,0.21739130434782608,0.1546813378885227,0.0,0.0,1.0,0.0,0.0,0.0,1.0,1.0,0.1546813378885227,1.9897916712823183,8.0,0.600359531739504,3.0,0.600359531739504,3.0,0.1171911972668864,1.0,0.0,0.0,0.0,0.0,0.0,0.0
0,0,0,0,0,1.0,48.0,1.0,0,0,0,0,0,0,0,0,0,0,3.0,30.0,0.0,2021_03_09,10.0,0.0,0.0,0.0,0.0,0.0,1.0,0.9984038297885895,0.9984038297885895,0.9984038297885895,0.0,0.0,0.0,0.0,0.0,0.0,0.0,0.0,0.0,0.0,0.0,0.0,0.0,0.0,0.0,0.0,0.0,0.0,0.0,0,0.0,0,0,0,1,1,0.0,0.0,0.0,1.0,57,3.0,0.0,0.0,0,0.0,0.0,0.0,0.0,0.0,task_2,1.0,0.0,0.0,0.0,0.0,0.0,0.0,0.0,1.0,1.0,1.0,0,0,0,1.0,0.0,0.0,0.0,0,0,,,,,,1.0,1.0,0.9984038297885895,0.0,0.0,0.0,0.0,0.0,0.0,0.0,0.0,1.0,0.3328012765961965,6.0,0.3333333333333333,0.05047885106342309,0.0,0.0,1.0,0.0,0.0,0.0,1.0,1.0,0.05047885106342309,2.039882335631741,8.0,0.45580838526295303,2.0,0.45580838526295303,2.0,0.19968076595771794,1.0,0.0,0.0,0.0,0.0,0.0,0.0
0,0,0,0,0,1.0,48.0,1.0,0,0,0,0,0,0,0,0,0,0,3.0,30.0,0.0,2021_03_09,10.0,0.0,0.0,0.0,0.0,0.0,1.0,0.9984038297885895,0.9984038297885895,0.9984038297885895,0.0,0.0,0.0,0.0,0.0,0.0,0.0,0.0,0.0,0.0,0.0,0.0,0.0,0.0,0.0,0.0,0.0,0.0,0.0,0,0.0,0,0,0,1,1,0.0,0.0,0.0,1.0,58,3.0,0.0,0.0,0,0.0,0.0,0.0,0.0,0.0,task_2,1.0,0.0,0.0,0.0,0.0,0.0,0.0,0.0,1.0,1.0,1.0,0,0,0,1.0,0.0,0.0,0.0,0,0,,,,,,1.0,1.0,0.9984038297885895,0.0,0.0,0.0,0.0,0.0,0.0,0.0,0.0,1.0,0.3328012765961965,6.0,0.3333333333333333,0.05047885106342309,0.0,0.0,1.0,0.0,0.0,0.0,1.0,1.0,0.05047885106342309,2.039882335631741,8.0,0.45580838526295303,2.0,0.45580838526295303,2.0,0.19968076595771794,1.0,0.0,0.0,0.0,0.0,0.0,0.0
0,0,0,1,1,1.0,48.0,1.0,0,0,0,0,0,0,1,1,1,1,3.0,30.0,0.0,2021_03_09,10.0,0.0,0.0,0.0,0.0,0.0,1.0,0.9984038297885895,0.9984038297885895,0.9984038297885895,0.0,0.0,0.0,0.0,0.0,0.0,0.0,0.0,0.0,0.0,0.0,0.0,0.0,0.0,0.0,0.0,0.0,0.0,0.0,0,0.0,0,0,0,1,1,0.0,0.0,0.0,2.0,59,3.0,0.0,0.0,0,0.0,0.0,0.0,0.0,0.0,task_6,1.0,0.0,0.0,0.0,0.0,0.0,0.0,0.0,1.0,1.0,1.0,0,0,0,1.0,0.0,0.0,0.0,0,0,,,,,,1.0,1.0,0.9984038297885895,0.0,0.0,0.0,0.0,0.0,0.0,0.0,0.0,1.0,0.3328012765961965,6.0,0.3333333333333333,0.05047885106342309,0.0,0.0,1.0,0.0,0.0,0.0,1.0,1.0,0.05047885106342309,2.039882335631741,8.0,0.45580838526295303,2.0,0.45580838526295303,2.0,0.19968076595771794,1.0,0.0,0.0,0.0,0.0,0.0,0.0
0,0,0,0,0,1.0,48.0,1.0,0,0,0,0,0,0,0,0,0,0,3.0,30.0,0.0,2021_03_09,10.0,0.0,0.0,0.0,0.0,0.0,1.0,0.9984038297885895,0.9984038297885895,0.9984038297885895,0.0,0.0,0.0,0.0,0.0,0.0,0.0,0.0,0.0,0.0,0.0,0.0,0.0,0.0,0.0,0.0,0.0,0.0,0.0,0,0.0,0,0,0,1,1,0.0,0.0,0.0,2.0,60,3.0,0.0,0.0,0,0.0,0.0,0.0,0.0,0.0,task_4,1.0,0.0,0.0,0.0,0.0,0.0,0.0,0.0,1.0,1.0,1.0,0,0,0,1.0,0.0,0.0,0.0,1,1,,,,,,1.0,1.0,0.9984038297885895,0.0,0.0,0.0,0.0,0.0,0.0,0.0,0.0,1.0,0.3328012765961965,6.0,0.3333333333333333,0.05047885106342309,0.0,0.0,1.0,0.0,0.0,0.0,1.0,1.0,0.05047885106342309,2.039882335631741,8.0,0.45580838526295303,2.0,0.45580838526295303,2.0,0.19968076595771794,1.0,0.0,0.0,0.0,0.0,0.0,0.0
0,0,0,1,1,0.0,38.0,1.0,1,1,1,0,0,0,0,0,1,1,0.0,30.0,0.5,2021_03_10,10.0,1.0,1.0,0.0,0.0,0.0,3.0,0.959991025460776,0.5659381640733029,0.27098121203723635,0.0,0.0,0.0,0.0,0.0,0.0,0.0,0.0,0.0,0.0,0.0,0.0,0.0,0.0,0.0,0.0,1.0,13.0,1858.5538461538463,1,-0.4266626779825673,0,0,0,0,0,256.7593214254871,0.0,0.0,2.0,61,0.0,9.0,18.0,0,1.0,1676.2,1428.573987975952,1676.2,1676.2,task_5,0.0,0.0,2.0,5.211417871411287,5.0,19.124702538241518,13.913284666830231,0.0,2.0,2.0,1.0,0,0,0,0.0,0.0,1.0,0.0,1,1,1.0,,,1.0,,,0.0,0.959991025460776,1858.5538461538463,1858.5538461538463,2.5,0.0,1.0,1.0,0.0,0.0,2.0,2.6066656694956416,1.0,0.1111111111111111,-304.0619991025461,0.0,0.0,1.0,0.0,1676.2,1.0,0.0,0.0,-47.302677677059044,6.72388631749128e-20,7.0,8.482115115383271e-20,4.0,8.535591416148136e-20,5.0,300.815211198701,1.0,1671.284745762712,1.0,2.0,1.0,12.0,99.28876833687258
0,0,0,0,0,0.0,36.0,1.0,0,0,0,0,0,0,0,0,0,0,0.0,30.0,0.0,2021_03_10,10.0,0.0,1.0,0.0,0.0,0.0,3.0,0.9386532450198498,0.5863372111571749,0.2870905413625436,0.0,0.0,0.0,0.0,0.0,0.0,0.0,0.0,0.0,0.0,0.0,0.0,0.0,0.0,0.0,0.0,1.0,13.0,29.759796765939285,0,0.47362560145060373,0,0,0,1,1,0.4262630413055426,0.0,0.0,1.0,62,0.0,9.0,18.0,0,1.0,27.57698977456198,0.0,27.57698977456198,27.57698977456198,task_2,0.0,0.0,2.0,2.2780840067527803,3.0,9.444004601655188,7.165920594902407,0.0,2.0,2.0,1.0,0,0,0,0.0,0.0,1.0,0.0,0,0,1.0,,,1.0,,,0.0,0.9386532450198498,29.759796765939285,29.759796765939285,2.5,0.0,1.0,1.0,0.0,0.0,2.0,3.0214740250110275,5.0,0.5555555555555556,-7.683184781931081,0.0,0.0,1.0,0.0,27.57698977456198,1.0,0.0,1.0,-7.256921740625538,0.2989870115709614,9.0,0.19657739653182332,2.0,0.8344112137997778,3.0,4.658026296382452,1.0,23.988280097142624,1.0,2.0,1.0,12.0,68.02439135316719
1,1,1,1,1,0.0,46.0,1.0,1,1,1,0,0,0,0,0,1,1,0.0,30.0,1.0,2021_03_10,10.0,1.0,1.0,0.0,0.0,0.0,3.0,0.8910553038293352,0.6523648938404079,0.44187346745148853,0.0,0.0,0.0,0.0,0.0,0.0,0.0,0.0,0.0,0.0,0.0,0.0,0.0,0.0,0.0,0.0,1.0,12.0,1826.9250624185252,1,-0.30821517187708825,0,0,0,0,0,185.7400127524477,0.0,0.0,1.0,63,0.0,6.0,16.0,1,1.0,1241.657587548638,1033.4300355952062,1241.657587548638,1241.657587548638,task_3,0.0,0.0,1.0,7.5750075809534705,2.0,22.137838587725813,14.562831006772342,0.0,1.0,1.0,1.0,0,0,0,0.0,0.0,1.0,0.0,0,0,1.0,,,,,,0.0,0.8910553038293352,1826.9250624185252,1826.9250624185252,2.5,0.0,1.0,1.0,0.0,0.0,2.0,2.6336582955744,9.0,0.15,-225.8686582247718,0.0,0.0,1.0,0.0,1241.657587548638,1.0,0.0,0.0,-40.128645472324074,6.697148167108848e-20,6.0,7.480909893241548e-20,3.0,7.561124344388845e-20,4.0,217.5295119271351,1.0,1207.977506223517,1.0,2.0,1.0,4.0,100.43894782420455
1,1,1,1,1,0.0,51.0,1.0,1,1,1,0,0,0,0,0,1,1,0.0,30.0,1.0,2021_03_10,10.0,2.0,1.0,1.0,15.0,0.0,3.0,0.9445285114398174,0.6225898822650615,0.4188796870047298,0.0,0.0,0.0,0.0,0.0,0.0,0.0,0.0,0.0,0.0,0.0,0.0,0.0,0.0,0.0,0.0,1.0,13.0,107759.05107812653,1,-0.36268217163466465,0,0,0,0,0,9196.025185602732,0.0,0.0,2.0,64,0.0,5.0,13.0,1,1.0,51501.4,51090.84221976224,51501.4,51501.4,task_5,0.0,0.0,1.0,13.048729666841234,3.0,30.3818017621762,17.333072095334963,0.0,1.0,1.0,1.0,1,1,1,0.0,0.0,1.0,0.0,1,1,1.0,,,,,,0.0,0.9445285114398174,107759.05107812653,107759.05107812653,2.5,0.0,1.0,1.0,0.0,0.0,2.0,2.6416792767159727,9.0,0.15,-9272.629511349045,0.0,0.0,1.0,0.0,51501.4,1.0,0.0,0.0,-76.6043257463129,6.72388631749128e-20,7.0,4.7149220183800655e-20,3.0,4.76839831914493e-20,4.0,9263.83264495598,1.0,51465.37758644437,0.0,0.0,1.0,0.0,0.0
1,2,1,1,2,0.0,37.0,1.0,1,2,1,1,2,1,1,2,1,2,0.0,30.0,0.6666666666666666,2021_03_10,10.0,4.0,1.0,0.0,0.0,0.0,3.0,0.7555320853933654,0.5010863636721251,0.3225995273452123,0.0,0.0,0.0,0.0,0.0,0.0,0.0,0.0,0.0,0.0,0.0,0.0,0.0,0.0,0.0,0.0,1.0,9.0,5021.250958677179,1,0.0,1,2,1,1,2,357.69480904085765,0.0,0.0,6.0,65,0.0,5.0,9.0,0,1.0,2445.293103448276,1987.1933835603206,2445.293103448276,2445.293103448276,task_7,0.0,0.0,2.0,10.67832821015873,3.0,20.0683228469224,9.389994636763669,0.0,2.0,2.0,1.0,0,0,0,0.0,0.0,1.0,0.0,1,2,1.0,,,1.0,,,0.0,0.7555320853933654,5021.250958677179,5021.250958677179,2.5,0.0,1.0,1.0,0.0,0.0,2.0,2.613329812809005,9.0,0.15,-442.5047554522177,0.0,0.0,1.0,0.0,2445.293103448276,0.0,1.0,1.0,-84.80994641136003,6.660317868949083e-20,5.0,4.666664463464062e-20,2.0,4.731568020985165e-20,3.0,441.4251359587429,1.0,2442.6967545638945,0.0,0.0,1.0,0.0,0.0
0,0,0,1,2,0.0,37.0,1.0,1,2,1,0,0,0,0,0,1,2,0.0,30.0,0.5,2021_03_10,10.0,2.0,1.0,0.0,0.0,0.0,3.0,0.7555320853933654,0.5010863636721251,0.3225995273452123,0.0,0.0,0.0,0.0,0.0,0.0,0.0,0.0,0.0,0.0,0.0,0.0,0.0,0.0,0.0,0.0,1.0,9.0,5021.250958677179,1,0.0,0,0,0,0,0,357.69480904085765,0.0,0.0,4.0,66,0.0,5.0,9.0,0,1.0,2445.293103448276,1987.1933835603206,2445.293103448276,2445.293103448276,task_5,0.0,0.0,2.0,10.67832821015873,3.0,20.0683228469224,9.389994636763669,0.0,2.0,2.0,1.0,0,0,0,0.0,0.0,1.0,0.0,1,2,1.0,,,1.0,,,0.0,0.7555320853933654,5021.250958677179,5021.250958677179,2.5,0.0,1.0,1.0,0.0,0.0,2.0,2.613329812809005,9.0,0.15,-442.5047554522177,0.0,0.0,1.0,0.0,2445.293103448276,0.0,1.0,1.0,-84.80994641136003,6.660317868949083e-20,5.0,4.666664463464062e-20,2.0,4.731568020985165e-20,3.0,441.4251359587429,1.0,2442.6967545638945,0.0,0.0,1.0,0.0,0.0
0,0,0,0,0,0.0,51.0,1.0,0,0,0,0,0,0,0,0,0,0,0.0,30.0,0.25,2021_03_12,10.0,1.0,1.0,0.0,0.0,0.0,3.0,0.9410257459918352,0.6212626295592841,0.42802318977505416,0.0,0.0,0.0,0.0,0.0,0.0,0.0,0.0,0.0,0.0,0.0,0.0,0.0,0.0,0.0,0.0,1.0,15.0,5236.950786799119,1,0.0,1,1,0,1,2,151.98678176806135,0.0,0.0,4.0,67,0.0,5.0,15.0,0,1.0,1237.7043431558964,844.3710098225631,1237.7043431558964,1237.7043431558964,task_4,0.0,0.0,2.0,22.957194237563627,4.0,40.45280818071794,17.49561394315431,0.0,2.0,2.0,1.0,0,0,0,0.0,0.0,1.0,0.0,1,2,1.0,,,,1.0,,0.0,0.9410257459918352,5236.950786799119,5236.950786799119,2.5,0.0,1.0,1.0,0.0,0.0,2.0,2.688205149198367,12.0,0.2,-225.20616640233987,0.0,0.0,1.0,0.0,1237.7043431558964,0.0,1.0,1.0,-73.21938463427853,6.697148167108848e-20,6.0,6.48790229458378e-20,2.0,6.580103417801787e-20,3.0,217.90126896329346,1.0,1211.7589869126145,0.0,0.0,1.0,0.0,0.0
0,0,0,0,0,0.0,34.0,1.0,0,0,0,0,0,0,0,0,0,0,0.0,30.0,1.0,2021_03_04,10.0,1.0,1.0,0.0,0.0,0.0,3.0,0.8376737197017529,0.5938101520805942,0.461537454656148,0.0,0.0,0.0,0.0,0.0,0.0,0.0,0.0,0.0,0.0,0.0,0.0,0.0,0.0,0.0,0.0,1.0,13.0,3061.336206778934,1,0.0,1,1,1,1,1,100.8161005359453,0.0,0.0,1.0,68,0.0,5.0,13.0,1,1.0,590.3751617076326,560.0894474219183,590.3751617076326,590.3751617076326,task_2,0.0,0.0,2.0,36.35318391993779,7.0,59.68240751129339,23.3292235913556,0.0,2.0,2.0,1.0,0,0,0,0.0,0.0,1.0,0.0,0,0,1.0,,,,1.0,,0.0,0.4822192818838816,3061.336206778934,3061.336206778934,2.5,0.0,1.0,1.0,0.0,0.0,2.0,2.9822192818838817,1.0,1.0,-108.95152646106936,0.0,0.0,1.0,0.0,590.3751617076326,0.0,1.0,1.0,-8.13542592512407,7.661523091090807e-20,7.0,4.76839831914493e-20,4.0,4.76839831914493e-20,4.0,107.8690645322799,1.0,590.3751617076326,0.0,0.0,1.0,0.0,0.0
0,0,0,1,1,0.0,42.0,1.0,1,1,1,0,0,0,0,0,1,1,1.0,30.0,0.5,2021_03_04,10.0,1.0,0.0,0.0,0.0,0.0,3.0,0.9350995612626971,0.6822898514791813,0.4600389853663376,0.0,0.0,0.0,0.0,0.0,0.0,0.0,0.0,0.0,0.0,0.0,0.0,0.0,0.0,0.0,0.0,1.0,13.0,3876.527969408526,1,0.25601726290902205,0,0,0,0,0,64.24029204022771,0.0,0.0,2.0,69,1.0,6.0,14.0,0,1.0,673.1104250200533,355.6104250200533,673.1104250200533,673.1104250200533,task_5,0.0,0.0,1.0,35.164782265743426,10.0,57.075770491517076,21.91098822577365,0.0,1.0,1.0,1.0,0,0,0,0.0,0.0,1.0,0.0,1,1,1.0,,,,,,0.0,0.4600389853663376,3876.527969408526,3876.527969408526,2.5,0.0,1.0,1.0,0.0,0.0,2.0,2.960038985366338,1.0,1.0,-123.8239115904393,0.0,0.0,1.0,0.0,673.1104250200533,1.0,0.0,0.0,-59.58361955021158,7.68826124147324e-20,8.0,3.793931247385638e-20,3.0,3.793931247385638e-20,3.0,118.6992920402277,1.0,655.154098349691,1.0,2.0,1.0,2.0,3.036842105263156
0,0,0,1,1,0.0,36.0,2.0,0,0,0,0,0,0,1,1,1,1,1.0,30.0,0.0,2021_03_06,10.0,0.0,1.0,0.0,0.0,0.0,2.0,0.721892847440212,0.44576576396508377,0.16963868048995553,0.0,0.0,0.0,0.0,0.0,0.0,0.0,0.0,0.0,0.0,0.0,0.0,0.0,0.0,0.0,0.0,0.0,0.0,0.0,0,0.0,0,0,0,1,1,0.1800000000000006,0.0,0.0,3.0,70,1.0,3.0,12.0,0,2.0,14.444444444444482,1.0,14.444444444444482,14.444444444444482,task_7,0.0,0.0,0.0,0.0,0.0,10.058753960783129,10.058753960783129,1.0,1.0,1.0,1.0,0,0,0,0.0,0.0,0.0,1.0,1,1,,,1.0,,,,0.0,0.16963868048995553,26.888888888888964,26.888888888888964,2.5,0.0,0.0,1.0,0.0,1.0,2.0,2.5424096701224888,1.0,0.25,-4.888168703110247,0.0,0.0,1.0,0.0,14.444444444444482,0.0,1.0,1.0,-4.708168703110246,1.4317270829285804,8.0,0.6054901472266456,2.0,0.6054901472266456,2.0,2.6011451064747924,1.0,11.469444444444482,1.0,2.0,1.0,12.0,66.10922848088433
0,0,0,1,1,0.0,45.0,2.0,0,0,0,0,0,0,1,1,1,1,1.0,30.0,0.0,2021_03_06,10.0,0.0,1.0,0.0,0.0,0.0,2.0,0.7184283961295582,0.45892822662532773,0.1994280571210972,0.0,0.0,0.0,0.0,0.0,0.0,0.0,0.0,0.0,0.0,0.0,0.0,0.0,0.0,0.0,0.0,0.0,0.0,0.0,0,-0.6716647812708421,0,0,0,1,1,0.24678257805214887,0.0,0.0,2.0,71,1.0,3.0,12.0,0,2.0,7.776829268292673,2.7848937844217048,7.776829268292673,7.776829268292673,task_6,0.0,0.0,0.0,4.643812940344655,1.0,10.290655732126776,5.646842791782121,1.0,1.0,1.0,1.0,0,0,0,0.0,0.0,0.0,1.0,0,0,,,1.0,,,,0.0,0.1994280571210972,17.728521924563477,17.728521924563477,1.8682817539650782,0.0,0.0,1.0,0.0,1.0,2.0,1.9181387682453526,1.0,0.25,-3.126154159713498,0.0,0.0,1.0,0.0,7.776829268292673,0.0,0.0,0.0,-2.879371581661349,2.12754894505518,9.0,0.5364406178931256,2.0,0.5364406178931256,2.0,0.5034705000326438,1.0,4.210937795424456,1.0,2.0,1.0,12.0,74.45594511746509
0,0,0,1,1,0.0,24.0,2.0,0,0,0,0,0,0,1,1,1,1,1.0,24.0,0.0,2021_03_06,10.0,0.0,1.0,0.0,0.0,0.0,2.0,0.6335715584041545,0.5296617148869632,0.42575187136977194,0.0,0.0,0.0,0.0,0.0,0.0,0.0,0.0,0.0,0.0,0.0,0.0,0.0,0.0,0.0,0.0,0.0,0.0,0.0,0,0.0,0,0,0,1,1,0.0,0.0,0.0,2.0,72,1.0,3.0,4.0,0,2.0,61.899999999999984,0.0,61.899999999999984,61.899999999999984,task_6,0.0,0.0,0.0,0.0,0.0,12.356363374355215,12.356363374355215,1.0,1.0,1.0,1.0,0,0,0,0.0,0.0,0.0,1.0,0,0,,,1.0,,,,0.0,0.42575187136977194,121.79999999999997,121.79999999999997,2.5,0.0,0.0,1.0,0.0,1.0,2.0,2.606437967842443,1.0,0.25,-13.487794171058194,0.0,0.0,1.0,0.0,61.899999999999984,0.0,1.0,1.0,-13.487794171058194,0.6932550487460005,6.0,0.00014495534223521293,3.0,0.00014495534223521293,3.0,13.623963770096791,2.0,61.899999999999984,1.0,2.0,1.0,4.0,121.79999999999997
0,0,0,0,0,1.0,56.0,1.0,0,0,0,0,0,0,0,0,0,0,3.0,30.0,1.0,2021_03_07,10.0,1.0,0.0,0.0,0.0,0.0,1.0,0.9982953841253283,0.9982953841253283,0.9982953841253283,0.0,0.0,0.0,0.0,0.0,0.0,0.0,0.0,0.0,0.0,0.0,0.0,0.0,0.0,0.0,0.0,0.0,0.0,0.0,1,0.0,1,1,1,1,1,0.0,0.0,0.0,1.0,73,3.0,0.0,0.0,1,0.0,0.0,0.0,0.0,0.0,task_2,1.0,0.0,0.0,0.0,0.0,0.0,0.0,0.0,1.0,1.0,1.0,0,0,0,1.0,0.0,0.0,0.0,0,0,,,,,,1.0,1.0,0.9982953841253283,0.0,0.0,0.0,0.0,0.0,0.0,0.0,0.0,1.0,0.21702073567941918,5.0,0.21739130434782608,0.1546813378885227,0.0,0.0,1.0,0.0,0.0,0.0,1.0,1.0,0.1546813378885227,1.9897916712823183,8.0,0.600359531739504,3.0,0.600359531739504,3.0,0.1171911972668864,1.0,0.0,0.0,0.0,0.0,0.0,0.0
0,0,0,0,0,1.0,56.0,1.0,0,0,0,0,0,0,0,0,0,0,3.0,30.0,0.5,2021_03_07,10.0,1.0,0.0,0.0,0.0,0.0,1.0,0.9982953841253283,0.9982953841253283,0.9982953841253283,0.0,0.0,0.0,0.0,0.0,0.0,0.0,0.0,0.0,0.0,0.0,0.0,0.0,0.0,0.0,0.0,0.0,0.0,0.0,1,0.0,1,1,1,1,1,0.0,0.0,0.0,2.0,74,3.0,0.0,0.0,0,0.0,0.0,0.0,0.0,0.0,task_4,1.0,0.0,0.0,0.0,0.0,0.0,0.0,0.0,1.0,1.0,1.0,0,0,0,1.0,0.0,0.0,0.0,1,1,,,,,,1.0,1.0,0.9982953841253283,0.0,0.0,0.0,0.0,0.0,0.0,0.0,0.0,1.0,0.21702073567941918,5.0,0.21739130434782608,0.1546813378885227,0.0,0.0,1.0,0.0,0.0,0.0,1.0,1.0,0.1546813378885227,1.9897916712823183,8.0,0.600359531739504,3.0,0.600359531739504,3.0,0.1171911972668864,1.0,0.0,0.0,0.0,0.0,0.0,0.0
0,0,0,1,1,1.0,56.0,1.0,0,0,0,0,0,0,1,1,1,1,3.0,30.0,0.5,2021_03_07,10.0,1.0,0.0,0.0,0.0,0.0,1.0,0.9982953841253283,0.9982953841253283,0.9982953841253283,0.0,0.0,0.0,0.0,0.0,0.0,0.0,0.0,0.0,0.0,0.0,0.0,0.0,0.0,0.0,0.0,0.0,0.0,0.0,1,0.0,1,1,1,1,1,0.0,0.0,0.0,2.0,75,3.0,0.0,0.0,0,0.0,0.0,0.0,0.0,0.0,task_6,1.0,0.0,0.0,0.0,0.0,0.0,0.0,0.0,1.0,1.0,1.0,0,0,0,1.0,0.0,0.0,0.0,0,0,,,,,,1.0,1.0,0.9982953841253283,0.0,0.0,0.0,0.0,0.0,0.0,0.0,0.0,1.0,0.21702073567941918,5.0,0.21739130434782608,0.1546813378885227,0.0,0.0,1.0,0.0,0.0,0.0,1.0,1.0,0.1546813378885227,1.9897916712823183,8.0,0.600359531739504,3.0,0.600359531739504,3.0,0.1171911972668864,1.0,0.0,0.0,0.0,0.0,0.0,0.0
0,0,0,1,1,1.0,56.0,1.0,0,0,0,0,0,0,1,1,1,1,3.0,30.0,0.5,2021_03_07,10.0,1.0,0.0,0.0,0.0,0.0,1.0,0.9982953841253283,0.9982953841253283,0.9982953841253283,0.0,0.0,0.0,0.0,0.0,0.0,0.0,0.0,0.0,0.0,0.0,0.0,0.0,0.0,0.0,0.0,0.0,0.0,0.0,1,0.0,1,1,1,1,1,0.0,0.0,0.0,2.0,76,3.0,0.0,0.0,0,0.0,0.0,0.0,0.0,0.0,task_6,1.0,0.0,0.0,0.0,0.0,0.0,0.0,0.0,1.0,1.0,1.0,0,0,0,1.0,0.0,0.0,0.0,0,0,,,,,,1.0,1.0,0.9982953841253283,0.0,0.0,0.0,0.0,0.0,0.0,0.0,0.0,1.0,0.21702073567941918,5.0,0.21739130434782608,0.1546813378885227,0.0,0.0,1.0,0.0,0.0,0.0,1.0,1.0,0.1546813378885227,1.9897916712823183,8.0,0.600359531739504,3.0,0.600359531739504,3.0,0.1171911972668864,1.0,0.0,0.0,0.0,0.0,0.0,0.0
1,1,1,1,1,1.0,56.0,1.0,1,1,1,0,0,0,0,0,1,1,3.0,30.0,1.0,2021_03_07,10.0,1.0,0.0,0.0,0.0,0.0,1.0,0.9982953841253283,0.9982953841253283,0.9982953841253283,0.0,0.0,0.0,0.0,0.0,0.0,0.0,0.0,0.0,0.0,0.0,0.0,0.0,0.0,0.0,0.0,0.0,0.0,0.0,1,0.0,0,0,0,0,0,0.0,0.0,0.0,1.0,77,3.0,0.0,0.0,1,0.0,0.0,0.0,0.0,0.0,task_3,1.0,0.0,0.0,0.0,0.0,0.0,0.0,0.0,1.0,1.0,1.0,0,0,0,1.0,0.0,0.0,0.0,0,0,,,,,,1.0,1.0,0.9982953841253283,0.0,0.0,0.0,0.0,0.0,0.0,0.0,0.0,1.0,0.21702073567941918,5.0,0.21739130434782608,0.1546813378885227,0.0,0.0,1.0,0.0,0.0,0.0,1.0,1.0,0.1546813378885227,1.9897916712823183,8.0,0.600359531739504,3.0,0.600359531739504,3.0,0.1171911972668864,1.0,0.0,0.0,0.0,0.0,0.0,0.0
0,0,0,0,0,1.0,56.0,1.0,0,0,0,0,0,0,0,0,0,0,3.0,30.0,0.5,2021_03_07,10.0,1.0,0.0,0.0,0.0,0.0,1.0,0.9982953841253283,0.9982953841253283,0.9982953841253283,0.0,0.0,0.0,0.0,0.0,0.0,0.0,0.0,0.0,0.0,0.0,0.0,0.0,0.0,0.0,0.0,0.0,0.0,0.0,1,0.0,1,1,1,1,1,0.0,0.0,0.0,2.0,78,3.0,0.0,0.0,0,0.0,0.0,0.0,0.0,0.0,task_4,1.0,0.0,0.0,0.0,0.0,0.0,0.0,0.0,1.0,1.0,1.0,0,0,0,1.0,0.0,0.0,0.0,1,1,,,,,,1.0,1.0,0.9982953841253283,0.0,0.0,0.0,0.0,0.0,0.0,0.0,0.0,1.0,0.21702073567941918,5.0,0.21739130434782608,0.1546813378885227,0.0,0.0,1.0,0.0,0.0,0.0,1.0,1.0,0.1546813378885227,1.9897916712823183,8.0,0.600359531739504,3.0,0.600359531739504,3.0,0.1171911972668864,1.0,0.0,0.0,0.0,0.0,0.0,0.0
0,0,0,1,1,1.0,48.0,1.0,0,0,0,0,0,0,0,0,1,1,3.0,30.0,0.0,2021_03_09,10.0,0.0,0.0,0.0,0.0,0.0,1.0,0.9984038297885895,0.9984038297885895,0.9984038297885895,0.0,0.0,0.0,0.0,0.0,0.0,0.0,0.0,0.0,0.0,0.0,0.0,0.0,0.0,0.0,0.0,0.0,0.0,0.0,0,0.0,0,0,0,0,0,0.0,0.0,0.0,2.0,79,3.0,0.0,0.0,0,0.0,0.0,0.0,0.0,0.0,task_5,1.0,0.0,0.0,0.0,0.0,0.0,0.0,0.0,1.0,1.0,1.0,0,0,0,1.0,0.0,0.0,0.0,1,1,,,,,,1.0,1.0,0.9984038297885895,0.0,0.0,0.0,0.0,0.0,0.0,0.0,0.0,1.0,0.3328012765961965,6.0,0.3333333333333333,0.05047885106342309,0.0,0.0,1.0,0.0,0.0,0.0,1.0,1.0,0.05047885106342309,2.039882335631741,8.0,0.45580838526295303,2.0,0.45580838526295303,2.0,0.19968076595771794,1.0,0.0,0.0,0.0,0.0,0.0,0.0
0,0,0,0,0,1.0,48.0,1.0,0,0,0,0,0,0,0,0,0,0,3.0,30.0,0.5,2021_03_09,10.0,1.0,0.0,0.0,0.0,0.0,1.0,0.9984038297885895,0.9984038297885895,0.9984038297885895,0.0,0.0,0.0,0.0,0.0,0.0,0.0,0.0,0.0,0.0,0.0,0.0,0.0,0.0,0.0,0.0,0.0,0.0,0.0,1,0.0,1,1,1,1,1,0.0,0.0,0.0,2.0,80,3.0,0.0,0.0,0,0.0,0.0,0.0,0.0,0.0,task_4,1.0,0.0,0.0,0.0,0.0,0.0,0.0,0.0,1.0,1.0,1.0,0,0,0,1.0,0.0,0.0,0.0,1,1,,,,,,1.0,1.0,0.9984038297885895,0.0,0.0,0.0,0.0,0.0,0.0,0.0,0.0,1.0,0.3328012765961965,6.0,0.3333333333333333,0.05047885106342309,0.0,0.0,1.0,0.0,0.0,0.0,1.0,1.0,0.05047885106342309,2.039882335631741,8.0,0.45580838526295303,2.0,0.45580838526295303,2.0,0.19968076595771794,1.0,0.0,0.0,0.0,0.0,0.0,0.0
0,0,0,0,0,1.0,48.0,1.0,0,0,0,0,0,0,0,0,0,0,3.0,30.0,0.0,2021_03_09,10.0,0.0,0.0,0.0,0.0,0.0,1.0,0.9984038297885895,0.9984038297885895,0.9984038297885895,0.0,0.0,0.0,0.0,0.0,0.0,0.0,0.0,0.0,0.0,0.0,0.0,0.0,0.0,0.0,0.0,0.0,0.0,0.0,0,0.0,0,0,0,0,0,0.0,0.0,0.0,1.0,81,3.0,0.0,0.0,0,0.0,0.0,0.0,0.0,0.0,task_1,1.0,0.0,0.0,0.0,0.0,0.0,0.0,0.0,1.0,1.0,1.0,0,0,0,1.0,0.0,0.0,0.0,1,1,,,,,,1.0,1.0,0.9984038297885895,0.0,0.0,0.0,0.0,0.0,0.0,0.0,0.0,1.0,0.3328012765961965,6.0,0.3333333333333333,0.05047885106342309,0.0,0.0,1.0,0.0,0.0,0.0,1.0,1.0,0.05047885106342309,2.039882335631741,8.0,0.45580838526295303,2.0,0.45580838526295303,2.0,0.19968076595771794,1.0,0.0,0.0,0.0,0.0,0.0,0.0
0,0,0,0,0,1.0,48.0,1.0,0,0,0,0,0,0,0,0,0,0,3.0,30.0,1.0,2021_03_09,10.0,1.0,0.0,0.0,0.0,0.0,1.0,0.9984038297885895,0.9984038297885895,0.9984038297885895,0.0,0.0,0.0,0.0,0.0,0.0,0.0,0.0,0.0,0.0,0.0,0.0,0.0,0.0,0.0,0.0,0.0,0.0,0.0,1,0.0,1,1,1,1,1,0.0,0.0,0.0,1.0,82,3.0,0.0,0.0,1,0.0,0.0,0.0,0.0,0.0,task_2,1.0,0.0,0.0,0.0,0.0,0.0,0.0,0.0,1.0,1.0,1.0,0,0,0,1.0,0.0,0.0,0.0,0,0,,,,,,1.0,1.0,0.9984038297885895,0.0,0.0,0.0,0.0,0.0,0.0,0.0,0.0,1.0,0.3328012765961965,6.0,0.3333333333333333,0.05047885106342309,0.0,0.0,1.0,0.0,0.0,0.0,1.0,1.0,0.05047885106342309,2.039882335631741,8.0,0.45580838526295303,2.0,0.45580838526295303,2.0,0.19968076595771794,1.0,0.0,0.0,0.0,0.0,0.0,0.0
0,0,0,0,0,1.0,48.0,1.0,0,0,0,0,0,0,0,0,0,0,3.0,30.0,1.0,2021_03_09,10.0,1.0,0.0,0.0,0.0,0.0,1.0,0.9984038297885895,0.9984038297885895,0.9984038297885895,0.0,0.0,0.0,0.0,0.0,0.0,0.0,0.0,0.0,0.0,0.0,0.0,0.0,0.0,0.0,0.0,0.0,0.0,0.0,1,0.0,1,1,1,1,1,0.0,0.0,0.0,1.0,83,3.0,0.0,0.0,1,0.0,0.0,0.0,0.0,0.0,task_2,1.0,0.0,0.0,0.0,0.0,0.0,0.0,0.0,1.0,1.0,1.0,0,0,0,1.0,0.0,0.0,0.0,0,0,,,,,,1.0,1.0,0.9984038297885895,0.0,0.0,0.0,0.0,0.0,0.0,0.0,0.0,1.0,0.3328012765961965,6.0,0.3333333333333333,0.05047885106342309,0.0,0.0,1.0,0.0,0.0,0.0,1.0,1.0,0.05047885106342309,2.039882335631741,8.0,0.45580838526295303,2.0,0.45580838526295303,2.0,0.19968076595771794,1.0,0.0,0.0,0.0,0.0,0.0,0.0
0,0,0,0,0,0.0,45.0,1.0,0,0,0,0,0,0,0,0,0,0,0.0,30.0,0.0,2021_03_10,10.0,0.0,1.0,0.0,0.0,0.0,3.0,0.8038399512128368,0.6809326673103567,0.5777168718209313,20.0,1.0,1.0,1.0,20.0,0.5,0.5,0.5,20.0,2.0,2.0,2.0,20.0,2.0,2.0,2.0,1.0,14.0,2654.4589472277803,0,-0.033062058944865136,0,0,0,0,0,4.7422647515141705,0.0,0.0,1.0,84,0.0,8.0,15.0,0,1.0,429.6666666666667,26.51122558091413,429.6666666666667,429.6666666666667,task_1,0.0,0.0,2.0,4.116323468940876,1.0,15.725835989186095,11.609512520245218,0.0,2.0,2.0,1.0,0,0,0,0.0,0.0,1.0,0.0,1,1,1.0,,,1.0,,,0.0,0.6612411788973022,490.0,490.0,2.5,0.0,1.0,1.0,0.0,0.0,2.0,2.5991861768345954,9.0,0.15,-79.67926755915114,0.0,0.0,1.0,0.0,429.6666666666667,0.0,0.0,0.0,-74.93700280763697,0.08344284334268906,8.0,0.08344284334268906,3.0,0.09475083211653045,4.0,71.76515357012825,1.0,399.2041666666667,1.0,2.0,1.0,8.0,252.06696428571448
1,1,1,1,1,0.0,54.0,1.0,1,1,1,0,0,0,0,0,1,1,0.0,30.0,1.0,2021_03_10,10.0,1.0,1.0,0.0,0.0,0.0,3.0,0.7982069635829921,0.5923761713015235,0.33630186223133685,0.0,0.0,0.0,0.0,0.0,0.0,0.0,0.0,0.0,0.0,0.0,0.0,0.0,0.0,0.0,0.0,1.0,13.0,397.6676373240675,1,0.3009606274560226,0,0,0,0,0,0.270864564710422,0.0,0.0,1.0,85,0.0,4.0,15.0,1,1.0,104.75507515641543,0.0,104.75507515641543,104.75507515641543,task_3,0.0,0.0,3.0,3.944758140766754,4.0,50.63694375308272,46.69218561231597,0.0,3.0,3.0,1.0,0,0,0,0.0,0.0,1.0,0.0,0,0,1.0,,,1.0,1.0,,0.0,0.6426196880902417,397.6676373240675,397.6676373240675,2.5,0.0,1.0,1.0,0.0,0.0,2.0,2.857010937827912,5.0,0.5555555555555556,-21.427223372199897,0.0,0.0,1.0,0.0,104.75507515641543,1.0,0.0,1.0,-21.156358807489475,8.991812690170989e-06,7.0,1.8188292437185504e-07,3.0,0.684059830184917,4.0,19.38885370093998,1.0,103.49716594045944,0.0,0.0,1.0,4.0,13.110169491525424
0,0,0,0,0,0.0,38.0,1.0,0,0,0,0,0,0,0,0,0,0,0.0,30.0,1.0,2021_03_10,10.0,1.0,1.0,0.0,0.0,0.0,3.0,0.9380605611809419,0.6663377761747115,0.3782587580869996,20.0,1.0,1.0,1.0,20.0,0.5,0.5,0.5,20.0,2.0,2.0,2.0,20.0,2.0,2.0,2.0,1.0,6.0,227.52406902815622,1,0.0,0,0,0,0,0,0.060000000000002274,0.0,0.0,1.0,86,0.0,7.0,14.0,1,1.0,123.66666666666667,0.3333333333333428,123.66666666666667,123.66666666666667,task_1,0.0,0.0,0.0,5.275643508746422,2.0,24.7965250344183,19.520881525671875,8.0,8.0,1.0,1.0,1,1,1,0.0,0.0,1.0,0.0,1,1,,,1.0,,,,0.0,0.3782587580869996,123.66666666666667,123.66666666666667,2.5,0.0,1.0,1.0,0.0,0.0,2.0,2.55673881371305,9.0,0.15,-24.561064932341747,0.0,0.0,1.0,0.0,123.66666666666667,0.0,1.0,1.0,-24.501064932341745,0.7628947887874059,7.0,0.08112856430580882,4.0,0.08112856506724707,5.0,22.179943035456333,1.0,120.10416666666667,1.0,2.0,1.0,12.0,47.37280274743125
0,0,0,1,2,0.0,51.0,1.0,1,1,0,0,0,0,0,0,1,2,0.0,30.0,0.25,2021_03_12,10.0,1.0,1.0,0.0,0.0,0.0,3.0,0.8211685812929271,0.6718072877583626,0.5899440822256332,0.0,0.0,0.0,0.0,0.0,0.0,0.0,0.0,0.0,0.0,0.0,0.0,0.0,0.0,0.0,0.0,1.0,16.0,1947.8209173683454,1,-0.05551508365287905,0,0,0,0,0,0.6645848805752905,0.0,0.0,4.0,87,0.0,8.0,18.0,0,1.0,303.3333333333333,3.9697136436826668,303.3333333333333,303.3333333333333,task_5,0.0,0.0,2.0,7.232704556143036,5.0,14.857808979817147,7.625104423674111,0.0,2.0,2.0,1.0,0,0,0,0.0,0.0,1.0,0.0,1,2,1.0,,,1.0,,,0.0,0.8211685812929271,307.16961651917404,307.16961651917404,2.5,0.0,1.0,1.0,0.0,0.0,2.0,2.6642337162585856,12.0,0.2,-56.99781034463272,0.0,0.0,1.0,0.0,303.3333333333333,0.0,0.0,0.0,-56.33322546405743,0.7012021715798129,7.0,0.6927469474713045,3.0,1.0277019917783683,4.0,48.279527119965024,1.0,268.3816666666666,1.0,2.0,1.0,6.0,143.40466324114658
0,0,0,1,1,0.0,51.0,1.0,0,0,0,0,0,0,0,0,1,1,0.0,30.0,0.0,2021_03_12,10.0,0.0,1.0,1.0,10.0,0.0,3.0,0.8449346768368473,0.6594853367201791,0.4411293046356338,0.0,0.0,0.0,0.0,0.0,0.0,0.0,0.0,0.0,0.0,0.0,0.0,0.0,0.0,0.0,0.0,1.0,15.0,849.9490002805893,0,0.0,0,0,0,0,0,33.96000300000001,0.0,0.0,2.0,88,0.0,7.0,18.0,0,1.0,381.3333333333333,188.6666833333333,381.3333333333333,381.3333333333333,task_5,0.0,0.0,2.0,1.1143918951479779,1.0,15.928232071153154,14.813840176005176,0.0,2.0,2.0,1.0,0,0,0,0.0,0.0,1.0,0.0,1,1,1.0,,,1.0,,,0.0,0.8449346768368473,383.3810476190476,383.3810476190476,2.5,0.0,1.0,1.0,0.0,0.0,2.0,2.6689869353673696,12.0,0.2,-71.04208824183064,0.0,0.0,1.0,0.0,381.3333333333333,0.0,1.0,1.0,-37.08208524183063,6.25020393203873e-14,7.0,6.580103417801775e-20,3.0,6.633579718566639e-20,4.0,64.36730469354252,1.0,356.8920249556499,1.0,2.0,1.0,6.0,142.09778794813116
0,0,0,0,0,0.0,39.0,1.0,0,0,0,0,0,0,0,0,0,0,0.0,30.0,1.0,2021_03_12,10.0,1.0,1.0,0.0,0.0,0.0,3.0,0.7550739763887069,0.7107765378954649,0.6700199932654842,0.0,0.0,0.0,0.0,0.0,0.0,0.0,0.0,0.0,0.0,0.0,0.0,0.0,0.0,0.0,0.0,1.0,12.0,5504.327970684109,1,0.21847450136843127,1,1,1,1,1,0.1966270512315873,0.0,0.0,1.0,89,0.0,9.0,15.0,1,1.0,638.0142302716689,0.0,638.0142302716689,638.0142302716689,task_2,0.0,0.0,2.0,30.934371023373906,10.0,56.24233737855158,25.307966355177676,0.0,2.0,2.0,1.0,0,0,0,0.0,0.0,1.0,0.0,0,0,1.0,,,,1.0,,0.0,0.6700199932654842,5504.327970684109,5504.327970684109,2.5,0.0,1.0,1.0,0.0,0.0,2.0,2.7436436339147217,4.0,0.36363636363636365,-117.31184071942364,0.0,0.0,1.0,0.0,638.0142302716689,1.0,0.0,1.0,-117.11521366819206,4.256965901159645e-20,7.0,2.113803732837379e-20,3.0,0.688337661690389,4.0,112.20780667217673,1.0,623.3372116381287,1.0,2.0,1.0,5.0,59.376440235117066
0,0,0,1,1,0.0,32.0,1.0,1,1,1,0,0,0,0,0,1,1,0.0,30.0,0.5,2021_03_12,10.0,1.0,1.0,0.0,0.0,0.0,3.0,0.7657935275387083,0.5658525058366228,0.41444233783218243,0.0,0.0,0.0,0.0,0.0,0.0,0.0,0.0,0.0,0.0,0.0,0.0,0.0,0.0,0.0,0.0,1.0,9.0,3349.5365082661783,1,0.19558190608400317,0,0,0,0,0,0.17602371547559414,0.0,0.0,2.0,90,0.0,7.0,12.0,0,1.0,944.9147321764314,0.0,944.9147321764314,944.9147321764314,task_5,0.0,0.0,2.0,19.682474439954817,9.0,37.395359710050464,17.712885270095647,0.0,2.0,2.0,1.0,0,0,0,0.0,0.0,1.0,0.0,1,1,1.0,,,1.0,,,0.0,0.7657935275387083,3349.5365082661783,3349.5365082661783,2.5,0.0,1.0,1.0,0.0,0.0,2.0,2.7784703736504395,4.0,0.36363636363636365,-172.58527512804304,0.0,0.0,1.0,0.0,944.9147321764314,1.0,0.0,1.0,-172.40925141256744,3.6817611735529786e-20,6.0,3.101012838021923e-20,3.0,0.6892890860023432,4.0,171.4724896758804,1.0,944.9147321764314,0.0,0.0,1.0,4.0,12.357940747935892
0,0,0,0,0,1.0,56.0,1.0,0,0,0,0,0,0,0,0,0,0,3.0,30.0,0.0,2021_03_07,10.0,0.0,0.0,0.0,0.0,0.0,1.0,0.9982953841253283,0.9982953841253283,0.9982953841253283,0.0,0.0,0.0,0.0,0.0,0.0,0.0,0.0,0.0,0.0,0.0,0.0,0.0,0.0,0.0,0.0,0.0,0.0,0.0,0,0.0,0,0,0,1,1,0.0,0.0,0.0,1.0,91,3.0,0.0,0.0,0,0.0,0.0,0.0,0.0,0.0,task_2,1.0,0.0,0.0,0.0,0.0,0.0,0.0,0.0,1.0,1.0,1.0,0,0,0,1.0,0.0,0.0,0.0,0,0,,,,,,1.0,1.0,0.9982953841253283,0.0,0.0,0.0,0.0,0.0,0.0,0.0,0.0,1.0,0.21702073567941918,5.0,0.21739130434782608,0.1546813378885227,0.0,0.0,1.0,0.0,0.0,0.0,1.0,1.0,0.1546813378885227,1.9897916712823183,8.0,0.600359531739504,3.0,0.600359531739504,3.0,0.1171911972668864,1.0,0.0,0.0,0.0,0.0,0.0,0.0
0,0,0,0,0,1.0,48.0,1.0,0,0,0,0,0,0,0,0,0,0,2.0,30.0,0.0,2021_03_09,10.0,0.0,0.0,0.0,0.0,0.0,1.0,0.8314971796756814,0.8314971796756814,0.8314971796756814,0.0,0.0,0.0,0.0,0.0,0.0,0.0,0.0,0.0,0.0,0.0,0.0,0.0,0.0,0.0,0.0,0.0,0.0,0.0,0,0.0,0,0,0,0,0,0.0,0.0,0.0,1.0,92,2.0,0.0,0.0,0,0.0,0.0,0.0,0.0,0.0,task_1,1.0,0.0,0.0,0.0,0.0,0.0,0.0,0.0,1.0,1.0,1.0,0,0,0,1.0,0.0,0.0,0.0,1,1,,,,,,1.0,1.0,0.8314971796756814,0.0,0.0,0.0,0.0,0.0,0.0,0.0,0.0,1.0,0.2771657265585604,6.0,0.3333333333333333,0.10055084609729559,0.0,0.0,1.0,0.0,0.0,0.0,1.0,1.0,0.10055084609729559,2.0286905946318132,8.0,0.49115973867577345,2.0,0.49115973867577345,2.0,0.04157485898378405,1.0,0.0,0.0,0.0,1.0,0.0,0.0
0,0,0,0,0,0.0,51.0,1.0,0,0,0,0,0,0,0,0,0,0,0.0,30.0,0.0,2021_03_12,10.0,0.0,1.0,0.0,0.0,0.0,3.0,0.8211685812929271,0.6718072877583626,0.5899440822256332,0.0,0.0,0.0,0.0,0.0,0.0,0.0,0.0,0.0,0.0,0.0,0.0,0.0,0.0,0.0,0.0,1.0,16.0,1947.8209173683454,0,-0.05551508365287905,0,0,0,0,0,0.6645848805752905,0.0,0.0,2.0,93,0.0,8.0,18.0,0,1.0,303.3333333333333,3.9697136436826668,303.3333333333333,303.3333333333333,task_1,0.0,0.0,2.0,7.232704556143036,5.0,14.857808979817147,7.625104423674111,0.0,2.0,2.0,1.0,0,0,0,0.0,0.0,1.0,0.0,1,2,1.0,,,1.0,,,0.0,0.8211685812929271,307.16961651917404,307.16961651917404,2.5,0.0,1.0,1.0,0.0,0.0,2.0,2.6642337162585856,12.0,0.2,-56.99781034463272,0.0,0.0,1.0,0.0,303.3333333333333,0.0,0.0,0.0,-56.33322546405743,0.7012021715798129,7.0,0.6927469474713045,3.0,1.0277019917783683,4.0,48.279527119965024,1.0,268.3816666666666,1.0,2.0,1.0,6.0,143.40466324114658
0,0,0,0,0,0.0,49.0,3.0,0,0,0,0,0,0,0,0,0,0,1.0,30.0,0.0,2021_03_23,10.0,0.0,1.0,0.0,0.0,0.0,3.0,0.7952891328949888,0.6299136373702889,0.3827112549899203,20.0,1.0,0.8200000000000001,0.8,20.0,0.75,0.6216666666666666,0.6,20.0,3.0,2.1,2.0,20.0,8.0,5.1,3.0,1.0,14.0,50.560781476120816,0,-0.1607335601749038,0,0,0,0,0,1.1348895105322825,0.0,0.0,1.0,94,1.0,7.0,14.0,0,3.0,10.997900408832393,7.10860952605387,10.997900408832393,10.997900408832393,task_1,0.0,0.0,2.0,2.1200907165161706,2.0,5.8627388869964925,3.742648170480322,0.0,2.0,2.0,1.0,0,0,0,0.0,0.0,1.0,0.0,1,1,1.0,,,1.0,,,0.0,0.7952891328949888,21.995599256912694,21.995599256912694,2.2096479405530154,0.0,1.0,1.0,0.0,0.0,2.0,2.3687057671320133,1.0,0.2,-4.111457264008642,0.0,0.0,1.0,0.0,10.997900408832393,0.0,0.0,0.0,-2.9765677534763597,1.760823192407866,8.0,1.2048073870828708,4.0,1.3023861394753662,5.0,2.600663906961694,1.0,9.66464319729393,0.0,0.0,0.0,0.0,0.0
0,0,0,0,0,0.0,46.0,1.0,0,0,0,0,0,0,0,0,0,0,1.0,30.0,1.0,2021_03_23,10.0,1.0,1.0,0.0,0.0,0.0,3.0,0.4800474588961638,0.3762740370456541,0.22812867058150865,0.0,0.0,0.0,0.0,0.0,0.0,0.0,0.0,0.0,0.0,0.0,0.0,0.0,0.0,0.0,0.0,1.0,7.0,145.30783537444447,1,0.0,0,0,0,0,0,3.120000000000001,0.0,0.0,1.0,95,1.0,3.0,7.0,1,1.0,114.66666666666667,17.333333333333343,114.66666666666667,114.66666666666667,task_1,0.0,0.0,2.0,2.0794415416798357,1.0,22.411923216715746,20.33248167503591,0.0,2.0,2.0,1.0,1,1,1,0.0,0.0,1.0,0.0,1,1,1.0,,,1.0,,,0.0,0.4206459816592899,145.30783537444447,145.30783537444447,2.5,0.0,1.0,1.0,0.0,0.0,2.0,2.573797540641981,10.0,0.17543859649122806,-22.956417786577784,0.0,0.0,1.0,0.0,114.66666666666667,0.0,1.0,1.0,-19.836417786577783,0.17515414731286547,7.0,2.6355537630563006e-08,4.0,2.6355537630563006e-08,4.0,22.58348975275351,1.0,114.2924036461581,0.0,0.0,0.0,0.0,0.0
0,0,0,1,1,0.0,41.0,1.0,0,0,0,0,0,0,1,1,1,1,1.0,30.0,0.0,2021_03_24,10.0,0.0,1.0,1.0,20.0,0.0,3.0,0.9530366049795449,0.6516000779344411,0.4784785343241928,2.0,0.75,0.75,0.75,2.0,0.6666666666666666,0.6666666666666666,0.6666666666666666,2.0,2.0,2.0,2.0,2.0,6.0,6.0,6.0,1.0,15.0,372.6666666666667,0,-0.5561620464448382,0,0,0,1,1,51.36727452708486,0.0,0.0,3.0,96,1.0,7.0,15.0,0,1.0,372.6666666666667,288.15455760491784,372.6666666666667,372.6666666666667,task_7,0.0,0.0,2.0,0.0,0.0,15.870910336010127,15.870910336010127,0.0,2.0,2.0,1.0,0,0,0,0.0,0.0,1.0,0.0,1,1,1.0,,,1.0,,,0.0,0.9530366049795449,372.6666666666667,372.6666666666667,2.5,0.0,1.0,1.0,0.0,0.0,2.0,2.6938379535551618,12.0,0.2033898305084746,-69.50445415819965,0.0,0.0,1.0,0.0,372.6666666666667,0.0,0.0,0.0,-18.137179631114794,8.572421714307901e-20,6.0,8.297963624584445e-20,2.0,8.417211557862169e-20,3.0,60.16100972769143,2.0,334.38234586321414,0.0,0.0,0.0,0.0,0.0
0,0,0,1,1,0.0,41.0,1.0,0,0,0,0,0,0,0,0,1,1,1.0,30.0,0.0,2021_03_24,10.0,0.0,1.0,0.0,0.0,0.0,3.0,0.9431432480389954,0.628438552093597,0.46510975284056005,0.0,0.0,0.0,0.0,0.0,0.0,0.0,0.0,0.0,0.0,0.0,0.0,0.0,0.0,0.0,0.0,1.0,15.0,357.44641697526475,0,0.43313879527991617,0,0,0,0,0,0.38982491575192313,0.0,0.0,1.0,97,1.0,6.0,15.0,0,1.0,316.92076984763685,0.0,316.92076984763685,316.92076984763685,task_3,0.0,0.0,2.0,5.47127695906312,3.0,24.307014115811903,18.835737156748785,0.0,2.0,2.0,1.0,0,0,0,0.0,0.0,1.0,0.0,0,0,1.0,,,1.0,,,0.0,0.46510975284056005,357.44641697526475,357.44641697526475,2.5,0.0,1.0,1.0,0.0,0.0,2.0,2.96510975284056,1.0,1.0,-59.71433735013113,0.0,0.0,1.0,0.0,316.92076984763685,1.0,0.0,1.0,-59.32451243437921,7.060670735914291e-06,6.0,7.060670733650475e-06,2.0,0.674513333821076,3.0,50.22807316574591,1.0,276.879156944411,0.0,0.0,0.0,0.0,0.0
0,0,0,0,0,0.0,50.0,1.0,0,0,0,0,0,0,0,0,0,0,1.0,30.0,0.0,2021_03_24,10.0,0.0,1.0,1.0,10.0,0.0,3.0,0.9488016826275514,0.6463713694377905,0.4740516447269047,2.0,0.75,0.75,0.75,2.0,0.6666666666666666,0.6666666666666666,0.6666666666666666,2.0,2.0,2.0,2.0,2.0,6.0,6.0,6.0,1.0,15.0,110.0889380728899,0,-0.32328416754314215,0,0,0,1,1,8.277591439030896,0.0,0.0,1.0,98,1.0,6.0,15.0,0,1.0,66.0,47.603039943442916,66.0,66.0,task_2,0.0,0.0,2.0,1.9694173903811334,1.0,11.074231548477414,9.10481415809628,0.0,2.0,2.0,1.0,0,0,0,0.0,0.0,1.0,0.0,0,0,1.0,,,1.0,,,0.0,0.9488016826275514,72.1665,72.1665,2.5,0.0,1.0,1.0,0.0,0.0,2.0,2.692976613415773,12.0,0.2033898305084746,-14.303678952074195,0.0,0.0,1.0,0.0,66.0,0.0,0.0,0.0,-6.026087513043299,0.010818798500544029,7.0,0.007284582271006662,2.0,0.007853676025144366,3.0,9.743875115832914,2.0,56.59111902366003,0.0,0.0,0.0,0.0,0.0
0,0,0,1,1,0.0,37.0,1.0,0,0,0,0,0,0,0,0,1,1,1.0,30.0,0.0,2021_03_24,10.0,0.0,1.0,1.0,25.0,0.0,3.0,0.8886345924330971,0.5842999549566925,0.417465988937185,0.0,0.0,0.0,0.0,0.0,0.0,0.0,0.0,0.0,0.0,0.0,0.0,0.0,0.0,0.0,0.0,1.0,15.0,454.1639671390291,0,-0.23672674979825015,0,0,0,0,0,15.923096218969558,0.0,0.0,1.0,99,1.0,7.0,15.0,0,1.0,218.93335,89.64527940993327,218.93335,218.93335,task_3,0.0,0.0,3.0,4.330733340286331,3.0,36.92907273947389,32.59833939918756,0.0,3.0,3.0,1.0,0,0,0,0.0,0.0,1.0,0.0,0,0,1.0,,,1.0,1.0,,0.0,0.8886345924330971,454.1639671390291,454.1639671390291,2.5,0.0,1.0,1.0,0.0,0.0,2.0,2.680739239138935,12.0,0.2033898305084746,-41.820668315225035,0.0,0.0,1.0,0.0,218.93335,0.0,0.0,0.0,-25.897572096255477,3.400330306379272e-06,6.0,3.3992439590043913e-06,2.0,3.5399100897240356e-06,3.0,34.287275125297256,1.0,191.66849555619825,0.0,0.0,0.0,0.0,0.0
0,0,0,1,1,0.0,43.0,1.0,0,0,0,0,0,0,1,1,1,1,1.0,30.0,0.0,2021_03_24,10.0,0.0,1.0,0.0,0.0,0.0,3.0,0.9276879014708512,0.6378799285398378,0.4534758509989639,1.0,0.7777777777777778,0.7777777777777778,0.7777777777777778,1.0,0.6666666666666666,0.6666666666666666,0.6666666666666666,1.0,4.0,4.0,4.0,1.0,9.0,9.0,9.0,1.0,12.0,136.58800920254134,0,-0.34379374810477925,0,0,0,1,1,7.418658977045018,0.0,0.0,2.0,100,1.0,5.0,12.0,0,1.0,79.66666666666667,42.93374083521844,79.66666666666667,79.66666666666667,task_6,0.0,0.0,2.0,1.7916690875500136,1.0,11.538313593721442,9.746644506171428,0.0,2.0,2.0,1.0,0,0,0,0.0,0.0,1.0,0.0,0,0,1.0,,,1.0,,,0.0,0.9276879014708512,84.66612440110423,84.66612440110423,2.5,0.0,1.0,1.0,0.0,0.0,2.0,2.688682285044919,12.0,0.2033898305084746,-16.759814056540428,0.0,0.0,1.0,0.0,79.66666666666667,0.0,0.0,0.0,-9.34115507949541,0.018835382537852486,5.0,0.012935572255504613,2.0,0.014078174070493759,3.0,9.371936141448113,2.0,52.32952049525852,0.0,0.0,0.0,0.0,0.0
0,0,0,0,0,0.0,22.0,1.0,0,0,0,0,0,0,0,0,0,0,1.0,22.0,0.0,2021_03_24,10.0,0.0,1.0,0.0,0.0,0.0,3.0,0.6921386845026108,0.5055618763703648,0.402113466272325,0.0,0.0,0.0,0.0,0.0,0.0,0.0,0.0,0.0,0.0,0.0,0.0,0.0,0.0,0.0,0.0,1.0,8.0,38.149799518845526,0,0.3554145672907709,0,0,0,1,1,0.3198731105616943,0.0,0.0,2.0,101,1.0,5.0,8.0,0,1.0,38.149799518845526,0.0,38.149799518845526,38.149799518845526,task_4,0.0,0.0,2.0,0.0,0.0,10.230988253942108,10.230988253942108,0.0,2.0,2.0,1.0,0,0,0,0.0,0.0,1.0,0.0,1,1,1.0,,,1.0,,,0.0,0.4224334783361584,38.149799518845526,38.149799518845526,2.5,0.0,1.0,1.0,0.0,0.0,2.0,2.9224334783361585,1.0,1.0,-9.497154043894739,0.0,0.0,1.0,0.0,38.149799518845526,1.0,0.0,1.0,-9.177280933333044,0.012202386820468867,5.0,0.004395610176728018,4.0,0.6845922810707545,5.0,8.7465929369506,1.0,37.63593985835918,0.0,0.0,0.0,0.0,0.0
0,0,0,0,0,0.0,39.0,1.0,0,0,0,0,0,0,0,0,0,0,1.0,30.0,0.0,2021_03_24,10.0,0.0,1.0,0.0,0.0,0.0,3.0,0.8593012388311039,0.6016072853662285,0.44239928534783624,0.0,0.0,0.0,0.0,0.0,0.0,0.0,0.0,0.0,0.0,0.0,0.0,0.0,0.0,0.0,0.0,1.0,11.0,23.4021496150605,0,0.4739924763661487,0,0,0,1,1,0.4265932287295344,0.0,0.0,1.0,102,1.0,5.0,11.0,0,1.0,21.174033950595444,0.0,21.174033950595444,21.174033950595444,task_2,0.0,0.0,2.0,0.0,0.0,8.80980490612067,8.80980490612067,0.0,2.0,2.0,1.0,0,0,0,0.0,0.0,1.0,0.0,0,0,1.0,,,1.0,,,0.0,0.5031213319197456,21.174033950595444,21.174033950595444,2.1439227160476353,0.0,1.0,1.0,0.0,0.0,2.0,2.647044047967381,1.0,1.0,-6.193665754277823,0.0,0.0,1.0,0.0,21.174033950595444,1.0,0.0,1.0,-5.767072525548288,0.7994680833346227,7.0,0.14571274456196964,3.0,0.7950589086955597,4.0,5.326735501186656,1.0,20.307666584700243,0.0,0.0,0.0,0.0,0.0
1,1,0,1,2,0.0,54.0,1.0,1,1,0,0,0,0,0,0,1,2,1.0,30.0,0.75,2021_03_25,10.0,3.0,1.0,0.0,0.0,0.0,3.0,0.9203678548123293,0.607373417165545,0.4350807502663873,0.0,0.0,0.0,0.0,0.0,0.0,0.0,0.0,0.0,0.0,0.0,0.0,0.0,0.0,0.0,0.0,1.0,14.0,58124.845698075405,1,0.0,0,0,0,0,0,7278.816,0.0,0.0,4.0,103,1.0,4.0,14.0,0,1.0,40550.2,40437.86666666666,40550.2,40550.2,task_5,0.0,0.0,1.0,11.060320652200636,3.0,34.88181297629137,23.821492324090734,0.0,1.0,1.0,1.0,1,2,1,0.0,0.0,1.0,0.0,1,2,1.0,,,,,,0.0,0.9203678548123293,58124.845698075405,58124.845698075405,2.5,0.0,1.0,1.0,0.0,0.0,2.0,2.6769938182331403,10.0,0.19230769230769232,-7301.445294436409,0.0,0.0,1.0,0.0,40550.2,0.0,1.0,1.0,-22.629294436409825,8.599159864690334e-20,7.0,6.48790229458378e-20,2.0,6.580103417801787e-20,3.0,7291.261627645622,1.0,40508.29947713584,0.0,0.0,0.0,0.0,0.0
0,0,0,0,0,0.0,30.0,3.0,0,0,0,0,0,0,0,0,0,0,1.0,30.0,0.0,2021_03_25,10.0,0.0,1.0,0.0,0.0,0.0,3.0,0.6233895471280366,0.5261120371998023,0.41813955210291365,0.0,0.0,0.0,0.0,0.0,0.0,0.0,0.0,0.0,0.0,0.0,0.0,0.0,0.0,0.0,0.0,1.0,8.0,9.162790697674419,0,0.6440195532567179,0,0,0,1,1,0.6488504867836831,0.0,0.0,1.0,104,1.0,5.0,8.0,0,3.0,3.5511627906976746,0.38462716029242827,3.5511627906976746,3.5511627906976746,task_2,0.0,0.0,2.0,1.1960344016755782,3.0,3.5978834106451334,2.401849008969555,0.0,2.0,2.0,1.0,0,0,0,0.0,0.0,1.0,0.0,0,0,1.0,,,1.0,,,0.0,0.5368070123684566,9.162790697674419,9.162790697674419,1.1830232558139535,0.0,1.0,1.0,0.0,0.0,2.0,1.3172250089060678,1.0,0.25,-1.8247118103410425,0.0,0.0,1.0,0.0,3.5511627906976746,0.0,0.0,0.0,-1.1758613235573594,1.8286700297431007,7.0,1.5245285087664495,5.0,1.7069749448433509,6.0,1.1786241183360362,1.0,3.16388525217228,0.0,0.0,0.0,0.0,0.0
0,0,0,1,1,0.0,53.0,1.0,1,1,1,0,0,0,1,1,1,1,1.0,30.0,0.5,2021_03_25,10.0,1.0,1.0,0.0,0.0,0.0,3.0,0.9204342860535206,0.6269541725650221,0.4521994627144888,0.0,0.0,0.0,0.0,0.0,0.0,0.0,0.0,0.0,0.0,0.0,0.0,0.0,0.0,0.0,0.0,1.0,13.0,284.5215922653015,1,0.0,0,0,0,1,1,40.32,0.0,0.0,2.0,105,1.0,5.0,13.0,0,1.0,270.0,224.0,270.0,270.0,task_6,0.0,0.0,2.0,0.0,0.0,20.24558718208223,20.24558718208223,0.0,2.0,2.0,1.0,0,0,0,0.0,0.0,1.0,0.0,0,0,1.0,,,1.0,,,0.0,0.9204342860535206,284.5215922653015,284.5215922653015,2.5,0.0,1.0,1.0,0.0,0.0,2.0,2.677006593471831,10.0,0.19230769230769232,-51.00930593412465,0.0,0.0,1.0,0.0,270.0,0.0,1.0,1.0,-10.689305934124647,1.5131489519355441e-16,4.0,2.8040938079227615e-17,2.0,2.8490573611353724e-17,3.0,45.77118618384257,1.0,252.7335420619861,0.0,0.0,0.0,0.0,0.0
0,0,0,0,0,0.0,32.0,1.0,0,0,0,0,0,0,0,0,0,0,1.0,30.0,0.0,2021_03_25,10.0,0.0,1.0,0.0,0.0,0.0,3.0,0.8494108369173159,0.6172944336849028,0.47725501023171757,4.0,0.8333333333333334,0.7738095238095238,0.7142857142857143,4.0,1.0,0.75,0.5,4.0,2.0,2.0,2.0,4.0,2.0,2.0,2.0,1.0,11.0,380.3447069432992,0,0.22948237372007263,0,0,0,1,1,37.735260369725964,0.0,0.0,2.0,106,1.0,6.0,11.0,0,1.0,226.66665,208.4929235187661,226.66665,226.66665,task_4,0.0,0.0,2.0,1.19163282809036,1.0,22.66522396622902,21.473591138138662,0.0,2.0,2.0,1.0,0,0,0,0.0,0.0,1.0,0.0,1,1,1.0,,,1.0,,,0.0,0.8494108369173159,380.3447069432992,380.3447069432992,2.5,0.0,1.0,1.0,0.0,0.0,2.0,2.6633482378687146,10.0,0.19230769230769232,-43.19701041408184,0.0,0.0,1.0,0.0,226.66665,0.0,1.0,1.0,-5.4617500443558775,2.104553386450055e-15,7.0,5.081999168946613e-16,2.0,5.16898215593158e-16,3.0,41.73787370294612,1.0,224.16657387820513,0.0,0.0,0.0,0.0,0.0
0,0,0,0,0,0.0,47.0,1.0,0,0,0,0,0,0,0,0,0,0,1.0,30.0,0.0,2021_03_25,10.0,0.0,1.0,0.0,0.0,0.0,3.0,0.8794948433295695,0.6390962284760104,0.4475651805164756,0.0,0.0,0.0,0.0,0.0,0.0,0.0,0.0,0.0,0.0,0.0,0.0,0.0,0.0,0.0,0.0,1.0,11.0,105.0,0,-0.4210950378647613,0,0,0,1,1,11.20418400499987,0.0,0.0,1.0,107,1.0,4.0,11.0,0,1.0,105.0,64.35094188376755,105.0,105.0,task_2,0.0,0.0,2.0,0.0,0.0,12.721097735280168,12.721097735280168,0.0,2.0,2.0,1.0,0,0,0,0.0,0.0,1.0,0.0,0,0,1.0,,,1.0,,,0.0,0.8794948433295695,105.0,105.0,2.5,0.0,1.0,1.0,0.0,0.0,2.0,2.669133623717225,10.0,0.19230769230769232,-21.3022202613455,0.0,0.0,1.0,0.0,105.0,0.0,0.0,0.0,-10.09803625634563,0.0002600917725773979,5.0,0.0002587683106467454,2.0,0.0002733997497862589,3.0,19.69759155634831,1.0,102.289972899729,0.0,0.0,0.0,0.0,0.0
1,1,0,1,2,0.0,43.0,1.0,1,1,0,1,1,0,1,2,1,2,1.0,30.0,0.3333333333333333,2021_03_25,10.0,2.0,1.0,0.0,0.0,0.0,3.0,0.918855458826112,0.6876037126206842,0.5487954161987099,0.0,0.0,0.0,0.0,0.0,0.0,0.0,0.0,0.0,0.0,0.0,0.0,0.0,0.0,0.0,0.0,1.0,14.0,1423.2887150238362,1,0.45796140878755365,1,1,0,1,2,0.41216526790879726,0.0,0.0,6.0,108,1.0,5.0,14.0,0,1.0,331.61167289180025,0.0,331.61167289180025,331.61167289180025,task_7,0.0,0.0,2.0,21.264516890429157,4.0,37.40350151415991,16.138984623730757,0.0,2.0,2.0,1.0,0,0,0,0.0,0.0,1.0,0.0,1,2,1.0,,,1.0,,,0.0,0.5951602628372308,1423.2887150238362,1423.2887150238362,2.5,0.0,1.0,1.0,0.0,0.0,2.0,3.095160262837231,1.0,1.0,-62.47574535707755,0.0,0.0,1.0,0.0,331.61167289180025,1.0,0.0,1.0,-62.06358008916875,7.739937793625032e-11,6.0,7.739910977138495e-11,2.0,0.6723547204187246,3.0,55.71965903660905,1.0,309.2708549286888,0.0,0.0,0.0,0.0,0.0
0,0,0,0,0,0.0,36.0,1.0,0,0,0,0,0,0,0,0,0,0,1.0,30.0,0.0,2021_03_25,10.0,0.0,1.0,0.0,0.0,0.0,3.0,0.732464284605373,0.5759795887626893,0.4247422207807011,0.0,0.0,0.0,0.0,0.0,0.0,0.0,0.0,0.0,0.0,0.0,0.0,0.0,0.0,0.0,0.0,1.0,11.0,103.33333333333333,0,0.0,0,0,0,1,1,1.3199999999999967,0.0,0.0,2.0,109,1.0,5.0,11.0,0,1.0,103.33333333333333,7.333333333333329,103.33333333333333,103.33333333333333,task_4,0.0,0.0,2.0,0.0,0.0,12.681477254680111,12.681477254680111,0.0,2.0,2.0,1.0,0,0,0,0.0,0.0,1.0,0.0,1,1,1.0,,,1.0,,,0.0,0.732464284605373,103.33333333333333,103.33333333333333,2.5,0.0,1.0,1.0,0.0,0.0,2.0,2.640858516270264,10.0,0.19230769230769232,-20.976772664643235,0.0,0.0,1.0,0.0,103.33333333333333,0.0,1.0,1.0,-19.65677266464324,0.5150410439372385,7.0,6.584701141481409e-07,3.0,6.779428396103088e-07,4.0,19.419684484828057,1.0,101.83730937320355,0.0,0.0,0.0,0.0,0.0
0,0,0,1,1,0.0,38.0,1.0,0,0,0,0,0,0,1,1,1,1,1.0,30.0,0.0,2021_03_25,10.0,0.0,1.0,0.0,0.0,0.0,3.0,0.7160161068869932,0.5317934712934766,0.40189212384651973,2.0,1.0,1.0,1.0,2.0,0.5,0.5,0.5,2.0,2.0,2.0,2.0,2.0,2.0,2.0,2.0,1.0,12.0,15243322.712091552,0,0.0,0,0,0,1,1,8.550000000000004,0.0,0.0,3.0,110,1.0,7.0,12.0,0,1.0,297.0,47.5,297.0,297.0,task_7,0.0,0.0,2.0,6.154675801557911,2.0,14.805233716263512,8.650557914705601,0.0,2.0,2.0,1.0,0,0,0,0.0,0.0,1.0,0.0,1,1,1.0,,,1.0,,,0.0,0.7160161068869932,321.5301463959886,321.5301463959886,2.5,0.0,1.0,1.0,0.0,0.0,2.0,2.6376954051705757,10.0,0.19230769230769232,-55.833925864653516,0.0,0.0,1.0,0.0,297.0,0.0,1.0,1.0,-47.28392586465351,0.0018480167548375053,5.0,6.792246536568018e-20,2.0,6.890081434765345e-20,3.0,53.64149462344546,1.0,290.3333333333333,0.0,0.0,0.0,0.0,0.0
0,0,0,0,0,0.0,47.0,1.0,0,0,0,0,0,0,0,0,0,0,1.0,30.0,0.0,2021_03_25,10.0,0.0,1.0,0.0,0.0,0.0,3.0,0.7161551057465055,0.45058822077471755,0.23866447154862674,2.0,1.0,1.0,1.0,2.0,0.5,0.5,0.5,2.0,2.0,2.0,2.0,2.0,2.0,2.0,2.0,1.0,14.0,15255244.688023947,0,0.0,0,0,0,1,1,12.959460154241643,0.0,0.0,2.0,111,1.0,6.0,14.0,0,1.0,93.83033419023135,71.99700085689801,93.83033419023135,93.83033419023135,task_4,0.0,0.0,2.0,17.63086344597123,10.0,27.464351242026375,9.833487796055145,0.0,2.0,2.0,1.0,0,0,0,0.0,0.0,1.0,0.0,1,1,1.0,,,,1.0,,0.0,0.39694508502902043,227.8565597997077,227.8565597997077,2.5,0.0,1.0,1.0,0.0,0.0,2.0,2.5763355932748118,10.0,0.19230769230769232,-19.208162188188975,0.0,0.0,1.0,0.0,93.83033419023135,0.0,1.0,1.0,-6.248702033947331,4.306058032889266e-05,6.0,9.576420284930205e-06,3.0,9.706508511521673e-06,4.0,16.879959241312665,1.0,90.79307366552116,0.0,0.0,0.0,0.0,0.0
0,0,0,0,0,1.0,56.0,1.0,0,0,0,0,0,0,0,0,0,0,3.0,30.0,0.0,2021_03_07,10.0,0.0,0.0,0.0,0.0,0.0,1.0,0.9982953841253283,0.9982953841253283,0.9982953841253283,0.0,0.0,0.0,0.0,0.0,0.0,0.0,0.0,0.0,0.0,0.0,0.0,0.0,0.0,0.0,0.0,0.0,0.0,0.0,0,0.0,0,0,0,1,1,0.0,0.0,0.0,1.0,112,3.0,0.0,0.0,0,0.0,0.0,0.0,0.0,0.0,task_2,1.0,0.0,0.0,0.0,0.0,0.0,0.0,0.0,1.0,1.0,1.0,0,0,0,1.0,0.0,0.0,0.0,0,0,,,,,,1.0,1.0,0.9982953841253283,0.0,0.0,0.0,0.0,0.0,0.0,0.0,0.0,1.0,0.21702073567941918,5.0,0.21739130434782608,0.1546813378885227,0.0,0.0,1.0,0.0,0.0,0.0,1.0,1.0,0.1546813378885227,1.9897916712823183,8.0,0.600359531739504,3.0,0.600359531739504,3.0,0.1171911972668864,1.0,0.0,0.0,0.0,0.0,0.0,0.0
0,0,0,0,0,1.0,48.0,1.0,0,0,0,0,0,0,0,0,0,0,3.0,30.0,0.0,2021_03_09,10.0,0.0,0.0,0.0,0.0,0.0,1.0,0.9984038297885895,0.9984038297885895,0.9984038297885895,0.0,0.0,0.0,0.0,0.0,0.0,0.0,0.0,0.0,0.0,0.0,0.0,0.0,0.0,0.0,0.0,0.0,0.0,0.0,0,0.0,0,0,0,0,0,0.0,0.0,0.0,1.0,113,3.0,0.0,0.0,0,0.0,0.0,0.0,0.0,0.0,task_1,1.0,0.0,0.0,0.0,0.0,0.0,0.0,0.0,1.0,1.0,1.0,0,0,0,1.0,0.0,0.0,0.0,1,1,,,,,,1.0,1.0,0.9984038297885895,0.0,0.0,0.0,0.0,0.0,0.0,0.0,0.0,1.0,0.3328012765961965,6.0,0.3333333333333333,0.05047885106342309,0.0,0.0,1.0,0.0,0.0,0.0,1.0,1.0,0.05047885106342309,2.039882335631741,8.0,0.45580838526295303,2.0,0.45580838526295303,2.0,0.19968076595771794,1.0,0.0,0.0,0.0,0.0,0.0,0.0
0,0,0,0,0,0.0,58.0,1.0,0,0,0,0,0,0,0,0,0,0,0.0,30.0,0.0,2021_03_10,10.0,0.0,1.0,0.0,0.0,0.0,3.0,0.9117361554184646,0.6448724026102276,0.5079791799194434,1.0,0.8333333333333334,0.8333333333333334,0.8333333333333334,1.0,0.6,0.6,0.6,1.0,3.0,3.0,3.0,1.0,5.0,5.0,5.0,1.0,14.0,1948.6981904761903,0,0.0,0,0,0,0,0,282.78,0.0,0.0,1.0,114,0.0,4.0,14.0,0,1.0,1829.0,1571.0,1829.0,1829.0,task_1,0.0,0.0,2.0,4.868170436915186,2.0,19.342678114588665,14.47450767767348,0.0,2.0,2.0,1.0,0,0,0,0.0,0.0,1.0,0.0,1,1,1.0,,,1.0,,,0.0,0.9117361554184646,1948.6981904761903,1948.6981904761903,2.5,0.0,1.0,1.0,0.0,0.0,2.0,2.6367604233127695,9.0,0.15,-331.59308438098145,0.0,0.0,1.0,0.0,1829.0,0.0,1.0,1.0,-48.81308438098149,8.625898015072765e-20,8.0,3.750547094398107e-20,2.0,3.804023395162971e-20,3.0,317.60400302999994,1.0,1764.4666835,0.0,0.0,1.0,0.0,0.0
0,0,0,1,1,0.0,39.0,1.0,0,0,0,0,0,0,1,1,1,1,1.0,30.0,0.5,2021_03_23,10.0,1.0,1.0,0.0,0.0,0.0,3.0,0.8449406245796568,0.5586736858512417,0.39812450891409573,0.0,0.0,0.0,0.0,0.0,0.0,0.0,0.0,0.0,0.0,0.0,0.0,0.0,0.0,0.0,0.0,1.0,12.0,1451.1938644369104,1,0.0,1,1,1,1,1,20.569103164491594,0.0,0.0,2.0,115,1.0,6.0,12.0,0,1.0,618.8015564202335,114.2727953582866,618.8015564202335,618.8015564202335,task_6,0.0,0.0,2.0,0.0,0.0,28.656375080836277,28.656375080836277,0.0,2.0,2.0,1.0,0,0,0,0.0,0.0,1.0,0.0,0,0,1.0,,,1.0,,,0.0,0.8449406245796568,673.3206361837728,673.3206361837728,2.5,0.0,1.0,1.0,0.0,0.0,2.0,2.6482351972946767,10.0,0.17543859649122806,-113.76769183320724,0.0,0.0,1.0,0.0,618.8015564202335,0.0,1.0,1.0,-93.19858866871564,2.6177262210619064e-08,6.0,3.750547089963138e-20,2.0,3.804023390663439e-20,3.0,90.65253554875295,1.0,503.31697743065854,0.0,0.0,0.0,0.0,0.0
0,0,0,0,0,0.0,35.0,1.0,0,0,0,0,0,0,0,0,0,0,1.0,30.0,0.5,2021_03_23,10.0,1.0,1.0,0.0,0.0,0.0,3.0,0.8843020217336376,0.5651409650387855,0.36170365134826166,0.0,0.0,0.0,0.0,0.0,0.0,0.0,0.0,0.0,0.0,0.0,0.0,0.0,0.0,0.0,0.0,1.0,12.0,1863.9597307806491,1,-0.05228262767936798,1,1,1,1,1,42.011699612116054,0.0,0.0,2.0,116,1.0,6.0,12.0,0,1.0,422.6666666666667,233.65974431681937,422.6666666666667,422.6666666666667,task_4,0.0,0.0,3.0,18.976118433372903,4.0,42.48275662899383,23.50663819562093,0.0,3.0,3.0,1.0,0,0,0,0.0,0.0,1.0,0.0,1,1,1.0,,,1.0,1.0,,0.0,0.8843020217336376,1863.9597307806491,1863.9597307806491,2.5,0.0,1.0,1.0,0.0,0.0,2.0,2.655140705567305,10.0,0.17543859649122806,-78.46962663501057,0.0,0.0,1.0,0.0,422.6666666666667,1.0,0.0,0.0,-36.457927022894516,6.670410016726415e-20,5.0,4.4381776415627455e-17,2.0,4.5123296310040146e-17,3.0,71.2334953098362,1.0,395.3276407337129,0.0,0.0,0.0,0.0,0.0
1,1,1,1,1,0.0,44.0,1.0,1,1,1,0,0,0,0,0,1,1,1.0,30.0,1.0,2021_03_23,10.0,1.0,1.0,0.0,0.0,0.0,3.0,0.8947821182147736,0.5627587321299967,0.3567619182409509,0.0,0.0,0.0,0.0,0.0,0.0,0.0,0.0,0.0,0.0,0.0,0.0,0.0,0.0,0.0,0.0,1.0,12.0,4396.1819259363265,1,0.0,0,0,0,0,0,137.01116731517507,0.0,0.0,1.0,117,1.0,5.0,12.0,1,1.0,979.6731517509728,761.1731517509728,979.6731517509728,979.6731517509728,task_3,0.0,0.0,2.0,24.133485596193307,2.0,37.04737468444562,12.913889088252315,0.0,2.0,2.0,1.0,0,0,0,0.0,0.0,1.0,0.0,0,0,1.0,,,1.0,,,0.0,0.8947821182147736,4396.1819259363265,4396.1819259363265,2.5,0.0,1.0,1.0,0.0,0.0,2.0,2.656979318985048,10.0,0.17543859649122806,-178.73244870226162,0.0,0.0,1.0,0.0,979.6731517509728,0.0,1.0,1.0,-41.72128138708654,6.660317868949083e-20,5.0,5.578898195660062e-20,2.0,5.659112646807359e-20,3.0,173.51008400284834,1.0,963.5167764502511,0.0,0.0,0.0,0.0,0.0
0,0,0,0,0,0.0,28.0,1.0,0,0,0,0,0,0,0,0,0,0,1.0,28.0,1.0,2021_03_24,10.0,2.0,1.0,0.0,0.0,0.0,3.0,0.8296611791338799,0.5869438132675611,0.42871811661778386,0.0,0.0,0.0,0.0,0.0,0.0,0.0,0.0,0.0,0.0,0.0,0.0,0.0,0.0,0.0,0.0,1.0,8.0,1032.0059747091823,1,0.0,1,1,1,1,1,14.471997000000002,0.0,0.0,2.0,118,1.0,6.0,8.0,1,1.0,268.3333333333333,80.39998333333332,268.3333333333333,268.3333333333333,task_4,0.0,0.0,2.0,0.0,0.0,15.052374424632465,15.052374424632465,0.0,2.0,2.0,1.0,1,1,1,0.0,0.0,1.0,0.0,1,1,1.0,,,1.0,,,0.0,0.8296611791338799,268.3333333333333,268.3333333333333,2.5,0.0,1.0,1.0,0.0,0.0,2.0,2.668744646603501,12.0,0.2033898305084746,-50.70187018194315,0.0,0.0,1.0,0.0,268.3333333333333,0.0,1.0,1.0,-36.22987318194315,9.17395981315675e-06,5.0,1.0903961331325446e-06,2.0,1.132203791268838e-06,3.0,49.56884599268185,1.0,266.16739182692305,0.0,0.0,0.0,0.0,0.0
0,0,0,0,0,0.0,43.0,1.0,0,0,0,0,0,0,0,0,0,0,1.0,30.0,0.0,2021_03_24,10.0,0.0,1.0,0.0,0.0,0.0,3.0,0.9366400351887062,0.6318662909803284,0.4783340829099886,0.0,0.0,0.0,0.0,0.0,0.0,0.0,0.0,0.0,0.0,0.0,0.0,0.0,0.0,0.0,0.0,1.0,14.0,192.7872732522697,0,0.0,0,0,0,1,1,4.259999999999998,0.0,0.0,2.0,119,1.0,6.0,14.0,0,1.0,135.66666666666666,23.666666666666657,135.66666666666666,135.66666666666666,task_4,0.0,0.0,2.0,6.108190849617518,1.0,12.85636217757561,6.748171327958092,0.0,2.0,2.0,1.0,0,0,0,0.0,0.0,1.0,0.0,1,1,1.0,,,1.0,,,0.0,0.9366400351887062,158.6522141592861,158.6522141592861,2.5,0.0,1.0,1.0,0.0,0.0,2.0,2.6905030580044826,12.0,0.2033898305084746,-26.841452752204034,0.0,0.0,1.0,0.0,135.66666666666666,0.0,1.0,1.0,-22.581452752204036,0.07334762416070335,7.0,8.611237370273176e-07,3.0,8.645848845039706e-07,4.0,23.015340393943575,1.0,124.62658650634602,0.0,0.0,0.0,0.0,0.0
0,0,0,0,0,0.0,54.0,1.0,0,0,0,0,0,0,0,0,0,0,1.0,30.0,0.75,2021_03_25,10.0,3.0,1.0,0.0,0.0,0.0,3.0,0.9203678548123293,0.607373417165545,0.4350807502663873,0.0,0.0,0.0,0.0,0.0,0.0,0.0,0.0,0.0,0.0,0.0,0.0,0.0,0.0,0.0,0.0,1.0,14.0,58124.845698075405,1,0.0,1,1,0,1,2,7278.816,0.0,0.0,4.0,120,1.0,4.0,14.0,0,1.0,40550.2,40437.86666666666,40550.2,40550.2,task_4,0.0,0.0,1.0,11.060320652200636,3.0,34.88181297629137,23.821492324090734,0.0,1.0,1.0,1.0,1,2,1,0.0,0.0,1.0,0.0,1,2,1.0,,,,,,0.0,0.9203678548123293,58124.845698075405,58124.845698075405,2.5,0.0,1.0,1.0,0.0,0.0,2.0,2.6769938182331403,10.0,0.19230769230769232,-7301.445294436409,0.0,0.0,1.0,0.0,40550.2,0.0,1.0,1.0,-22.629294436409825,8.599159864690334e-20,7.0,6.48790229458378e-20,2.0,6.580103417801787e-20,3.0,7291.261627645622,1.0,40508.29947713584,0.0,0.0,0.0,0.0,0.0
0,0,0,0,0,0.0,45.0,1.0,0,0,0,0,0,0,0,0,0,0,1.0,30.0,0.0,2021_03_25,10.0,0.0,1.0,0.0,0.0,0.0,3.0,0.8251286584368861,0.6655759539084468,0.5439051608784135,2.0,1.0,1.0,1.0,2.0,0.5,0.5,0.5,2.0,2.0,2.0,2.0,2.0,2.0,2.0,2.0,1.0,14.0,1519.1494036012314,0,-0.38522657271747374,0,0,0,0,0,24.75049360514668,0.0,0.0,1.0,121,1.0,7.0,14.0,0,1.0,305.0621848739496,139.42887511440227,305.0621848739496,305.0621848739496,task_1,0.0,0.0,2.0,11.91957884544535,7.0,24.6164145802477,12.696835734802349,0.0,2.0,2.0,1.0,0,0,0,0.0,0.0,1.0,0.0,1,1,1.0,,,,1.0,,0.0,0.8251286584368861,1519.1494036012314,1519.1494036012314,2.5,0.0,1.0,1.0,0.0,0.0,2.0,2.6586785881609396,10.0,0.19230769230769232,-57.304004006655774,0.0,0.0,1.0,0.0,305.0621848739496,1.0,0.0,0.0,-32.553510401509094,6.721634225467825e-20,5.0,7.667143713562139e-10,4.0,7.873356460197361e-10,5.0,55.288031127085546,1.0,303.1295967348786,0.0,0.0,0.0,0.0,0.0
1,1,1,1,1,0.0,46.0,1.0,1,1,1,1,1,1,1,1,1,1,1.0,30.0,1.0,2021_03_25,10.0,2.0,1.0,0.0,0.0,0.0,3.0,0.8910828266144435,0.632503528616458,0.4609843287886859,0.0,0.0,0.0,0.0,0.0,0.0,0.0,0.0,0.0,0.0,0.0,0.0,0.0,0.0,0.0,0.0,1.0,14.0,3830.8800334089046,1,-0.041399915861231484,1,1,1,1,1,104.1448697350435,0.0,0.0,2.0,122,1.0,6.0,14.0,1,1.0,809.8,578.7896092184368,809.8,809.8,task_6,0.0,0.0,2.0,13.551954209401776,4.0,41.46880182365607,27.916847614254294,0.0,2.0,2.0,1.0,0,0,0,0.0,0.0,1.0,0.0,0,0,1.0,,,1.0,,,0.0,0.8910828266144435,3830.8800334089046,3830.8800334089046,2.5,0.0,1.0,1.0,0.0,0.0,2.0,2.671362082041239,10.0,0.19230769230769232,-148.1682258738371,0.0,0.0,1.0,0.0,809.8,1.0,0.0,0.0,-44.02335613879359,6.63357971856665e-20,4.0,7.394141587266485e-20,2.0,7.501094188796214e-20,3.0,142.45738486952175,1.0,791.2549098196392,0.0,0.0,0.0,0.0,0.0
0,0,0,1,1,0.0,46.0,1.0,0,0,0,0,0,0,1,1,1,1,1.0,30.0,0.0,2021_03_23,10.0,0.0,1.0,0.0,0.0,0.0,3.0,0.8079925683800242,0.6404925415523811,0.42107618685446013,0.0,0.0,0.0,0.0,0.0,0.0,0.0,0.0,0.0,0.0,0.0,0.0,0.0,0.0,0.0,0.0,1.0,13.0,1796.2670816227924,0,-0.05258977329935499,0,0,0,1,1,5.247413344912669,0.0,0.0,2.0,123,1.0,5.0,13.0,0,1.0,150.75,29.41524522712271,150.75,150.75,task_6,0.0,0.0,2.0,3.091042453358316,1.0,13.11808607484902,10.027043621490703,0.0,2.0,2.0,1.0,0,0,0,0.0,0.0,1.0,0.0,0,0,1.0,,,1.0,,,0.0,0.8079925683800242,171.75,171.75,2.5,0.0,1.0,1.0,0.0,0.0,2.0,2.641753082171934,10.0,0.17543859649122806,-29.51257777395474,0.0,0.0,1.0,0.0,150.75,0.0,0.0,0.0,-24.26516442904207,0.06414247970728894,6.0,0.056754644325184476,2.0,0.06379671127036515,3.0,16.929697548227196,1.0,94.31682413442564,0.0,0.0,0.0,0.0,0.0
1,1,1,1,1,0.0,23.0,1.0,1,1,1,1,1,1,1,1,1,1,1.0,23.0,1.0,2021_03_23,10.0,2.0,1.0,1.0,10.0,0.0,3.0,0.5127191406625853,0.35773225099620604,0.24704292117851454,0.0,0.0,0.0,0.0,0.0,0.0,0.0,0.0,0.0,0.0,0.0,0.0,0.0,0.0,0.0,0.0,1.0,5.0,756.9027469180717,1,0.0513328715451955,1,1,1,1,1,0.046199584390674175,0.0,0.0,2.0,124,1.0,5.0,6.0,1,1.0,113.1638973008562,0.0,113.1638973008562,113.1638973008562,task_6,0.0,0.0,2.0,19.569333539402294,8.0,31.903483979268564,12.33415043986627,0.0,2.0,2.0,1.0,0,0,0,0.0,0.0,1.0,0.0,0,0,1.0,,,1.0,,,0.0,0.24704292117851454,756.9027469180717,756.9027469180717,2.5,0.0,1.0,1.0,0.0,0.0,2.0,2.614019809774699,6.0,0.46153846153846156,-22.722119342951345,0.0,0.0,1.0,0.0,113.1638973008562,1.0,0.0,1.0,-22.67591975856067,3.9324795171841704e-08,6.0,1.1567605212714205e-07,5.0,0.692880563337392,6.0,22.677119342951343,2.0,113.1638973008562,0.0,0.0,0.0,0.0,0.0
0,0,0,0,0,0.0,33.0,1.0,0,0,0,0,0,0,0,0,0,0,1.0,30.0,0.0,2021_03_24,10.0,0.0,1.0,1.0,15.0,0.0,3.0,0.9410370441800566,0.6506719948377473,0.4969647145073348,0.0,0.0,0.0,0.0,0.0,0.0,0.0,0.0,0.0,0.0,0.0,0.0,0.0,0.0,0.0,0.0,1.0,13.0,1584.6689896720536,0,-0.322616860907873,0,0,0,0,0,17.933281188819304,0.0,0.0,1.0,125,1.0,7.0,13.0,0,1.0,238.33333333333334,101.24242424242439,238.33333333333334,238.33333333333334,task_1,0.0,0.0,2.0,0.9987898753887873,1.0,14.757143200950289,13.758353325561501,0.0,2.0,2.0,1.0,0,0,0,0.0,0.0,1.0,0.0,1,1,1.0,,,1.0,,,0.0,0.9410370441800566,240.04832769157704,240.04832769157704,2.5,0.0,1.0,1.0,0.0,0.0,2.0,2.6913973649179774,12.0,0.2033898305084746,-45.32225762842618,0.0,0.0,1.0,0.0,238.33333333333334,0.0,0.0,0.0,-27.388976439606875,5.267394240885684e-07,5.0,5.032147495522319e-07,2.0,5.216506101567983e-07,3.0,33.90935452520631,1.0,187.8424533553124,0.0,0.0,0.0,0.0,0.0
0,0,0,0,0,0.0,31.0,1.0,0,0,0,0,0,0,0,0,0,0,1.0,30.0,0.0,2021_03_25,10.0,0.0,1.0,0.0,0.0,0.0,3.0,0.7481542750683293,0.5836081343802252,0.47079728650819086,8.0,0.8333333333333334,0.7619047619047619,0.7142857142857143,8.0,1.0,0.625,0.5,8.0,2.0,2.0,2.0,8.0,2.0,2.0,2.0,1.0,9.0,13319.256020440283,0,0.33782907611715185,0,0,0,0,0,0.30404616850540833,0.0,0.0,1.0,126,1.0,6.0,9.0,0,1.0,1500.894578313253,0.0,1500.894578313253,1500.894578313253,task_1,0.0,0.0,2.0,49.560694910533684,10.0,81.37124937086412,31.810554460330437,0.0,2.0,2.0,1.0,0,0,0,0.0,0.0,1.0,0.0,1,1,1.0,,,1.0,,,0.0,0.47079728650819086,13319.256020440283,13319.256020440283,2.5,0.0,1.0,1.0,0.0,0.0,2.0,2.9707972865081906,1.0,1.0,-272.83474165424286,0.0,0.0,1.0,0.0,1500.894578313253,1.0,0.0,1.0,-272.53069548573745,3.8966833971889135e-20,6.0,2.7899392706895124e-20,5.0,0.6817238430604592,6.0,272.0943496777808,1.0,1500.1736480806949,0.0,0.0,0.0,0.0,0.0
0,0,0,0,0,0.0,49.0,1.0,0,0,0,0,0,0,0,0,0,0,1.0,30.0,0.0,2021_03_25,10.0,0.0,1.0,0.0,0.0,0.0,3.0,0.8957474847124283,0.6158439665877637,0.4630290500143944,0.0,0.0,0.0,0.0,0.0,0.0,0.0,0.0,0.0,0.0,0.0,0.0,0.0,0.0,0.0,0.0,1.0,15.0,1260.088586617132,0,-0.2907699183389276,0,0,0,1,1,27.956665910453516,0.0,0.0,2.0,127,1.0,6.0,15.0,0,1.0,236.66666666666666,156.76866020532532,236.66666666666666,236.66666666666666,task_4,0.0,0.0,2.0,1.2270404122355578,2.0,14.239672829365464,13.012632417129906,0.0,2.0,2.0,1.0,0,0,0,0.0,0.0,1.0,0.0,1,1,1.0,,,1.0,,,0.0,0.8957474847124283,241.16399263921033,241.16399263921033,2.5,0.0,1.0,1.0,0.0,0.0,2.0,2.672259131675467,10.0,0.19230769230769232,-45.00503321850791,0.0,0.0,1.0,0.0,236.66666666666666,0.0,0.0,0.0,-17.048367308054395,3.5816006674997985e-11,5.0,3.560597461024226e-11,2.0,3.6460268832704856e-11,3.0,39.76315145540913,1.0,220.65604552241345,0.0,0.0,0.0,0.0,0.0
0,0,0,1,1,0.0,38.0,1.0,0,0,0,0,0,0,1,1,1,1,1.0,30.0,0.0,2021_03_25,10.0,0.0,1.0,0.0,0.0,0.0,3.0,0.9428454472533423,0.642440967935274,0.4820902549007024,0.0,0.0,0.0,0.0,0.0,0.0,0.0,0.0,0.0,0.0,0.0,0.0,0.0,0.0,0.0,0.0,1.0,14.0,502.4780708905338,0,-0.041186762405450494,0,0,0,1,1,37.08417810172004,0.0,0.0,2.0,128,1.0,6.0,14.0,0,1.0,474.0,206.22914548824974,474.0,474.0,task_6,0.0,0.0,2.0,4.9165846717242445,4.0,15.970787010086603,11.054202338362359,0.0,2.0,2.0,1.0,0,0,0,0.0,0.0,1.0,0.0,0,0,1.0,,,1.0,,,0.0,0.9428454472533423,502.4780708905338,502.4780708905338,2.5,0.0,1.0,1.0,0.0,0.0,2.0,2.6813164321641043,10.0,0.19230769230769232,-87.73318478894768,0.0,0.0,1.0,0.0,474.0,0.0,0.0,0.0,-50.64900668722764,5.725110324969681e-15,6.0,5.6993395566375476e-15,2.0,5.803401802803927e-15,3.0,77.01068742485712,1.0,428.0430861723447,0.0,0.0,0.0,0.0,0.0
0,0,0,1,1,0.0,43.0,1.0,0,0,0,0,0,0,0,0,1,1,1.0,30.0,0.0,2021_03_25,10.0,0.0,1.0,0.0,0.0,0.0,3.0,0.9381717967803993,0.6267351431164627,0.46470505906689075,0.0,0.0,0.0,0.0,0.0,0.0,0.0,0.0,0.0,0.0,0.0,0.0,0.0,0.0,0.0,0.0,1.0,12.0,129.98904472897115,0,-0.29691092027509836,0,0,0,0,0,12.817771244940966,0.0,0.0,1.0,129,1.0,6.0,12.0,0,1.0,112.0,72.69439485104752,112.0,112.0,task_3,0.0,0.0,2.0,1.0605403407187017,1.0,12.380969546780852,11.320429206062151,0.0,2.0,2.0,1.0,0,0,0,0.0,0.0,1.0,0.0,0,0,1.0,,,1.0,,,0.0,0.9381717967803993,113.88793103448276,113.88793103448276,2.5,0.0,1.0,1.0,0.0,0.0,2.0,2.680417653227,10.0,0.19230769230769232,-22.5723758879043,0.0,0.0,1.0,0.0,112.0,0.0,0.0,0.0,-9.754604642963335,6.423295410037689e-05,5.0,6.249519283373053e-05,2.0,6.566803716200022e-05,3.0,19.22772408801167,1.0,107.42857142857143,0.0,0.0,0.0,0.0,0.0
1,1,0,1,2,0.0,43.0,1.0,1,1,0,1,1,0,1,2,1,2,1.0,30.0,0.3333333333333333,2021_03_25,10.0,2.0,1.0,0.0,0.0,0.0,3.0,0.918855458826112,0.6876037126206842,0.5487954161987099,0.0,0.0,0.0,0.0,0.0,0.0,0.0,0.0,0.0,0.0,0.0,0.0,0.0,0.0,0.0,0.0,1.0,14.0,1423.2887150238362,1,0.45796140878755365,1,1,0,1,2,0.41216526790879726,0.0,0.0,6.0,130,1.0,5.0,14.0,0,1.0,331.61167289180025,0.0,331.61167289180025,331.61167289180025,task_7,0.0,0.0,2.0,21.264516890429157,4.0,37.40350151415991,16.138984623730757,0.0,2.0,2.0,1.0,0,0,0,0.0,0.0,1.0,0.0,1,2,1.0,,,1.0,,,0.0,0.5951602628372308,1423.2887150238362,1423.2887150238362,2.5,0.0,1.0,1.0,0.0,0.0,2.0,3.095160262837231,1.0,1.0,-62.47574535707755,0.0,0.0,1.0,0.0,331.61167289180025,1.0,0.0,1.0,-62.06358008916875,7.739937793625032e-11,6.0,7.739910977138495e-11,2.0,0.6723547204187246,3.0,55.71965903660905,1.0,309.2708549286888,0.0,0.0,0.0,0.0,0.0
0,0,0,1,1,0.0,38.0,1.0,0,0,0,0,0,0,1,1,1,1,1.0,30.0,0.0,2021_03_25,10.0,0.0,1.0,0.0,0.0,0.0,3.0,0.8202676357694848,0.6961118730436786,0.6310560529437166,0.0,0.0,0.0,0.0,0.0,0.0,0.0,0.0,0.0,0.0,0.0,0.0,0.0,0.0,0.0,0.0,1.0,10.0,745.7802218699687,0,0.0,0,0,0,1,1,5.400000000000002,0.0,0.0,3.0,131,1.0,5.0,10.0,0,1.0,178.0,30.0,178.0,178.0,task_7,0.0,0.0,2.0,0.0,0.0,14.030964514601887,14.030964514601887,0.0,2.0,2.0,1.0,0,0,0,0.0,0.0,1.0,0.0,1,1,1.0,,,1.0,,,0.0,0.8202676357694848,178.0,178.0,2.5,0.0,1.0,1.0,0.0,0.0,2.0,2.657743776109516,10.0,0.19230769230769232,-34.431969398498566,0.0,0.0,1.0,0.0,178.0,0.0,1.0,1.0,-29.031969398498564,0.030479491254395693,4.0,7.995786961369311e-07,3.0,8.29483461594527e-07,4.0,31.90083904061984,1.0,176.51703656650628,0.0,0.0,0.0,0.0,0.0
0,0,0,0,0,0.0,49.0,1.0,0,0,0,0,0,0,0,0,0,0,1.0,30.0,1.0,2021_03_25,10.0,1.0,1.0,0.0,0.0,0.0,3.0,0.859117735919551,0.46679270942048734,0.20684090506756203,2.0,1.0,1.0,1.0,2.0,0.5,0.5,0.5,2.0,2.0,2.0,2.0,2.0,2.0,2.0,2.0,1.0,14.0,7630303.797461066,1,0.007938528912325715,0,0,0,0,0,0.007144676021084706,0.0,0.0,1.0,132,1.0,6.0,14.0,1,1.0,641.6688227684347,0.0,641.6688227684347,641.6688227684347,task_1,0.0,0.0,2.0,38.84102974067297,9.0,65.94700843543791,27.105978694764936,0.0,2.0,2.0,1.0,1,1,1,0.0,0.0,1.0,0.0,1,1,1.0,,,,1.0,,0.0,0.859117735919551,2.803486416558861,2.803486416558861,0.37427891332470886,0.0,1.0,1.0,0.0,0.0,2.0,0.5890583473045966,1.0,0.25,-116.03054061089237,0.0,0.0,1.0,0.0,641.6688227684347,1.0,0.0,1.0,-116.02339593487129,3.897837501412378e-20,7.0,1.9304378167691185e-20,3.0,0.693140799801229,4.0,113.11652086324325,1.0,638.0119798903143,0.0,0.0,0.0,0.0,0.0
0,0,0,0,0,0.0,48.0,1.0,0,0,0,0,0,0,0,0,0,0,0.0,30.0,0.0,2021_03_04,10.0,0.0,1.0,0.0,0.0,0.0,3.0,0.7804004123245735,0.49128865090609775,0.2787137443025884,7.0,1.0,0.8396825396825397,0.75,7.0,0.8333333333333334,0.6416666666666667,0.5,7.0,4.0,2.7142857142857144,2.0,7.0,8.0,6.571428571428571,5.0,1.0,15.0,133.3065555207281,0,0.9124957444876582,0,0,0,1,1,3.398518897311609,0.0,0.0,1.0,133,0.0,6.0,15.0,0,1.0,43.818181818181785,14.31818181818176,43.818181818181785,43.818181818181785,task_2,0.0,0.0,3.0,3.8026139012443188,3.0,18.072302129666195,14.269688228421876,0.0,3.0,3.0,1.0,0,0,0,0.0,0.0,1.0,0.0,0,0,1.0,,,1.0,1.0,,0.0,0.2787137443025884,87.63636363636357,87.63636363636357,2.5,0.0,1.0,1.0,0.0,0.0,2.0,2.778713744302588,1.0,1.0,-10.38811509714505,0.0,0.0,1.0,0.0,43.818181818181785,0.0,1.0,1.0,-6.989596199833441,0.16743503655250647,9.0,0.019215695757610122,3.0,0.019215695757610122,3.0,8.450939065695563,1.0,43.818181818181785,0.0,0.0,1.0,0.0,0.0
0,0,0,0,0,0.0,42.0,1.0,0,0,0,0,0,0,0,0,0,0,0.0,30.0,0.0,2021_03_04,10.0,0.0,1.0,0.0,0.0,0.0,3.0,0.8575273964951873,0.6422651576022792,0.43197542336720046,12.0,1.0,0.8666666666666667,0.8,12.0,0.8333333333333334,0.65,0.6,12.0,4.0,3.0,2.0,12.0,6.0,4.833333333333333,3.0,1.0,14.0,278.39364168534524,0,0.6324882586449196,0,0,0,1,1,24.283421250962252,0.0,0.0,1.0,134,0.0,7.0,18.0,0,1.0,174.2,131.74545454545458,174.2,174.2,task_2,0.0,0.0,3.0,7.441690666103277,3.0,22.43473066938359,14.993040003280313,0.0,3.0,3.0,1.0,0,0,0,0.0,0.0,1.0,0.0,0,0,1.0,,,1.0,1.0,,0.0,0.0,278.39364168534524,278.39364168534524,2.5,0.0,1.0,1.0,0.0,0.0,2.0,3.5,0.0,0.0,-34.506,0.0,0.0,0.0,1.0,174.2,0.0,0.0,0.0,-10.222578749037748,1.130721104101593e-09,8.0,7.670979641644927e-10,4.0,7.670979641644927e-10,4.0,31.214145196319997,2.0,169.33888888888887,0.0,0.0,1.0,12.0,102.12829829706773
0,0,0,0,0,0.0,32.0,1.0,0,0,0,0,0,0,0,0,0,0,0.0,30.0,0.0,2021_03_04,10.0,0.0,1.0,0.0,0.0,0.0,3.0,0.8806218844677428,0.6124157426816733,0.4469977913948892,0.0,0.0,0.0,0.0,0.0,0.0,0.0,0.0,0.0,0.0,0.0,0.0,0.0,0.0,0.0,0.0,1.0,14.0,899.7778197135015,0,0.0,0,0,0,1,1,23.15249678320262,0.0,0.0,2.0,135,0.0,6.0,15.0,0,1.0,243.0,128.62498212890347,243.0,243.0,task_4,0.0,0.0,2.0,4.874124113668228,1.0,14.305420563233007,9.43129644956478,0.0,2.0,2.0,1.0,0,0,0,0.0,0.0,1.0,0.0,1,1,1.0,,,1.0,,,0.0,0.8806218844677428,372.859484965711,372.859484965711,2.5,0.0,1.0,1.0,0.0,0.0,2.0,2.6921356838838713,12.0,0.21818181818181817,-46.162922115495476,0.0,0.0,1.0,0.0,243.0,0.0,1.0,1.0,-23.010425332292858,2.134056851156118e-09,7.0,6.024733877931375e-12,4.0,6.024733877931375e-12,4.0,43.874700049081795,1.0,243.0,0.0,0.0,1.0,2.0,5.223880597014925
