system,query_id,fold_key,query_index,task_index,telemetry_date,ground_truth,object_id,base_rank,base_score,label,rank_recip,rank_log,anomaly_score,metric_score,log_score,trace_score,change_score,degree_in,degree_out,degree_total,is_isolated,member_count,member_log,incoming_mass,topological_mass,has_earliest,earliest_offset,noise_local_noise,noise_resonance_mass,noise_source_signal,noise_reverb_mass,noise_unexplained_residual,noise_collapse_gain,noise_collapse_recovery_score,noise_exclusive_explanation,noise_temporal_source_score,noise_multi_lead_consistency,noise_hotspot_bias,noise_root_source_score,structure_upstream_context,structure_downstream_context,structure_temporal_lead,structure_mechanism_focus,structure_propagation_signature,structure_source_likelihood,structure_symptom_likelihood,structure_structural_uniqueness,structure_propagation_role_score,structure_hard_negative_resistance,structure_multi_view_consistency,structure_topological_eccentricity,structure_structural_score,delay_source_time_consistency,delay_average_delay_gain,delay_observer_coverage,delay_reverse_penalty,beam_beamformed_explanation,beam_directional_focus,beam_offbeam_penalty,beam_mechanism_coherence,subspace_local_residual_source_energy,subspace_sector_source_ratio,subspace_sector_reverb_ratio,subspace_residual_distinctiveness,subspace_local_common_mode_alignment,subspace_replaceability,subspace_sector_size,mask_gated_reverb_penalty,mask_source_protection,mask_replaceability_penalty,mask_local_hub_pressure,reason_cpu,reason_memory,reason_disk,reason_db,reason_network,reason_process,prefix_tomcat,prefix_mg,prefix_ig,prefix_apache,prefix_mysql,prefix_redis,prefix_servicetest,prefix_node,prefix_adservice,prefix_frontend,prefix_checkoutservice,prefix_shippingservice,prefix_paymentservice,prefix_recommendationservice,prefix_emailservice,prefix_currencyservice,prefix_productcatalogservice,prefix_cartservice,ltr_score,fold,base_z,ltr_z,blend_a0p25,blend_a0p5,blend_a0p75,blend_a1,blend_a1p5
Bank,Bank:1:task_6:Redis02:2021-03-04 18:09:00,Bank:Redis02:2021-03-04 18:09:00,1,task_6,2021_03_04,Redis02,tomcat02,1,0.684805,0,1.0,0.6931471805599453,1.0,1.0,0.3773584905660377,0.0,0.0,0.0,5.0,5.0,0.0,1.0,0.6931471805599453,0.0,2.248503640106686,1.0,-0.0613888888888888,1.0,0.554296,0.323336,0.16194,0.83806,0.602645,0.892258,1.0,1.0,1.0,0.507988,0.928877,0.0,0.449701,1.0,0.105762,0.658936,0.826663,0.0,0.86272,1.0,0.0,0.487292,1.0,1.0,0.768939,1.0,0.6,0.0,0.497742,0.213084,0.0,0.755726,0.0,0.0,1.0,0.783647,1.0,0.998866,1.0,0.426325,0.785631,0.999376,0.409687,0.0,0.0,1.0,0.0,0.0,0.0,1.0,0.0,0.0,0.0,0.0,0.0,0.0,0.0,0.0,0.0,0.0,0.0,0.0,0.0,0.0,0.0,0.0,0.0,1.373856,1,2.1133063029535464,3.1648948,2.9045300077684573,3.695753712583368,4.486977357793634,5.27820112221319,6.860648412633722
Bank,Bank:1:task_6:Redis02:2021-03-04 18:09:00,Bank:Redis02:2021-03-04 18:09:00,1,task_6,2021_03_04,Redis02,ig01,2,0.64084,0,0.5,1.0986122886681096,0.9056603773584906,1.0,0.0,0.0,0.0,0.0,5.0,5.0,0.0,1.0,0.6931471805599453,0.0,3.072064684169062,1.0,0.0,0.90566,0.600913,0.103835,0.735849,0.264151,1.0,0.813635,0.925263,0.8,0.624914,0.386338,0.932206,0.0,0.614413,0.8,0.647443,0.748387,0.846365,0.126614,0.834287,0.895731,0.511528,0.773387,1.0,0.923056,0.889197,0.0,1.0,0.0,1.0,0.385188,0.8,0.901223,0.0,0.0,1.0,0.187431,1.0,0.0,1.0,0.18579,0.947429,0.45,0.338859,0.0,0.0,1.0,0.0,0.0,0.0,0.0,0.0,1.0,0.0,0.0,0.0,0.0,0.0,0.0,0.0,0.0,0.0,0.0,0.0,0.0,0.0,0.0,0.0,-1.4510394,1,1.9258783144804437,0.94015473,2.1609169972988562,2.395955680117269,2.6309943480345206,2.8660330457540946,3.3361103815885977
Bank,Bank:1:task_6:Redis02:2021-03-04 18:09:00,Bank:Redis02:2021-03-04 18:09:00,1,task_6,2021_03_04,Redis02,tomcat04,3,0.517473,0,0.3333333333333333,1.3862943611198906,1.0,1.0,0.3773584905660377,0.0,0.0,1.0,0.0,1.0,0.0,1.0,0.6931471805599453,1.0,0.0,1.0,-0.0697222222222222,1.0,0.0,0.706541,0.0,1.0,0.128266,0.0,1.0,1.0,0.087165,0.222222,0.509329,0.256751,0.0,1.0,0.0,0.493482,0.654304,0.303702,0.685379,0.442303,0.664957,0.367462,0.928571,0.682128,0.450891,0.0,0.0,0.0,0.112467,0.0,0.0,0.0,0.0,1.0,0.0,1.0,0.0,0.0,0.0,0.135817,0.284052,0.0,0.29817,0.0,0.0,1.0,0.0,0.0,0.0,1.0,0.0,0.0,0.0,0.0,0.0,0.0,0.0,0.0,0.0,0.0,0.0,0.0,0.0,0.0,0.0,0.0,0.0,-1.150368,1,1.3999502204519831,1.1769478,1.6941871784788691,1.9884241365057551,2.2826610945326413,2.5768980525595273,3.1653719686132993
Bank,Bank:1:task_6:Redis02:2021-03-04 18:09:00,Bank:Redis02:2021-03-04 18:09:00,1,task_6,2021_03_04,Redis02,tomcat03,4,0.464044,0,0.25,1.6094379124341005,1.0,1.0,0.3773584905660377,0.0,0.0,2.0,3.0,5.0,0.0,1.0,0.6931471805599453,1.8113207547169807,1.1664043068105714,1.0,-0.0333333333333333,1.0,0.290242,0.752411,0.161732,0.838268,0.687523,0.737508,0.0,1.0,0.12276,0.414542,0.78345,0.465058,0.388801,1.0,0.05937,0.61789,0.729391,0.455306,0.355842,0.614717,0.664957,0.448131,0.928571,0.618706,0.929173,0.84041,0.8,0.0,0.837423,0.538715,0.0,0.842763,0.0,0.0,1.0,0.842487,1.0,1.0,1.0,0.465821,1.0,1.0,0.744474,0.0,0.0,1.0,0.0,0.0,0.0,1.0,0.0,0.0,0.0,0.0,0.0,0.0,0.0,0.0,0.0,0.0,0.0,0.0,0.0,0.0,0.0,0.0,0.0,-0.12879674,1,1.1721760820207445,1.981484,1.6675470959005205,2.1629181097802963,2.6582891534623947,3.1536601375398483,4.144402224904045
Bank,Bank:1:task_6:Redis02:2021-03-04 18:09:00,Bank:Redis02:2021-03-04 18:09:00,1,task_6,2021_03_04,Redis02,mg02,5,0.392662,0,0.2,1.791759469228055,0.9056603773584906,1.0,0.0,0.0,0.0,3.0,5.0,8.0,0.0,1.0,0.6931471805599453,1.1664043068105714,3.3222148286539137,1.0,0.0,0.90566,0.883672,0.472245,0.583038,0.416962,0.786107,0.904397,0.0,1.0,0.031142,0.48691,0.902897,0.299475,0.664443,1.0,0.43214,0.801027,0.860785,0.585068,0.0,0.764048,0.977454,0.705207,0.785714,0.573136,1.0,0.0,0.9,0.0,0.847197,0.361875,0.0,0.805491,0.0,0.0,1.0,0.152386,1.0,0.0,1.0,0.240762,0.89085,0.45,0.457779,0.0,0.0,1.0,0.0,0.0,0.0,0.0,1.0,0.0,0.0,0.0,0.0,0.0,0.0,0.0,0.0,0.0,0.0,0.0,0.0,0.0,0.0,0.0,0.0,-3.1078935,1,0.8678661838474925,-0.364697,0.7766919315162356,0.6855176791849787,0.5943434194031413,0.503169174522465,0.3208206549587901
Bank,Bank:1:task_6:Redis02:2021-03-04 18:09:00,Bank:Redis02:2021-03-04 18:09:00,1,task_6,2021_03_04,Redis02,apache01,6,0.388181,0,0.1666666666666666,1.9459101490553128,0.8882968885832869,1.0,0.0,0.0,0.0,7.0,1.0,8.0,0.0,1.0,0.6931471805599453,3.776918701587989,0.7290639226516995,1.0,0.0,0.888297,0.193923,0.093452,0.928707,0.071293,0.344804,0.779033,0.0,1.0,0.043599,0.183771,0.363853,0.969726,0.729064,1.0,1.0,0.888268,1.0,0.632547,0.992443,0.811703,0.765531,1.0,0.642857,0.790256,1.0,0.0,0.5,0.0,0.428882,1.0,0.0,0.757446,0.0,0.0,1.0,0.447756,1.0,0.0,0.833333,0.32204,0.691096,0.45,0.536531,0.0,0.0,1.0,0.0,0.0,0.0,0.0,0.0,0.0,1.0,0.0,0.0,0.0,0.0,0.0,0.0,0.0,0.0,0.0,0.0,0.0,0.0,0.0,0.0,-2.5942867,1,0.8487631515184131,0.03979288,0.8587113716223922,0.8686595917263713,0.8786078118303504,0.8885560319343295,0.9084524721422877
Bank,Bank:1:task_6:Redis02:2021-03-04 18:09:00,Bank:Redis02:2021-03-04 18:09:00,1,task_6,2021_03_04,Redis02,mg01,7,0.376356,0,0.1428571428571428,2.079441541679836,0.9056603773584906,1.0,0.0,0.0,0.0,3.0,7.0,10.0,0.0,1.0,0.6931471805599453,2.811320754716981,3.759555212812786,1.0,0.0,0.90566,1.0,0.608788,0.444098,0.555902,0.789364,0.943151,0.0,0.9,0.0,0.406452,1.0,0.721809,0.537079,0.9,0.204122,0.710076,0.716055,0.549888,0.817176,0.599341,1.0,0.559066,0.892857,0.603394,1.0,0.0,0.8,0.403904,0.954764,0.268546,0.054225,0.8482,0.0,0.0,1.0,0.073754,1.0,0.0,1.0,0.30152,0.83882,0.45,0.588864,0.0,0.0,1.0,0.0,0.0,0.0,0.0,1.0,0.0,0.0,0.0,0.0,0.0,0.0,0.0,0.0,0.0,0.0,0.0,0.0,0.0,0.0,0.0,0.0,-2.5980313,1,0.7983517796613806,0.036843825,0.8075627359442943,0.816773692227208,0.8259846494414442,0.8351956047930353,0.8536175192215079
Bank,Bank:1:task_6:Redis02:2021-03-04 18:09:00,Bank:Redis02:2021-03-04 18:09:00,1,task_6,2021_03_04,Redis02,redis02,8,0.341069,1,0.125,2.19722457733622,0.9056603773584906,1.0,0.0,0.0,0.0,5.0,3.0,8.0,0.0,1.0,0.6931471805599453,2.7763637216100063,1.7122554138544783,1.0,0.0,0.90566,0.455441,0.546453,0.556942,0.443058,0.513372,0.852411,0.0,1.0,0.038927,0.324968,0.653785,0.712833,0.570752,1.0,0.203452,0.742866,0.757986,0.559676,0.804378,0.714457,0.912255,0.570674,0.714286,0.62818,1.0,0.0,0.7,0.0,0.610955,0.492185,0.0,0.771311,0.0,0.0,1.0,0.171952,1.0,0.0,1.0,0.311354,0.727597,0.45,0.534148,0.0,0.0,1.0,0.0,0.0,0.0,0.0,0.0,0.0,0.0,0.0,1.0,0.0,0.0,0.0,0.0,0.0,0.0,0.0,0.0,0.0,0.0,0.0,0.0,-3.2503412,1,0.6479191302982421,-0.4768814,0.5286987766352744,0.40947842297230674,0.29025806185875846,0.17103771564637138,-0.06740300658072518
Bank,Bank:1:task_6:Redis02:2021-03-04 18:09:00,Bank:Redis02:2021-03-04 18:09:00,1,task_6,2021_03_04,Redis02,ig02,9,0.331588,0,0.1111111111111111,2.302585092994046,0.7290639226516995,1.0,0.0,0.0,0.0,5.0,4.0,9.0,0.0,1.0,0.6931471805599453,3.498811283360705,1.2485036401066856,1.0,0.0,0.729064,0.332088,0.79382,0.299683,0.700317,0.279292,1.0,0.348769,1.0,0.045297,0.189567,0.602114,0.898322,0.312126,1.0,0.246508,0.57367,0.670997,0.475542,0.978731,0.575097,0.664957,0.508534,0.607143,0.662771,1.0,0.0,0.4,0.0,0.294348,0.203689,0.0,0.649764,0.0,0.0,1.0,0.055324,1.0,0.0,0.666667,0.377084,0.508398,0.45,0.550911,0.0,0.0,1.0,0.0,0.0,0.0,0.0,0.0,1.0,0.0,0.0,0.0,0.0,0.0,0.0,0.0,0.0,0.0,0.0,0.0,0.0,0.0,0.0,0.0,-3.0901186,1,0.6075005073319396,-0.3506985,0.519825882114025,0.43215125689611045,0.34447662422761527,0.2568020064602813,0.08145274112329093
Bank,Bank:1:task_6:Redis02:2021-03-04 18:09:00,Bank:Redis02:2021-03-04 18:09:00,1,task_6,2021_03_04,Redis02,servicetest5,10,0.318967,0,0.1,2.3978952727983707,0.1410210310619817,0.2350350517699695,0.0,0.0,0.0,5.0,0.0,5.0,0.0,1.0,0.6931471805599453,2.836546531696404,0.0,1.0,0.0,0.141021,0.0,1.0,0.0,1.0,0.040332,0.0,0.173704,0.8,0.038058,0.0,0.313765,0.728285,0.0,0.8,0.487579,0.115986,0.354931,0.444076,0.90936,0.146758,0.664957,0.347843,0.428571,0.496523,0.450891,0.0,0.0,0.4,0.01586,0.0,0.0,0.0,0.0,1.0,0.0,1.0,0.0,0.0,0.0,0.158244,0.247323,0.0,0.333853,0.0,1.0,0.0,0.0,0.0,0.0,0.0,0.0,0.0,0.0,0.0,0.0,1.0,0.0,0.0,0.0,0.0,0.0,0.0,0.0,0.0,0.0,0.0,0.0,-3.5218036,1,0.5536956934454611,-0.690671,0.3810279367687872,0.20836018009211332,0.03569240851427824,-0.13697533326123446,-0.4823108764169046
Bank,Bank:1:task_6:Redis02:2021-03-04 18:09:00,Bank:Redis02:2021-03-04 18:09:00,1,task_6,2021_03_04,Redis02,mysql01,11,0.318185,0,0.0909090909090909,2.4849066497880004,0.9056603773584906,1.0,0.0,0.0,0.0,1.0,4.0,5.0,0.0,1.0,0.6931471805599453,0.9056603773584906,2.166404306810572,1.0,0.0,0.90566,0.360018,0.199969,0.744811,0.255189,0.8463,0.783842,0.0,0.8,0.062284,0.305353,0.687334,0.232529,0.541601,0.8,0.498572,0.713417,0.738314,0.527562,0.282592,0.541207,0.838776,0.689101,0.964286,0.58461,0.875518,0.0,0.9,0.0,0.897127,0.440555,1.0,0.846166,0.0,0.0,1.0,0.309653,1.0,0.0,1.0,0.293095,0.886203,0.45,0.602242,0.0,0.0,1.0,0.0,0.0,0.0,0.0,0.0,0.0,0.0,1.0,0.0,0.0,0.0,0.0,0.0,0.0,0.0,0.0,0.0,0.0,0.0,0.0,0.0,-1.7621375,1,0.5503619350697994,0.69515014,0.7241494693067073,0.8979370035436153,1.0717245377805233,1.2455120720174313,1.5930871404912472
Bank,Bank:1:task_6:Redis02:2021-03-04 18:09:00,Bank:Redis02:2021-03-04 18:09:00,1,task_6,2021_03_04,Redis02,redis01,12,0.233577,0,0.0833333333333333,2.5649493574615367,0.7042990374409446,1.0,0.0,0.0,0.0,4.0,4.0,8.0,0.0,1.0,0.6931471805599453,2.072064684169062,2.617915791212969,1.0,0.0,0.704299,0.696337,0.30653,0.762163,0.237837,0.643273,0.886982,0.0,1.0,0.035591,0.421138,0.685743,0.532004,0.654479,1.0,0.134814,0.779217,0.766018,0.586753,0.313041,0.754314,0.952771,0.55529,0.75,0.55402,1.0,0.0,0.8,0.0,0.433643,0.285088,0.0,0.558953,0.0,0.0,1.0,0.0,1.0,0.0,1.0,0.301192,0.753839,0.45,0.525854,0.0,0.0,0.0,1.0,0.0,0.0,0.0,0.0,0.0,0.0,0.0,1.0,0.0,0.0,0.0,0.0,0.0,0.0,0.0,0.0,0.0,0.0,0.0,0.0,-2.3965297,1,0.1896680365429649,0.19553597,0.23855202972157094,0.287436022900177,0.33632001980407333,0.38520400925738907,0.48297200306518173
Bank,Bank:1:task_6:Redis02:2021-03-04 18:09:00,Bank:Redis02:2021-03-04 18:09:00,1,task_6,2021_03_04,Redis02,servicetest4,13,0.17509,0,0.0769230769230769,2.639057329615259,0.1778478116507089,0.2964130194178483,0.0,0.0,0.0,4.0,6.0,10.0,0.0,1.0,0.6931471805599453,3.716981132075472,3.5817074011620766,1.0,0.0,0.177848,0.952694,0.0,1.0,0.0,0.674321,0.940806,0.0,0.9,0.015571,0.443297,0.616197,0.954337,0.596951,0.9,0.487579,0.480733,0.704904,0.578805,0.989183,0.554965,0.991836,0.560201,0.857143,0.607338,1.0,0.0,0.7,0.302928,0.521842,0.266732,0.0,0.726149,0.0,0.0,1.0,0.032968,1.0,0.0,1.0,0.337119,0.749672,0.45,0.617319,0.0,1.0,0.0,0.0,0.0,0.0,0.0,0.0,0.0,0.0,0.0,0.0,1.0,0.0,0.0,0.0,0.0,0.0,0.0,0.0,0.0,0.0,0.0,0.0,-2.9576478,1,-0.05966895337688872,-0.24637137,-0.12126179676043936,-0.18285464014399,-0.24444747980225034,-0.3060403269110913,-0.429226006227612
Bank,Bank:1:task_6:Redis02:2021-03-04 18:09:00,Bank:Redis02:2021-03-04 18:09:00,1,task_6,2021_03_04,Redis02,mysql02,14,0.163322,0,0.0714285714285714,2.70805020110221,0.9056603773584906,1.0,0.0,0.0,0.0,2.0,3.0,5.0,0.0,1.0,0.6931471805599453,1.7290639226516995,0.342843262748195,1.0,0.0,0.90566,0.091193,0.801115,0.08833,0.91167,0.166339,1.0,0.0,0.8,0.03079,0.059672,0.530602,0.443938,0.114281,0.8,0.483862,0.468804,0.508375,0.471926,0.545361,0.287701,0.664957,0.54321,0.535714,0.531877,1.0,0.0,0.3,1.0,0.143387,0.169101,0.0,0.4375,0.0,0.0,1.0,0.300723,1.0,0.0,0.5,0.451763,0.513096,0.45,0.728895,0.0,0.0,1.0,0.0,0.0,0.0,0.0,0.0,0.0,0.0,1.0,0.0,0.0,0.0,0.0,0.0,0.0,0.0,0.0,0.0,0.0,0.0,0.0,0.0,-3.3250628,1,-0.10983732750065703,-0.5357282,-0.2437693815434732,-0.3777014355862893,-0.5116334896291055,-0.6455655436719216,-0.913429651757554
Bank,Bank:1:task_6:Redis02:2021-03-04 18:09:00,Bank:Redis02:2021-03-04 18:09:00,1,task_6,2021_03_04,Redis02,servicetest8,15,0.151385,0,0.0666666666666666,2.772588722239781,0.0948946026194919,0.1581576710324865,0.0,0.0,0.0,6.0,2.0,8.0,0.0,1.0,0.6931471805599453,3.6820240989684967,1.6173608112349864,1.0,0.0,0.094895,0.4302,0.0,1.0,0.0,0.401728,0.847524,0.0,1.0,0.041523,0.340577,0.297079,0.945362,0.80868,1.0,0.487579,0.576692,0.777384,0.658021,0.983659,0.750808,0.85037,0.609613,0.678571,0.626202,1.0,0.0,0.6,0.0,0.264303,0.424231,0.0,0.723374,0.0,0.0,1.0,0.067882,1.0,0.0,1.0,0.372326,0.61931,0.45,0.613058,0.0,1.0,0.0,0.0,0.0,0.0,0.0,0.0,0.0,0.0,0.0,0.0,1.0,0.0,0.0,0.0,0.0,0.0,0.0,0.0,0.0,0.0,0.0,0.0,-3.3742847,1,-0.16072616858796349,-0.5744929,-0.304349386528294,-0.4479726044686245,-0.5915958075077938,-0.7352190403492855,-1.0224654464276242
Bank,Bank:1:task_6:Redis02:2021-03-04 18:09:00,Bank:Redis02:2021-03-04 18:09:00,1,task_6,2021_03_04,Redis02,servicetest6,16,0.145343,0,0.0625,2.833213344056216,0.0828961178013718,0.1381601963356197,0.0,0.0,0.0,5.0,5.0,10.0,0.0,1.0,0.6931471805599453,3.894828943726181,3.498811283360705,1.0,0.0,0.082896,0.930645,0.0,1.0,0.0,0.649143,0.939645,0.0,0.9,0.024914,0.48691,0.576206,1.0,0.699762,0.9,0.487579,0.48205,0.700637,0.624464,1.0,0.591543,0.977454,0.56093,0.821429,0.58794,1.0,0.0,0.6,0.242343,0.504308,0.279357,0.0,0.68623,0.0,0.0,1.0,0.007938,1.0,0.0,1.0,0.360029,0.703178,0.45,0.642299,0.0,1.0,0.0,0.0,0.0,0.0,0.0,0.0,0.0,0.0,0.0,0.0,1.0,0.0,0.0,0.0,0.0,0.0,0.0,0.0,0.0,0.0,0.0,0.0,-3.3558064,1,-0.18648392831398386,-0.5599403,-0.3264689979465141,-0.4664540675790443,-0.6064391223104133,-0.7464242068441047,-1.0263943163068427
Bank,Bank:1:task_6:Redis02:2021-03-04 18:09:00,Bank:Redis02:2021-03-04 18:09:00,1,task_6,2021_03_04,Redis02,servicetest3,17,0.101115,0,0.0588235294117647,2.8903717578961645,0.1532763438639277,0.2554605731065463,0.0,0.0,0.0,4.0,1.0,5.0,0.0,1.0,0.6931471805599453,2.683270187832476,0.1410210310619817,1.0,0.0,0.153276,0.03751,0.44861,0.644031,0.355969,0.058001,1.0,0.0,0.8,0.036039,0.021931,0.177239,0.688931,0.141021,0.8,0.487579,0.216334,0.405526,0.493493,0.849623,0.225057,0.664957,0.402814,0.464286,0.497192,1.0,0.0,0.1,0.5,0.048298,0.307456,0.0,1.0,0.0,0.0,1.0,0.377918,1.0,0.0,0.166667,0.447295,0.437231,0.45,0.666355,0.0,1.0,0.0,0.0,0.0,0.0,0.0,0.0,0.0,0.0,0.0,0.0,1.0,0.0,0.0,0.0,0.0,0.0,0.0,0.0,0.0,0.0,0.0,0.0,-3.399742,1,-0.3750331168546046,-0.5945416,-0.5236685191764201,-0.6723039214982356,-0.8209393387212123,-0.9695747261418666,-1.26684556058782
Bank,Bank:1:task_6:Redis02:2021-03-04 18:09:00,Bank:Redis02:2021-03-04 18:09:00,1,task_6,2021_03_04,Redis02,apache02,18,0.065491,0,0.0555555555555555,2.9444389791664403,0.9056603773584906,1.0,0.0,0.0,0.0,0.0,0.0,0.0,1.0,1.0,0.6931471805599453,0.0,0.0,1.0,0.0,0.90566,0.0,0.382504,0.0,1.0,0.124827,0.0,0.0,0.5,0.062284,1.0,0.158385,0.0,0.0,0.5,0.290342,0.493482,0.118912,0.136591,0.923072,0.324928,0.837579,0.385508,0.0,0.501135,0.450891,0.0,0.0,0.0,0.101857,0.0,0.0,0.0,0.0,1.0,0.0,1.0,0.0,0.0,0.0,0.03259,0.282616,0.0,0.078818,1.0,0.0,0.0,0.0,0.0,0.0,0.0,0.0,0.0,1.0,0.0,0.0,0.0,0.0,0.0,0.0,0.0,0.0,0.0,0.0,0.0,0.0,0.0,0.0,-3.561017,1,-0.5269024370266918,-0.7215535,-0.7072908131434444,-0.8876791892601971,-1.0680675504757886,-1.2484559414937024,-1.6092326639248853
Bank,Bank:1:task_6:Redis02:2021-03-04 18:09:00,Bank:Redis02:2021-03-04 18:09:00,1,task_6,2021_03_04,Redis02,dockera1,19,0.055666,0,0.0526315789473684,2.995732273553991,0.9056603773584906,1.0,0.0,0.0,0.0,0.0,0.0,0.0,1.0,1.0,0.6931471805599453,0.0,0.0,1.0,0.0666666666666666,0.90566,0.0,0.382504,0.0,1.0,0.124827,0.0,0.0,0.5,0.062284,1.0,0.158385,0.0,0.0,0.5,0.168033,0.493482,0.087649,0.136591,0.923072,0.324928,0.837579,0.333545,0.0,0.481239,0.450891,0.0,0.0,0.0,0.101857,0.0,0.0,0.0,0.0,1.0,0.0,1.0,0.0,0.0,0.0,0.03259,0.282616,0.0,0.078818,0.0,1.0,0.0,0.0,0.0,0.0,0.0,0.0,0.0,0.0,0.0,0.0,0.0,0.0,0.0,0.0,0.0,0.0,0.0,0.0,0.0,0.0,0.0,0.0,-1.9042214,1,-0.5687875726288352,0.58325225,-0.4229745098417792,-0.27716144705472323,-0.13134836936650607,0.014464678519388707,0.30609083389582303
Bank,Bank:1:task_6:Redis02:2021-03-04 18:09:00,Bank:Redis02:2021-03-04 18:09:00,1,task_6,2021_03_04,Redis02,dockera2,20,0.034872,0,0.05,3.044522437723423,0.0,0.0,0.0,0.0,0.0,0.0,0.0,0.0,1.0,1.0,0.6931471805599453,0.0,0.0,1.0,0.0,0.0,0.0,0.382504,0.0,1.0,0.0,0.0,0.0,0.5,0.062284,0.777778,0.01341,0.0,0.0,0.5,0.487579,0.0,0.0,0.136591,0.923072,0.184079,0.837579,0.170231,0.0,0.424029,0.450891,0.0,0.0,0.0,0.0,0.0,0.0,0.0,0.0,1.0,0.0,1.0,0.0,0.0,0.0,0.0,0.230477,0.0,0.0,0.0,1.0,0.0,0.0,0.0,0.0,0.0,0.0,0.0,0.0,0.0,0.0,0.0,0.0,0.0,0.0,0.0,0.0,0.0,0.0,0.0,0.0,0.0,0.0,-3.302167,1,-0.6574348509709187,-0.5176967,-0.7868590206305333,-0.9162831902901478,-1.0457073748509236,-1.175131529609377,-1.4339798987309285
Bank,Bank:1:task_6:Redis02:2021-03-04 18:09:00,Bank:Redis02:2021-03-04 18:09:00,1,task_6,2021_03_04,Redis02,dockerb1,21,0.034872,0,0.0476190476190476,3.091042453358316,0.0,0.0,0.0,0.0,0.0,0.0,0.0,0.0,1.0,1.0,0.6931471805599453,0.0,0.0,1.0,0.0,0.0,0.0,0.382504,0.0,1.0,0.0,0.0,0.0,0.5,0.062284,0.777778,0.01341,0.0,0.0,0.5,0.487579,0.0,0.0,0.136591,0.923072,0.184079,0.837579,0.170231,0.0,0.424029,0.450891,0.0,0.0,0.0,0.0,0.0,0.0,0.0,0.0,1.0,0.0,1.0,0.0,0.0,0.0,0.0,0.230477,0.0,0.0,0.0,1.0,0.0,0.0,0.0,0.0,0.0,0.0,0.0,0.0,0.0,0.0,0.0,0.0,0.0,0.0,0.0,0.0,0.0,0.0,0.0,0.0,0.0,0.0,-3.302167,1,-0.6574348509709187,-0.5176967,-0.7868590206305333,-0.9162831902901478,-1.0457073748509236,-1.175131529609377,-1.4339798987309285
Bank,Bank:1:task_6:Redis02:2021-03-04 18:09:00,Bank:Redis02:2021-03-04 18:09:00,1,task_6,2021_03_04,Redis02,dockerb2,22,0.034872,0,0.0454545454545454,3.1354942159291497,0.0,0.0,0.0,0.0,0.0,0.0,0.0,0.0,1.0,1.0,0.6931471805599453,0.0,0.0,1.0,0.0,0.0,0.0,0.382504,0.0,1.0,0.0,0.0,0.0,0.5,0.062284,0.777778,0.01341,0.0,0.0,0.5,0.487579,0.0,0.0,0.136591,0.923072,0.184079,0.837579,0.170231,0.0,0.424029,0.450891,0.0,0.0,0.0,0.0,0.0,0.0,0.0,0.0,1.0,0.0,1.0,0.0,0.0,0.0,0.0,0.230477,0.0,0.0,0.0,1.0,0.0,0.0,0.0,0.0,0.0,0.0,0.0,0.0,0.0,0.0,0.0,0.0,0.0,0.0,0.0,0.0,0.0,0.0,0.0,0.0,0.0,0.0,-3.302167,1,-0.6574348509709187,-0.5176967,-0.7868590206305333,-0.9162831902901478,-1.0457073748509236,-1.175131529609377,-1.4339798987309285
Bank,Bank:1:task_6:Redis02:2021-03-04 18:09:00,Bank:Redis02:2021-03-04 18:09:00,1,task_6,2021_03_04,Redis02,servicetest9,23,0.012423,0,0.0434782608695652,3.1780538303479458,0.2512781178951139,0.4187968631585231,0.0,0.0,0.0,0.0,0.0,0.0,1.0,1.0,0.6931471805599453,0.0,0.0,1.0,0.0,0.251278,0.0,0.382504,0.0,1.0,0.054145,0.0,0.0,0.5,0.062284,1.0,0.037851,0.0,0.0,0.5,0.487579,0.206669,0.070076,0.136591,0.923072,0.243066,0.837579,0.28687,0.0,0.468636,0.450891,0.0,0.0,0.0,0.02826,0.0,0.0,0.0,0.0,1.0,0.0,1.0,0.0,0.0,0.0,0.035635,0.253093,0.0,0.078818,0.0,1.0,0.0,0.0,0.0,0.0,0.0,0.0,0.0,0.0,0.0,0.0,1.0,0.0,0.0,0.0,0.0,0.0,0.0,0.0,0.0,0.0,0.0,0.0,-3.619812,1,-0.753137589813923,-0.7678574,-0.9451019330041162,-1.1370662761943093,-1.3290306342856637,-1.5209949625746957,-1.9049236787574044
Bank,Bank:1:task_6:Redis02:2021-03-04 18:09:00,Bank:Redis02:2021-03-04 18:09:00,1,task_6,2021_03_04,Redis02,servicetest7,24,0.006373,0,0.0416666666666666,3.218875824868201,0.2106174299007563,0.3510290498345938,0.0,0.0,0.0,0.0,0.0,0.0,1.0,1.0,0.6931471805599453,0.0,0.0,1.0,0.0,0.210617,0.0,0.382504,0.0,1.0,0.049753,0.0,0.0,0.5,0.062284,1.0,0.030361,0.0,0.0,0.5,0.487579,0.173227,0.058691,0.136591,0.923072,0.233521,0.837579,0.26753,0.0,0.461357,0.450891,0.0,0.0,0.0,0.023687,0.0,0.0,0.0,0.0,1.0,0.0,1.0,0.0,0.0,0.0,0.035824,0.251258,0.0,0.078818,0.0,1.0,0.0,0.0,0.0,0.0,0.0,0.0,0.0,0.0,0.0,0.0,1.0,0.0,0.0,0.0,0.0,0.0,0.0,0.0,0.0,0.0,0.0,0.0,-3.619812,1,-0.778929454484963,-0.7678574,-0.9708937976751562,-1.1628581408653493,-1.3548224989567037,-1.5467868272457357,-1.9307155434284444
Bank,Bank:1:task_6:Redis02:2021-03-04 18:09:00,Bank:Redis02:2021-03-04 18:09:00,1,task_6,2021_03_04,Redis02,servicetest11,25,0.000493,0,0.04,3.258096538021482,0.0485458878222855,0.0809098130371425,0.0,0.0,0.0,3.0,2.0,5.0,0.0,1.0,0.6931471805599453,2.6347243000101903,0.2942973749259095,1.0,0.0,0.048546,0.07828,0.0,1.0,0.0,0.067386,1.0,0.0,0.8,0.033653,0.042217,0.051423,0.676467,0.147149,0.8,0.487579,0.157022,0.395583,0.490312,0.834641,0.210286,0.664957,0.370208,0.5,0.489096,1.0,0.0,0.2,0.666667,0.070278,0.307456,0.0,1.0,0.0,0.0,1.0,0.173405,1.0,0.0,0.333333,0.463437,0.402557,0.45,0.67971,0.0,1.0,0.0,0.0,0.0,0.0,0.0,0.0,0.0,0.0,0.0,0.0,1.0,0.0,0.0,0.0,0.0,0.0,0.0,0.0,0.0,0.0,0.0,0.0,-3.3450017,1,-0.8039965890743372,-0.55143106,-0.9418543540336726,-1.079712118993008,-1.2175698839523432,-1.3554276489116786,-1.6311431788303492
Bank,Bank:1:task_6:Redis02:2021-03-04 18:09:00,Bank:Redis02:2021-03-04 18:09:00,1,task_6,2021_03_04,Redis02,servicetest10,26,-0.006613,0,0.0384615384615384,3.295836866004329,0.1229624783589163,0.2049374639315273,0.0,0.0,0.0,0.0,0.0,0.0,1.0,1.0,0.6931471805599453,0.0,0.0,1.0,0.0,0.122962,0.0,0.382504,0.0,1.0,0.040285,0.0,0.0,0.5,0.062284,1.0,0.014216,0.0,0.0,0.5,0.487579,0.101133,0.034207,0.136591,0.923072,0.212944,0.837579,0.226444,0.0,0.445745,0.450891,0.0,0.0,0.0,0.013829,0.0,0.0,0.0,0.0,1.0,0.0,1.0,0.0,0.0,0.0,0.036232,0.247304,0.0,0.078818,0.0,1.0,0.0,0.0,0.0,0.0,0.0,0.0,0.0,0.0,0.0,0.0,1.0,0.0,0.0,0.0,0.0,0.0,0.0,0.0,0.0,0.0,0.0,0.0,-3.619812,1,-0.8342903064879588,-0.7678574,-1.026254649678152,-1.2182189928683451,-1.4101833509596995,-1.6021476792487315,-1.9860763954314402
Bank,Bank:1:task_6:Redis02:2021-03-04 18:09:00,Bank:Redis02:2021-03-04 18:09:00,1,task_6,2021_03_04,Redis02,servicetest2,27,-0.01621,0,0.037037037037037,3.332204510175204,0.0578429608274416,0.0964049347124027,0.0,0.0,0.0,0.0,0.0,0.0,1.0,1.0,0.6931471805599453,0.0,0.0,1.0,0.0,0.057843,0.0,0.382504,0.0,1.0,0.033251,0.0,0.0,0.5,0.062284,1.0,0.002221,0.0,0.0,0.5,0.487579,0.047574,0.016071,0.136591,0.923072,0.197657,0.837579,0.196466,0.0,0.434217,0.450891,0.0,0.0,0.0,0.006505,0.0,0.0,0.0,0.0,1.0,0.0,1.0,0.0,0.0,0.0,0.036535,0.244366,0.0,0.078818,0.0,1.0,0.0,0.0,0.0,0.0,0.0,0.0,0.0,0.0,0.0,0.0,1.0,0.0,0.0,0.0,0.0,0.0,0.0,0.0,0.0,0.0,0.0,0.0,-3.619812,1,-0.8752034511570448,-0.7678574,-1.067167794347238,-1.2591321375374311,-1.4510964956287855,-1.6430608239178175,-2.0269895401005265
Bank,Bank:1:task_6:Redis02:2021-03-04 18:09:00,Bank:Redis02:2021-03-04 18:09:00,1,task_6,2021_03_04,Redis02,servicetest1,28,-0.017982,0,0.0357142857142857,3.367295829986474,0.045785924444327,0.0763098740738784,0.0,0.0,0.0,0.0,0.0,0.0,1.0,1.0,0.6931471805599453,0.0,0.0,1.0,0.0,0.045786,0.0,0.382504,0.0,1.0,0.031949,0.0,0.0,0.5,0.062284,1.0,0.0,0.0,0.0,0.5,0.487579,0.037658,0.012718,0.136591,0.923072,0.194827,0.837579,0.190967,0.0,0.432089,0.450891,0.0,0.0,0.0,0.005149,0.0,0.0,0.0,0.0,1.0,0.0,1.0,0.0,0.0,0.0,0.036591,0.243822,0.0,0.078818,0.0,1.0,0.0,0.0,0.0,0.0,0.0,0.0,0.0,0.0,0.0,0.0,1.0,0.0,0.0,0.0,0.0,0.0,0.0,0.0,0.0,0.0,0.0,0.0,-3.619812,1,-0.8827576964788766,-0.7678574,-1.0747220396690698,-1.266686382859263,-1.4586507409506173,-1.6506150692396493,-2.034543785422358
Bank,Bank:1:task_6:Redis02:2021-03-04 18:09:00,Bank:Redis02:2021-03-04 18:09:00,1,task_6,2021_03_04,Redis02,tomcat01,29,-0.464749,0,0.0344827586206896,3.4011973816621555,1.0,1.0,0.3773584905660377,0.0,0.0,1.0,1.0,2.0,0.0,1.0,0.6931471805599453,1.0,1.0,1.0,-0.0511111111111111,1.0,0.051254,0.0,1.0,0.0,0.286237,1.0,0.391231,0.0,0.000185,0.405993,0.290925,0.256751,1.0,0.0,0.131484,1.0,0.060989,1.0,0.37528,0.0,0.765531,0.0,0.964286,0.0,0.0,0.0,0.1,0.391346,0.125543,0.021998,0.0,1.0,0.0,0.0,1.0,0.738601,1.0,0.997274,0.166667,1.0,0.0,0.998501,1.0,0.0,0.0,1.0,0.0,0.0,0.0,1.0,0.0,0.0,0.0,0.0,0.0,0.0,0.0,0.0,0.0,0.0,0.0,0.0,0.0,0.0,0.0,0.0,0.0,0.20622344,1,-2.787378192922928,2.2453284,-2.226046086332657,-1.6647139797423862,-1.1033818731521152,-0.5420497665618442,0.5806144466186978
Bank,Bank:8:task_7:MG01:2021-03-06 23:36:00,Bank:MG01:2021-03-06 23:36:00,8,task_7,2021_03_06,MG01,ig01,1,0.749798,0,1.0,0.6931471805599453,0.9056603773584906,1.0,0.0,0.0,0.0,0.0,10.0,10.0,0.0,1.0,0.6931471805599453,0.0,5.091960352520428,1.0,0.0,0.90566,1.0,0.27209,0.402843,0.597157,1.0,0.978493,0.925263,1.0,1.0,0.313788,1.0,0.0,0.509196,1.0,0.003655,0.70729,0.831589,0.0,0.853412,0.920104,0.0,0.473481,1.0,1.0,1.0,0.5,1.0,0.5,1.0,0.288234,1.0,0.657683,0.0,0.0,1.0,0.091616,1.0,0.0,1.0,0.228787,1.0,0.45,0.520965,0.0,0.0,1.0,0.0,0.0,0.0,0.0,0.0,1.0,0.0,0.0,0.0,0.0,0.0,0.0,0.0,0.0,0.0,0.0,0.0,0.0,0.0,0.0,0.0,0.8609547,1,2.578424661450154,3.02303,3.3341821721122327,4.089939682774311,4.845697133831745,5.601454704098469,7.112969606213337
Bank,Bank:8:task_7:MG01:2021-03-06 23:36:00,Bank:MG01:2021-03-06 23:36:00,8,task_7,2021_03_06,MG01,mysql01,2,0.525023,0,0.5,1.0986122886681096,0.9056603773584906,1.0,0.0,0.0,0.0,2.0,8.0,10.0,0.0,1.0,0.6931471805599453,1.8113207547169807,3.2806395978034475,1.0,0.0,0.90566,0.644278,0.735964,0.328553,0.671447,0.687769,0.967713,0.0,1.0,0.5,0.25146,0.712185,0.317236,0.41008,1.0,0.922084,0.662045,0.944984,0.644075,0.578702,0.487523,0.432903,0.817189,0.928571,0.703274,1.0,0.5,0.8867,0.5,0.67465,0.370208,0.0,0.638393,0.0,0.0,1.0,0.339859,1.0,0.0,1.0,0.299583,0.912314,0.45,0.66503,0.0,0.0,0.0,1.0,0.0,0.0,0.0,0.0,0.0,0.0,1.0,0.0,0.0,0.0,0.0,0.0,0.0,0.0,0.0,0.0,0.0,0.0,0.0,0.0,-1.888777,1,1.5269176958394264,0.5266519,1.6585806755614494,1.7902436552834724,1.9219066499066566,2.053569614727518,2.3168956039738866
Bank,Bank:8:task_7:MG01:2021-03-06 23:36:00,Bank:MG01:2021-03-06 23:36:00,8,task_7,2021_03_06,MG01,tomcat03,3,0.516981,0,0.3333333333333333,1.3862943611198906,1.0,1.0,0.3773584905660377,0.0,0.0,1.0,0.0,1.0,0.0,1.0,0.6931471805599453,1.0,0.0,1.0,-0.0697222222222222,1.0,0.0,0.825992,0.0,1.0,0.130661,0.0,1.0,1.0,0.530685,0.181818,0.381433,0.175141,0.0,1.0,0.0,0.493482,0.674471,0.40208,0.756444,0.2793,0.432903,0.369668,0.964286,0.604292,0.454924,0.5,0.0,0.5,0.144952,0.0,0.0,0.0,0.0,1.0,0.0,1.0,0.0,0.0,0.0,0.204971,0.244511,0.0,0.497598,0.0,0.0,1.0,0.0,0.0,0.0,1.0,0.0,0.0,0.0,0.0,0.0,0.0,0.0,0.0,0.0,0.0,0.0,0.0,0.0,0.0,0.0,0.0,0.0,-0.93799657,1,1.4892968793899037,1.3898298,1.8367543180972554,2.184211756804607,2.531669225314281,2.8791266342193103,3.5740415712386584
Bank,Bank:8:task_7:MG01:2021-03-06 23:36:00,Bank:MG01:2021-03-06 23:36:00,8,task_7,2021_03_06,MG01,redis02,4,0.4883,0,0.25,1.6094379124341005,0.905509735097233,1.0,0.0,0.0,0.0,2.0,0.0,2.0,0.0,1.0,0.6931471805599453,1.711972610843458,0.0,1.0,0.0,0.90551,0.0,1.0,0.0,1.0,0.115368,0.0,0.84115,1.0,0.5,0.0,0.382179,0.299836,0.0,1.0,0.218258,0.493482,0.583607,0.51613,0.763605,0.2793,0.432903,0.454538,0.464286,0.490188,0.454924,0.5,0.0,0.5,0.131256,0.0,0.0,0.0,0.0,1.0,0.0,1.0,0.0,0.0,0.0,0.188944,0.237624,0.0,0.456871,0.0,0.0,0.0,1.0,0.0,0.0,0.0,0.0,0.0,0.0,0.0,1.0,0.0,0.0,0.0,0.0,0.0,0.0,0.0,0.0,0.0,0.0,0.0,0.0,-3.1972377,1,1.3551259472102517,-0.6612504,1.1898133440942162,1.0245007409781808,0.8591881229609841,0.6938755347461099,0.36325029871171655
Bank,Bank:8:task_7:MG01:2021-03-06 23:36:00,Bank:MG01:2021-03-06 23:36:00,8,task_7,2021_03_06,MG01,mg01,5,0.454117,1,0.2,1.791759469228055,0.9056603773584906,1.0,0.0,0.0,0.0,1.0,9.0,10.0,0.0,1.0,0.6931471805599453,0.9056603773584906,4.186299975161938,1.0,0.0,0.90566,0.822139,0.555475,0.369825,0.630175,0.843849,0.974183,0.0,1.0,0.5,0.286277,0.808639,0.158618,0.465144,1.0,0.130783,0.687181,0.795962,0.602773,0.519928,0.552185,0.235133,0.518339,0.964286,0.571907,1.0,0.5,0.985222,0.5,0.842463,0.302631,0.649832,0.608617,0.0,0.0,1.0,0.146927,1.0,0.0,1.0,0.321658,0.944609,0.45,0.768226,1.0,0.0,0.0,0.0,0.0,0.0,0.0,1.0,0.0,0.0,0.0,0.0,0.0,0.0,0.0,0.0,0.0,0.0,0.0,0.0,0.0,0.0,0.0,0.0,-0.036915667,1,1.1952164261092775,2.2078872,1.7471882192840211,2.299160012458765,2.8511318056335084,3.403103598808252,4.50704718515774
Bank,Bank:8:task_7:MG01:2021-03-06 23:36:00,Bank:MG01:2021-03-06 23:36:00,8,task_7,2021_03_06,MG01,mysql02,6,0.453473,0,0.1666666666666666,1.9459101490553128,0.9056603773584906,1.0,0.0,0.0,0.0,1.0,1.0,2.0,0.0,1.0,0.6931471805599453,0.3333845557389153,0.9056603773584906,1.0,0.0,0.90566,0.177861,0.0,1.0,0.0,0.457417,0.771102,0.355399,1.0,0.5,0.150358,0.318952,0.058389,0.90566,1.0,1.0,0.888268,1.0,0.551979,0.665586,1.0,0.409617,1.0,0.571429,0.839125,1.0,0.5,0.295567,0.5,0.407726,0.67411,0.0,0.643811,0.0,0.0,1.0,0.522782,1.0,0.0,0.5,0.29652,0.695147,0.45,0.464451,0.0,0.0,0.0,1.0,0.0,0.0,0.0,0.0,0.0,0.0,1.0,0.0,0.0,0.0,0.0,0.0,0.0,0.0,0.0,0.0,0.0,0.0,0.0,0.0,-2.5651422,1,1.192203766846222,-0.08739458,1.1703551217849675,1.148506476723713,1.1266578353877488,1.104809186601204,1.0611119039292756
Bank,Bank:8:task_7:MG01:2021-03-06 23:36:00,Bank:MG01:2021-03-06 23:36:00,8,task_7,2021_03_06,MG01,servicetest10,7,0.356107,0,0.1428571428571428,2.079441541679836,0.1826765923439595,0.3044609872399326,0.0,0.0,0.0,3.0,7.0,10.0,0.0,1.0,0.6931471805599453,2.716981132075472,3.097963005459488,1.0,0.0,0.182677,0.608403,0.0,1.0,0.0,0.570157,0.965995,0.0,1.0,0.5,0.269536,0.400019,0.475854,0.442566,1.0,0.569752,0.423786,0.778064,0.670747,0.875102,0.426341,0.432903,0.54434,0.892857,0.61139,1.0,0.5,0.788177,0.5,0.696014,0.525092,0.0,0.910971,0.0,0.0,1.0,0.446365,1.0,0.0,1.0,0.333386,0.867069,0.45,0.725969,0.0,1.0,0.0,0.0,0.0,0.0,0.0,0.0,0.0,0.0,0.0,0.0,1.0,0.0,0.0,0.0,0.0,0.0,0.0,0.0,0.0,0.0,0.0,0.0,-1.7478162,1,0.7367214969600954,0.65462494,0.9003777317013063,1.0640339664425174,1.2276902011837283,1.3913464359249392,1.718658905407361
Bank,Bank:8:task_7:MG01:2021-03-06 23:36:00,Bank:MG01:2021-03-06 23:36:00,8,task_7,2021_03_06,MG01,ig02,8,0.272616,0,0.125,2.19722457733622,0.905660309416809,1.0,0.0,0.0,0.0,9.0,2.0,11.0,0.0,1.0,0.6931471805599453,4.804031610013934,0.6213133661870918,1.0,0.0,0.90566,0.122019,0.860724,0.366112,0.633888,0.290642,0.792412,0.0,1.0,0.5,0.156598,0.388322,0.841382,0.310657,1.0,0.12338,0.638393,0.686173,0.644404,0.998046,0.442354,0.432903,0.490831,0.678571,0.580423,1.0,0.5,0.295567,0.5,0.319656,0.400627,0.0,0.476585,0.0,0.0,1.0,0.094662,1.0,0.0,0.666667,0.544408,0.470057,0.45,0.941202,1.0,0.0,0.0,0.0,0.0,0.0,0.0,0.0,1.0,0.0,0.0,0.0,0.0,0.0,0.0,0.0,0.0,0.0,0.0,0.0,0.0,0.0,0.0,0.0,-1.7929116,1,0.3461470644573472,0.6136845,0.4995681833128236,0.6529893021683,0.8064104359249376,0.9598315398792527,1.2666738073925279
Bank,Bank:8:task_7:MG01:2021-03-06 23:36:00,Bank:MG01:2021-03-06 23:36:00,8,task_7,2021_03_06,MG01,servicetest5,9,0.236628,0,0.1111111111111111,2.302585092994046,0.3824995779488534,0.6374992965814225,0.0,0.0,0.0,6.0,4.0,10.0,0.0,1.0,0.6931471805599453,3.217147722979762,2.397973428950304,1.0,0.0,0.3825,0.470933,0.0,1.0,0.0,0.473296,0.95728,0.0,1.0,0.5,0.249834,0.344523,0.563454,0.599493,1.0,0.569752,0.629247,0.826347,0.784675,0.943274,0.549538,0.932227,0.666161,0.785714,0.582965,1.0,0.5,0.492611,0.5,0.627683,0.583157,0.0,0.827079,0.0,0.0,1.0,0.126358,1.0,0.0,1.0,0.446201,0.622593,0.45,0.820476,0.0,1.0,0.0,0.0,0.0,0.0,0.0,0.0,0.0,0.0,0.0,0.0,1.0,0.0,0.0,0.0,0.0,0.0,0.0,0.0,0.0,0.0,0.0,0.0,-3.3327188,1,0.17779367694361628,-0.78424865,-0.018268485574885,-0.21433064809338628,-0.4103928255130488,-0.6064549731303889,-0.9985793279697138
Bank,Bank:8:task_7:MG01:2021-03-06 23:36:00,Bank:MG01:2021-03-06 23:36:00,8,task_7,2021_03_06,MG01,tomcat01,10,0.233952,0,0.1,2.3978952727983707,1.0,1.0,0.3773584905660377,0.0,0.0,8.0,2.0,10.0,0.0,1.0,0.6931471805599453,3.8040316100139338,1.1935891198649853,1.0,0.0,1.0,0.234407,0.757023,0.459763,0.540237,0.34007,0.923584,0.0,1.0,0.5,0.338416,0.424649,0.666241,0.596795,1.0,0.142636,0.753517,0.753099,0.799429,0.981752,0.586874,0.754573,0.556509,0.714286,0.532509,1.0,0.5,0.295567,0.5,0.449416,0.517044,0.0,0.60052,0.0,0.0,1.0,0.252518,1.0,0.0,0.666667,0.538906,0.547618,0.45,1.0,0.0,0.0,1.0,0.0,0.0,0.0,1.0,0.0,0.0,0.0,0.0,0.0,0.0,0.0,0.0,0.0,0.0,0.0,0.0,0.0,0.0,0.0,0.0,0.0,-1.3276643,1,0.16527523565800034,1.0360651,0.42429151106388413,0.6833077864697679,0.9423240618756517,1.2013403372815354,1.719372888093303
Bank,Bank:8:task_7:MG01:2021-03-06 23:36:00,Bank:MG01:2021-03-06 23:36:00,8,task_7,2021_03_06,MG01,servicetest2,11,0.230845,0,0.0909090909090909,2.4849066497880004,0.0937065964222952,0.1561776607038254,0.0,0.0,0.0,4.0,6.0,10.0,0.0,1.0,0.6931471805599453,2.8996577244194315,3.0042564090371924,1.0,0.0,0.093707,0.59,0.0,1.0,0.0,0.543327,0.96504,0.0,1.0,0.5,0.29097,0.3701,0.507848,0.500709,1.0,0.569752,0.407267,0.765405,0.71205,0.904709,0.443387,1.0,0.534588,0.857143,0.537151,1.0,0.5,0.689655,0.5,0.757924,0.565061,0.0,0.881027,0.0,0.0,1.0,0.0,1.0,0.0,1.0,0.409739,0.669036,0.45,0.761947,0.0,1.0,0.0,0.0,0.0,0.0,0.0,0.0,0.0,0.0,0.0,0.0,1.0,0.0,0.0,0.0,0.0,0.0,0.0,0.0,0.0,0.0,0.0,0.0,-2.9658866,1,0.15074055812645756,-0.4512154,0.037936711528786055,-0.07486713506888545,-0.18767098166655696,-0.30047482826422844,-0.5260825214595715
Bank,Bank:8:task_7:MG01:2021-03-06 23:36:00,Bank:MG01:2021-03-06 23:36:00,8,task_7,2021_03_06,MG01,apache02,12,0.221171,0,0.0833333333333333,2.5649493574615367,0.9056603773584906,1.0,0.0,0.0,0.0,1.0,2.0,3.0,0.0,1.0,0.6931471805599453,0.9056603773584906,1.7118219685822005,1.0,0.0,0.90566,0.336181,0.308238,0.661548,0.338452,0.398337,1.0,0.355399,1.0,0.5,0.278654,0.433018,0.158618,0.855911,1.0,0.339518,0.888268,0.810715,0.923366,0.251563,0.763093,0.556804,0.714184,0.535714,0.347161,1.0,0.5,0.197044,0.5,0.425722,0.370208,0.0,0.665179,0.0,0.0,1.0,0.21825,1.0,0.0,0.333333,0.466491,0.532274,0.45,0.793841,0.0,0.0,1.0,0.0,0.0,0.0,0.0,0.0,0.0,1.0,0.0,0.0,0.0,0.0,0.0,0.0,0.0,0.0,0.0,0.0,0.0,0.0,0.0,0.0,-2.9431539,1,0.10548517658794944,-0.43057722,-0.002159128045191125,-0.10980343267833169,-0.21744772241031107,-0.32509204194461283,-0.5403806214085716
Bank,Bank:8:task_7:MG01:2021-03-06 23:36:00,Bank:MG01:2021-03-06 23:36:00,8,task_7,2021_03_06,MG01,servicetest3,13,0.220129,0,0.0769230769230769,2.639057329615259,0.2237834021380355,0.3729723368967258,0.0,0.0,0.0,5.0,5.0,10.0,0.0,1.0,0.6931471805599453,2.9933643208417267,2.780473006899157,1.0,0.0,0.223783,0.546052,0.0,1.0,0.0,0.520272,0.962527,0.0,1.0,0.5,0.316094,0.360766,0.52426,0.556095,1.0,0.569752,0.518747,0.796334,0.75178,0.916323,0.498896,0.975049,0.600562,0.821429,0.555803,1.0,0.5,0.591133,0.5,0.713254,0.572299,0.0,0.859038,0.0,0.0,1.0,0.016049,1.0,0.0,1.0,0.437357,0.634691,0.45,0.807275,0.0,1.0,0.0,0.0,0.0,0.0,0.0,0.0,0.0,0.0,0.0,0.0,1.0,0.0,0.0,0.0,0.0,0.0,0.0,0.0,0.0,0.0,0.0,0.0,-3.428528,1,0.10061065647598684,-0.87123024,-0.11719690468314707,-0.335004465842281,-0.5528120568037372,-0.7706195881605488,-1.2062347700834615
Bank,Bank:8:task_7:MG01:2021-03-06 23:36:00,Bank:MG01:2021-03-06 23:36:00,8,task_7,2021_03_06,MG01,servicetest1,14,0.217986,0,0.0714285714285714,2.70805020110221,0.2879288104481764,0.4798813507469606,0.0,0.0,0.0,10.0,1.0,11.0,0.0,1.0,0.6931471805599453,5.709691919430743,0.3333845557389153,1.0,0.0,0.287929,0.065473,0.0,1.0,0.0,0.183838,0.744173,0.0,1.0,0.5,0.150358,0.084247,1.0,0.333385,1.0,0.569752,0.465519,0.717364,0.665511,1.0,0.397642,0.432903,0.569017,0.642857,0.604621,1.0,0.5,0.197044,0.5,0.3325,1.0,0.0,0.819277,0.0,0.0,1.0,0.246015,1.0,0.0,0.5,0.526218,0.44539,0.45,0.872511,0.0,1.0,0.0,0.0,0.0,0.0,0.0,0.0,0.0,0.0,0.0,0.0,1.0,0.0,0.0,0.0,0.0,0.0,0.0,0.0,0.0,0.0,0.0,0.0,-2.6506388,1,0.09058561175435959,-0.16501379,0.049332164221705777,0.008078716689051968,-0.03317473084360184,-0.07442817837625565,-0.15693507344156327
Bank,Bank:8:task_7:MG01:2021-03-06 23:36:00,Bank:MG01:2021-03-06 23:36:00,8,task_7,2021_03_06,MG01,servicetest6,15,0.185421,0,0.0666666666666666,2.772588722239781,0.2043843090853182,0.3406405151421971,0.0,0.0,0.0,7.0,3.0,10.0,0.0,1.0,0.6931471805599453,3.5996473009286154,2.1935891198649853,1.0,0.0,0.204384,0.430795,0.0,1.0,0.0,0.416639,0.953824,0.0,1.0,0.5,0.265883,0.285003,0.630445,0.731196,1.0,0.569752,0.591641,0.810155,0.867925,0.971163,0.58809,0.861935,0.643832,0.75,0.542045,1.0,0.5,0.394089,0.5,0.543847,0.601253,0.0,0.776377,0.0,0.0,1.0,0.105063,1.0,0.0,0.833333,0.493717,0.560032,0.45,0.891289,0.0,1.0,0.0,0.0,0.0,0.0,0.0,0.0,0.0,0.0,0.0,0.0,1.0,0.0,0.0,0.0,0.0,0.0,0.0,0.0,0.0,0.0,0.0,0.0,-3.1875074,1,-0.061754836850304404,-0.6524166,-0.2248589835692833,-0.3879631302882622,-0.551067277007241,-0.7141714237262199,-1.0403797171641778
Bank,Bank:8:task_7:MG01:2021-03-06 23:36:00,Bank:MG01:2021-03-06 23:36:00,8,task_7,2021_03_06,MG01,servicetest9,16,0.168748,0,0.0625,2.833213344056216,0.3333845557389153,0.5556409262315255,0.0,0.0,0.0,2.0,1.0,3.0,0.0,1.0,0.6931471805599453,1.1935891198649853,0.9056603773584906,1.0,0.0,0.333385,0.177861,0.0,1.0,0.0,0.297228,0.825,0.355399,1.0,0.5,0.150358,0.191633,0.209046,0.90566,1.0,0.569752,0.723806,0.824341,1.0,0.0,0.695338,0.607387,0.72222,0.607143,0.245848,1.0,0.5,0.197044,0.5,0.360886,0.756256,0.0,0.601841,0.0,0.0,1.0,0.420791,1.0,0.0,0.666667,0.471477,0.557686,0.45,0.829694,0.0,1.0,0.0,0.0,0.0,0.0,0.0,0.0,0.0,0.0,0.0,0.0,1.0,0.0,0.0,0.0,0.0,0.0,0.0,0.0,0.0,0.0,0.0,0.0,-3.059705,1,-0.13975183668403882,-0.53638965,-0.2738492489126231,-0.40794666114120737,-0.5420440882709529,-0.676141485598376,-0.9443363398578669
Bank,Bank:8:task_7:MG01:2021-03-06 23:36:00,Bank:MG01:2021-03-06 23:36:00,8,task_7,2021_03_06,MG01,apache01,17,0.113174,0,0.0588235294117647,2.8903717578961645,0.9056603773584906,1.0,0.0,0.0,0.0,0.0,0.0,0.0,1.0,1.0,0.6931471805599453,0.0,0.0,1.0,0.0,0.90566,0.0,0.447171,0.0,1.0,0.127157,0.0,0.0,0.5,0.5,0.818182,0.112624,0.0,0.0,0.5,0.68775,0.493482,0.196037,0.165832,0.916127,0.152346,0.732382,0.506097,0.0,0.375377,0.454924,0.5,0.0,0.5,0.131278,0.0,0.0,0.0,0.0,1.0,0.0,1.0,0.0,0.0,0.0,0.031903,0.242933,0.0,0.090276,0.0,0.0,1.0,0.0,0.0,0.0,0.0,0.0,0.0,1.0,0.0,0.0,0.0,0.0,0.0,0.0,0.0,0.0,0.0,0.0,0.0,0.0,0.0,0.0,-3.4711351,1,-0.39972936135026316,-0.9099116,-0.6272072545835624,-0.8546851478168617,-1.0821630261489998,-1.3096409342834603,-1.7645966909477364
Bank,Bank:8:task_7:MG01:2021-03-06 23:36:00,Bank:MG01:2021-03-06 23:36:00,8,task_7,2021_03_06,MG01,redis01,18,0.109902,0,0.0555555555555555,2.9444389791664403,0.8063122334849672,1.0,0.0,0.0,0.0,1.0,1.0,2.0,0.0,1.0,0.6931471805599453,0.9056603773584906,0.905509735097233,1.0,0.0,0.806312,0.177831,0.19639,0.786118,0.213882,0.254978,1.0,0.0,1.0,0.5,0.150358,0.278738,0.158618,0.90551,1.0,0.150625,0.888268,0.760328,0.959797,0.222968,0.781983,0.409617,0.62636,0.5,0.284994,1.0,0.5,0.098522,0.5,0.237953,0.290878,0.0,0.4375,0.0,0.0,1.0,0.090692,1.0,0.0,0.166667,0.537643,0.393438,0.45,0.856341,1.0,0.0,0.0,0.0,0.0,0.0,0.0,0.0,0.0,0.0,0.0,1.0,0.0,0.0,0.0,0.0,0.0,0.0,0.0,0.0,0.0,0.0,0.0,0.0,-2.3383293,1,-0.4150359158669056,0.118520275,-0.38540584717732085,-0.3557757784877361,-0.3261457060728611,-0.29651564110856665,-0.2372554962788166
Bank,Bank:8:task_7:MG01:2021-03-06 23:36:00,Bank:MG01:2021-03-06 23:36:00,8,task_7,2021_03_06,MG01,dockera2,19,0.079396,0,0.0526315789473684,2.995732273553991,0.9056603773584906,1.0,0.0,0.0,0.0,0.0,0.0,0.0,1.0,1.0,0.6931471805599453,0.0,0.0,1.0,0.0166666666666666,0.90566,0.0,0.447171,0.0,1.0,0.127157,0.0,0.0,0.5,0.5,0.818182,0.112624,0.0,0.0,0.5,0.267437,0.493482,0.105014,0.165832,0.916127,0.152346,0.732382,0.361008,0.0,0.286658,0.454924,0.5,0.0,0.5,0.131278,0.0,0.0,0.0,0.0,1.0,0.0,1.0,0.0,0.0,0.0,0.031903,0.242933,0.0,0.090276,0.0,1.0,0.0,0.0,0.0,0.0,0.0,0.0,0.0,0.0,0.0,0.0,0.0,0.0,0.0,0.0,0.0,0.0,0.0,0.0,0.0,0.0,0.0,0.0,-3.4593973,1,-0.5577442753059929,-0.8992552,-0.7825580793364113,-1.0073718833668297,-1.232185672496087,-1.4569994914276665,-1.906627069686181
Bank,Bank:8:task_7:MG01:2021-03-06 23:36:00,Bank:MG01:2021-03-06 23:36:00,8,task_7,2021_03_06,MG01,mg02,20,0.063599,0,0.05,3.044522437723423,0.9056603773584906,1.0,0.0,0.0,0.0,0.0,0.0,0.0,1.0,1.0,0.6931471805599453,0.0,0.0,1.0,0.0,0.90566,0.0,0.447171,0.0,1.0,0.127157,0.0,0.0,0.5,0.5,0.818182,0.112624,0.0,0.0,0.5,0.087004,0.493482,0.064806,0.165832,0.916127,0.152346,0.732382,0.286124,0.0,0.246196,0.454924,0.5,0.0,0.5,0.131278,0.0,0.0,0.0,0.0,1.0,0.0,1.0,0.0,0.0,0.0,0.031903,0.242933,0.0,0.090276,1.0,0.0,0.0,0.0,0.0,0.0,0.0,1.0,0.0,0.0,0.0,0.0,0.0,0.0,0.0,0.0,0.0,0.0,0.0,0.0,0.0,0.0,0.0,0.0,-1.9673059,1,-0.6316433100551982,0.4553585,-0.5178036837429424,-0.40396405743068653,-0.29012443111843067,-0.1762848048061748,0.05139444781833691
Bank,Bank:8:task_7:MG01:2021-03-06 23:36:00,Bank:MG01:2021-03-06 23:36:00,8,task_7,2021_03_06,MG01,dockera1,21,0.035391,0,0.0476190476190476,3.091042453358316,0.0,0.0,0.0,0.0,0.0,0.0,0.0,0.0,1.0,1.0,0.6931471805599453,0.0,0.0,1.0,0.0,0.0,0.0,0.447171,0.0,1.0,0.0,0.0,0.0,0.5,0.5,0.636364,0.002333,0.0,0.0,0.5,0.569752,0.0,0.0,0.165832,0.916127,0.0,0.732382,0.152282,0.0,0.179428,0.454924,0.5,0.0,0.5,0.0,0.0,0.0,0.0,0.0,1.0,0.0,1.0,0.0,0.0,0.0,0.0,0.185662,0.0,0.0,0.0,1.0,0.0,0.0,0.0,0.0,0.0,0.0,0.0,0.0,0.0,0.0,0.0,0.0,0.0,0.0,0.0,0.0,0.0,0.0,0.0,0.0,0.0,0.0,-3.127658,1,-0.763601528210898,-0.59808147,-0.9131218955948549,-1.062642262978812,-1.2121626303627688,-1.3616829977467257,-1.6607237325146396
Bank,Bank:8:task_7:MG01:2021-03-06 23:36:00,Bank:MG01:2021-03-06 23:36:00,8,task_7,2021_03_06,MG01,dockerb1,22,0.035391,0,0.0454545454545454,3.1354942159291497,0.0,0.0,0.0,0.0,0.0,0.0,0.0,0.0,1.0,1.0,0.6931471805599453,0.0,0.0,1.0,0.0,0.0,0.0,0.447171,0.0,1.0,0.0,0.0,0.0,0.5,0.5,0.636364,0.002333,0.0,0.0,0.5,0.569752,0.0,0.0,0.165832,0.916127,0.0,0.732382,0.152282,0.0,0.179428,0.454924,0.5,0.0,0.5,0.0,0.0,0.0,0.0,0.0,1.0,0.0,1.0,0.0,0.0,0.0,0.0,0.185662,0.0,0.0,0.0,1.0,0.0,0.0,0.0,0.0,0.0,0.0,0.0,0.0,0.0,0.0,0.0,0.0,0.0,0.0,0.0,0.0,0.0,0.0,0.0,0.0,0.0,0.0,-3.127658,1,-0.763601528210898,-0.59808147,-0.9131218955948549,-1.062642262978812,-1.2121626303627688,-1.3616829977467257,-1.6607237325146396
Bank,Bank:8:task_7:MG01:2021-03-06 23:36:00,Bank:MG01:2021-03-06 23:36:00,8,task_7,2021_03_06,MG01,dockerb2,23,0.035391,0,0.0434782608695652,3.1780538303479458,0.0,0.0,0.0,0.0,0.0,0.0,0.0,0.0,1.0,1.0,0.6931471805599453,0.0,0.0,1.0,0.0,0.0,0.0,0.447171,0.0,1.0,0.0,0.0,0.0,0.5,0.5,0.636364,0.002333,0.0,0.0,0.5,0.569752,0.0,0.0,0.165832,0.916127,0.0,0.732382,0.152282,0.0,0.179428,0.454924,0.5,0.0,0.5,0.0,0.0,0.0,0.0,0.0,1.0,0.0,1.0,0.0,0.0,0.0,0.0,0.185662,0.0,0.0,0.0,1.0,0.0,0.0,0.0,0.0,0.0,0.0,0.0,0.0,0.0,0.0,0.0,0.0,0.0,0.0,0.0,0.0,0.0,0.0,0.0,0.0,0.0,0.0,-3.127658,1,-0.763601528210898,-0.59808147,-0.9131218955948549,-1.062642262978812,-1.2121626303627688,-1.3616829977467257,-1.6607237325146396
Bank,Bank:8:task_7:MG01:2021-03-06 23:36:00,Bank:MG01:2021-03-06 23:36:00,8,task_7,2021_03_06,MG01,servicetest7,24,0.02459,0,0.0416666666666666,3.218875824868201,0.2247803372132392,0.3746338953553987,0.0,0.0,0.0,0.0,0.0,0.0,1.0,1.0,0.6931471805599453,0.0,0.0,1.0,0.0,0.22478,0.0,0.447171,0.0,1.0,0.05224,0.0,0.0,0.5,0.5,0.818182,0.017213,0.0,0.0,0.5,0.569752,0.184875,0.063596,0.165832,0.916127,0.057074,0.732382,0.266545,0.0,0.242935,0.454924,0.5,0.0,0.5,0.032582,0.0,0.0,0.0,0.0,1.0,0.0,1.0,0.0,0.0,0.0,0.036243,0.209191,0.0,0.090276,0.0,1.0,0.0,0.0,0.0,0.0,0.0,0.0,0.0,0.0,0.0,0.0,1.0,0.0,0.0,0.0,0.0,0.0,0.0,0.0,0.0,0.0,0.0,0.0,-3.475996,1,-0.8141290634597534,-0.9143246,-1.0427102088655227,-1.271291354271292,-1.4998725145782226,-1.7284536450828307,-2.185615965696692
Bank,Bank:8:task_7:MG01:2021-03-06 23:36:00,Bank:MG01:2021-03-06 23:36:00,8,task_7,2021_03_06,MG01,servicetest4,25,0.022707,0,0.04,3.258096538021482,0.2137078224175789,0.3561797040292982,0.0,0.0,0.0,0.0,0.0,0.0,1.0,1.0,0.6931471805599453,0.0,0.0,1.0,0.0,0.213708,0.0,0.447171,0.0,1.0,0.051022,0.0,0.0,0.5,0.5,0.818182,0.015662,0.0,0.0,0.5,0.569752,0.175768,0.060451,0.165832,0.916127,0.054262,0.732382,0.260775,0.0,0.239779,0.454924,0.5,0.0,0.5,0.030977,0.0,0.0,0.0,0.0,1.0,0.0,1.0,0.0,0.0,0.0,0.036313,0.208642,0.0,0.090276,0.0,1.0,0.0,0.0,0.0,0.0,0.0,0.0,0.0,0.0,0.0,0.0,1.0,0.0,0.0,0.0,0.0,0.0,0.0,0.0,0.0,0.0,0.0,0.0,-3.475996,1,-0.822937817174557,-0.9143246,-1.0515189625803263,-1.2801001079860956,-1.5086812682930262,-1.7372623987976343,-2.1944247194114954
Bank,Bank:8:task_7:MG01:2021-03-06 23:36:00,Bank:MG01:2021-03-06 23:36:00,8,task_7,2021_03_06,MG01,tomcat04,26,0.017164,0,0.0384615384615384,3.295836866004329,1.0,1.0,0.3773584905660377,0.0,0.0,0.0,0.0,0.0,1.0,1.0,0.6931471805599453,0.0,0.0,1.0,-0.0522222222222222,1.0,0.0,0.447171,0.0,1.0,0.137537,0.0,0.0,0.5,0.5,1.0,0.107879,0.0,0.0,0.5,0.095485,0.493482,0.066707,0.165832,0.916127,0.152346,0.732382,0.28976,0.0,0.248119,0.454924,0.5,0.0,0.5,0.144952,0.0,0.0,0.0,0.0,1.0,0.0,1.0,0.0,0.0,0.0,0.069659,0.247608,0.0,0.180552,0.0,0.0,1.0,0.0,0.0,0.0,1.0,0.0,0.0,0.0,0.0,0.0,0.0,0.0,0.0,0.0,0.0,0.0,0.0,0.0,0.0,0.0,0.0,0.0,-1.7381837,1,-0.8488682058315707,0.6633699,-0.6830257323246433,-0.5171832588177158,-0.3513407853107883,-0.18549831180386078,0.1461866352099942
Bank,Bank:8:task_7:MG01:2021-03-06 23:36:00,Bank:MG01:2021-03-06 23:36:00,8,task_7,2021_03_06,MG01,servicetest8,27,0.005234,0,0.037037037037037,3.332204510175204,0.1105281400592566,0.1842135667654276,0.0,0.0,0.0,0.0,0.0,0.0,1.0,1.0,0.6931471805599453,0.0,0.0,1.0,0.0,0.110528,0.0,0.447171,0.0,1.0,0.039669,0.0,0.0,0.5,0.5,0.818182,0.001204,0.0,0.0,0.5,0.569752,0.090906,0.031203,0.165832,0.916127,0.028064,0.732382,0.207706,0.0,0.210511,0.454924,0.5,0.0,0.5,0.016021,0.0,0.0,0.0,0.0,1.0,0.0,1.0,0.0,0.0,0.0,0.036971,0.203529,0.0,0.090276,0.0,1.0,0.0,0.0,0.0,0.0,0.0,0.0,0.0,0.0,0.0,0.0,1.0,0.0,0.0,0.0,0.0,0.0,0.0,0.0,0.0,0.0,0.0,0.0,-3.4453034,1,-0.9046772508754414,-0.88645995,-1.1262922375335376,-1.347907224191634,-1.5695222406520526,-1.7911371975078265,-2.234367230428664
Bank,Bank:8:task_7:MG01:2021-03-06 23:36:00,Bank:MG01:2021-03-06 23:36:00,8,task_7,2021_03_06,MG01,servicetest11,28,0.003785,0,0.0357142857142857,3.367295829986474,0.1019394498624055,0.1698990831040092,0.0,0.0,0.0,0.0,0.0,0.0,1.0,1.0,0.6931471805599453,0.0,0.0,1.0,0.0,0.101939,0.0,0.447171,0.0,1.0,0.038724,0.0,0.0,0.5,0.5,0.818182,0.0,0.0,0.0,0.5,0.569752,0.083842,0.028773,0.165832,0.916127,0.025883,0.732382,0.203346,0.0,0.208086,0.454924,0.5,0.0,0.5,0.014776,0.0,0.0,0.0,0.0,1.0,0.0,1.0,0.0,0.0,0.0,0.037026,0.203103,0.0,0.090276,0.0,1.0,0.0,0.0,0.0,0.0,0.0,0.0,0.0,0.0,0.0,0.0,1.0,0.0,0.0,0.0,0.0,0.0,0.0,0.0,0.0,0.0,0.0,0.0,-3.4453034,1,-0.9114557342173162,-0.88645995,-1.1330707208754125,-1.3546857075335088,-1.5763007239939275,-1.7979156808497014,-2.241145713770539
Bank,Bank:8:task_7:MG01:2021-03-06 23:36:00,Bank:MG01:2021-03-06 23:36:00,8,task_7,2021_03_06,MG01,tomcat02,29,-0.316981,0,0.0344827586206896,3.4011973816621555,1.0,1.0,0.3773584905660377,0.0,0.0,0.0,1.0,1.0,0.0,1.0,0.6931471805599453,0.0,1.0,1.0,-0.0380555555555555,1.0,0.036867,0.0,1.0,0.0,0.298456,1.0,1.0,0.0,0.0,0.332176,0.197661,0.0,1.0,0.0,0.262794,1.0,0.145489,0.736085,0.86702,0.181761,0.607387,0.0,1.0,0.0,0.0,0.5,0.098522,0.5,0.160535,0.034988,0.0,1.0,0.0,0.0,1.0,0.911677,1.0,1.0,0.166667,1.0,0.0,1.0,0.897044,0.0,0.0,1.0,0.0,0.0,0.0,1.0,0.0,0.0,0.0,0.0,0.0,0.0,0.0,0.0,0.0,0.0,0.0,0.0,0.0,0.0,0.0,0.0,0.0,-1.1958905,1,-2.412012661505007,1.1556975,-2.123088295269274,-1.834163929033541,-1.5452395329954856,-1.256315196562075,-0.6784664044859641
Bank,Bank:11:task_1:MG01:2021-03-07 16:08:00,Bank:MG01:2021-03-07 16:08:00,11,task_1,2021_03_07,MG01,mg01,1,0.649801,1,1.0,0.6931471805599453,0.9056603773584906,1.0,0.0,0.0,0.0,0.0,5.0,5.0,0.0,1.0,0.6931471805599453,0.0,4.489710342149651,1.0,0.0,0.90566,1.0,0.06994,0.822278,0.177722,1.0,0.881286,0.627493,1.0,1.0,0.587482,1.0,0.0,0.927096,1.0,0.044847,0.922631,0.905648,0.052444,0.791076,0.997982,0.657281,0.534395,1.0,0.944607,1.0,0.0,1.0,0.0,0.995172,0.594136,0.5,0.818967,0.0,0.0,1.0,0.132605,1.0,0.0,1.0,0.126567,1.0,0.45,0.211307,1.0,0.0,0.0,0.0,0.0,0.0,0.0,1.0,0.0,0.0,0.0,0.0,0.0,0.0,0.0,0.0,0.0,0.0,0.0,0.0,0.0,0.0,0.0,0.0,0.010568885,1,2.607151311608346,2.0267103,3.1138288795671776,3.6205064475260094,4.127183955880197,4.633861583443673,5.647216600152047
Bank,Bank:11:task_1:MG01:2021-03-07 16:08:00,Bank:MG01:2021-03-07 16:08:00,11,task_1,2021_03_07,MG01,tomcat02,2,0.540734,0,0.5,1.0986122886681096,1.0,1.0,0.3773584905660377,0.0,0.0,0.0,2.0,2.0,0.0,1.0,0.6931471805599453,0.0,1.8113207547169807,1.0,-0.0825,1.0,0.342073,0.297322,0.231891,0.768109,0.523978,0.846804,0.0,1.0,1.0,0.5628,0.646969,0.0,0.935065,1.0,0.130102,0.922631,0.951897,0.056577,0.790113,1.0,0.248137,0.653,1.0,1.0,0.695787,1.0,0.5,0.0,0.540426,0.726716,0.5,0.904525,0.0,0.0,1.0,0.87966,1.0,0.999426,0.833333,0.557237,0.724628,0.999684,0.396256,0.0,0.0,1.0,0.0,0.0,0.0,1.0,0.0,0.0,0.0,0.0,0.0,0.0,0.0,0.0,0.0,0.0,0.0,0.0,0.0,0.0,0.0,0.0,0.0,0.11082982,1,2.0468526636943003,2.1099765,2.5743467962130686,3.101840928731837,3.6293350016459605,4.156829193769374,5.211817339597621
Bank,Bank:11:task_1:MG01:2021-03-07 16:08:00,Bank:MG01:2021-03-07 16:08:00,11,task_1,2021_03_07,MG01,mysql01,3,0.404009,0,0.3333333333333333,1.3862943611198906,0.9056603773584906,1.0,0.0,0.0,0.0,4.0,4.0,8.0,0.0,1.0,0.6931471805599453,3.584049964791161,3.2101255589225333,1.0,0.0,0.90566,0.714996,0.326162,0.74629,0.25371,0.739414,0.873749,0.0,1.0,0.126104,0.536923,0.714153,0.798281,0.828588,1.0,0.410112,0.898668,1.0,0.674501,0.957578,0.706762,1.0,1.0,0.857143,0.790125,1.0,0.0,0.75,0.0,0.963494,0.738175,0.5,0.886875,0.0,0.0,1.0,0.331034,1.0,0.0,1.0,0.342587,0.892871,0.45,0.578336,0.0,0.0,1.0,0.0,0.0,0.0,0.0,0.0,0.0,0.0,1.0,0.0,0.0,0.0,0.0,0.0,0.0,0.0,0.0,0.0,0.0,0.0,0.0,0.0,-1.7539173,1,1.3444694255374985,0.56131136,1.4847972665809708,1.625125107624443,1.7654529486679154,1.9057807897113876,2.1864364717983324
Bank,Bank:11:task_1:MG01:2021-03-07 16:08:00,Bank:MG01:2021-03-07 16:08:00,11,task_1,2021_03_07,MG01,mg02,4,0.363597,0,0.25,1.6094379124341005,0.9056603773584906,1.0,0.0,0.0,0.0,1.0,4.0,5.0,0.0,1.0,0.6931471805599453,0.9056603773584906,3.584049964791161,1.0,0.0,0.90566,0.798281,0.115912,0.852847,0.147153,0.860364,0.863028,0.0,1.0,0.126104,0.536923,0.756299,0.201719,0.925104,1.0,0.148784,0.922631,0.90733,0.64099,0.146952,0.760745,0.603926,0.678799,0.964286,0.59641,1.0,0.0,0.875,0.0,0.890904,0.658701,0.5,0.76939,0.0,0.0,1.0,0.097242,1.0,0.0,1.0,0.271622,0.901682,0.45,0.442505,1.0,0.0,0.0,0.0,0.0,0.0,0.0,1.0,0.0,0.0,0.0,0.0,0.0,0.0,0.0,0.0,0.0,0.0,0.0,0.0,0.0,0.0,0.0,0.0,-0.701365,1,1.136865026777998,1.435452,1.4957280228793775,1.8545910189807568,2.213454015082136,2.5723170111835154,3.290043003386274
Bank,Bank:11:task_1:MG01:2021-03-07 16:08:00,Bank:MG01:2021-03-07 16:08:00,11,task_1,2021_03_07,MG01,redis02,5,0.358517,0,0.2,1.791759469228055,0.9056603773584906,1.0,0.0,0.0,0.0,2.0,3.0,5.0,0.0,1.0,0.6931471805599453,1.8113207547169807,2.67838958743267,1.0,0.0,0.90566,0.596562,0.098071,0.903796,0.096204,0.7207,0.838132,0.0,1.0,0.126104,0.457615,0.617733,0.403438,0.921783,1.0,0.211288,0.922631,0.92634,0.707535,0.064411,0.735245,0.859226,0.764229,0.928571,0.563812,1.0,0.0,0.75,0.0,1.0,1.0,0.5,0.92186,0.0,0.0,1.0,0.193997,1.0,0.0,1.0,0.311166,0.843688,0.45,0.476926,0.0,0.0,1.0,0.0,0.0,0.0,0.0,0.0,0.0,0.0,0.0,1.0,0.0,0.0,0.0,0.0,0.0,0.0,0.0,0.0,0.0,0.0,0.0,0.0,-1.8545346,1,1.110768066823077,0.4777491,1.2302053441401242,1.3496426214571713,1.4690798987742184,1.5885171760912655,1.8273917307253598
Bank,Bank:11:task_1:MG01:2021-03-07 16:08:00,Bank:MG01:2021-03-07 16:08:00,11,task_1,2021_03_07,MG01,mysql02,6,0.336565,0,0.1666666666666666,1.9459101490553128,0.9056603773584906,1.0,0.0,0.0,0.0,5.0,3.0,8.0,0.0,1.0,0.6931471805599453,4.489710342149651,2.304465181564043,1.0,0.0,0.90566,0.513277,0.30708,0.76172,0.23828,0.599794,0.845968,0.0,1.0,0.126104,0.457615,0.581944,1.0,0.793095,1.0,0.243566,0.890681,0.89805,0.663743,0.997686,0.696147,0.859226,0.78575,0.821429,0.719482,1.0,0.0,0.625,0.0,0.79609,0.804483,0.5,0.842667,0.0,0.0,1.0,0.267875,1.0,0.0,1.0,0.396532,0.786073,0.45,0.596047,0.0,0.0,1.0,0.0,0.0,0.0,0.0,0.0,0.0,0.0,1.0,0.0,0.0,0.0,0.0,0.0,0.0,0.0,0.0,0.0,0.0,0.0,0.0,0.0,-2.8599033,1,0.9979963217580334,-0.35720563,0.9086949144208447,0.819393507083656,0.7300920997464673,0.6407906924092786,0.4621878777349011
Bank,Bank:11:task_1:MG01:2021-03-07 16:08:00,Bank:MG01:2021-03-07 16:08:00,11,task_1,2021_03_07,MG01,ig02,7,0.27975,0,0.1428571428571428,2.079441541679836,0.9056603773584906,1.0,0.0,0.0,0.0,2.0,4.0,6.0,0.0,1.0,0.6931471805599453,1.8113207547169807,3.2101255589225333,1.0,0.0,0.90566,0.714996,0.283117,0.718371,0.281629,0.710352,0.893187,0.0,1.0,0.126104,0.536923,0.704359,0.403438,0.828588,1.0,0.236071,0.898668,0.888577,0.6898,0.158542,0.706762,1.0,0.781328,0.785714,0.557106,1.0,0.0,0.75,0.0,0.762943,0.582677,0.5,0.783935,0.0,0.0,1.0,0.226989,1.0,0.0,1.0,0.337285,0.849699,0.45,0.532654,0.0,0.0,1.0,0.0,0.0,0.0,0.0,0.0,1.0,0.0,0.0,0.0,0.0,0.0,0.0,0.0,0.0,0.0,0.0,0.0,0.0,0.0,0.0,0.0,-3.0871685,1,0.706126483207083,-0.5459484,0.5696393866590026,0.43315229011092216,0.2966651935628417,0.16017809701476127,-0.11279609608139962
Bank,Bank:11:task_1:MG01:2021-03-07 16:08:00,Bank:MG01:2021-03-07 16:08:00,11,task_1,2021_03_07,MG01,servicetest3,8,0.271108,0,0.125,2.19722457733622,0.8670688327156892,1.0,0.0,0.0,0.0,3.0,2.0,5.0,0.0,1.0,0.6931471805599453,2.716981132075472,1.8113207547169807,1.0,0.0,0.867069,0.403438,0.0,1.0,0.0,0.582847,0.804032,0.0,1.0,0.126104,0.340577,0.464763,0.605157,0.935065,1.0,0.254954,0.922631,0.940583,0.722073,0.752174,0.738607,0.644211,0.822814,0.892857,0.69405,1.0,0.0,0.625,0.0,0.49341,0.686684,0.5,0.623908,0.0,0.0,1.0,0.145485,1.0,0.0,1.0,0.397426,0.742055,0.45,0.563373,0.0,1.0,0.0,0.0,0.0,0.0,0.0,0.0,0.0,0.0,0.0,0.0,1.0,0.0,0.0,0.0,0.0,0.0,0.0,0.0,0.0,0.0,0.0,0.0,-2.4091873,1,0.6617308281026686,0.017112246,0.666008889548471,0.6702869509942735,0.6745650119744147,0.6788430738858784,0.6873991958461607
Bank,Bank:11:task_1:MG01:2021-03-07 16:08:00,Bank:MG01:2021-03-07 16:08:00,11,task_1,2021_03_07,MG01,redis01,9,0.190853,0,0.1111111111111111,2.302585092994046,0.9056603773584906,1.0,0.0,0.0,0.0,3.0,3.0,6.0,0.0,1.0,0.6931471805599453,2.716981132075472,2.304465181564043,1.0,0.0,0.90566,0.513277,0.320065,0.724494,0.275506,0.570801,0.867143,0.0,1.0,0.126104,0.457615,0.579004,0.605157,0.793095,1.0,0.06958,0.890681,0.785477,0.679042,0.775014,0.696147,0.859226,0.55063,0.75,0.579572,1.0,0.0,0.625,0.0,0.484347,0.483634,0.5,0.620841,0.0,0.0,1.0,0.089469,1.0,0.0,1.0,0.421431,0.720225,0.45,0.590713,0.0,0.0,0.0,1.0,0.0,0.0,0.0,0.0,0.0,0.0,0.0,1.0,0.0,0.0,0.0,0.0,0.0,0.0,0.0,0.0,0.0,0.0,0.0,0.0,-2.4479418,1,0.2494450955864927,-0.015073183,0.2456767998383334,0.24190850409017411,0.23814020857484547,0.23437191259385554,0.22683532156319824
Bank,Bank:11:task_1:MG01:2021-03-07 16:08:00,Bank:MG01:2021-03-07 16:08:00,11,task_1,2021_03_07,MG01,tomcat03,10,0.186175,0,0.1,2.3978952727983707,1.0,1.0,0.3773584905660377,0.0,0.0,1.0,2.0,3.0,0.0,1.0,0.6931471805599453,1.0,1.9056603773584904,1.0,-0.0808333333333333,1.0,0.387876,0.593118,0.190566,0.809434,0.392936,1.0,0.0,1.0,0.1372,0.5628,0.59312,0.222732,0.983766,1.0,0.02364,0.980658,0.856183,0.732031,0.0,0.762774,0.644211,0.53604,0.964286,0.484085,0.82171,0.609718,0.25,0.0,0.411453,0.46675,0.5,0.996268,0.0,0.0,1.0,0.900865,1.0,0.999888,0.333333,0.781931,0.691131,0.999938,0.76992,0.0,0.0,1.0,0.0,0.0,0.0,1.0,0.0,0.0,0.0,0.0,0.0,0.0,0.0,0.0,0.0,0.0,0.0,0.0,0.0,0.0,0.0,0.0,0.0,-1.0753775,1,0.22541328876186287,1.1248361,0.5066223105685798,0.7878313323752967,1.069040383984336,1.3502493759887306,1.9126674792068092
Bank,Bank:11:task_1:MG01:2021-03-07 16:08:00,Bank:MG01:2021-03-07 16:08:00,11,task_1,2021_03_07,MG01,servicetest5,11,0.184337,0,0.0909090909090909,2.4849066497880004,0.4931444268470616,0.8219073780784361,0.0,0.0,0.0,4.0,2.0,6.0,0.0,1.0,0.6931471805599453,3.6226415094339615,1.8113207547169807,1.0,0.0,0.493144,0.403438,0.0,1.0,0.0,0.450805,0.846804,0.0,1.0,0.126104,0.340577,0.355692,0.806876,0.935065,1.0,0.254954,0.854167,0.86992,0.760319,0.958948,0.724642,0.644211,0.775256,0.714286,0.659162,1.0,0.0,0.5,0.0,0.399235,0.598779,0.5,0.731462,0.0,0.0,1.0,0.065324,1.0,0.0,0.833333,0.471139,0.633041,0.45,0.613383,0.0,1.0,0.0,0.0,0.0,0.0,0.0,0.0,0.0,0.0,0.0,0.0,1.0,0.0,0.0,0.0,0.0,0.0,0.0,0.0,0.0,0.0,0.0,0.0,-3.385522,1,0.21597112096714935,-0.7937298,0.017538675441026302,-0.18089377008509674,-0.3793262156112198,-0.5777586611373429,-0.974623552189589
Bank,Bank:11:task_1:MG01:2021-03-07 16:08:00,Bank:MG01:2021-03-07 16:08:00,11,task_1,2021_03_07,MG01,ig01,12,0.183222,0,0.0833333333333333,2.5649493574615367,0.9056603773584906,1.0,0.0,0.0,0.0,4.0,3.0,7.0,0.0,1.0,0.6931471805599453,3.304465181564043,2.315626030875212,1.0,0.0,0.90566,0.515763,0.405687,0.680595,0.319405,0.518862,0.901598,0.0,0.785714,0.089134,0.457615,0.573409,0.736009,0.796936,0.785714,0.340805,0.897423,0.792157,0.765177,0.923222,0.598917,0.859226,0.927713,0.642857,0.601855,1.0,0.0,0.5,0.44613,0.486261,0.448906,0.5,0.783615,0.0,0.0,1.0,0.486704,1.0,0.0,0.666667,0.458026,0.788403,0.45,0.714293,0.0,0.0,1.0,0.0,0.0,0.0,0.0,0.0,1.0,0.0,0.0,0.0,0.0,0.0,0.0,0.0,0.0,0.0,0.0,0.0,0.0,0.0,0.0,0.0,-3.1024024,1,0.2102431464888547,-0.5586002,0.07059309966344576,-0.06905694716196317,-0.2087069939873721,-0.34835704081278107,-0.6276571344635989
Bank,Bank:11:task_1:MG01:2021-03-07 16:08:00,Bank:MG01:2021-03-07 16:08:00,11,task_1,2021_03_07,MG01,servicetest9,13,0.167195,0,0.0769230769230769,2.639057329615259,0.8942730719541195,1.0,0.0,0.0,0.0,3.0,1.0,4.0,0.0,1.0,0.6931471805599453,2.3270133362795837,0.9056603773584906,1.0,0.0,0.894273,0.201719,0.337379,0.708914,0.291086,0.227771,1.0,0.0,1.0,0.085026,0.183771,0.350865,0.518299,0.935065,1.0,0.254954,0.922631,0.843303,0.798566,0.519842,0.738607,0.34944,0.822814,0.535714,0.567017,1.0,0.0,0.125,0.0,0.190636,0.296589,0.5,0.47457,0.0,0.0,1.0,0.10885,1.0,0.0,0.166667,0.556611,0.46065,0.45,0.632233,0.0,1.0,0.0,0.0,0.0,0.0,0.0,0.0,0.0,0.0,0.0,0.0,1.0,0.0,0.0,0.0,0.0,0.0,0.0,0.0,0.0,0.0,0.0,0.0,-3.100886,1,0.1279092927098161,-0.55734086,-0.01142592238188922,-0.15076113747359454,-0.29009635256529986,-0.4294315676570052,-0.7081019978404158
Bank,Bank:11:task_1:MG01:2021-03-07 16:08:00,Bank:MG01:2021-03-07 16:08:00,11,task_1,2021_03_07,MG01,apache01,14,0.152981,0,0.0714285714285714,2.70805020110221,0.9056603773584906,1.0,0.0,0.0,0.0,5.0,0.0,5.0,0.0,1.0,0.6931471805599453,4.409965653516721,0.0,1.0,0.0,0.90566,0.0,1.0,0.0,1.0,0.102391,0.0,1.0,0.1,0.0,0.0,0.46785,0.982238,0.0,0.1,0.138065,0.512573,0.081471,0.601241,1.0,0.0,0.0,0.192699,0.392857,0.171881,0.0,0.0,0.0,1.0,0.099819,0.0,0.5,0.0,0.0,1.0,0.0,1.0,0.0,0.0,0.0,0.367676,0.040191,0.0,0.500328,1.0,0.0,0.0,0.0,0.0,0.0,0.0,0.0,0.0,1.0,0.0,0.0,0.0,0.0,0.0,0.0,0.0,0.0,0.0,0.0,0.0,0.0,0.0,0.0,-1.5036305,1,0.05488917680445289,0.76917356,0.2471825674361286,0.4394759580678043,0.6317693337983189,0.8240627393311558,1.2086494907921848
Bank,Bank:11:task_1:MG01:2021-03-07 16:08:00,Bank:MG01:2021-03-07 16:08:00,11,task_1,2021_03_07,MG01,tomcat01,15,0.147119,0,0.0666666666666666,2.772588722239781,1.0,1.0,0.3773584905660377,0.0,0.0,0.0,3.0,3.0,0.0,1.0,0.6931471805599453,0.0,2.9056603773584904,1.0,-0.0744444444444444,1.0,0.436845,0.210725,0.460377,0.539623,0.546263,1.0,0.678178,0.5,0.417403,0.679838,0.656394,0.0,1.0,0.5,0.0,1.0,0.643922,0.233041,0.774062,0.799873,0.727202,0.463306,1.0,0.674889,0.29425,0.357691,0.375,0.0,0.428143,0.328003,0.5,1.0,0.0,0.0,1.0,0.852806,1.0,0.999476,0.5,0.782588,0.447287,0.999712,0.536838,0.0,0.0,1.0,0.0,0.0,0.0,1.0,0.0,0.0,0.0,0.0,0.0,0.0,0.0,0.0,0.0,0.0,0.0,0.0,0.0,0.0,0.0,0.0,0.0,-0.10959827,1,0.024774928919463486,1.926912,0.5065029164473108,0.9882309039751581,1.4699589213053277,1.9516868790308526,2.915142913691192
Bank,Bank:11:task_1:MG01:2021-03-07 16:08:00,Bank:MG01:2021-03-07 16:08:00,11,task_1,2021_03_07,MG01,servicetest7,16,0.091399,0,0.0625,2.833213344056216,0.5156925815626021,0.8594876359376702,0.0,0.0,0.0,2.0,2.0,4.0,0.0,1.0,0.6931471805599453,1.8113207547169807,1.79993344931261,1.0,0.0,0.515693,0.400902,0.0,1.0,0.0,0.3237,1.0,0.0,1.0,0.079891,0.340577,0.309466,0.403438,0.929186,1.0,0.254954,0.868613,0.835378,0.787868,0.056985,0.7261,0.644211,0.785324,0.571429,0.475219,1.0,0.0,0.25,0.0,0.314903,0.417921,0.5,0.868222,0.0,0.0,1.0,0.0,1.0,0.0,0.333333,0.505547,0.497784,0.45,0.57517,0.0,1.0,0.0,0.0,0.0,0.0,0.0,0.0,0.0,0.0,0.0,0.0,1.0,0.0,0.0,0.0,0.0,0.0,0.0,0.0,0.0,0.0,0.0,0.0,-3.3952825,1,-0.2614696790900227,-0.8018359,-0.46192865273618666,-0.6623876263823506,-0.8628465702261922,-1.0633055736746786,-1.4642234613623617
Bank,Bank:11:task_1:MG01:2021-03-07 16:08:00,Bank:MG01:2021-03-07 16:08:00,11,task_1,2021_03_07,MG01,dockera2,17,0.084731,0,0.0588235294117647,2.8903717578961645,0.9056603773584906,1.0,0.0,0.0,0.0,0.0,0.0,0.0,1.0,1.0,0.6931471805599453,0.0,0.0,1.0,0.0833333333333333,0.90566,0.0,0.382504,0.0,1.0,0.11351,0.0,0.0,0.25,0.126104,1.0,0.123991,0.0,0.0,0.25,1.0,0.512573,0.513545,0.0,0.919363,0.331098,0.599769,0.661413,0.0,0.732257,0.0,0.0,0.0,0.0,0.099819,0.0,0.5,0.0,0.0,1.0,0.0,1.0,0.0,0.0,0.0,0.048937,0.044556,0.0,0.074206,0.0,0.0,0.0,0.0,1.0,0.0,0.0,0.0,0.0,0.0,0.0,0.0,0.0,0.0,0.0,0.0,0.0,0.0,0.0,0.0,0.0,0.0,0.0,0.0,-3.4846032,1,-0.29572450762927704,-0.8760164,-0.5147286022299545,-0.733732696830632,-0.9527367914313095,-1.1717408860319871,-1.609749075233342
Bank,Bank:11:task_1:MG01:2021-03-07 16:08:00,Bank:MG01:2021-03-07 16:08:00,11,task_1,2021_03_07,MG01,dockerb1,18,0.084731,0,0.0555555555555555,2.9444389791664403,0.9056603773584906,1.0,0.0,0.0,0.0,0.0,0.0,0.0,1.0,1.0,0.6931471805599453,0.0,0.0,1.0,0.0833333333333333,0.90566,0.0,0.382504,0.0,1.0,0.11351,0.0,0.0,0.25,0.126104,1.0,0.123991,0.0,0.0,0.25,1.0,0.512573,0.513545,0.0,0.919363,0.331098,0.599769,0.661413,0.0,0.732257,0.0,0.0,0.0,0.0,0.099819,0.0,0.5,0.0,0.0,1.0,0.0,1.0,0.0,0.0,0.0,0.048937,0.044556,0.0,0.074206,0.0,0.0,0.0,0.0,1.0,0.0,0.0,0.0,0.0,0.0,0.0,0.0,0.0,0.0,0.0,0.0,0.0,0.0,0.0,0.0,0.0,0.0,0.0,0.0,-3.4846032,1,-0.29572450762927704,-0.8760164,-0.5147286022299545,-0.733732696830632,-0.9527367914313095,-1.1717408860319871,-1.609749075233342
Bank,Bank:11:task_1:MG01:2021-03-07 16:08:00,Bank:MG01:2021-03-07 16:08:00,11,task_1,2021_03_07,MG01,apache02,19,0.084291,0,0.0526315789473684,2.995732273553991,0.9056603773584906,1.0,0.0,0.0,0.0,5.0,2.0,7.0,0.0,1.0,0.6931471805599453,4.210125558922534,1.4099656535167218,1.0,0.0,0.90566,0.314044,0.417175,0.670893,0.329107,0.379499,0.863112,0.0,0.785714,0.092495,0.340577,0.451888,0.937728,0.727872,0.785714,0.09457,0.884819,0.643259,0.737009,0.991824,0.57886,0.644211,0.585484,0.607143,0.503745,1.0,0.0,0.375,0.356904,0.318856,0.403732,0.5,0.58252,0.0,0.0,1.0,0.09497,1.0,0.0,0.5,0.558932,0.581392,0.45,0.725004,0.0,0.0,1.0,0.0,0.0,0.0,0.0,0.0,0.0,1.0,0.0,0.0,0.0,0.0,0.0,0.0,0.0,0.0,0.0,0.0,0.0,0.0,0.0,0.0,-1.8595488,1,-0.2979848742395458,0.47358486,-0.17958865909872623,-0.061192443957906684,0.05720376373233227,0.17559998632373242,0.4123924017042103
Bank,Bank:11:task_1:MG01:2021-03-07 16:08:00,Bank:MG01:2021-03-07 16:08:00,11,task_1,2021_03_07,MG01,servicetest6,20,-0.04423,0,0.05,3.044522437723423,0.4948541028096865,0.8247568380161443,0.0,0.0,0.0,0.0,0.0,0.0,1.0,1.0,0.6931471805599453,0.0,0.0,1.0,0.0,0.494854,0.0,0.382504,0.0,1.0,0.073161,0.0,0.0,0.25,0.126104,1.0,0.059275,0.0,0.0,0.25,0.254954,0.422748,0.13788,0.0,0.919363,0.312775,0.599769,0.32016,0.0,0.446629,0.0,0.0,0.0,0.0,0.054541,0.0,0.5,0.0,0.0,1.0,0.0,1.0,0.0,0.0,0.0,0.051537,0.028718,0.0,0.074206,0.0,1.0,0.0,0.0,0.0,0.0,0.0,0.0,0.0,0.0,0.0,0.0,1.0,0.0,0.0,0.0,0.0,0.0,0.0,0.0,0.0,0.0,0.0,0.0,-3.455603,1,-0.9582225495085187,-0.85193175,-1.1712054872021147,-1.3841884248957106,-1.5971713476881453,-1.8101543002829024,-2.2361201458677717
Bank,Bank:11:task_1:MG01:2021-03-07 16:08:00,Bank:MG01:2021-03-07 16:08:00,11,task_1,2021_03_07,MG01,servicetest1,21,-0.056447,0,0.0476190476190476,3.091042453358316,0.4212451187342627,0.7020751978904378,0.0,0.0,0.0,0.0,0.0,0.0,1.0,1.0,0.6931471805599453,0.0,0.0,1.0,0.0,0.421245,0.0,0.382504,0.0,1.0,0.065931,0.0,0.0,0.25,0.126104,1.0,0.047679,0.0,0.0,0.25,0.254954,0.359864,0.117215,0.0,0.919363,0.299947,0.599769,0.270348,0.0,0.428382,0.0,0.0,0.0,0.0,0.046428,0.0,0.5,0.0,0.0,1.0,0.0,1.0,0.0,0.0,0.0,0.052002,0.02588,0.0,0.074206,0.0,1.0,0.0,0.0,0.0,0.0,0.0,0.0,0.0,0.0,0.0,0.0,1.0,0.0,0.0,0.0,0.0,0.0,0.0,0.0,0.0,0.0,0.0,0.0,-3.455603,1,-1.0209836833213668,-0.85193175,-1.2339666210149627,-1.4469495587085586,-1.6599324815009933,-1.8729154340957503,-2.2988812796806197
Bank,Bank:11:task_1:MG01:2021-03-07 16:08:00,Bank:MG01:2021-03-07 16:08:00,11,task_1,2021_03_07,MG01,servicetest11,22,-0.060085,0,0.0454545454545454,3.1354942159291497,0.3992469110787077,0.665411518464513,0.0,0.0,0.0,0.0,0.0,0.0,1.0,1.0,0.6931471805599453,0.0,0.0,1.0,0.0,0.399247,0.0,0.382504,0.0,1.0,0.06377,0.0,0.0,0.25,0.126104,1.0,0.044213,0.0,0.0,0.25,0.254954,0.341072,0.111049,0.0,0.919363,0.296114,0.599769,0.255603,0.0,0.422947,0.0,0.0,0.0,0.0,0.044004,0.0,0.5,0.0,0.0,1.0,0.0,1.0,0.0,0.0,0.0,0.052142,0.025032,0.0,0.074206,0.0,1.0,0.0,0.0,0.0,0.0,0.0,0.0,0.0,0.0,0.0,0.0,1.0,0.0,0.0,0.0,0.0,0.0,0.0,0.0,0.0,0.0,0.0,0.0,-3.455603,1,-1.039672805430816,-0.85193175,-1.2526557431244119,-1.4656386808180077,-1.6786216036104424,-1.8916045562051995,-2.3175704017900687
Bank,Bank:11:task_1:MG01:2021-03-07 16:08:00,Bank:MG01:2021-03-07 16:08:00,11,task_1,2021_03_07,MG01,servicetest10,23,-0.062946,0,0.0434782608695652,3.1780538303479458,0.3819227512258182,0.6365379187096971,0.0,0.0,0.0,0.0,0.0,0.0,1.0,1.0,0.6931471805599453,0.0,0.0,1.0,0.0,0.381923,0.0,0.382504,0.0,1.0,0.062068,0.0,0.0,0.25,0.126104,1.0,0.041484,0.0,0.0,0.25,0.254954,0.326272,0.106196,0.0,0.919363,0.293095,0.599769,0.244037,0.0,0.418673,0.0,0.0,0.0,0.0,0.042094,0.0,0.5,0.0,0.0,1.0,0.0,1.0,0.0,0.0,0.0,0.052251,0.024363,0.0,0.074206,0.0,1.0,0.0,0.0,0.0,0.0,0.0,0.0,0.0,0.0,0.0,0.0,1.0,0.0,0.0,0.0,0.0,0.0,0.0,0.0,0.0,0.0,0.0,0.0,-3.455603,1,-1.0543703255944044,-0.85193175,-1.2673532632880002,-1.4803362009815961,-1.6933191237740308,-1.906302076368788,-2.3322679219536573
Bank,Bank:11:task_1:MG01:2021-03-07 16:08:00,Bank:MG01:2021-03-07 16:08:00,11,task_1,2021_03_07,MG01,dockera1,24,-0.063835,0,0.0416666666666666,3.218875824868201,0.0,0.0,0.0,0.0,0.0,0.0,0.0,0.0,1.0,1.0,0.6931471805599453,0.0,0.0,1.0,0.0,0.0,0.0,0.382504,0.0,1.0,0.0,0.0,0.0,0.25,0.126104,0.777778,0.0,0.0,0.0,0.25,0.254954,0.0,0.0,0.0,0.919363,0.22654,0.599769,0.0,0.0,0.32588,0.0,0.0,0.0,0.0,0.0,0.0,0.5,0.0,0.0,1.0,0.0,1.0,0.0,0.0,0.0,0.0,0.0,0.0,0.0,0.0,1.0,0.0,0.0,0.0,0.0,0.0,0.0,0.0,0.0,0.0,0.0,0.0,0.0,0.0,0.0,0.0,0.0,0.0,0.0,0.0,0.0,0.0,0.0,-3.118134,1,-1.0589372935865156,-0.57166517,-1.2018535855386487,-1.344769877490782,-1.487686169442915,-1.6306024613950483,-1.9164350452993146
Bank,Bank:11:task_1:MG01:2021-03-07 16:08:00,Bank:MG01:2021-03-07 16:08:00,11,task_1,2021_03_07,MG01,dockerb2,25,-0.063835,0,0.04,3.258096538021482,0.0,0.0,0.0,0.0,0.0,0.0,0.0,0.0,1.0,1.0,0.6931471805599453,0.0,0.0,1.0,0.0,0.0,0.0,0.382504,0.0,1.0,0.0,0.0,0.0,0.25,0.126104,0.777778,0.0,0.0,0.0,0.25,0.254954,0.0,0.0,0.0,0.919363,0.22654,0.599769,0.0,0.0,0.32588,0.0,0.0,0.0,0.0,0.0,0.0,0.5,0.0,0.0,1.0,0.0,1.0,0.0,0.0,0.0,0.0,0.0,0.0,0.0,0.0,1.0,0.0,0.0,0.0,0.0,0.0,0.0,0.0,0.0,0.0,0.0,0.0,0.0,0.0,0.0,0.0,0.0,0.0,0.0,0.0,0.0,0.0,0.0,-3.118134,1,-1.0589372935865156,-0.57166517,-1.2018535855386487,-1.344769877490782,-1.487686169442915,-1.6306024613950483,-1.9164350452993146
Bank,Bank:11:task_1:MG01:2021-03-07 16:08:00,Bank:MG01:2021-03-07 16:08:00,11,task_1,2021_03_07,MG01,servicetest2,26,-0.064829,0,0.0384615384615384,3.295836866004329,0.3705095706501029,0.617515951083505,0.0,0.0,0.0,0.0,0.0,0.0,1.0,1.0,0.6931471805599453,0.0,0.0,1.0,0.0,0.37051,0.0,0.382504,0.0,1.0,0.060947,0.0,0.0,0.25,0.126104,1.0,0.039686,0.0,0.0,0.25,0.254954,0.316522,0.103001,0.0,0.919363,0.291106,0.599769,0.23644,0.0,0.41586,0.0,0.0,0.0,0.0,0.040836,0.0,0.5,0.0,0.0,1.0,0.0,1.0,0.0,0.0,0.0,0.052324,0.023923,0.0,0.074206,0.0,1.0,0.0,0.0,0.0,0.0,0.0,0.0,0.0,0.0,0.0,0.0,1.0,0.0,0.0,0.0,0.0,0.0,0.0,0.0,0.0,0.0,0.0,0.0,-3.455603,1,-1.0640436672469862,-0.85193175,-1.277026604940582,-1.490009542634178,-1.7029924654266126,-1.9159754180213697,-2.3419412636062393
Bank,Bank:11:task_1:MG01:2021-03-07 16:08:00,Bank:MG01:2021-03-07 16:08:00,11,task_1,2021_03_07,MG01,servicetest4,27,-0.068545,0,0.037037037037037,3.332204510175204,0.3479518623526189,0.5799197705876982,0.0,0.0,0.0,0.0,0.0,0.0,1.0,1.0,0.6931471805599453,0.0,0.0,1.0,0.0,0.347952,0.0,0.382504,0.0,1.0,0.058732,0.0,0.0,0.25,0.126104,1.0,0.036133,0.0,0.0,0.25,0.254954,0.297251,0.096689,0.0,0.919363,0.287175,0.599769,0.221477,0.0,0.410308,0.0,0.0,0.0,0.0,0.03835,0.0,0.5,0.0,0.0,1.0,0.0,1.0,0.0,0.0,0.0,0.052466,0.023054,0.0,0.074206,0.0,1.0,0.0,0.0,0.0,0.0,0.0,0.0,0.0,0.0,0.0,0.0,1.0,0.0,0.0,0.0,0.0,0.0,0.0,0.0,0.0,0.0,0.0,0.0,-3.455603,1,-1.083133490710074,-0.85193175,-1.29611642840367,-1.5090993660972658,-1.7220822888897005,-1.9350652414844576,-2.361031087069327
Bank,Bank:11:task_1:MG01:2021-03-07 16:08:00,Bank:MG01:2021-03-07 16:08:00,11,task_1,2021_03_07,MG01,servicetest8,28,-0.074658,0,0.0357142857142857,3.367295829986474,0.3107605406660922,0.5179342344434872,0.0,0.0,0.0,0.0,0.0,0.0,1.0,1.0,0.6931471805599453,0.0,0.0,1.0,0.0,0.310761,0.0,0.382504,0.0,1.0,0.055079,0.0,0.0,0.25,0.126104,1.0,0.030274,0.0,0.0,0.25,0.254954,0.265479,0.086295,0.0,0.919363,0.280694,0.599769,0.196964,0.0,0.401174,0.0,0.0,0.0,0.0,0.034251,0.0,0.5,0.0,0.0,1.0,0.0,1.0,0.0,0.0,0.0,0.052702,0.02162,0.0,0.074206,0.0,1.0,0.0,0.0,0.0,0.0,0.0,0.0,0.0,0.0,0.0,0.0,1.0,0.0,0.0,0.0,0.0,0.0,0.0,0.0,0.0,0.0,0.0,0.0,-3.455603,1,-1.1145371750022848,-0.85193175,-1.3275201126958807,-1.5405030503894765,-1.7534859731819112,-1.9664689257766683,-2.392434771361538
Bank,Bank:11:task_1:MG01:2021-03-07 16:08:00,Bank:MG01:2021-03-07 16:08:00,11,task_1,2021_03_07,MG01,tomcat04,29,-0.075111,0,0.0344827586206896,3.4011973816621555,1.0,1.0,0.3773584905660377,0.0,0.0,2.0,1.0,3.0,0.0,1.0,0.6931471805599453,2.0,0.9056603773584906,1.0,-0.0661111111111111,1.0,0.176735,0.738988,0.181132,0.818868,0.240403,1.0,0.0,0.0,0.061643,0.405993,0.47461,0.445463,0.935065,0.0,0.002754,0.922631,0.271133,1.0,0.311462,0.273909,0.34944,0.184728,0.928571,0.0,0.752293,0.871833,0.125,0.323415,0.239077,0.415092,0.5,0.881344,0.0,0.0,1.0,0.90335,1.0,1.0,0.166667,1.0,0.556919,1.0,1.0,0.0,0.0,1.0,0.0,0.0,0.0,1.0,0.0,0.0,0.0,0.0,0.0,0.0,0.0,0.0,0.0,0.0,0.0,0.0,0.0,0.0,0.0,0.0,0.0,-0.5444125,1,-1.1168643251714934,1.5658003,-0.72541424787619,-0.3339641705808867,0.057485936516739056,0.44893598400972,1.2318361982049715
Bank,Bank:12:task_3:MG01:2021-03-07 16:08:00,Bank:MG01:2021-03-07 16:08:00,12,task_3,2021_03_07,MG01,mg01,1,0.649801,1,1.0,0.6931471805599453,0.9056603773584906,1.0,0.0,0.0,0.0,0.0,5.0,5.0,0.0,1.0,0.6931471805599453,0.0,4.489710342149651,1.0,0.0,0.90566,1.0,0.06994,0.822278,0.177722,1.0,0.881286,0.627493,1.0,1.0,0.587482,1.0,0.0,0.927096,1.0,0.044847,0.922631,0.905648,0.052444,0.791076,0.997982,0.657281,0.534395,1.0,0.944607,1.0,0.0,1.0,0.0,0.995172,0.594136,0.5,0.818967,0.0,0.0,1.0,0.132605,1.0,0.0,1.0,0.126567,1.0,0.45,0.211307,1.0,0.0,0.0,0.0,0.0,0.0,0.0,1.0,0.0,0.0,0.0,0.0,0.0,0.0,0.0,0.0,0.0,0.0,0.0,0.0,0.0,0.0,0.0,0.0,0.010568885,1,2.607151311608346,2.0267103,3.1138288795671776,3.6205064475260094,4.127183955880197,4.633861583443673,5.647216600152047
Bank,Bank:12:task_3:MG01:2021-03-07 16:08:00,Bank:MG01:2021-03-07 16:08:00,12,task_3,2021_03_07,MG01,tomcat02,2,0.540734,0,0.5,1.0986122886681096,1.0,1.0,0.3773584905660377,0.0,0.0,0.0,2.0,2.0,0.0,1.0,0.6931471805599453,0.0,1.8113207547169807,1.0,-0.0825,1.0,0.342073,0.297322,0.231891,0.768109,0.523978,0.846804,0.0,1.0,1.0,0.5628,0.646969,0.0,0.935065,1.0,0.130102,0.922631,0.951897,0.056577,0.790113,1.0,0.248137,0.653,1.0,1.0,0.695787,1.0,0.5,0.0,0.540426,0.726716,0.5,0.904525,0.0,0.0,1.0,0.87966,1.0,0.999426,0.833333,0.557237,0.724628,0.999684,0.396256,0.0,0.0,1.0,0.0,0.0,0.0,1.0,0.0,0.0,0.0,0.0,0.0,0.0,0.0,0.0,0.0,0.0,0.0,0.0,0.0,0.0,0.0,0.0,0.0,0.11082982,1,2.0468526636943003,2.1099765,2.5743467962130686,3.101840928731837,3.6293350016459605,4.156829193769374,5.211817339597621
Bank,Bank:12:task_3:MG01:2021-03-07 16:08:00,Bank:MG01:2021-03-07 16:08:00,12,task_3,2021_03_07,MG01,mysql01,3,0.404009,0,0.3333333333333333,1.3862943611198906,0.9056603773584906,1.0,0.0,0.0,0.0,4.0,4.0,8.0,0.0,1.0,0.6931471805599453,3.584049964791161,3.2101255589225333,1.0,0.0,0.90566,0.714996,0.326162,0.74629,0.25371,0.739414,0.873749,0.0,1.0,0.126104,0.536923,0.714153,0.798281,0.828588,1.0,0.410112,0.898668,1.0,0.674501,0.957578,0.706762,1.0,1.0,0.857143,0.790125,1.0,0.0,0.75,0.0,0.963494,0.738175,0.5,0.886875,0.0,0.0,1.0,0.331034,1.0,0.0,1.0,0.342587,0.892871,0.45,0.578336,0.0,0.0,1.0,0.0,0.0,0.0,0.0,0.0,0.0,0.0,1.0,0.0,0.0,0.0,0.0,0.0,0.0,0.0,0.0,0.0,0.0,0.0,0.0,0.0,-1.7539173,1,1.3444694255374985,0.56131136,1.4847972665809708,1.625125107624443,1.7654529486679154,1.9057807897113876,2.1864364717983324
Bank,Bank:12:task_3:MG01:2021-03-07 16:08:00,Bank:MG01:2021-03-07 16:08:00,12,task_3,2021_03_07,MG01,mg02,4,0.363597,0,0.25,1.6094379124341005,0.9056603773584906,1.0,0.0,0.0,0.0,1.0,4.0,5.0,0.0,1.0,0.6931471805599453,0.9056603773584906,3.584049964791161,1.0,0.0,0.90566,0.798281,0.115912,0.852847,0.147153,0.860364,0.863028,0.0,1.0,0.126104,0.536923,0.756299,0.201719,0.925104,1.0,0.148784,0.922631,0.90733,0.64099,0.146952,0.760745,0.603926,0.678799,0.964286,0.59641,1.0,0.0,0.875,0.0,0.890904,0.658701,0.5,0.76939,0.0,0.0,1.0,0.097242,1.0,0.0,1.0,0.271622,0.901682,0.45,0.442505,1.0,0.0,0.0,0.0,0.0,0.0,0.0,1.0,0.0,0.0,0.0,0.0,0.0,0.0,0.0,0.0,0.0,0.0,0.0,0.0,0.0,0.0,0.0,0.0,-0.701365,1,1.136865026777998,1.435452,1.4957280228793775,1.8545910189807568,2.213454015082136,2.5723170111835154,3.290043003386274
Bank,Bank:12:task_3:MG01:2021-03-07 16:08:00,Bank:MG01:2021-03-07 16:08:00,12,task_3,2021_03_07,MG01,redis02,5,0.358517,0,0.2,1.791759469228055,0.9056603773584906,1.0,0.0,0.0,0.0,2.0,3.0,5.0,0.0,1.0,0.6931471805599453,1.8113207547169807,2.67838958743267,1.0,0.0,0.90566,0.596562,0.098071,0.903796,0.096204,0.7207,0.838132,0.0,1.0,0.126104,0.457615,0.617733,0.403438,0.921783,1.0,0.211288,0.922631,0.92634,0.707535,0.064411,0.735245,0.859226,0.764229,0.928571,0.563812,1.0,0.0,0.75,0.0,1.0,1.0,0.5,0.92186,0.0,0.0,1.0,0.193997,1.0,0.0,1.0,0.311166,0.843688,0.45,0.476926,0.0,0.0,1.0,0.0,0.0,0.0,0.0,0.0,0.0,0.0,0.0,1.0,0.0,0.0,0.0,0.0,0.0,0.0,0.0,0.0,0.0,0.0,0.0,0.0,-1.8545346,1,1.110768066823077,0.4777491,1.2302053441401242,1.3496426214571713,1.4690798987742184,1.5885171760912655,1.8273917307253598
Bank,Bank:12:task_3:MG01:2021-03-07 16:08:00,Bank:MG01:2021-03-07 16:08:00,12,task_3,2021_03_07,MG01,mysql02,6,0.336565,0,0.1666666666666666,1.9459101490553128,0.9056603773584906,1.0,0.0,0.0,0.0,5.0,3.0,8.0,0.0,1.0,0.6931471805599453,4.489710342149651,2.304465181564043,1.0,0.0,0.90566,0.513277,0.30708,0.76172,0.23828,0.599794,0.845968,0.0,1.0,0.126104,0.457615,0.581944,1.0,0.793095,1.0,0.243566,0.890681,0.89805,0.663743,0.997686,0.696147,0.859226,0.78575,0.821429,0.719482,1.0,0.0,0.625,0.0,0.79609,0.804483,0.5,0.842667,0.0,0.0,1.0,0.267875,1.0,0.0,1.0,0.396532,0.786073,0.45,0.596047,0.0,0.0,1.0,0.0,0.0,0.0,0.0,0.0,0.0,0.0,1.0,0.0,0.0,0.0,0.0,0.0,0.0,0.0,0.0,0.0,0.0,0.0,0.0,0.0,-2.8599033,1,0.9979963217580334,-0.35720563,0.9086949144208447,0.819393507083656,0.7300920997464673,0.6407906924092786,0.4621878777349011
Bank,Bank:12:task_3:MG01:2021-03-07 16:08:00,Bank:MG01:2021-03-07 16:08:00,12,task_3,2021_03_07,MG01,ig02,7,0.27975,0,0.1428571428571428,2.079441541679836,0.9056603773584906,1.0,0.0,0.0,0.0,2.0,4.0,6.0,0.0,1.0,0.6931471805599453,1.8113207547169807,3.2101255589225333,1.0,0.0,0.90566,0.714996,0.283117,0.718371,0.281629,0.710352,0.893187,0.0,1.0,0.126104,0.536923,0.704359,0.403438,0.828588,1.0,0.236071,0.898668,0.888577,0.6898,0.158542,0.706762,1.0,0.781328,0.785714,0.557106,1.0,0.0,0.75,0.0,0.762943,0.582677,0.5,0.783935,0.0,0.0,1.0,0.226989,1.0,0.0,1.0,0.337285,0.849699,0.45,0.532654,0.0,0.0,1.0,0.0,0.0,0.0,0.0,0.0,1.0,0.0,0.0,0.0,0.0,0.0,0.0,0.0,0.0,0.0,0.0,0.0,0.0,0.0,0.0,0.0,-3.0871685,1,0.706126483207083,-0.5459484,0.5696393866590026,0.43315229011092216,0.2966651935628417,0.16017809701476127,-0.11279609608139962
Bank,Bank:12:task_3:MG01:2021-03-07 16:08:00,Bank:MG01:2021-03-07 16:08:00,12,task_3,2021_03_07,MG01,servicetest3,8,0.271108,0,0.125,2.19722457733622,0.8670688327156892,1.0,0.0,0.0,0.0,3.0,2.0,5.0,0.0,1.0,0.6931471805599453,2.716981132075472,1.8113207547169807,1.0,0.0,0.867069,0.403438,0.0,1.0,0.0,0.582847,0.804032,0.0,1.0,0.126104,0.340577,0.464763,0.605157,0.935065,1.0,0.254954,0.922631,0.940583,0.722073,0.752174,0.738607,0.644211,0.822814,0.892857,0.69405,1.0,0.0,0.625,0.0,0.49341,0.686684,0.5,0.623908,0.0,0.0,1.0,0.145485,1.0,0.0,1.0,0.397426,0.742055,0.45,0.563373,0.0,1.0,0.0,0.0,0.0,0.0,0.0,0.0,0.0,0.0,0.0,0.0,1.0,0.0,0.0,0.0,0.0,0.0,0.0,0.0,0.0,0.0,0.0,0.0,-2.4091873,1,0.6617308281026686,0.017112246,0.666008889548471,0.6702869509942735,0.6745650119744147,0.6788430738858784,0.6873991958461607
Bank,Bank:12:task_3:MG01:2021-03-07 16:08:00,Bank:MG01:2021-03-07 16:08:00,12,task_3,2021_03_07,MG01,redis01,9,0.190853,0,0.1111111111111111,2.302585092994046,0.9056603773584906,1.0,0.0,0.0,0.0,3.0,3.0,6.0,0.0,1.0,0.6931471805599453,2.716981132075472,2.304465181564043,1.0,0.0,0.90566,0.513277,0.320065,0.724494,0.275506,0.570801,0.867143,0.0,1.0,0.126104,0.457615,0.579004,0.605157,0.793095,1.0,0.06958,0.890681,0.785477,0.679042,0.775014,0.696147,0.859226,0.55063,0.75,0.579572,1.0,0.0,0.625,0.0,0.484347,0.483634,0.5,0.620841,0.0,0.0,1.0,0.089469,1.0,0.0,1.0,0.421431,0.720225,0.45,0.590713,0.0,0.0,0.0,1.0,0.0,0.0,0.0,0.0,0.0,0.0,0.0,1.0,0.0,0.0,0.0,0.0,0.0,0.0,0.0,0.0,0.0,0.0,0.0,0.0,-2.4479418,1,0.2494450955864927,-0.015073183,0.2456767998383334,0.24190850409017411,0.23814020857484547,0.23437191259385554,0.22683532156319824
Bank,Bank:12:task_3:MG01:2021-03-07 16:08:00,Bank:MG01:2021-03-07 16:08:00,12,task_3,2021_03_07,MG01,tomcat03,10,0.186175,0,0.1,2.3978952727983707,1.0,1.0,0.3773584905660377,0.0,0.0,1.0,2.0,3.0,0.0,1.0,0.6931471805599453,1.0,1.9056603773584904,1.0,-0.0808333333333333,1.0,0.387876,0.593118,0.190566,0.809434,0.392936,1.0,0.0,1.0,0.1372,0.5628,0.59312,0.222732,0.983766,1.0,0.02364,0.980658,0.856183,0.732031,0.0,0.762774,0.644211,0.53604,0.964286,0.484085,0.82171,0.609718,0.25,0.0,0.411453,0.46675,0.5,0.996268,0.0,0.0,1.0,0.900865,1.0,0.999888,0.333333,0.781931,0.691131,0.999938,0.76992,0.0,0.0,1.0,0.0,0.0,0.0,1.0,0.0,0.0,0.0,0.0,0.0,0.0,0.0,0.0,0.0,0.0,0.0,0.0,0.0,0.0,0.0,0.0,0.0,-1.0753775,1,0.22541328876186287,1.1248361,0.5066223105685798,0.7878313323752967,1.069040383984336,1.3502493759887306,1.9126674792068092
Bank,Bank:12:task_3:MG01:2021-03-07 16:08:00,Bank:MG01:2021-03-07 16:08:00,12,task_3,2021_03_07,MG01,servicetest5,11,0.184337,0,0.0909090909090909,2.4849066497880004,0.4931444268470616,0.8219073780784361,0.0,0.0,0.0,4.0,2.0,6.0,0.0,1.0,0.6931471805599453,3.6226415094339615,1.8113207547169807,1.0,0.0,0.493144,0.403438,0.0,1.0,0.0,0.450805,0.846804,0.0,1.0,0.126104,0.340577,0.355692,0.806876,0.935065,1.0,0.254954,0.854167,0.86992,0.760319,0.958948,0.724642,0.644211,0.775256,0.714286,0.659162,1.0,0.0,0.5,0.0,0.399235,0.598779,0.5,0.731462,0.0,0.0,1.0,0.065324,1.0,0.0,0.833333,0.471139,0.633041,0.45,0.613383,0.0,1.0,0.0,0.0,0.0,0.0,0.0,0.0,0.0,0.0,0.0,0.0,1.0,0.0,0.0,0.0,0.0,0.0,0.0,0.0,0.0,0.0,0.0,0.0,-3.385522,1,0.21597112096714935,-0.7937298,0.017538675441026302,-0.18089377008509674,-0.3793262156112198,-0.5777586611373429,-0.974623552189589
Bank,Bank:12:task_3:MG01:2021-03-07 16:08:00,Bank:MG01:2021-03-07 16:08:00,12,task_3,2021_03_07,MG01,ig01,12,0.183222,0,0.0833333333333333,2.5649493574615367,0.9056603773584906,1.0,0.0,0.0,0.0,4.0,3.0,7.0,0.0,1.0,0.6931471805599453,3.304465181564043,2.315626030875212,1.0,0.0,0.90566,0.515763,0.405687,0.680595,0.319405,0.518862,0.901598,0.0,0.785714,0.089134,0.457615,0.573409,0.736009,0.796936,0.785714,0.340805,0.897423,0.792157,0.765177,0.923222,0.598917,0.859226,0.927713,0.642857,0.601855,1.0,0.0,0.5,0.44613,0.486261,0.448906,0.5,0.783615,0.0,0.0,1.0,0.486704,1.0,0.0,0.666667,0.458026,0.788403,0.45,0.714293,0.0,0.0,1.0,0.0,0.0,0.0,0.0,0.0,1.0,0.0,0.0,0.0,0.0,0.0,0.0,0.0,0.0,0.0,0.0,0.0,0.0,0.0,0.0,0.0,-3.1024024,1,0.2102431464888547,-0.5586002,0.07059309966344576,-0.06905694716196317,-0.2087069939873721,-0.34835704081278107,-0.6276571344635989
Bank,Bank:12:task_3:MG01:2021-03-07 16:08:00,Bank:MG01:2021-03-07 16:08:00,12,task_3,2021_03_07,MG01,servicetest9,13,0.167195,0,0.0769230769230769,2.639057329615259,0.8942730719541195,1.0,0.0,0.0,0.0,3.0,1.0,4.0,0.0,1.0,0.6931471805599453,2.3270133362795837,0.9056603773584906,1.0,0.0,0.894273,0.201719,0.337379,0.708914,0.291086,0.227771,1.0,0.0,1.0,0.085026,0.183771,0.350865,0.518299,0.935065,1.0,0.254954,0.922631,0.843303,0.798566,0.519842,0.738607,0.34944,0.822814,0.535714,0.567017,1.0,0.0,0.125,0.0,0.190636,0.296589,0.5,0.47457,0.0,0.0,1.0,0.10885,1.0,0.0,0.166667,0.556611,0.46065,0.45,0.632233,0.0,1.0,0.0,0.0,0.0,0.0,0.0,0.0,0.0,0.0,0.0,0.0,1.0,0.0,0.0,0.0,0.0,0.0,0.0,0.0,0.0,0.0,0.0,0.0,-3.100886,1,0.1279092927098161,-0.55734086,-0.01142592238188922,-0.15076113747359454,-0.29009635256529986,-0.4294315676570052,-0.7081019978404158
Bank,Bank:12:task_3:MG01:2021-03-07 16:08:00,Bank:MG01:2021-03-07 16:08:00,12,task_3,2021_03_07,MG01,apache01,14,0.152981,0,0.0714285714285714,2.70805020110221,0.9056603773584906,1.0,0.0,0.0,0.0,5.0,0.0,5.0,0.0,1.0,0.6931471805599453,4.409965653516721,0.0,1.0,0.0,0.90566,0.0,1.0,0.0,1.0,0.102391,0.0,1.0,0.1,0.0,0.0,0.46785,0.982238,0.0,0.1,0.138065,0.512573,0.081471,0.601241,1.0,0.0,0.0,0.192699,0.392857,0.171881,0.0,0.0,0.0,1.0,0.099819,0.0,0.5,0.0,0.0,1.0,0.0,1.0,0.0,0.0,0.0,0.367676,0.040191,0.0,0.500328,1.0,0.0,0.0,0.0,0.0,0.0,0.0,0.0,0.0,1.0,0.0,0.0,0.0,0.0,0.0,0.0,0.0,0.0,0.0,0.0,0.0,0.0,0.0,0.0,-1.5036305,1,0.05488917680445289,0.76917356,0.2471825674361286,0.4394759580678043,0.6317693337983189,0.8240627393311558,1.2086494907921848
Bank,Bank:12:task_3:MG01:2021-03-07 16:08:00,Bank:MG01:2021-03-07 16:08:00,12,task_3,2021_03_07,MG01,tomcat01,15,0.147119,0,0.0666666666666666,2.772588722239781,1.0,1.0,0.3773584905660377,0.0,0.0,0.0,3.0,3.0,0.0,1.0,0.6931471805599453,0.0,2.9056603773584904,1.0,-0.0744444444444444,1.0,0.436845,0.210725,0.460377,0.539623,0.546263,1.0,0.678178,0.5,0.417403,0.679838,0.656394,0.0,1.0,0.5,0.0,1.0,0.643922,0.233041,0.774062,0.799873,0.727202,0.463306,1.0,0.674889,0.29425,0.357691,0.375,0.0,0.428143,0.328003,0.5,1.0,0.0,0.0,1.0,0.852806,1.0,0.999476,0.5,0.782588,0.447287,0.999712,0.536838,0.0,0.0,1.0,0.0,0.0,0.0,1.0,0.0,0.0,0.0,0.0,0.0,0.0,0.0,0.0,0.0,0.0,0.0,0.0,0.0,0.0,0.0,0.0,0.0,-0.10959827,1,0.024774928919463486,1.926912,0.5065029164473108,0.9882309039751581,1.4699589213053277,1.9516868790308526,2.915142913691192
Bank,Bank:12:task_3:MG01:2021-03-07 16:08:00,Bank:MG01:2021-03-07 16:08:00,12,task_3,2021_03_07,MG01,servicetest7,16,0.091399,0,0.0625,2.833213344056216,0.5156925815626021,0.8594876359376702,0.0,0.0,0.0,2.0,2.0,4.0,0.0,1.0,0.6931471805599453,1.8113207547169807,1.79993344931261,1.0,0.0,0.515693,0.400902,0.0,1.0,0.0,0.3237,1.0,0.0,1.0,0.079891,0.340577,0.309466,0.403438,0.929186,1.0,0.254954,0.868613,0.835378,0.787868,0.056985,0.7261,0.644211,0.785324,0.571429,0.475219,1.0,0.0,0.25,0.0,0.314903,0.417921,0.5,0.868222,0.0,0.0,1.0,0.0,1.0,0.0,0.333333,0.505547,0.497784,0.45,0.57517,0.0,1.0,0.0,0.0,0.0,0.0,0.0,0.0,0.0,0.0,0.0,0.0,1.0,0.0,0.0,0.0,0.0,0.0,0.0,0.0,0.0,0.0,0.0,0.0,-3.3952825,1,-0.2614696790900227,-0.8018359,-0.46192865273618666,-0.6623876263823506,-0.8628465702261922,-1.0633055736746786,-1.4642234613623617
Bank,Bank:12:task_3:MG01:2021-03-07 16:08:00,Bank:MG01:2021-03-07 16:08:00,12,task_3,2021_03_07,MG01,dockera2,17,0.084731,0,0.0588235294117647,2.8903717578961645,0.9056603773584906,1.0,0.0,0.0,0.0,0.0,0.0,0.0,1.0,1.0,0.6931471805599453,0.0,0.0,1.0,0.0833333333333333,0.90566,0.0,0.382504,0.0,1.0,0.11351,0.0,0.0,0.25,0.126104,1.0,0.123991,0.0,0.0,0.25,1.0,0.512573,0.513545,0.0,0.919363,0.331098,0.599769,0.661413,0.0,0.732257,0.0,0.0,0.0,0.0,0.099819,0.0,0.5,0.0,0.0,1.0,0.0,1.0,0.0,0.0,0.0,0.048937,0.044556,0.0,0.074206,0.0,0.0,0.0,0.0,1.0,0.0,0.0,0.0,0.0,0.0,0.0,0.0,0.0,0.0,0.0,0.0,0.0,0.0,0.0,0.0,0.0,0.0,0.0,0.0,-3.4846032,1,-0.29572450762927704,-0.8760164,-0.5147286022299545,-0.733732696830632,-0.9527367914313095,-1.1717408860319871,-1.609749075233342
Bank,Bank:12:task_3:MG01:2021-03-07 16:08:00,Bank:MG01:2021-03-07 16:08:00,12,task_3,2021_03_07,MG01,dockerb1,18,0.084731,0,0.0555555555555555,2.9444389791664403,0.9056603773584906,1.0,0.0,0.0,0.0,0.0,0.0,0.0,1.0,1.0,0.6931471805599453,0.0,0.0,1.0,0.0833333333333333,0.90566,0.0,0.382504,0.0,1.0,0.11351,0.0,0.0,0.25,0.126104,1.0,0.123991,0.0,0.0,0.25,1.0,0.512573,0.513545,0.0,0.919363,0.331098,0.599769,0.661413,0.0,0.732257,0.0,0.0,0.0,0.0,0.099819,0.0,0.5,0.0,0.0,1.0,0.0,1.0,0.0,0.0,0.0,0.048937,0.044556,0.0,0.074206,0.0,0.0,0.0,0.0,1.0,0.0,0.0,0.0,0.0,0.0,0.0,0.0,0.0,0.0,0.0,0.0,0.0,0.0,0.0,0.0,0.0,0.0,0.0,0.0,-3.4846032,1,-0.29572450762927704,-0.8760164,-0.5147286022299545,-0.733732696830632,-0.9527367914313095,-1.1717408860319871,-1.609749075233342
Bank,Bank:12:task_3:MG01:2021-03-07 16:08:00,Bank:MG01:2021-03-07 16:08:00,12,task_3,2021_03_07,MG01,apache02,19,0.084291,0,0.0526315789473684,2.995732273553991,0.9056603773584906,1.0,0.0,0.0,0.0,5.0,2.0,7.0,0.0,1.0,0.6931471805599453,4.210125558922534,1.4099656535167218,1.0,0.0,0.90566,0.314044,0.417175,0.670893,0.329107,0.379499,0.863112,0.0,0.785714,0.092495,0.340577,0.451888,0.937728,0.727872,0.785714,0.09457,0.884819,0.643259,0.737009,0.991824,0.57886,0.644211,0.585484,0.607143,0.503745,1.0,0.0,0.375,0.356904,0.318856,0.403732,0.5,0.58252,0.0,0.0,1.0,0.09497,1.0,0.0,0.5,0.558932,0.581392,0.45,0.725004,0.0,0.0,1.0,0.0,0.0,0.0,0.0,0.0,0.0,1.0,0.0,0.0,0.0,0.0,0.0,0.0,0.0,0.0,0.0,0.0,0.0,0.0,0.0,0.0,-1.8595488,1,-0.2979848742395458,0.47358486,-0.17958865909872623,-0.061192443957906684,0.05720376373233227,0.17559998632373242,0.4123924017042103
Bank,Bank:12:task_3:MG01:2021-03-07 16:08:00,Bank:MG01:2021-03-07 16:08:00,12,task_3,2021_03_07,MG01,servicetest6,20,-0.04423,0,0.05,3.044522437723423,0.4948541028096865,0.8247568380161443,0.0,0.0,0.0,0.0,0.0,0.0,1.0,1.0,0.6931471805599453,0.0,0.0,1.0,0.0,0.494854,0.0,0.382504,0.0,1.0,0.073161,0.0,0.0,0.25,0.126104,1.0,0.059275,0.0,0.0,0.25,0.254954,0.422748,0.13788,0.0,0.919363,0.312775,0.599769,0.32016,0.0,0.446629,0.0,0.0,0.0,0.0,0.054541,0.0,0.5,0.0,0.0,1.0,0.0,1.0,0.0,0.0,0.0,0.051537,0.028718,0.0,0.074206,0.0,1.0,0.0,0.0,0.0,0.0,0.0,0.0,0.0,0.0,0.0,0.0,1.0,0.0,0.0,0.0,0.0,0.0,0.0,0.0,0.0,0.0,0.0,0.0,-3.455603,1,-0.9582225495085187,-0.85193175,-1.1712054872021147,-1.3841884248957106,-1.5971713476881453,-1.8101543002829024,-2.2361201458677717
Bank,Bank:12:task_3:MG01:2021-03-07 16:08:00,Bank:MG01:2021-03-07 16:08:00,12,task_3,2021_03_07,MG01,servicetest1,21,-0.056447,0,0.0476190476190476,3.091042453358316,0.4212451187342627,0.7020751978904378,0.0,0.0,0.0,0.0,0.0,0.0,1.0,1.0,0.6931471805599453,0.0,0.0,1.0,0.0,0.421245,0.0,0.382504,0.0,1.0,0.065931,0.0,0.0,0.25,0.126104,1.0,0.047679,0.0,0.0,0.25,0.254954,0.359864,0.117215,0.0,0.919363,0.299947,0.599769,0.270348,0.0,0.428382,0.0,0.0,0.0,0.0,0.046428,0.0,0.5,0.0,0.0,1.0,0.0,1.0,0.0,0.0,0.0,0.052002,0.02588,0.0,0.074206,0.0,1.0,0.0,0.0,0.0,0.0,0.0,0.0,0.0,0.0,0.0,0.0,1.0,0.0,0.0,0.0,0.0,0.0,0.0,0.0,0.0,0.0,0.0,0.0,-3.455603,1,-1.0209836833213668,-0.85193175,-1.2339666210149627,-1.4469495587085586,-1.6599324815009933,-1.8729154340957503,-2.2988812796806197
Bank,Bank:12:task_3:MG01:2021-03-07 16:08:00,Bank:MG01:2021-03-07 16:08:00,12,task_3,2021_03_07,MG01,servicetest11,22,-0.060085,0,0.0454545454545454,3.1354942159291497,0.3992469110787077,0.665411518464513,0.0,0.0,0.0,0.0,0.0,0.0,1.0,1.0,0.6931471805599453,0.0,0.0,1.0,0.0,0.399247,0.0,0.382504,0.0,1.0,0.06377,0.0,0.0,0.25,0.126104,1.0,0.044213,0.0,0.0,0.25,0.254954,0.341072,0.111049,0.0,0.919363,0.296114,0.599769,0.255603,0.0,0.422947,0.0,0.0,0.0,0.0,0.044004,0.0,0.5,0.0,0.0,1.0,0.0,1.0,0.0,0.0,0.0,0.052142,0.025032,0.0,0.074206,0.0,1.0,0.0,0.0,0.0,0.0,0.0,0.0,0.0,0.0,0.0,0.0,1.0,0.0,0.0,0.0,0.0,0.0,0.0,0.0,0.0,0.0,0.0,0.0,-3.455603,1,-1.039672805430816,-0.85193175,-1.2526557431244119,-1.4656386808180077,-1.6786216036104424,-1.8916045562051995,-2.3175704017900687
Bank,Bank:12:task_3:MG01:2021-03-07 16:08:00,Bank:MG01:2021-03-07 16:08:00,12,task_3,2021_03_07,MG01,servicetest10,23,-0.062946,0,0.0434782608695652,3.1780538303479458,0.3819227512258182,0.6365379187096971,0.0,0.0,0.0,0.0,0.0,0.0,1.0,1.0,0.6931471805599453,0.0,0.0,1.0,0.0,0.381923,0.0,0.382504,0.0,1.0,0.062068,0.0,0.0,0.25,0.126104,1.0,0.041484,0.0,0.0,0.25,0.254954,0.326272,0.106196,0.0,0.919363,0.293095,0.599769,0.244037,0.0,0.418673,0.0,0.0,0.0,0.0,0.042094,0.0,0.5,0.0,0.0,1.0,0.0,1.0,0.0,0.0,0.0,0.052251,0.024363,0.0,0.074206,0.0,1.0,0.0,0.0,0.0,0.0,0.0,0.0,0.0,0.0,0.0,0.0,1.0,0.0,0.0,0.0,0.0,0.0,0.0,0.0,0.0,0.0,0.0,0.0,-3.455603,1,-1.0543703255944044,-0.85193175,-1.2673532632880002,-1.4803362009815961,-1.6933191237740308,-1.906302076368788,-2.3322679219536573
Bank,Bank:12:task_3:MG01:2021-03-07 16:08:00,Bank:MG01:2021-03-07 16:08:00,12,task_3,2021_03_07,MG01,dockera1,24,-0.063835,0,0.0416666666666666,3.218875824868201,0.0,0.0,0.0,0.0,0.0,0.0,0.0,0.0,1.0,1.0,0.6931471805599453,0.0,0.0,1.0,0.0,0.0,0.0,0.382504,0.0,1.0,0.0,0.0,0.0,0.25,0.126104,0.777778,0.0,0.0,0.0,0.25,0.254954,0.0,0.0,0.0,0.919363,0.22654,0.599769,0.0,0.0,0.32588,0.0,0.0,0.0,0.0,0.0,0.0,0.5,0.0,0.0,1.0,0.0,1.0,0.0,0.0,0.0,0.0,0.0,0.0,0.0,0.0,1.0,0.0,0.0,0.0,0.0,0.0,0.0,0.0,0.0,0.0,0.0,0.0,0.0,0.0,0.0,0.0,0.0,0.0,0.0,0.0,0.0,0.0,0.0,-3.118134,1,-1.0589372935865156,-0.57166517,-1.2018535855386487,-1.344769877490782,-1.487686169442915,-1.6306024613950483,-1.9164350452993146
Bank,Bank:12:task_3:MG01:2021-03-07 16:08:00,Bank:MG01:2021-03-07 16:08:00,12,task_3,2021_03_07,MG01,dockerb2,25,-0.063835,0,0.04,3.258096538021482,0.0,0.0,0.0,0.0,0.0,0.0,0.0,0.0,1.0,1.0,0.6931471805599453,0.0,0.0,1.0,0.0,0.0,0.0,0.382504,0.0,1.0,0.0,0.0,0.0,0.25,0.126104,0.777778,0.0,0.0,0.0,0.25,0.254954,0.0,0.0,0.0,0.919363,0.22654,0.599769,0.0,0.0,0.32588,0.0,0.0,0.0,0.0,0.0,0.0,0.5,0.0,0.0,1.0,0.0,1.0,0.0,0.0,0.0,0.0,0.0,0.0,0.0,0.0,1.0,0.0,0.0,0.0,0.0,0.0,0.0,0.0,0.0,0.0,0.0,0.0,0.0,0.0,0.0,0.0,0.0,0.0,0.0,0.0,0.0,0.0,0.0,-3.118134,1,-1.0589372935865156,-0.57166517,-1.2018535855386487,-1.344769877490782,-1.487686169442915,-1.6306024613950483,-1.9164350452993146
Bank,Bank:12:task_3:MG01:2021-03-07 16:08:00,Bank:MG01:2021-03-07 16:08:00,12,task_3,2021_03_07,MG01,servicetest2,26,-0.064829,0,0.0384615384615384,3.295836866004329,0.3705095706501029,0.617515951083505,0.0,0.0,0.0,0.0,0.0,0.0,1.0,1.0,0.6931471805599453,0.0,0.0,1.0,0.0,0.37051,0.0,0.382504,0.0,1.0,0.060947,0.0,0.0,0.25,0.126104,1.0,0.039686,0.0,0.0,0.25,0.254954,0.316522,0.103001,0.0,0.919363,0.291106,0.599769,0.23644,0.0,0.41586,0.0,0.0,0.0,0.0,0.040836,0.0,0.5,0.0,0.0,1.0,0.0,1.0,0.0,0.0,0.0,0.052324,0.023923,0.0,0.074206,0.0,1.0,0.0,0.0,0.0,0.0,0.0,0.0,0.0,0.0,0.0,0.0,1.0,0.0,0.0,0.0,0.0,0.0,0.0,0.0,0.0,0.0,0.0,0.0,-3.455603,1,-1.0640436672469862,-0.85193175,-1.277026604940582,-1.490009542634178,-1.7029924654266126,-1.9159754180213697,-2.3419412636062393
Bank,Bank:12:task_3:MG01:2021-03-07 16:08:00,Bank:MG01:2021-03-07 16:08:00,12,task_3,2021_03_07,MG01,servicetest4,27,-0.068545,0,0.037037037037037,3.332204510175204,0.3479518623526189,0.5799197705876982,0.0,0.0,0.0,0.0,0.0,0.0,1.0,1.0,0.6931471805599453,0.0,0.0,1.0,0.0,0.347952,0.0,0.382504,0.0,1.0,0.058732,0.0,0.0,0.25,0.126104,1.0,0.036133,0.0,0.0,0.25,0.254954,0.297251,0.096689,0.0,0.919363,0.287175,0.599769,0.221477,0.0,0.410308,0.0,0.0,0.0,0.0,0.03835,0.0,0.5,0.0,0.0,1.0,0.0,1.0,0.0,0.0,0.0,0.052466,0.023054,0.0,0.074206,0.0,1.0,0.0,0.0,0.0,0.0,0.0,0.0,0.0,0.0,0.0,0.0,1.0,0.0,0.0,0.0,0.0,0.0,0.0,0.0,0.0,0.0,0.0,0.0,-3.455603,1,-1.083133490710074,-0.85193175,-1.29611642840367,-1.5090993660972658,-1.7220822888897005,-1.9350652414844576,-2.361031087069327
Bank,Bank:12:task_3:MG01:2021-03-07 16:08:00,Bank:MG01:2021-03-07 16:08:00,12,task_3,2021_03_07,MG01,servicetest8,28,-0.074658,0,0.0357142857142857,3.367295829986474,0.3107605406660922,0.5179342344434872,0.0,0.0,0.0,0.0,0.0,0.0,1.0,1.0,0.6931471805599453,0.0,0.0,1.0,0.0,0.310761,0.0,0.382504,0.0,1.0,0.055079,0.0,0.0,0.25,0.126104,1.0,0.030274,0.0,0.0,0.25,0.254954,0.265479,0.086295,0.0,0.919363,0.280694,0.599769,0.196964,0.0,0.401174,0.0,0.0,0.0,0.0,0.034251,0.0,0.5,0.0,0.0,1.0,0.0,1.0,0.0,0.0,0.0,0.052702,0.02162,0.0,0.074206,0.0,1.0,0.0,0.0,0.0,0.0,0.0,0.0,0.0,0.0,0.0,0.0,1.0,0.0,0.0,0.0,0.0,0.0,0.0,0.0,0.0,0.0,0.0,0.0,-3.455603,1,-1.1145371750022848,-0.85193175,-1.3275201126958807,-1.5405030503894765,-1.7534859731819112,-1.9664689257766683,-2.392434771361538
Bank,Bank:12:task_3:MG01:2021-03-07 16:08:00,Bank:MG01:2021-03-07 16:08:00,12,task_3,2021_03_07,MG01,tomcat04,29,-0.075111,0,0.0344827586206896,3.4011973816621555,1.0,1.0,0.3773584905660377,0.0,0.0,2.0,1.0,3.0,0.0,1.0,0.6931471805599453,2.0,0.9056603773584906,1.0,-0.0661111111111111,1.0,0.176735,0.738988,0.181132,0.818868,0.240403,1.0,0.0,0.0,0.061643,0.405993,0.47461,0.445463,0.935065,0.0,0.002754,0.922631,0.271133,1.0,0.311462,0.273909,0.34944,0.184728,0.928571,0.0,0.752293,0.871833,0.125,0.323415,0.239077,0.415092,0.5,0.881344,0.0,0.0,1.0,0.90335,1.0,1.0,0.166667,1.0,0.556919,1.0,1.0,0.0,0.0,1.0,0.0,0.0,0.0,1.0,0.0,0.0,0.0,0.0,0.0,0.0,0.0,0.0,0.0,0.0,0.0,0.0,0.0,0.0,0.0,0.0,0.0,-0.5444125,1,-1.1168643251714934,1.5658003,-0.72541424787619,-0.3339641705808867,0.057485936516739056,0.44893598400972,1.2318361982049715
Bank,Bank:16:task_1:IG02:2021-03-09 09:18:00,Bank:IG02:2021-03-09 09:18:00,16,task_1,2021_03_09,IG02,mysql01,1,0.544598,0,1.0,0.6931471805599453,1.0,1.0,0.4166666666666667,0.0,0.0,0.0,6.0,6.0,0.0,1.0,0.6931471805599453,0.0,6.0,1.0,-0.0144444444444444,1.0,1.0,0.304746,0.212,0.788,1.0,0.95,1.0,1.0,1.0,0.687971,1.0,0.0,1.0,1.0,0.368342,1.0,1.0,0.125,0.777123,1.0,1.0,1.0,1.0,1.0,0.943049,1.0,0.875,0.0,0.652515,0.179243,0.5,0.616006,0.0,0.0,1.0,0.327566,1.0,1.0,1.0,0.867613,1.0,1.0,0.73633,0.0,0.0,0.0,1.0,0.0,0.0,0.0,0.0,0.0,0.0,1.0,0.0,0.0,0.0,0.0,0.0,0.0,0.0,0.0,0.0,0.0,0.0,0.0,0.0,-1.4048222,1,3.358779342096475,0.99591243,3.607757450264123,3.8567355584317715,4.105713636797097,4.354691774767068,4.85264793149772
Bank,Bank:16:task_1:IG02:2021-03-09 09:18:00,Bank:IG02:2021-03-09 09:18:00,16,task_1,2021_03_09,IG02,apache02,2,0.400693,0,0.5,1.0986122886681096,1.0,1.0,0.0,0.0,0.0,4.0,0.0,4.0,0.0,1.0,0.6931471805599453,3.1213944572459185,0.0,1.0,0.0,1.0,0.0,1.0,0.0,1.0,0.100208,0.0,1.0,1.0,0.076441,0.0,0.366445,0.520232,0.0,1.0,0.059205,0.555556,0.53722,0.348214,0.973806,0.240175,0.0,0.31841,0.607143,0.469185,0.0,0.0,0.0,0.0,0.088246,0.0,0.5,0.0,0.0,1.0,0.0,1.0,0.0,0.0,0.0,0.373139,0.03965,0.0,0.393415,0.0,0.0,1.0,0.0,0.0,0.0,0.0,0.0,0.0,1.0,0.0,0.0,0.0,0.0,0.0,0.0,0.0,0.0,0.0,0.0,0.0,0.0,0.0,0.0,-1.7067852,1,2.4662151606790923,0.67963606,2.636124175976982,2.8060331912748717,2.9759422214739226,3.145851221870651,3.485669282268753
Bank,Bank:16:task_1:IG02:2021-03-09 09:18:00,Bank:IG02:2021-03-09 09:18:00,16,task_1,2021_03_09,IG02,ig01,3,0.178293,0,0.3333333333333333,1.3862943611198906,1.0,1.0,0.0,0.0,0.0,3.0,4.0,7.0,0.0,1.0,0.6931471805599453,3.0,4.0,1.0,0.0,1.0,0.686207,0.12218,0.896648,0.103352,0.906907,0.846591,0.0,0.714286,0.056057,0.439301,0.664812,0.5,1.0,0.714286,0.265178,1.0,0.773677,0.973214,0.937704,0.547723,0.880491,0.873196,0.892857,0.380496,1.0,0.0,1.0,0.333333,0.979244,0.439369,0.5,0.948112,0.0,0.0,1.0,0.065671,1.0,0.0,1.0,0.679854,0.950593,0.45,0.939116,0.0,0.0,1.0,0.0,0.0,0.0,0.0,0.0,1.0,0.0,0.0,0.0,0.0,0.0,0.0,0.0,0.0,0.0,0.0,0.0,0.0,0.0,0.0,0.0,-2.0131128,1,1.0867893315054995,0.35878813,1.1764863646723849,1.2661833978392703,1.3558804310061556,1.445577464173041,1.6249715305068118
Bank,Bank:16:task_1:IG02:2021-03-09 09:18:00,Bank:IG02:2021-03-09 09:18:00,16,task_1,2021_03_09,IG02,apache01,4,0.160312,0,0.25,1.6094379124341005,1.0,1.0,0.0,0.0,0.0,6.0,1.0,7.0,0.0,1.0,0.6931471805599453,6.0,1.0,1.0,0.0,1.0,0.171552,0.0,1.0,0.0,0.487125,0.734923,0.0,0.714286,0.070071,0.150358,0.321767,1.0,1.0,0.714286,0.183787,1.0,0.705846,1.0,1.0,0.547723,0.307679,0.754843,0.785714,0.34301,1.0,0.0,0.625,0.166667,0.570555,1.0,0.5,0.908862,0.0,0.0,1.0,0.093462,1.0,0.0,0.833333,0.861752,0.694127,0.45,0.929108,0.0,0.0,1.0,0.0,0.0,0.0,0.0,0.0,0.0,1.0,0.0,0.0,0.0,0.0,0.0,0.0,0.0,0.0,0.0,0.0,0.0,0.0,0.0,0.0,-2.2168322,1,0.9752630013149853,0.14541218,1.01161604552685,1.0479690897387144,1.0843221339505789,1.1206751781624433,1.1933812665861723
Bank,Bank:16:task_1:IG02:2021-03-09 09:18:00,Bank:IG02:2021-03-09 09:18:00,16,task_1,2021_03_09,IG02,tomcat01,5,0.129956,0,0.2,1.791759469228055,1.0,1.0,0.0,0.0,0.0,4.0,4.0,8.0,0.0,1.0,0.6931471805599453,4.0,3.1213944572459185,1.0,0.0,1.0,0.535481,0.558016,0.546244,0.453756,0.501961,1.0,0.391231,1.0,0.072073,0.344567,0.577863,0.666667,0.780349,1.0,0.020696,0.883672,0.677311,0.800218,0.991987,0.57312,0.880491,0.448119,0.75,0.345578,1.0,0.0,0.5,0.0,0.486963,0.215947,0.5,0.854456,0.0,0.0,1.0,0.107473,1.0,0.0,0.666667,0.835002,0.671335,0.45,0.86946,0.0,0.0,1.0,0.0,0.0,0.0,1.0,0.0,0.0,0.0,0.0,0.0,0.0,0.0,0.0,0.0,0.0,0.0,0.0,0.0,0.0,0.0,0.0,0.0,-0.91871876,1,0.7869812995596184,1.5050578,1.1632457524938835,1.5395102054281486,1.9157746583624138,2.292039111296679,3.044568017165209
Bank,Bank:16:task_1:IG02:2021-03-09 09:18:00,Bank:IG02:2021-03-09 09:18:00,16,task_1,2021_03_09,IG02,ig02,6,0.108191,1,0.1666666666666666,1.9459101490553128,1.0,1.0,0.0,0.0,0.0,4.0,3.0,7.0,0.0,1.0,0.6931471805599453,4.0,3.0,1.0,0.0,1.0,0.514655,0.049613,0.962197,0.037803,0.767033,0.82153,0.0,0.714286,0.063064,0.374413,0.541673,0.666667,1.0,0.714286,0.071224,1.0,0.667023,0.982143,0.991447,0.547723,0.756541,0.585551,0.857143,0.262711,1.0,0.0,0.875,0.25,0.835844,0.497231,0.5,0.928326,0.0,0.0,1.0,0.15289,1.0,0.0,1.0,0.741309,0.889116,0.45,0.96402,0.0,0.0,1.0,0.0,0.0,0.0,0.0,0.0,1.0,0.0,0.0,0.0,0.0,0.0,0.0,0.0,0.0,0.0,0.0,0.0,0.0,0.0,0.0,0.0,0.22705075,1,0.6519848824194958,2.7051384,1.328269493644624,2.004554104869752,2.680838775699525,3.3571233273200085,4.709692668979555
Bank,Bank:16:task_1:IG02:2021-03-09 09:18:00,Bank:IG02:2021-03-09 09:18:00,16,task_1,2021_03_09,IG02,dockerb1,7,0.089758,0,0.1428571428571428,2.079441541679836,1.0,1.0,0.0,0.0,0.0,0.0,0.0,0.0,1.0,1.0,0.6931471805599453,0.0,0.0,1.0,0.0666666666666666,1.0,0.0,0.382504,0.0,1.0,0.111342,0.0,0.0,0.0,0.084086,0.818182,0.114076,0.0,0.0,0.0,1.0,0.555556,0.475132,0.0,0.901096,0.131004,0.528091,0.6874,0.0,0.565949,0.0,0.0,0.0,0.0,0.088246,0.0,0.5,0.0,0.0,1.0,0.0,1.0,0.0,0.0,0.0,0.067712,0.044056,0.0,0.077892,0.0,0.0,0.0,0.0,1.0,0.0,0.0,0.0,0.0,0.0,0.0,0.0,0.0,0.0,0.0,0.0,0.0,0.0,0.0,0.0,0.0,0.0,0.0,0.0,-3.2712715,1,0.5376550428999057,-0.959009,0.2979027949703327,0.058150547040759615,-0.18160171578997464,-0.4213539488183865,-0.900858474479855
Bank,Bank:16:task_1:IG02:2021-03-09 09:18:00,Bank:IG02:2021-03-09 09:18:00,16,task_1,2021_03_09,IG02,mg01,8,0.077802,0,0.125,2.19722457733622,1.0,1.0,0.0,0.0,0.0,1.0,3.0,4.0,0.0,1.0,0.6931471805599453,1.0,2.1213944572459185,1.0,0.0,1.0,0.363929,0.387004,0.494992,0.505008,0.3851,1.0,0.0,1.0,0.073575,0.265883,0.456973,0.166667,0.707131,1.0,0.161048,0.844896,0.724306,0.763386,0.345313,0.539997,0.756541,0.619395,0.714286,0.18871,1.0,0.0,0.375,0.0,0.365073,0.212625,0.5,0.852291,0.0,0.0,1.0,0.020533,1.0,0.0,0.5,0.774992,0.565367,0.45,0.693251,1.0,0.0,0.0,0.0,0.0,0.0,0.0,1.0,0.0,0.0,0.0,0.0,0.0,0.0,0.0,0.0,0.0,0.0,0.0,0.0,0.0,0.0,0.0,0.0,-2.144087,1,0.4634984996732893,0.22160546,0.5188998658773127,0.5743012320813361,0.6297025945600692,0.6851039644893828,0.795906689446849
Bank,Bank:16:task_1:IG02:2021-03-09 09:18:00,Bank:IG02:2021-03-09 09:18:00,16,task_1,2021_03_09,IG02,redis02,9,0.069965,0,0.1111111111111111,2.302585092994046,1.0,1.0,0.0,0.0,0.0,2.0,4.0,6.0,0.0,1.0,0.6931471805599453,2.0,4.0,1.0,0.0,1.0,0.686207,0.239346,0.763,0.237,0.720644,0.93,0.0,0.666667,0.042043,0.439301,0.62898,0.333333,1.0,0.666667,0.102559,1.0,0.683443,0.97619,0.606596,0.526929,0.880491,0.630821,0.928571,0.130736,1.0,0.0,0.625,0.5,1.0,0.422468,0.5,1.0,0.0,0.0,1.0,0.012449,1.0,0.0,1.0,0.811242,0.761594,0.45,0.927647,0.0,0.0,1.0,0.0,0.0,0.0,0.0,0.0,0.0,0.0,0.0,1.0,0.0,0.0,0.0,0.0,0.0,0.0,0.0,0.0,0.0,0.0,0.0,0.0,-1.8158582,1,0.41488986557601665,0.5653928,0.5562380636322377,0.6975862616884587,0.8389344746458409,0.9802826578009007,1.2629790837156651
Bank,Bank:16:task_1:IG02:2021-03-09 09:18:00,Bank:IG02:2021-03-09 09:18:00,16,task_1,2021_03_09,IG02,redis01,10,0.064661,0,0.1,2.3978952727983707,1.0,1.0,0.0,0.0,0.0,5.0,2.0,7.0,0.0,1.0,0.6931471805599453,5.0,2.0,1.0,0.0,1.0,0.343103,0.0,1.0,0.0,0.627115,0.786682,0.0,0.714286,0.067269,0.278654,0.426244,0.833333,1.0,0.714286,0.0,1.0,0.621997,0.991071,0.998973,0.547723,0.567222,0.477331,0.821429,0.214303,1.0,0.0,0.75,0.2,0.635639,0.552359,0.5,0.891634,0.0,0.0,1.0,0.140685,1.0,0.0,1.0,0.8232,0.797024,0.45,0.983278,1.0,0.0,0.0,0.0,0.0,0.0,0.0,0.0,0.0,0.0,0.0,1.0,0.0,0.0,0.0,0.0,0.0,0.0,0.0,0.0,0.0,0.0,0.0,0.0,-0.43722403,1,0.38199204813925075,2.009376,0.8843360603996877,1.3866800726601247,1.8890240849205617,2.3913680971809987,3.3960561217018728
Bank,Bank:16:task_1:IG02:2021-03-09 09:18:00,Bank:IG02:2021-03-09 09:18:00,16,task_1,2021_03_09,IG02,tomcat04,11,0.031495,0,0.0909090909090909,2.4849066497880004,1.0,1.0,0.0,0.0,0.0,3.0,1.0,4.0,0.0,1.0,0.6931471805599453,2.1213944572459185,1.0,1.0,0.0,1.0,0.171552,0.347229,0.7,0.3,0.229803,1.0,0.0,1.0,0.075677,0.150358,0.307859,0.353566,1.0,1.0,0.005921,1.0,0.683723,0.964286,0.701139,0.672489,0.307679,0.487099,0.642857,0.193477,1.0,0.0,0.125,0.0,0.210136,0.225914,0.5,0.860566,0.0,0.0,1.0,0.17054,1.0,0.0,0.166667,1.0,0.484137,0.45,0.90932,1.0,0.0,0.0,0.0,0.0,0.0,1.0,0.0,0.0,0.0,0.0,0.0,0.0,0.0,0.0,0.0,0.0,0.0,0.0,0.0,0.0,0.0,0.0,0.0,-0.7337004,1,0.17628144989117805,1.6988463,0.6009930349360388,1.0257046199808997,1.4504162050257605,1.8751277900706214,2.724550960160343
Bank,Bank:16:task_1:IG02:2021-03-09 09:18:00,Bank:IG02:2021-03-09 09:18:00,16,task_1,2021_03_09,IG02,mg02,12,-0.033588,0,0.0833333333333333,2.5649493574615367,1.0,1.0,0.0,0.0,0.0,0.0,0.0,0.0,1.0,1.0,0.6931471805599453,0.0,0.0,1.0,0.0,1.0,0.0,0.382504,0.0,1.0,0.111342,0.0,0.0,0.0,0.084086,0.818182,0.114076,0.0,0.0,0.0,0.217583,0.555556,0.134295,0.0,0.901096,0.131004,0.528091,0.362451,0.0,0.178364,0.0,0.0,0.0,0.0,0.088246,0.0,0.5,0.0,0.0,1.0,0.0,1.0,0.0,0.0,0.0,0.067712,0.044056,0.0,0.077892,0.0,0.0,1.0,0.0,0.0,0.0,0.0,1.0,0.0,0.0,0.0,0.0,0.0,0.0,0.0,0.0,0.0,0.0,0.0,0.0,0.0,0.0,0.0,0.0,-3.1691773,1,-0.22739288122440177,-0.8520754,-0.4404117307164748,-0.6534305802085478,-0.8664494446017821,-1.079468279192694,-1.5055060079791625
Bank,Bank:16:task_1:IG02:2021-03-09 09:18:00,Bank:IG02:2021-03-09 09:18:00,16,task_1,2021_03_09,IG02,mysql02,13,-0.050753,0,0.0769230769230769,2.639057329615259,1.0,1.0,0.0,0.0,0.0,1.0,5.0,6.0,0.0,1.0,0.6931471805599453,1.0,5.0,1.0,0.0,1.0,0.857759,0.195655,0.7504,0.2496,0.860314,0.941667,0.0,0.666667,0.0,0.480667,0.736268,0.166667,1.0,0.666667,0.274655,1.0,0.779071,0.967262,0.0,0.526929,0.956002,0.885722,0.964286,0.021987,1.0,0.0,0.75,1.0,0.537041,0.172685,0.5,0.474738,0.0,0.0,1.0,0.123715,1.0,0.0,1.0,0.768437,0.884074,0.45,1.0,0.0,0.0,0.0,1.0,0.0,0.0,0.0,0.0,0.0,0.0,1.0,0.0,0.0,0.0,0.0,0.0,0.0,0.0,0.0,0.0,0.0,0.0,0.0,0.0,-1.9586682,1,-0.3338580087323367,0.41581342,-0.2299046546716868,-0.12595130061103693,-0.021997954000967657,0.08195540751026281,0.28986210073040136
Bank,Bank:16:task_1:IG02:2021-03-09 09:18:00,Bank:IG02:2021-03-09 09:18:00,16,task_1,2021_03_09,IG02,tomcat02,14,-0.069038,0,0.0714285714285714,2.70805020110221,1.0,1.0,0.4166666666666667,0.0,0.0,0.0,0.0,0.0,1.0,1.0,0.6931471805599453,0.0,0.0,1.0,-0.0833333333333333,1.0,0.0,0.382504,0.0,1.0,0.111342,0.0,0.0,0.0,0.084086,1.0,0.0985,0.0,0.0,0.0,0.309404,0.555556,0.177679,0.0,0.901096,0.131004,0.528091,0.453829,0.0,0.23317,0.0,0.0,0.0,0.0,0.088246,0.0,0.5,0.0,0.0,1.0,0.0,1.0,0.0,0.0,0.0,0.142721,0.044056,0.0,0.155784,0.0,1.0,0.0,0.0,0.0,0.0,1.0,0.0,0.0,0.0,0.0,0.0,0.0,0.0,0.0,0.0,0.0,0.0,0.0,0.0,0.0,0.0,0.0,0.0,-3.230045,1,-0.4472698850202825,-0.9158284,-0.6762269867229727,-0.9051840884256628,-1.1341411752271917,-1.363098291831043,-1.821012465434101
Bank,Bank:16:task_1:IG02:2021-03-09 09:18:00,Bank:IG02:2021-03-09 09:18:00,16,task_1,2021_03_09,IG02,tomcat03,15,-0.075197,0,0.0666666666666666,2.772588722239781,1.0,1.0,0.0,0.0,0.0,0.0,0.0,0.0,1.0,1.0,0.6931471805599453,0.0,0.0,1.0,0.0,1.0,0.0,0.382504,0.0,1.0,0.111342,0.0,0.0,0.0,0.084086,0.818182,0.114076,0.0,0.0,0.0,0.043301,0.555556,0.049195,0.0,0.901096,0.131004,0.528091,0.145655,0.0,0.066748,0.0,0.0,0.0,0.0,0.088246,0.0,0.5,0.0,0.0,1.0,0.0,1.0,0.0,0.0,0.0,0.067712,0.044056,0.0,0.077892,0.0,0.0,1.0,0.0,0.0,0.0,1.0,0.0,0.0,0.0,0.0,0.0,0.0,0.0,0.0,0.0,0.0,0.0,0.0,0.0,0.0,0.0,0.0,0.0,-1.4360551,1,-0.4854708008560745,0.96319914,-0.24467101619573517,-0.0038712315353958138,0.23692855312494354,0.4777283377852829,0.9593279071059616
Bank,Bank:16:task_1:IG02:2021-03-09 09:18:00,Bank:IG02:2021-03-09 09:18:00,16,task_1,2021_03_09,IG02,servicetest6,16,-0.084439,0,0.0625,2.833213344056216,0.022200780357897,0.037001300596495,0.0,0.0,0.0,0.0,0.0,0.0,1.0,1.0,0.6931471805599453,0.0,0.0,1.0,0.0,0.022201,0.0,0.382504,0.0,1.0,0.024246,0.0,0.0,0.0,0.084086,0.636364,0.010855,0.0,0.0,0.0,0.261011,0.020556,0.005672,0.0,0.901096,0.004847,0.528091,0.014129,0.0,0.007405,0.0,0.0,0.0,0.0,0.001959,0.0,0.5,0.0,0.0,1.0,0.0,1.0,0.0,0.0,0.0,0.0,0.009594,0.0,0.0,0.0,1.0,0.0,0.0,0.0,0.0,0.0,0.0,0.0,0.0,0.0,0.0,1.0,0.0,0.0,0.0,0.0,0.0,0.0,0.0,0.0,0.0,0.0,0.0,-2.7013614,1,-0.5427938831997002,-0.36208442,-0.6333149878335084,-0.7238360924673165,-0.8143572045517052,-0.9048783017349328,-1.0859205259037101
Bank,Bank:16:task_1:IG02:2021-03-09 09:18:00,Bank:IG02:2021-03-09 09:18:00,16,task_1,2021_03_09,IG02,dockera1,17,-0.090779,0,0.0588235294117647,2.8903717578961645,0.0,0.0,0.0,0.0,0.0,0.0,0.0,0.0,1.0,1.0,0.6931471805599453,0.0,0.0,1.0,0.0,0.0,0.0,0.382504,0.0,1.0,0.0,0.0,0.0,0.0,0.084086,0.636364,0.00699,0.0,0.0,0.0,0.261011,0.0,0.0,0.0,0.901096,0.0,0.528091,0.0,0.0,0.0,0.0,0.0,0.0,0.0,0.0,0.0,0.5,0.0,0.0,1.0,0.0,1.0,0.0,0.0,0.0,0.002032,0.0,0.0,0.0,0.0,1.0,0.0,0.0,0.0,0.0,0.0,0.0,0.0,0.0,0.0,0.0,0.0,0.0,0.0,0.0,0.0,0.0,0.0,0.0,0.0,0.0,0.0,0.0,-2.7719393,1,-0.5821174432579762,-0.43600777,-0.6911193852369076,-0.8001213272158391,-0.9091232766453511,-1.018125211173702,-1.236129110032726
Bank,Bank:16:task_1:IG02:2021-03-09 09:18:00,Bank:IG02:2021-03-09 09:18:00,16,task_1,2021_03_09,IG02,dockera2,18,-0.090779,0,0.0555555555555555,2.9444389791664403,0.0,0.0,0.0,0.0,0.0,0.0,0.0,0.0,1.0,1.0,0.6931471805599453,0.0,0.0,1.0,0.0,0.0,0.0,0.382504,0.0,1.0,0.0,0.0,0.0,0.0,0.084086,0.636364,0.00699,0.0,0.0,0.0,0.261011,0.0,0.0,0.0,0.901096,0.0,0.528091,0.0,0.0,0.0,0.0,0.0,0.0,0.0,0.0,0.0,0.5,0.0,0.0,1.0,0.0,1.0,0.0,0.0,0.0,0.002032,0.0,0.0,0.0,0.0,1.0,0.0,0.0,0.0,0.0,0.0,0.0,0.0,0.0,0.0,0.0,0.0,0.0,0.0,0.0,0.0,0.0,0.0,0.0,0.0,0.0,0.0,0.0,-2.7719393,1,-0.5821174432579762,-0.43600777,-0.6911193852369076,-0.8001213272158391,-0.9091232766453511,-1.018125211173702,-1.236129110032726
Bank,Bank:16:task_1:IG02:2021-03-09 09:18:00,Bank:IG02:2021-03-09 09:18:00,16,task_1,2021_03_09,IG02,dockerb2,19,-0.090779,0,0.0526315789473684,2.995732273553991,0.0,0.0,0.0,0.0,0.0,0.0,0.0,0.0,1.0,1.0,0.6931471805599453,0.0,0.0,1.0,0.0,0.0,0.0,0.382504,0.0,1.0,0.0,0.0,0.0,0.0,0.084086,0.636364,0.00699,0.0,0.0,0.0,0.261011,0.0,0.0,0.0,0.901096,0.0,0.528091,0.0,0.0,0.0,0.0,0.0,0.0,0.0,0.0,0.0,0.5,0.0,0.0,1.0,0.0,1.0,0.0,0.0,0.0,0.002032,0.0,0.0,0.0,0.0,1.0,0.0,0.0,0.0,0.0,0.0,0.0,0.0,0.0,0.0,0.0,0.0,0.0,0.0,0.0,0.0,0.0,0.0,0.0,0.0,0.0,0.0,0.0,-2.7719393,1,-0.5821174432579762,-0.43600777,-0.6911193852369076,-0.8001213272158391,-0.9091232766453511,-1.018125211173702,-1.236129110032726
Bank,Bank:16:task_1:IG02:2021-03-09 09:18:00,Bank:IG02:2021-03-09 09:18:00,16,task_1,2021_03_09,IG02,servicetest4,20,-0.094612,0,0.05,3.044522437723423,0.1213944572459183,0.2023240954098638,0.0,0.0,0.0,2.0,2.0,4.0,0.0,1.0,0.6931471805599453,2.0,2.0,1.0,0.0,0.121394,0.343103,0.0,1.0,0.0,0.282934,1.0,0.0,1.0,0.074743,0.278654,0.210802,0.333333,1.0,1.0,0.261011,0.667635,0.72911,0.955357,0.635551,0.594115,0.567222,0.63169,0.678571,0.21938,1.0,0.0,0.25,0.0,0.168452,0.146179,0.5,0.463382,0.0,0.0,1.0,0.0,1.0,0.0,0.333333,0.973547,0.485649,0.45,0.877551,0.0,1.0,0.0,0.0,0.0,0.0,0.0,0.0,0.0,0.0,0.0,0.0,1.0,0.0,0.0,0.0,0.0,0.0,0.0,0.0,0.0,0.0,0.0,0.0,-3.2951796,1,-0.6058914504667099,-0.9840504,-0.8519040487428482,-1.0979166470189865,-1.3439292750974472,-1.5899418435712631,-2.0819670997281845
Bank,Bank:16:task_1:IG02:2021-03-09 09:18:00,Bank:IG02:2021-03-09 09:18:00,16,task_1,2021_03_09,IG02,servicetest8,21,-0.107738,0,0.0476190476190476,3.091042453358316,0.2085046568345193,0.3475077613908655,0.0,0.0,0.0,0.0,0.0,0.0,1.0,1.0,0.6931471805599453,0.0,0.0,1.0,0.0,0.208505,0.0,0.382504,0.0,1.0,0.040841,0.0,0.0,0.0,0.084086,0.818182,0.017914,0.0,0.0,0.0,0.261011,0.19306,0.053465,0.0,0.901096,0.045525,0.528091,0.135717,0.0,0.07007,0.0,0.0,0.0,0.0,0.0184,0.0,0.5,0.0,0.0,1.0,0.0,1.0,0.0,0.0,0.0,0.07443,0.01616,0.0,0.077892,0.0,1.0,0.0,0.0,0.0,0.0,0.0,0.0,0.0,0.0,0.0,0.0,1.0,0.0,0.0,0.0,0.0,0.0,0.0,0.0,0.0,0.0,0.0,0.0,-3.1094081,1,-0.6873048651867305,-0.7894731,-0.8846731442861949,-1.0820414233856592,-1.2794097173862848,-1.476777981584588,-1.8715145695858393
Bank,Bank:16:task_1:IG02:2021-03-09 09:18:00,Bank:IG02:2021-03-09 09:18:00,16,task_1,2021_03_09,IG02,servicetest9,22,-0.109114,0,0.0454545454545454,3.1354942159291497,0.2005415923781663,0.334235987296944,0.0,0.0,0.0,0.0,0.0,0.0,1.0,1.0,0.6931471805599453,0.0,0.0,1.0,0.0,0.200542,0.0,0.382504,0.0,1.0,0.040131,0.0,0.0,0.0,0.084086,0.818182,0.016947,0.0,0.0,0.0,0.261011,0.185687,0.051415,0.0,0.901096,0.043786,0.528091,0.13041,0.0,0.067373,0.0,0.0,0.0,0.0,0.017697,0.0,0.5,0.0,0.0,1.0,0.0,1.0,0.0,0.0,0.0,0.074498,0.015879,0.0,0.077892,0.0,1.0,0.0,0.0,0.0,0.0,0.0,0.0,0.0,0.0,0.0,0.0,1.0,0.0,0.0,0.0,0.0,0.0,0.0,0.0,0.0,0.0,0.0,0.0,-3.1094081,1,-0.6958394422593154,-0.7894731,-0.8932077213587798,-1.090576000458244,-1.2879442944588697,-1.485312558657173,-1.8800491466584242
Bank,Bank:16:task_1:IG02:2021-03-09 09:18:00,Bank:IG02:2021-03-09 09:18:00,16,task_1,2021_03_09,IG02,servicetest5,23,-0.117381,0,0.0434782608695652,3.1780538303479458,0.1525730160771576,0.254288360128596,0.0,0.0,0.0,0.0,0.0,0.0,1.0,1.0,0.6931471805599453,0.0,0.0,1.0,0.0,0.152573,0.0,0.382504,0.0,1.0,0.035859,0.0,0.0,0.0,0.084086,0.818182,0.011119,0.0,0.0,0.0,0.261011,0.141271,0.039081,0.0,0.901096,0.033313,0.528091,0.098651,0.0,0.051159,0.0,0.0,0.0,0.0,0.013464,0.0,0.5,0.0,0.0,1.0,0.0,1.0,0.0,0.0,0.0,0.074905,0.014189,0.0,0.077892,0.0,1.0,0.0,0.0,0.0,0.0,0.0,0.0,0.0,0.0,0.0,0.0,1.0,0.0,0.0,0.0,0.0,0.0,0.0,0.0,0.0,0.0,0.0,0.0,-3.0819395,1,-0.7471151316917708,-0.7607024,-0.9372907245910933,-1.1274663174904158,-1.3176419103897383,-1.5078175032890608,-1.8881686890877059
Bank,Bank:16:task_1:IG02:2021-03-09 09:18:00,Bank:IG02:2021-03-09 09:18:00,16,task_1,2021_03_09,IG02,servicetest3,24,-0.120087,0,0.0416666666666666,3.218875824868201,0.1368298214554982,0.2280497024258304,0.0,0.0,0.0,0.0,0.0,0.0,1.0,1.0,0.6931471805599453,0.0,0.0,1.0,0.0,0.13683,0.0,0.382504,0.0,1.0,0.034456,0.0,0.0,0.0,0.084086,0.818182,0.009206,0.0,0.0,0.0,0.261011,0.126694,0.035038,0.0,0.901096,0.029876,0.528091,0.088305,0.0,0.045851,0.0,0.0,0.0,0.0,0.012075,0.0,0.5,0.0,0.0,1.0,0.0,1.0,0.0,0.0,0.0,0.075039,0.013634,0.0,0.077892,0.0,1.0,0.0,0.0,0.0,0.0,0.0,0.0,0.0,0.0,0.0,0.0,1.0,0.0,0.0,0.0,0.0,0.0,0.0,0.0,0.0,0.0,0.0,0.0,-3.0819395,1,-0.7638989729406185,-0.7607024,-0.954074565839941,-1.1442501587392635,-1.334425751638586,-1.5246013445379085,-1.9049525303365535
Bank,Bank:16:task_1:IG02:2021-03-09 09:18:00,Bank:IG02:2021-03-09 09:18:00,16,task_1,2021_03_09,IG02,servicetest1,25,-0.121387,0,0.04,3.258096538021482,0.1292568372154384,0.2154280620257306,0.0,0.0,0.0,0.0,0.0,0.0,1.0,1.0,0.6931471805599453,0.0,0.0,1.0,0.0,0.129257,0.0,0.382504,0.0,1.0,0.033782,0.0,0.0,0.0,0.084086,0.818182,0.008286,0.0,0.0,0.0,0.261011,0.119682,0.033094,0.0,0.901096,0.028222,0.528091,0.083341,0.0,0.0433,0.0,0.0,0.0,0.0,0.011406,0.0,0.5,0.0,0.0,1.0,0.0,1.0,0.0,0.0,0.0,0.075103,0.013367,0.0,0.077892,0.0,1.0,0.0,0.0,0.0,0.0,0.0,0.0,0.0,0.0,0.0,0.0,1.0,0.0,0.0,0.0,0.0,0.0,0.0,0.0,0.0,0.0,0.0,0.0,-3.0819395,1,-0.7719621634888454,-0.7607024,-0.9621377563881679,-1.1523133492874904,-1.342488942186813,-1.5326645350861354,-1.9130157208847804
Bank,Bank:16:task_1:IG02:2021-03-09 09:18:00,Bank:IG02:2021-03-09 09:18:00,16,task_1,2021_03_09,IG02,servicetest2,26,-0.123337,0,0.0384615384615384,3.295836866004329,0.1178897103367736,0.1964828505612894,0.0,0.0,0.0,0.0,0.0,0.0,1.0,1.0,0.6931471805599453,0.0,0.0,1.0,0.0,0.11789,0.0,0.382504,0.0,1.0,0.032769,0.0,0.0,0.0,0.084086,0.818182,0.006905,0.0,0.0,0.0,0.261011,0.109157,0.030177,0.0,0.901096,0.02574,0.528091,0.075908,0.0,0.039473,0.0,0.0,0.0,0.0,0.010403,0.0,0.5,0.0,0.0,1.0,0.0,1.0,0.0,0.0,0.0,0.075199,0.012966,0.0,0.077892,0.0,1.0,0.0,0.0,0.0,0.0,0.0,0.0,0.0,0.0,0.0,0.0,1.0,0.0,0.0,0.0,0.0,0.0,0.0,0.0,0.0,0.0,0.0,0.0,-3.0819395,1,-0.7840569493111857,-0.7607024,-0.9742325422105083,-1.1644081351098308,-1.3545837280091533,-1.5447593209084758,-1.9251105067071208
Bank,Bank:16:task_1:IG02:2021-03-09 09:18:00,Bank:IG02:2021-03-09 09:18:00,16,task_1,2021_03_09,IG02,servicetest11,27,-0.124492,0,0.037037037037037,3.332204510175204,0.1111551368333603,0.1852585613889338,0.0,0.0,0.0,0.0,0.0,0.0,1.0,1.0,0.6931471805599453,0.0,0.0,1.0,0.0,0.111155,0.0,0.382504,0.0,1.0,0.032169,0.0,0.0,0.0,0.084086,0.818182,0.006087,0.0,0.0,0.0,0.261011,0.102921,0.028449,0.0,0.901096,0.02427,0.528091,0.071513,0.0,0.037208,0.0,0.0,0.0,0.0,0.009809,0.0,0.5,0.0,0.0,1.0,0.0,1.0,0.0,0.0,0.0,0.075257,0.012729,0.0,0.077892,0.0,1.0,0.0,0.0,0.0,0.0,0.0,0.0,0.0,0.0,0.0,0.0,1.0,0.0,0.0,0.0,0.0,0.0,0.0,0.0,0.0,0.0,0.0,0.0,-3.0819395,1,-0.7912207839905722,-0.7607024,-0.9813963768898947,-1.171571969789217,-1.3617475626885396,-1.551923155587862,-1.932274341386507
Bank,Bank:16:task_1:IG02:2021-03-09 09:18:00,Bank:IG02:2021-03-09 09:18:00,16,task_1,2021_03_09,IG02,servicetest10,28,-0.130027,0,0.0357142857142857,3.367295829986474,0.0788098103487463,0.1313496839145773,0.0,0.0,0.0,0.0,0.0,0.0,1.0,1.0,0.6931471805599453,0.0,0.0,1.0,0.0,0.07881,0.0,0.382504,0.0,1.0,0.029288,0.0,0.0,0.0,0.084086,0.818182,0.002157,0.0,0.0,0.0,0.261011,0.072972,0.020158,0.0,0.901096,0.017207,0.528091,0.050505,0.0,0.026346,0.0,0.0,0.0,0.0,0.006955,0.0,0.5,0.0,0.0,1.0,0.0,1.0,0.0,0.0,0.0,0.075531,0.011589,0.0,0.077892,0.0,1.0,0.0,0.0,0.0,0.0,0.0,0.0,0.0,0.0,0.0,0.0,1.0,0.0,0.0,0.0,0.0,0.0,0.0,0.0,0.0,0.0,0.0,0.0,-3.0819395,1,-0.8255513683632152,-0.7607024,-1.0157269612625377,-1.2059025541618602,-1.3960781470611827,-1.5862537399605052,-1.9666049257591502
Bank,Bank:16:task_1:IG02:2021-03-09 09:18:00,Bank:IG02:2021-03-09 09:18:00,16,task_1,2021_03_09,IG02,servicetest7,29,-0.133058,0,0.0344827586206896,3.4011973816621555,0.061056688349161,0.1017611472486017,0.0,0.0,0.0,0.0,0.0,0.0,1.0,1.0,0.6931471805599453,0.0,0.0,1.0,0.0,0.061057,0.0,0.382504,0.0,1.0,0.027707,0.0,0.0,0.0,0.084086,0.818182,0.0,0.0,0.0,0.0,0.261011,0.056534,0.015612,0.0,0.901096,0.013331,0.528091,0.039043,0.0,0.020396,0.0,0.0,0.0,0.0,0.005388,0.0,0.5,0.0,0.0,1.0,0.0,1.0,0.0,0.0,0.0,0.075682,0.010963,0.0,0.077892,0.0,1.0,0.0,0.0,0.0,0.0,0.0,0.0,0.0,0.0,0.0,0.0,1.0,0.0,0.0,0.0,0.0,0.0,0.0,0.0,0.0,0.0,0.0,0.0,-3.0621157,1,-0.8443510072491197,-0.7399389,-1.0293357359430817,-1.2143204646370438,-1.3993051784298447,-1.584289922024968,-1.9542593496105698
Bank,Bank:5:task_5:Tomcat03:2021-03-06 14:46:00,Bank:Tomcat03:2021-03-06 14:46:00,5,task_5,2021_03_06,Tomcat03,ig01,1,0.673811,0,1.0,0.6931471805599453,0.9056603773584906,1.0,0.0,0.0,0.0,0.0,7.0,7.0,0.0,1.0,0.6931471805599453,0.0,6.339526533874458,1.0,0.0,0.90566,1.0,0.0,0.999879,0.000121,1.0,1.0,0.925263,1.0,1.0,0.521601,1.0,0.0,0.966428,1.0,0.214363,0.959759,0.933882,0.060421,0.783207,0.979591,0.707304,0.605235,1.0,1.0,1.0,0.0,1.0,0.0,1.0,0.721429,0.5,0.689975,0.0,0.0,1.0,0.033314,1.0,0.0,1.0,0.194309,1.0,0.45,0.271388,1.0,0.0,0.0,0.0,0.0,0.0,0.0,0.0,1.0,0.0,0.0,0.0,0.0,0.0,0.0,0.0,0.0,0.0,0.0,0.0,0.0,0.0,0.0,0.0,-0.67842996,2,2.5279676639456063,1.5285606,2.91010782355254,3.2922479831594735,3.674388142766407,4.056528302373341,4.820808621587208
Bank,Bank:5:task_5:Tomcat03:2021-03-06 14:46:00,Bank:Tomcat03:2021-03-06 14:46:00,5,task_5,2021_03_06,Tomcat03,tomcat01,2,0.520069,0,0.5,1.0986122886681096,1.0,1.0,0.3773584905660377,0.0,0.0,0.0,3.0,3.0,0.0,1.0,0.6931471805599453,0.0,2.811320754716981,1.0,-0.0772222222222222,1.0,0.401087,0.213056,0.298764,0.701236,0.59569,0.914721,1.0,1.0,1.0,0.556231,0.688402,0.0,1.0,1.0,0.087798,1.0,0.924065,0.078413,0.78053,1.0,0.548167,0.562273,1.0,0.985545,0.783787,0.788463,0.571429,0.0,0.474404,0.660683,0.5,0.521752,0.0,0.0,1.0,0.85219,1.0,0.999468,0.666667,0.695161,0.84235,0.999707,0.555074,0.0,1.0,0.0,0.0,0.0,0.0,1.0,0.0,0.0,0.0,0.0,0.0,0.0,0.0,0.0,0.0,0.0,0.0,0.0,0.0,0.0,0.0,0.0,0.0,-0.78273225,2,1.8050922207987177,1.4376338,2.1645006590044367,2.5239090972101557,2.8833175950205194,3.2427259736215936,3.961542969242321
Bank,Bank:5:task_5:Tomcat03:2021-03-06 14:46:00,Bank:Tomcat03:2021-03-06 14:46:00,5,task_5,2021_03_06,Tomcat03,mg02,3,0.514711,0,0.3333333333333333,1.3862943611198906,0.9056603773584906,1.0,0.0,0.0,0.0,2.0,0.0,2.0,0.0,1.0,0.6931471805599453,1.8113207547169807,0.0,1.0,0.0,0.90566,0.0,0.836063,0.0,1.0,0.098085,0.0,0.925263,1.0,0.141019,0.0,0.349697,0.24679,0.0,1.0,0.610984,0.533199,0.738702,0.261446,0.816227,0.242775,0.0,0.511477,0.857143,0.762473,0.0,0.0,0.0,0.0,0.105605,0.0,0.5,0.0,0.0,1.0,0.0,1.0,0.0,0.0,0.0,0.257407,0.039705,0.0,0.342463,0.0,0.0,1.0,0.0,0.0,0.0,0.0,1.0,0.0,0.0,0.0,0.0,0.0,0.0,0.0,0.0,0.0,0.0,0.0,0.0,0.0,0.0,0.0,0.0,-2.0809238,2,1.7798995823239936,0.30591908,1.8563793525671615,1.9328591228103293,2.009338900504078,2.0858186632966653,2.2387782186841623
Bank,Bank:5:task_5:Tomcat03:2021-03-06 14:46:00,Bank:Tomcat03:2021-03-06 14:46:00,5,task_5,2021_03_06,Tomcat03,tomcat03,4,0.499695,1,0.25,1.6094379124341005,1.0,1.0,0.3773584905660377,0.0,0.0,0.0,2.0,2.0,0.0,1.0,0.6931471805599453,0.0,1.8113207547169807,1.0,-0.0683333333333333,1.0,0.249221,0.224868,0.258733,0.741267,0.369018,1.0,0.0,1.0,1.0,0.460472,0.508957,0.0,0.966443,1.0,0.019042,0.959759,0.897361,0.060429,0.783205,0.979595,0.228538,0.504008,1.0,0.984564,0.744522,0.962496,0.285714,0.0,0.436316,0.902578,0.5,1.0,0.0,0.0,1.0,0.809608,1.0,0.999004,0.333333,0.771337,0.635357,0.999452,0.472754,0.0,0.0,1.0,0.0,0.0,0.0,1.0,0.0,0.0,0.0,0.0,0.0,0.0,0.0,0.0,0.0,0.0,0.0,0.0,0.0,0.0,0.0,0.0,0.0,0.050082803,2,1.7092962491145018,2.1636508,2.2502089368929745,2.7911216246714474,3.332034372054565,3.872947000228393,4.954772494994629
Bank,Bank:5:task_5:Tomcat03:2021-03-06 14:46:00,Bank:Tomcat03:2021-03-06 14:46:00,5,task_5,2021_03_06,Tomcat03,redis02,5,0.443215,0,0.2,1.791759469228055,0.9056603773584906,1.0,0.0,0.0,0.0,8.0,0.0,8.0,0.0,1.0,0.6931471805599453,7.339526533874458,0.0,1.0,0.0,0.90566,0.0,1.0,0.0,1.0,0.098085,0.0,0.925263,0.75,0.2492,0.0,0.367887,1.0,0.0,0.75,0.443666,0.533199,0.568527,0.351318,1.0,0.132423,0.0,0.441777,0.714286,0.617944,0.0,0.0,0.0,0.117985,0.105605,0.0,0.5,0.0,0.0,1.0,0.0,1.0,0.0,0.0,0.0,0.300479,0.039705,0.0,0.398414,0.0,0.0,1.0,0.0,0.0,0.0,0.0,0.0,0.0,0.0,0.0,1.0,0.0,0.0,0.0,0.0,0.0,0.0,0.0,0.0,0.0,0.0,0.0,0.0,-2.718254,2,1.443734431075604,-0.24968158,1.3813140368039918,1.3188936425323796,1.2564732519860577,1.1940528539891553,1.0692120728965115
Bank,Bank:5:task_5:Tomcat03:2021-03-06 14:46:00,Bank:Tomcat03:2021-03-06 14:46:00,5,task_5,2021_03_06,Tomcat03,ig02,6,0.327722,0,0.1666666666666666,1.9459101490553128,0.9056603773584906,1.0,0.0,0.0,0.0,1.0,6.0,7.0,0.0,1.0,0.6931471805599453,0.9056603773584906,5.433866156515967,1.0,0.0,0.90566,0.857141,0.132109,0.999876,0.000124,0.866467,1.0,0.0,1.0,0.282038,0.506153,0.80547,0.123395,0.966426,1.0,0.119982,0.959759,0.860895,0.69014,0.209992,0.679765,0.681234,0.55632,0.964286,0.412565,1.0,0.0,0.857143,0.0,0.929156,0.775,0.5,0.800403,0.0,0.0,1.0,0.096098,1.0,0.0,1.0,0.365204,0.927161,0.45,0.553538,0.0,0.0,1.0,0.0,0.0,0.0,0.0,0.0,1.0,0.0,0.0,0.0,0.0,0.0,0.0,0.0,0.0,0.0,0.0,0.0,0.0,0.0,0.0,0.0,-0.17274302,2,0.9007009492985776,1.9693995,1.3930508123509457,1.885400675403314,2.377750538455682,2.8701004015080502,3.8548001276127866
Bank,Bank:5:task_5:Tomcat03:2021-03-06 14:46:00,Bank:Tomcat03:2021-03-06 14:46:00,5,task_5,2021_03_06,Tomcat03,mysql02,7,0.301661,0,0.1428571428571428,2.079441541679836,0.9056603773584906,1.0,0.0,0.0,0.0,3.0,4.0,7.0,0.0,1.0,0.6931471805599453,2.716981132075472,3.622545401798986,1.0,0.0,0.90566,0.571422,0.260038,0.999867,0.000133,0.599577,1.0,0.0,1.0,0.282038,0.439301,0.59782,0.370185,0.966417,1.0,1.0,0.959759,1.0,0.771221,0.873318,0.64853,0.921014,1.0,0.892857,0.734786,1.0,0.0,0.571429,0.0,0.610357,0.7125,0.5,0.700658,0.0,0.0,1.0,0.291861,1.0,0.0,0.666667,0.506052,0.803654,0.45,0.709923,0.0,0.0,0.0,1.0,0.0,0.0,0.0,0.0,0.0,0.0,1.0,0.0,0.0,0.0,0.0,0.0,0.0,0.0,0.0,0.0,0.0,0.0,0.0,0.0,-1.6745099,2,0.7781654227420669,0.6602155,0.9432192969962936,1.1082731712505203,1.273327045504747,1.4383809197589736,1.768488668267427
Bank,Bank:5:task_5:Tomcat03:2021-03-06 14:46:00,Bank:Tomcat03:2021-03-06 14:46:00,5,task_5,2021_03_06,Tomcat03,mg01,8,0.260842,0,0.125,2.19722457733622,0.9056603773584906,1.0,0.0,0.0,0.0,2.0,5.0,7.0,0.0,1.0,0.6931471805599453,1.8113207547169807,4.528205779157477,1.0,0.0,0.90566,0.714281,0.20757,0.999873,0.000127,0.732983,1.0,0.0,1.0,0.282038,0.480667,0.701654,0.24679,0.966422,1.0,0.62032,0.959759,0.939639,0.763054,0.434367,0.648532,1.0,0.813544,0.928571,0.522398,1.0,0.0,0.714286,0.0,0.752047,0.73,0.5,0.745719,0.0,0.0,1.0,0.000819,1.0,0.0,0.833333,0.472031,0.804576,0.45,0.64857,0.0,0.0,1.0,0.0,0.0,0.0,0.0,1.0,0.0,0.0,0.0,0.0,0.0,0.0,0.0,0.0,0.0,0.0,0.0,0.0,0.0,0.0,0.0,0.0,-2.7837062,2,0.5862396463516671,-0.30674025,0.5095545828107316,0.4328695192697961,0.3561844631794412,0.2794993921879251,0.12612928000721524
Bank,Bank:5:task_5:Tomcat03:2021-03-06 14:46:00,Bank:Tomcat03:2021-03-06 14:46:00,5,task_5,2021_03_06,Tomcat03,apache02,9,0.213491,0,0.1111111111111111,2.302585092994046,0.9056603773584906,1.0,0.0,0.0,0.0,7.0,1.0,8.0,0.0,1.0,0.6931471805599453,6.433866156515967,0.9056603773584906,1.0,0.0,0.90566,0.142859,0.300003,0.999894,0.000106,0.211671,1.0,0.0,0.75,0.244509,0.150358,0.29566,0.876605,0.966443,0.75,0.603149,0.959759,0.78718,0.861107,0.999925,0.538186,0.32184,0.815447,0.75,0.556365,1.0,0.0,0.142857,0.13484,0.282715,1.0,0.5,1.0,0.0,0.0,1.0,0.202028,1.0,0.0,0.166667,0.734242,0.502689,0.45,0.835683,0.0,0.0,1.0,0.0,0.0,0.0,0.0,0.0,0.0,1.0,0.0,0.0,0.0,0.0,0.0,0.0,0.0,0.0,0.0,0.0,0.0,0.0,0.0,0.0,-2.7987854,2,0.3636012319401964,-0.3198858,0.28362978435318315,0.2036583367661699,0.12368688917915666,0.04371544159214341,-0.11622745358188308
Bank,Bank:5:task_5:Tomcat03:2021-03-06 14:46:00,Bank:Tomcat03:2021-03-06 14:46:00,5,task_5,2021_03_06,Tomcat03,servicetest3,10,0.190835,0,0.1,2.3978952727983707,0.9055642697235144,1.0,0.0,0.0,0.0,5.0,2.0,7.0,0.0,1.0,0.6931471805599453,4.528301886792453,1.8113207547169807,1.0,0.0,0.905564,0.285719,0.299901,1.0,0.0,0.333318,1.0,0.0,1.0,0.282038,0.278654,0.393245,0.616975,0.966443,1.0,0.791909,0.959759,0.941676,0.787575,0.996255,0.648538,0.593328,0.899268,0.821429,0.722848,1.0,0.0,0.285714,0.0,0.300414,0.55,0.5,0.4375,0.0,0.0,1.0,0.001665,1.0,0.0,0.333333,0.711558,0.527401,0.45,0.820392,0.0,1.0,0.0,0.0,0.0,0.0,0.0,0.0,0.0,0.0,0.0,0.0,1.0,0.0,0.0,0.0,0.0,0.0,0.0,0.0,0.0,0.0,0.0,0.0,-3.2395248,2,0.257075584817511,-0.70410585,0.08104912130890507,-0.09497734219970089,-0.27100380570830684,-0.4470302692169128,-0.7990831962341247
Bank,Bank:5:task_5:Tomcat03:2021-03-06 14:46:00,Bank:Tomcat03:2021-03-06 14:46:00,5,task_5,2021_03_06,Tomcat03,redis01,11,0.165526,0,0.0909090909090909,2.4849066497880004,0.9056603773584906,1.0,0.0,0.0,0.0,4.0,3.0,7.0,0.0,1.0,0.6931471805599453,3.6226415094339615,2.7168850244404954,1.0,0.0,0.90566,0.428563,0.300036,0.999859,0.000141,0.466308,1.0,0.0,1.0,0.282038,0.374413,0.495388,0.49358,0.966409,1.0,0.238344,0.959759,0.848462,0.779387,0.977621,0.648528,0.79136,0.617654,0.857143,0.60121,1.0,0.0,0.428571,0.0,0.433248,0.616667,0.5,0.538851,0.0,0.0,1.0,0.0,1.0,0.0,0.5,0.635237,0.619263,0.45,0.773654,0.0,0.0,0.0,1.0,0.0,0.0,0.0,0.0,0.0,0.0,0.0,1.0,0.0,0.0,0.0,0.0,0.0,0.0,0.0,0.0,0.0,0.0,0.0,0.0,-2.4231758,2,0.1380758671697336,0.007556598,0.13996501671170022,0.14185416625366684,0.14374331567921814,0.14563246533760008,0.14941076418870267
Bank,Bank:5:task_5:Tomcat03:2021-03-06 14:46:00,Bank:Tomcat03:2021-03-06 14:46:00,5,task_5,2021_03_06,Tomcat03,tomcat04,12,0.06352,0,0.0833333333333333,2.5649493574615367,1.0,1.0,0.3773584905660377,0.0,0.0,1.0,2.0,3.0,0.0,1.0,0.6931471805599453,1.0,1.8113207547169807,1.0,-0.0725,1.0,0.247153,0.522142,0.305305,0.694695,0.448278,0.883333,0.0,0.333333,0.259788,0.460472,0.49612,0.136249,0.966443,0.333333,0.17387,0.959759,0.595786,0.907405,0.0,0.354266,0.593328,0.537276,0.964286,0.0,0.730045,1.0,0.428571,0.079147,0.441957,0.918504,0.5,0.771124,0.0,0.0,1.0,0.909048,1.0,1.0,0.5,1.0,0.728186,1.0,0.968706,0.0,0.0,1.0,0.0,0.0,0.0,1.0,0.0,0.0,0.0,0.0,0.0,0.0,0.0,0.0,0.0,0.0,0.0,0.0,0.0,0.0,0.0,0.0,0.0,-0.9668039,2,-0.3415434460539887,1.2771671,-0.02225167559576724,0.2970400948624542,0.6163318653206756,0.9356236357788971,1.57420717669534
Bank,Bank:5:task_5:Tomcat03:2021-03-06 14:46:00,Bank:Tomcat03:2021-03-06 14:46:00,5,task_5,2021_03_06,Tomcat03,servicetest1,13,0.021331,0,0.0769230769230769,2.639057329615259,0.9056602527174008,1.0,0.0,0.0,0.0,0.0,0.0,0.0,1.0,1.0,0.6931471805599453,0.0,0.0,1.0,0.0,0.90566,0.0,0.300003,0.0,1.0,0.108737,0.0,0.0,0.0,0.282038,0.818182,0.103213,0.0,0.0,0.0,0.791909,0.533199,0.171222,0.0,0.903506,0.132423,0.552396,0.428982,0.0,0.39447,0.0,0.0,0.0,0.0,0.105605,0.0,0.5,0.0,0.0,1.0,0.0,1.0,0.0,0.0,0.0,0.04991,0.044017,0.0,0.073915,0.0,1.0,0.0,0.0,0.0,0.0,0.0,0.0,0.0,0.0,0.0,0.0,1.0,0.0,0.0,0.0,0.0,0.0,0.0,0.0,0.0,0.0,0.0,0.0,-3.437331,2,-0.5399107892063093,-0.87654585,-0.7590472508218717,-0.9781837124374342,-1.1973201591518354,-1.416456635668559,-1.8547295290973616
Bank,Bank:5:task_5:Tomcat03:2021-03-06 14:46:00,Bank:Tomcat03:2021-03-06 14:46:00,5,task_5,2021_03_06,Tomcat03,servicetest10,14,0.021331,0,0.0714285714285714,2.70805020110221,0.9056603773584888,1.0,0.0,0.0,0.0,0.0,0.0,0.0,1.0,1.0,0.6931471805599453,0.0,0.0,1.0,0.0,0.90566,0.0,0.300003,0.0,1.0,0.108737,0.0,0.0,0.0,0.282038,0.818182,0.103213,0.0,0.0,0.0,0.791909,0.533199,0.171222,0.0,0.903506,0.132423,0.552396,0.428982,0.0,0.39447,0.0,0.0,0.0,0.0,0.105605,0.0,0.5,0.0,0.0,1.0,0.0,1.0,0.0,0.0,0.0,0.04991,0.044017,0.0,0.073915,0.0,1.0,0.0,0.0,0.0,0.0,0.0,0.0,0.0,0.0,0.0,0.0,1.0,0.0,0.0,0.0,0.0,0.0,0.0,0.0,0.0,0.0,0.0,0.0,-3.3391075,2,-0.5399107892063093,-0.79091835,-0.737640376761241,-0.9353699643161726,-1.1330995518711042,-1.3308291394260359,-1.7262883145358991
Bank,Bank:5:task_5:Tomcat03:2021-03-06 14:46:00,Bank:Tomcat03:2021-03-06 14:46:00,5,task_5,2021_03_06,Tomcat03,servicetest11,15,0.021331,0,0.0666666666666666,2.772588722239781,0.9056603679368562,1.0,0.0,0.0,0.0,0.0,0.0,0.0,1.0,1.0,0.6931471805599453,0.0,0.0,1.0,0.0,0.90566,0.0,0.300003,0.0,1.0,0.108737,0.0,0.0,0.0,0.282038,0.818182,0.103213,0.0,0.0,0.0,0.791909,0.533199,0.171222,0.0,0.903506,0.132423,0.552396,0.428982,0.0,0.39447,0.0,0.0,0.0,0.0,0.105605,0.0,0.5,0.0,0.0,1.0,0.0,1.0,0.0,0.0,0.0,0.04991,0.044017,0.0,0.073915,0.0,1.0,0.0,0.0,0.0,0.0,0.0,0.0,0.0,0.0,0.0,0.0,1.0,0.0,0.0,0.0,0.0,0.0,0.0,0.0,0.0,0.0,0.0,0.0,-3.3391075,2,-0.5399107892063093,-0.79091835,-0.737640376761241,-0.9353699643161726,-1.1330995518711042,-1.3308291394260359,-1.7262883145358991
Bank,Bank:5:task_5:Tomcat03:2021-03-06 14:46:00,Bank:Tomcat03:2021-03-06 14:46:00,5,task_5,2021_03_06,Tomcat03,servicetest5,16,0.021331,0,0.0625,2.833213344056216,0.905660374865668,1.0,0.0,0.0,0.0,0.0,0.0,0.0,1.0,1.0,0.6931471805599453,0.0,0.0,1.0,0.0,0.90566,0.0,0.300003,0.0,1.0,0.108737,0.0,0.0,0.0,0.282038,0.818182,0.103213,0.0,0.0,0.0,0.791909,0.533199,0.171222,0.0,0.903506,0.132423,0.552396,0.428982,0.0,0.39447,0.0,0.0,0.0,0.0,0.105605,0.0,0.5,0.0,0.0,1.0,0.0,1.0,0.0,0.0,0.0,0.04991,0.044017,0.0,0.073915,0.0,1.0,0.0,0.0,0.0,0.0,0.0,0.0,0.0,0.0,0.0,0.0,1.0,0.0,0.0,0.0,0.0,0.0,0.0,0.0,0.0,0.0,0.0,0.0,-3.3391075,2,-0.5399107892063093,-0.79091835,-0.737640376761241,-0.9353699643161726,-1.1330995518711042,-1.3308291394260359,-1.7262883145358991
Bank,Bank:5:task_5:Tomcat03:2021-03-06 14:46:00,Bank:Tomcat03:2021-03-06 14:46:00,5,task_5,2021_03_06,Tomcat03,servicetest9,17,0.021328,0,0.0588235294117647,2.8903717578961645,0.9055881895881612,1.0,0.0,0.0,0.0,0.0,0.0,0.0,1.0,1.0,0.6931471805599453,0.0,0.0,1.0,0.0,0.905588,0.0,0.300003,0.0,1.0,0.10873,0.0,0.0,0.0,0.282038,0.818182,0.103204,0.0,0.0,0.0,0.791909,0.533199,0.171222,0.0,0.903506,0.132423,0.552396,0.428982,0.0,0.39447,0.0,0.0,0.0,0.0,0.105597,0.0,0.5,0.0,0.0,1.0,0.0,1.0,0.0,0.0,0.0,0.04991,0.044014,0.0,0.073915,0.0,1.0,0.0,0.0,0.0,0.0,0.0,0.0,0.0,0.0,0.0,0.0,1.0,0.0,0.0,0.0,0.0,0.0,0.0,0.0,0.0,0.0,0.0,0.0,-3.489553,2,-0.5399248948269558,-0.92207104,-0.7704426547461224,-1.0009604146652888,-1.2314781894856166,-1.461995934503622,-1.9230314841442775
Bank,Bank:5:task_5:Tomcat03:2021-03-06 14:46:00,Bank:Tomcat03:2021-03-06 14:46:00,5,task_5,2021_03_06,Tomcat03,servicetest8,18,0.021277,0,0.0555555555555555,2.9444389791664403,0.904384515946216,1.0,0.0,0.0,0.0,0.0,0.0,0.0,1.0,1.0,0.6931471805599453,0.0,0.0,1.0,0.0,0.904385,0.0,0.300003,0.0,1.0,0.108617,0.0,0.0,0.0,0.282038,0.818182,0.103046,0.0,0.0,0.0,0.791909,0.533199,0.171222,0.0,0.903506,0.132423,0.552396,0.428982,0.0,0.39447,0.0,0.0,0.0,0.0,0.105457,0.0,0.5,0.0,0.0,1.0,0.0,1.0,0.0,0.0,0.0,0.049918,0.043968,0.0,0.073915,0.0,1.0,0.0,0.0,0.0,0.0,0.0,0.0,0.0,0.0,0.0,0.0,1.0,0.0,0.0,0.0,0.0,0.0,0.0,0.0,0.0,0.0,0.0,0.0,-3.489553,2,-0.540164690377947,-0.92207104,-0.7706824502971136,-1.0012002102162803,-1.231717985036608,-1.4622357300546134,-1.923271279695269
Bank,Bank:5:task_5:Tomcat03:2021-03-06 14:46:00,Bank:Tomcat03:2021-03-06 14:46:00,5,task_5,2021_03_06,Tomcat03,servicetest2,19,0.021242,0,0.0526315789473684,2.995732273553991,0.9035526556574728,1.0,0.0,0.0,0.0,0.0,0.0,0.0,1.0,1.0,0.6931471805599453,0.0,0.0,1.0,0.0,0.903553,0.0,0.300003,0.0,1.0,0.108539,0.0,0.0,0.0,0.282038,0.818182,0.102937,0.0,0.0,0.0,0.791909,0.533199,0.171222,0.0,0.903506,0.132423,0.552396,0.428982,0.0,0.39447,0.0,0.0,0.0,0.0,0.10536,0.0,0.5,0.0,0.0,1.0,0.0,1.0,0.0,0.0,0.0,0.049924,0.043937,0.0,0.073915,0.0,1.0,0.0,0.0,0.0,0.0,0.0,0.0,0.0,0.0,0.0,0.0,1.0,0.0,0.0,0.0,0.0,0.0,0.0,0.0,0.0,0.0,0.0,0.0,-3.489553,2,-0.5403292559521568,-0.92207104,-0.7708470158713233,-1.0013647757904898,-1.2318825506108175,-1.462400295628823,-1.9234358452694784
Bank,Bank:5:task_5:Tomcat03:2021-03-06 14:46:00,Bank:Tomcat03:2021-03-06 14:46:00,5,task_5,2021_03_06,Tomcat03,servicetest6,20,0.020944,0,0.05,3.044522437723423,0.8965460548407493,1.0,0.0,0.0,0.0,0.0,0.0,0.0,1.0,1.0,0.6931471805599453,0.0,0.0,1.0,0.0,0.896546,0.0,0.300003,0.0,1.0,0.10788,0.0,0.0,0.0,0.282038,0.818182,0.102018,0.0,0.0,0.0,0.791909,0.533199,0.171222,0.0,0.903506,0.132423,0.552396,0.428982,0.0,0.39447,0.0,0.0,0.0,0.0,0.104543,0.0,0.5,0.0,0.0,1.0,0.0,1.0,0.0,0.0,0.0,0.049972,0.04367,0.0,0.073915,0.0,1.0,0.0,0.0,0.0,0.0,0.0,0.0,0.0,0.0,0.0,0.0,1.0,0.0,0.0,0.0,0.0,0.0,0.0,0.0,0.0,0.0,0.0,0.0,-3.489553,2,-0.5417304142697132,-0.92207104,-0.7722481741888798,-1.0027659341080464,-1.2332837089283741,-1.4638014539463795,-1.924837003587035
Bank,Bank:5:task_5:Tomcat03:2021-03-06 14:46:00,Bank:Tomcat03:2021-03-06 14:46:00,5,task_5,2021_03_06,Tomcat03,servicetest7,21,0.020661,0,0.0476190476190476,3.091042453358316,0.889886813179111,1.0,0.0,0.0,0.0,0.0,0.0,0.0,1.0,1.0,0.6931471805599453,0.0,0.0,1.0,0.0,0.889887,0.0,0.300003,0.0,1.0,0.107253,0.0,0.0,0.0,0.282038,0.818182,0.101145,0.0,0.0,0.0,0.791909,0.533199,0.171222,0.0,0.903506,0.132423,0.552396,0.428982,0.0,0.39447,0.0,0.0,0.0,0.0,0.103766,0.0,0.5,0.0,0.0,1.0,0.0,1.0,0.0,0.0,0.0,0.050017,0.043416,0.0,0.073915,0.0,1.0,0.0,0.0,0.0,0.0,0.0,0.0,0.0,0.0,0.0,0.0,1.0,0.0,0.0,0.0,0.0,0.0,0.0,0.0,0.0,0.0,0.0,0.0,-3.489553,2,-0.543061044484037,-0.92207104,-0.7735788044032036,-1.0040965643223703,-1.234614339142698,-1.4651320841607034,-1.926167633801359
Bank,Bank:5:task_5:Tomcat03:2021-03-06 14:46:00,Bank:Tomcat03:2021-03-06 14:46:00,5,task_5,2021_03_06,Tomcat03,servicetest4,22,0.008918,0,0.0454545454545454,3.1354942159291497,0.6133273641804948,1.0,0.0,0.0,0.0,0.0,0.0,0.0,1.0,1.0,0.6931471805599453,0.0,0.0,1.0,0.0,0.613327,0.0,0.300003,0.0,1.0,0.081231,0.0,0.0,0.0,0.282038,0.818182,0.064878,0.0,0.0,0.0,0.791909,0.533199,0.171222,0.0,0.903506,0.132423,0.552396,0.428982,0.0,0.39447,0.0,0.0,0.0,0.0,0.071518,0.0,0.5,0.0,0.0,1.0,0.0,1.0,0.0,0.0,0.0,0.051894,0.032882,0.0,0.073915,0.0,1.0,0.0,0.0,0.0,0.0,0.0,0.0,0.0,0.0,0.0,0.0,1.0,0.0,0.0,0.0,0.0,0.0,0.0,0.0,0.0,0.0,0.0,0.0,-3.489553,2,-0.5982751455681513,-0.92207104,-0.8287929054873179,-1.0593106654064846,-1.2898284402268123,-1.5203461852448177,-1.9813817348854732
Bank,Bank:5:task_5:Tomcat03:2021-03-06 14:46:00,Bank:Tomcat03:2021-03-06 14:46:00,5,task_5,2021_03_06,Tomcat03,dockerb1,23,-0.042623,0,0.0434782608695652,3.1780538303479458,0.9056603773584906,1.0,0.0,0.0,0.0,0.0,0.0,0.0,1.0,1.0,0.6931471805599453,0.0,0.0,1.0,0.0833333333333333,0.90566,0.0,0.300003,0.0,1.0,0.108737,0.0,0.0,0.0,0.282038,0.818182,0.103213,0.0,0.0,0.0,0.0,0.533199,0.027388,0.0,0.903506,0.132423,0.552396,0.082089,0.0,0.234706,0.0,0.0,0.0,0.0,0.105605,0.0,0.5,0.0,0.0,1.0,0.0,1.0,0.0,0.0,0.0,0.04991,0.044017,0.0,0.073915,1.0,0.0,0.0,0.0,0.0,0.0,0.0,0.0,0.0,0.0,0.0,0.0,0.0,0.0,0.0,0.0,0.0,0.0,0.0,0.0,0.0,0.0,0.0,0.0,-2.0349395,2,-0.8406144101492924,0.34600642,-0.7541128043405575,-0.6676111985318226,-0.5811095852725071,-0.4946079869143528,-0.32160476039572183
Bank,Bank:5:task_5:Tomcat03:2021-03-06 14:46:00,Bank:Tomcat03:2021-03-06 14:46:00,5,task_5,2021_03_06,Tomcat03,apache01,24,-0.042909,0,0.0416666666666666,3.218875824868201,0.9056603773584906,1.0,0.0,0.0,0.0,3.0,1.0,4.0,0.0,1.0,0.6931471805599453,2.9056603773584904,0.9056603773584906,1.0,0.0,0.90566,0.142859,0.260015,0.999894,0.000106,0.215888,1.0,0.0,0.0,0.094013,0.150358,0.284253,0.395892,0.966443,0.0,0.200877,0.959759,0.441128,1.0,0.907706,0.207129,0.32184,0.459082,0.892857,0.114882,1.0,0.0,0.142857,0.666667,0.256148,0.85,0.5,0.8125,0.0,0.0,1.0,0.176512,1.0,0.0,0.166667,0.815497,0.496362,0.45,0.958012,1.0,0.0,0.0,0.0,0.0,0.0,0.0,0.0,0.0,1.0,0.0,0.0,0.0,0.0,0.0,0.0,0.0,0.0,0.0,0.0,0.0,0.0,0.0,0.0,-0.15992704,2,-0.8419591459842627,1.980572,-0.34681614967307495,0.1483268466381128,0.6434699025539453,1.1386128392604884,2.1288989510921534
Bank,Bank:5:task_5:Tomcat03:2021-03-06 14:46:00,Bank:Tomcat03:2021-03-06 14:46:00,5,task_5,2021_03_06,Tomcat03,dockera1,25,-0.048918,0,0.04,3.258096538021482,0.0,0.0,0.0,0.0,0.0,0.0,0.0,0.0,1.0,1.0,0.6931471805599453,0.0,0.0,1.0,0.0,0.0,0.0,0.300003,0.0,1.0,0.0,0.0,0.0,0.0,0.282038,0.636364,0.0,0.0,0.0,0.0,0.791909,0.0,0.0,0.0,0.903506,0.0,0.552396,0.0,0.0,0.202721,0.0,0.0,0.0,0.0,0.0,0.0,0.5,0.0,0.0,1.0,0.0,1.0,0.0,0.0,0.0,0.0,0.0,0.0,0.0,0.0,1.0,0.0,0.0,0.0,0.0,0.0,0.0,0.0,0.0,0.0,0.0,0.0,0.0,0.0,0.0,0.0,0.0,0.0,0.0,0.0,0.0,0.0,0.0,-3.1481738,2,-0.8702127041392864,-0.62446946,-1.0263300689035,-1.1824474336677135,-1.338564783530766,-1.4946821631961407,-1.8069168629222454
Bank,Bank:5:task_5:Tomcat03:2021-03-06 14:46:00,Bank:Tomcat03:2021-03-06 14:46:00,5,task_5,2021_03_06,Tomcat03,dockera2,26,-0.048918,0,0.0384615384615384,3.295836866004329,0.0,0.0,0.0,0.0,0.0,0.0,0.0,0.0,1.0,1.0,0.6931471805599453,0.0,0.0,1.0,0.0,0.0,0.0,0.300003,0.0,1.0,0.0,0.0,0.0,0.0,0.282038,0.636364,0.0,0.0,0.0,0.0,0.791909,0.0,0.0,0.0,0.903506,0.0,0.552396,0.0,0.0,0.202721,0.0,0.0,0.0,0.0,0.0,0.0,0.5,0.0,0.0,1.0,0.0,1.0,0.0,0.0,0.0,0.0,0.0,0.0,0.0,0.0,1.0,0.0,0.0,0.0,0.0,0.0,0.0,0.0,0.0,0.0,0.0,0.0,0.0,0.0,0.0,0.0,0.0,0.0,0.0,0.0,0.0,0.0,0.0,-3.1481738,2,-0.8702127041392864,-0.62446946,-1.0263300689035,-1.1824474336677135,-1.338564783530766,-1.4946821631961407,-1.8069168629222454
Bank,Bank:5:task_5:Tomcat03:2021-03-06 14:46:00,Bank:Tomcat03:2021-03-06 14:46:00,5,task_5,2021_03_06,Tomcat03,dockerb2,27,-0.048918,0,0.037037037037037,3.332204510175204,0.0,0.0,0.0,0.0,0.0,0.0,0.0,0.0,1.0,1.0,0.6931471805599453,0.0,0.0,1.0,0.0,0.0,0.0,0.300003,0.0,1.0,0.0,0.0,0.0,0.0,0.282038,0.636364,0.0,0.0,0.0,0.0,0.791909,0.0,0.0,0.0,0.903506,0.0,0.552396,0.0,0.0,0.202721,0.0,0.0,0.0,0.0,0.0,0.0,0.5,0.0,0.0,1.0,0.0,1.0,0.0,0.0,0.0,0.0,0.0,0.0,0.0,0.0,1.0,0.0,0.0,0.0,0.0,0.0,0.0,0.0,0.0,0.0,0.0,0.0,0.0,0.0,0.0,0.0,0.0,0.0,0.0,0.0,0.0,0.0,0.0,-3.1481738,2,-0.8702127041392864,-0.62446946,-1.0263300689035,-1.1824474336677135,-1.338564783530766,-1.4946821631961407,-1.8069168629222454
Bank,Bank:5:task_5:Tomcat03:2021-03-06 14:46:00,Bank:Tomcat03:2021-03-06 14:46:00,5,task_5,2021_03_06,Tomcat03,tomcat02,28,-0.086149,0,0.0357142857142857,3.367295829986474,1.0,1.0,0.3773584905660377,0.0,0.0,0.0,0.0,0.0,1.0,1.0,0.6931471805599453,0.0,0.0,1.0,-0.0816666666666666,1.0,0.0,0.300003,0.0,1.0,0.117614,0.0,0.0,0.0,0.282038,1.0,0.098772,0.0,0.0,0.0,0.069412,0.533199,0.040238,0.0,0.903506,0.132423,0.552396,0.116123,0.0,0.249275,0.0,0.0,0.0,0.0,0.116606,0.0,0.5,0.0,0.0,1.0,0.0,1.0,0.0,0.0,0.0,0.105999,0.04761,0.0,0.14783,0.0,0.0,1.0,0.0,0.0,0.0,1.0,0.0,0.0,0.0,0.0,0.0,0.0,0.0,0.0,0.0,0.0,0.0,0.0,0.0,0.0,0.0,0.0,0.0,-2.1784708,2,-1.0452681582364218,0.22088121,-0.9900478560420649,-0.934827553847708,-0.8796072553786414,-0.8243869494589942,-0.7139463525208609
Bank,Bank:5:task_5:Tomcat03:2021-03-06 14:46:00,Bank:Tomcat03:2021-03-06 14:46:00,5,task_5,2021_03_06,Tomcat03,mysql01,29,-0.107721,0,0.0344827586206896,3.4011973816621555,0.9056603773584906,1.0,0.0,0.0,0.0,2.0,2.0,4.0,0.0,1.0,0.6931471805599453,2.0,1.8113207547169807,1.0,0.0,0.90566,0.285719,0.207553,0.999894,0.000106,0.348196,1.0,0.0,0.0,0.0,0.278654,0.373237,0.272497,0.966443,0.0,0.86641,0.959759,0.577668,0.99183,0.54048,0.207129,0.593328,0.836182,0.928571,0.142323,1.0,0.0,0.285714,1.0,0.300426,0.55,0.5,0.4375,0.0,0.0,1.0,0.158256,1.0,0.0,0.333333,0.792378,0.582725,0.45,1.0,0.0,0.0,0.0,1.0,0.0,0.0,0.0,0.0,0.0,0.0,1.0,0.0,0.0,0.0,0.0,0.0,0.0,0.0,0.0,0.0,0.0,0.0,0.0,0.0,-2.0441334,2,-1.1466969744321567,0.33799154,-1.0621990905162555,-0.9777012066003543,-0.8932033077832919,-0.8087054387685519,-0.6397096411344272
Bank,Bank:7:task_3:Tomcat01:2021-03-06 23:18:00,Bank:Tomcat01:2021-03-06 23:18:00,7,task_3,2021_03_06,Tomcat01,ig01,1,0.715251,0,1.0,0.6931471805599453,0.9056603773584906,1.0,0.0,0.0,0.0,0.0,4.0,4.0,0.0,1.0,0.6931471805599453,0.0,3.2020002360776925,1.0,0.0,0.90566,0.741249,0.100361,0.74472,0.25528,0.790262,0.873544,0.745306,1.0,1.0,0.439301,0.741488,0.0,0.861452,1.0,0.472156,0.952096,0.943962,0.000299,0.815632,0.95448,0.162423,0.708008,1.0,1.0,1.0,0.0,0.857143,0.0,0.935945,0.785005,0.5,0.75114,0.0,0.0,1.0,0.145965,1.0,0.0,1.0,0.195404,0.805684,0.45,0.16963,0.0,0.0,1.0,0.0,0.0,0.0,0.0,0.0,1.0,0.0,0.0,0.0,0.0,0.0,0.0,0.0,0.0,0.0,0.0,0.0,0.0,0.0,0.0,0.0,-0.054078404,2,2.4527798098866223,3.1160936,3.2318032187763928,4.010826627666163,4.789850036555934,5.568873445445704,7.126920263225245
Bank,Bank:7:task_3:Tomcat01:2021-03-06 23:18:00,Bank:Tomcat01:2021-03-06 23:18:00,7,task_3,2021_03_06,Tomcat01,tomcat04,2,0.689644,0,0.5,1.0986122886681096,1.0,1.0,0.3773584905660377,0.0,0.0,0.0,5.0,5.0,0.0,1.0,0.6931471805599453,0.0,4.501871258280953,1.0,-0.0805555555555555,1.0,0.944099,0.306922,0.206158,0.793842,1.0,0.899581,1.0,1.0,1.0,0.662485,1.0,0.0,0.968931,1.0,0.463307,1.0,0.960887,0.060021,0.803561,1.0,0.667492,0.731515,1.0,0.9652,0.776575,0.915818,1.0,0.0,1.0,0.63432,0.5,0.812719,0.0,0.0,1.0,0.899334,1.0,0.99986,1.0,0.544471,1.0,0.999923,0.488626,0.0,0.0,1.0,0.0,0.0,0.0,1.0,0.0,0.0,0.0,0.0,0.0,0.0,0.0,0.0,0.0,0.0,0.0,0.0,0.0,0.0,0.0,0.0,0.0,-1.7181889,2,2.343748231368786,0.94322217,2.579553772645718,2.8153593139226496,3.0511648850019037,3.286970396476513,3.7585815386350214
Bank,Bank:7:task_3:Tomcat01:2021-03-06 23:18:00,Bank:Tomcat01:2021-03-06 23:18:00,7,task_3,2021_03_06,Tomcat01,ig02,3,0.58733,0,0.3333333333333333,1.3862943611198906,0.9056603773584906,1.0,0.0,0.0,0.0,0.0,5.0,5.0,0.0,1.0,0.6931471805599453,0.0,4.319739198496888,1.0,0.0,0.90566,1.0,0.130441,0.66776,0.33224,0.77496,1.0,0.925263,1.0,1.0,0.480667,0.848732,0.0,0.929731,1.0,0.20783,0.952096,0.88585,0.038239,0.807806,0.975701,0.51456,0.550675,1.0,0.905122,1.0,0.0,0.714286,0.0,0.680619,0.422854,0.5,0.689286,0.0,0.0,1.0,0.0,1.0,0.0,0.833333,0.274103,0.725556,0.45,0.239762,0.0,0.0,1.0,0.0,0.0,0.0,0.0,0.0,1.0,0.0,0.0,0.0,0.0,0.0,0.0,0.0,0.0,0.0,0.0,0.0,0.0,0.0,0.0,0.0,-1.0289772,2,1.90810731581937,1.8431435,2.3688931816030614,2.829679047386753,3.290464913170444,3.7512507789541356,4.672822510521518
Bank,Bank:7:task_3:Tomcat01:2021-03-06 23:18:00,Bank:Tomcat01:2021-03-06 23:18:00,7,task_3,2021_03_06,Tomcat01,servicetest6,4,0.504984,0,0.25,1.6094379124341005,0.6970976890629256,1.0,0.0,0.0,0.0,5.0,0.0,5.0,0.0,1.0,0.6931471805599453,4.528301886792453,0.0,1.0,0.0,0.697098,0.0,1.0,0.0,1.0,0.087805,0.0,0.925263,1.0,0.139909,0.0,0.374145,0.730136,0.0,1.0,0.62208,0.528942,0.718759,0.2819,0.994974,0.245267,0.0,0.516806,0.821429,0.718436,0.0,0.0,0.0,0.0,0.077874,0.0,0.5,0.0,0.0,1.0,0.0,1.0,0.0,0.0,0.0,0.267166,0.0314,0.0,0.286804,0.0,1.0,0.0,0.0,0.0,0.0,0.0,0.0,0.0,0.0,0.0,0.0,1.0,0.0,0.0,0.0,0.0,0.0,0.0,0.0,0.0,0.0,0.0,0.0,-2.6085718,2,1.5574877834793945,-0.21937336,1.502644443410339,1.4478011033412834,1.3929577595469376,1.3381144232031723,1.2284277356144806
Bank,Bank:7:task_3:Tomcat01:2021-03-06 23:18:00,Bank:Tomcat01:2021-03-06 23:18:00,7,task_3,2021_03_06,Tomcat01,servicetest5,5,0.440174,0,0.2,1.791759469228055,0.7058515555159591,1.0,0.0,0.0,0.0,3.0,0.0,3.0,0.0,1.0,0.6931471805599453,2.48970623968565,0.0,1.0,0.0,0.705852,0.0,0.942405,0.0,1.0,0.088587,0.0,0.72495,1.0,0.050876,0.0,0.354598,0.401436,0.0,1.0,0.62208,0.528942,0.662417,0.333154,0.862362,0.245267,0.0,0.516806,0.607143,0.626505,0.0,0.0,0.0,0.0,0.078852,0.0,0.5,0.0,0.0,1.0,0.0,1.0,0.0,0.0,0.0,0.281303,0.031679,0.0,0.301755,0.0,1.0,0.0,0.0,0.0,0.0,0.0,0.0,0.0,0.0,0.0,0.0,1.0,0.0,0.0,0.0,0.0,0.0,0.0,0.0,0.0,0.0,0.0,0.0,-2.7168622,2,1.2815344658810437,-0.36077094,1.1913417306858838,1.1011489954907239,1.010956260295564,0.920763525100404,0.7403780547100842
Bank,Bank:7:task_3:Tomcat01:2021-03-06 23:18:00,Bank:Tomcat01:2021-03-06 23:18:00,7,task_3,2021_03_06,Tomcat01,mysql01,6,0.288118,0,0.1666666666666666,1.9459101490553128,0.9056603773584906,1.0,0.0,0.0,0.0,1.0,4.0,5.0,0.0,1.0,0.6931471805599453,0.9056603773584906,3.414078821138397,1.0,0.0,0.90566,0.790344,0.265063,0.6597,0.3403,0.630221,1.0,0.0,1.0,0.139909,0.439301,0.638794,0.146027,0.918509,1.0,0.742258,0.952096,0.956244,0.690414,0.22725,0.66931,0.603926,0.862829,0.964286,0.593838,1.0,0.0,0.571429,0.0,0.565088,0.430405,0.5,0.700658,0.0,0.0,1.0,0.039448,1.0,0.0,0.666667,0.489774,0.650711,0.45,0.502639,0.0,0.0,0.0,1.0,0.0,0.0,0.0,0.0,0.0,0.0,1.0,0.0,0.0,0.0,0.0,0.0,0.0,0.0,0.0,0.0,0.0,0.0,0.0,0.0,-2.5515978,2,0.6340979952633174,-0.14498106,0.5978527311503681,0.5616074670374187,0.5253622029244693,0.48911693881151996,0.4166264105856212
Bank,Bank:7:task_3:Tomcat01:2021-03-06 23:18:00,Bank:Tomcat01:2021-03-06 23:18:00,7,task_3,2021_03_06,Tomcat01,servicetest1,7,0.285722,0,0.1428571428571428,2.079441541679836,0.7001289777967398,1.0,0.0,0.0,0.0,1.0,3.0,4.0,0.0,1.0,0.6931471805599453,0.9056603773584906,2.501871258280953,1.0,0.0,0.700129,0.579172,0.0,1.0,0.0,0.655381,0.853018,0.0,1.0,0.139909,0.374413,0.469138,0.146027,0.897456,1.0,0.62208,0.952096,0.927797,0.678716,0.243564,0.662767,0.463152,0.795014,0.964286,0.578976,1.0,0.0,0.714286,0.0,0.662635,0.747151,0.5,0.691504,0.0,0.0,1.0,0.009444,1.0,0.0,1.0,0.443036,0.685421,0.45,0.461385,0.0,1.0,0.0,0.0,0.0,0.0,0.0,0.0,0.0,0.0,0.0,0.0,1.0,0.0,0.0,0.0,0.0,0.0,0.0,0.0,0.0,0.0,0.0,0.0,-2.7021716,2,0.623896110539268,-0.341589,0.5384988595889315,0.45310160863859505,0.367704350237678,0.28230710673792214,0.11151258993608804
Bank,Bank:7:task_3:Tomcat01:2021-03-06 23:18:00,Bank:Tomcat01:2021-03-06 23:18:00,7,task_3,2021_03_06,Tomcat01,mysql02,8,0.227644,0,0.125,2.19722457733622,0.9056603773584906,1.0,0.0,0.0,0.0,2.0,3.0,5.0,0.0,1.0,0.6931471805599453,1.8113207547169807,2.508418443779907,1.0,0.0,0.90566,0.580687,0.352424,0.646266,0.353734,0.485653,1.0,0.0,1.0,0.139909,0.374413,0.531927,0.292054,0.899805,1.0,1.0,0.952096,1.0,0.756258,0.081226,0.631945,0.859226,1.0,0.928571,0.574844,1.0,0.0,0.428571,0.0,0.395413,0.372515,0.5,0.538851,0.0,0.0,1.0,0.282855,1.0,0.0,0.5,0.564525,0.632656,0.45,0.59482,0.0,0.0,0.0,1.0,0.0,0.0,0.0,0.0,0.0,0.0,1.0,0.0,0.0,0.0,0.0,0.0,0.0,0.0,0.0,0.0,0.0,0.0,0.0,0.0,-1.9663932,2,0.3766068530253502,0.61913544,0.5313907128743263,0.6861745727233024,0.8409584474734397,0.9957422924212547,1.3053100419215293
Bank,Bank:7:task_3:Tomcat01:2021-03-06 23:18:00,Bank:Tomcat01:2021-03-06 23:18:00,7,task_3,2021_03_06,Tomcat01,servicetest2,9,0.205975,0,0.1111111111111111,2.302585092994046,0.6783854849686689,1.0,0.0,0.0,0.0,2.0,1.0,3.0,0.0,1.0,0.6931471805599453,1.8113207547169807,0.7058515555159591,1.0,0.0,0.678385,0.163401,0.273391,0.728341,0.271659,0.187233,1.0,0.0,1.0,0.041973,0.150358,0.247605,0.292054,0.759597,1.0,0.62208,0.952096,0.832755,0.746689,0.225808,0.588369,0.34944,0.795014,0.642857,0.474917,1.0,0.0,0.142857,0.0,0.220347,0.604078,0.5,1.0,0.0,0.0,1.0,0.449008,1.0,0.0,0.166667,0.651969,0.504037,0.45,0.613515,0.0,1.0,0.0,0.0,0.0,0.0,0.0,0.0,0.0,0.0,0.0,0.0,1.0,0.0,0.0,0.0,0.0,0.0,0.0,0.0,0.0,0.0,0.0,0.0,-3.1925735,2,0.2843428129229174,-0.9819193,0.03886299076410393,-0.20661683139470954,-0.452096653553523,-0.6975764757123365,-1.1885361200299633
Bank,Bank:7:task_3:Tomcat01:2021-03-06 23:18:00,Bank:Tomcat01:2021-03-06 23:18:00,7,task_3,2021_03_06,Tomcat01,redis02,10,0.192356,0,0.1,2.3978952727983707,0.9056603773584906,1.0,0.0,0.0,0.0,4.0,1.0,5.0,0.0,1.0,0.6931471805599453,3.6226415094339615,0.6970976890629256,1.0,0.0,0.90566,0.161375,0.566001,0.538798,0.461202,0.200865,1.0,0.0,1.0,0.139909,0.150358,0.346415,0.584109,0.750176,1.0,0.290862,0.952096,0.812286,0.6902,0.953358,0.585441,0.34944,0.600436,0.857143,0.598861,1.0,0.0,0.142857,0.0,0.180078,0.332243,0.5,0.4375,0.0,0.0,1.0,0.116838,1.0,0.0,0.166667,0.755805,0.416523,0.45,0.680627,0.0,0.0,1.0,0.0,0.0,0.0,0.0,0.0,0.0,0.0,0.0,1.0,0.0,0.0,0.0,0.0,0.0,0.0,0.0,0.0,0.0,0.0,0.0,0.0,-2.038603,2,0.2263547210794991,0.52484924,0.3575670300823754,0.4887793390852517,0.6199916629892892,0.7512039570910043,1.0136286048990792
Bank,Bank:7:task_3:Tomcat01:2021-03-06 23:18:00,Bank:Tomcat01:2021-03-06 23:18:00,7,task_3,2021_03_06,Tomcat01,redis01,11,0.155146,0,0.0909090909090909,2.4849066497880004,0.9056603773584906,1.0,0.0,0.0,0.0,3.0,2.0,5.0,0.0,1.0,0.6931471805599453,2.716981132075472,1.602758066421416,1.0,0.0,0.90566,0.371031,0.434277,0.619399,0.380601,0.341445,1.0,0.0,1.0,0.139909,0.278654,0.430191,0.438081,0.862398,1.0,0.123703,0.952096,0.787905,0.744015,0.741794,0.620319,0.644211,0.500124,0.892857,0.494368,1.0,0.0,0.285714,0.0,0.324302,0.422854,0.5,0.665179,0.0,0.0,1.0,0.06096,1.0,0.0,0.333333,0.683388,0.485311,0.45,0.6404,1.0,0.0,0.0,0.0,0.0,0.0,0.0,0.0,0.0,0.0,0.0,1.0,0.0,0.0,0.0,0.0,0.0,0.0,0.0,0.0,0.0,0.0,0.0,0.0,-1.5448205,2,0.06791894036919774,1.1695936,0.36031733352334205,0.6527157266774863,0.9451141198316306,1.237512512985775,1.8223092992940635
Bank,Bank:7:task_3:Tomcat01:2021-03-06 23:18:00,Bank:Tomcat01:2021-03-06 23:18:00,7,task_3,2021_03_06,Tomcat01,apache01,12,0.135086,0,0.0833333333333333,2.5649493574615367,0.9056603773584906,1.0,0.0,0.0,0.0,3.0,2.0,5.0,0.0,1.0,0.6931471805599453,2.6057893551552302,1.5962108809224622,1.0,0.0,0.90566,0.369516,0.154747,0.868869,0.131131,0.52652,0.813953,0.0,0.6,0.02078,0.278654,0.416449,0.420153,0.858875,0.6,0.576467,0.952096,0.741418,0.837732,0.676003,0.440848,0.644211,0.775688,0.892857,0.430141,1.0,0.0,0.571429,0.747307,0.63266,1.0,0.5,0.726084,0.0,0.0,1.0,0.172906,1.0,0.0,1.0,0.639297,0.650747,0.45,0.716469,1.0,0.0,0.0,0.0,0.0,0.0,0.0,0.0,0.0,1.0,0.0,0.0,0.0,0.0,0.0,0.0,0.0,0.0,0.0,0.0,0.0,0.0,0.0,0.0,-2.0889263,2,-0.017494167963203373,0.4591409,0.09729105623609167,0.2120762804353867,0.3268615046346818,0.4416467288339768,0.6712171772325669
Bank,Bank:7:task_3:Tomcat01:2021-03-06 23:18:00,Bank:Tomcat01:2021-03-06 23:18:00,7,task_3,2021_03_06,Tomcat01,tomcat01,13,0.071813,1,0.0769230769230769,2.639057329615259,1.0,1.0,0.3773584905660377,0.0,0.0,1.0,4.0,5.0,0.0,1.0,0.6931471805599453,1.0,3.716981132075472,1.0,-0.075,1.0,0.766012,0.580351,0.210765,0.789235,0.828669,0.905026,0.0,0.6,0.108636,0.621119,0.794533,0.161238,1.0,0.6,0.006452,0.982036,0.642051,0.899065,0.0,0.492281,1.0,0.433868,0.964286,0.151316,0.76033,1.0,0.857143,0.199723,0.566152,0.416634,0.5,0.589728,0.0,0.0,1.0,0.919809,1.0,1.0,1.0,0.841266,0.901332,1.0,0.868469,0.0,1.0,0.0,0.0,0.0,0.0,1.0,0.0,0.0,0.0,0.0,0.0,0.0,0.0,0.0,0.0,0.0,0.0,0.0,0.0,0.0,0.0,0.0,0.0,-1.7706096,2,-0.2869031212790567,0.8747751,-0.06820934336024109,0.15048443455857452,0.36917819757622894,0.5878719903962057,1.0252595164315146
Bank,Bank:7:task_3:Tomcat01:2021-03-06 23:18:00,Bank:Tomcat01:2021-03-06 23:18:00,7,task_3,2021_03_06,Tomcat01,servicetest7,14,0.060358,0,0.0714285714285714,2.70805020110221,0.6905505035639717,1.0,0.0,0.0,0.0,4.0,3.0,7.0,0.0,1.0,0.6931471805599453,3.5114497325137206,2.716981132075472,1.0,0.0,0.690551,0.628969,0.0,1.0,0.0,0.626716,0.881869,0.0,0.714286,0.050562,0.374413,0.469557,0.56618,0.974619,0.714286,0.62208,0.952096,0.791181,0.883254,0.934279,0.527785,0.859226,0.806286,0.857143,0.49096,1.0,0.0,0.714286,0.56048,0.49066,0.520514,0.5,0.640957,0.0,0.0,1.0,0.067664,1.0,0.0,0.833333,0.648653,0.691363,0.45,0.76699,0.0,1.0,0.0,0.0,0.0,0.0,0.0,0.0,0.0,0.0,0.0,0.0,1.0,0.0,0.0,0.0,0.0,0.0,0.0,0.0,0.0,0.0,0.0,0.0,-2.9736736,2,-0.33567715696936856,-0.69609606,-0.5097011726344229,-0.6837251882994773,-0.857749233766854,-1.031773219629586,-1.3798213105643393
Bank,Bank:7:task_3:Tomcat01:2021-03-06 23:18:00,Bank:Tomcat01:2021-03-06 23:18:00,7,task_3,2021_03_06,Tomcat01,apache02,15,0.017584,0,0.0666666666666666,2.772588722239781,0.9056603773584906,1.0,0.0,0.0,0.0,7.0,2.0,9.0,0.0,1.0,0.6931471805599453,6.2020002360776925,1.8113207547169807,1.0,0.0,0.90566,0.419313,0.140504,0.892582,0.107418,0.492628,0.848389,0.0,0.333333,0.0,0.278654,0.415627,1.0,0.974619,0.333333,0.668274,0.952096,0.627334,1.0,1.0,0.357902,0.644211,0.804067,0.75,0.330119,1.0,0.0,0.571429,0.891703,0.548625,0.841178,0.5,0.753927,0.0,0.0,1.0,0.117647,1.0,0.0,0.666667,0.766704,0.623257,0.45,0.871833,0.0,0.0,1.0,0.0,0.0,0.0,0.0,0.0,0.0,1.0,0.0,0.0,0.0,0.0,0.0,0.0,0.0,0.0,0.0,0.0,0.0,0.0,0.0,0.0,-2.6396978,2,-0.5178037918552173,-0.2600154,-0.5828076414212001,-0.6478114909871829,-0.7128153480037464,-0.7778191901191486,-0.9078269041522754
Bank,Bank:7:task_3:Tomcat01:2021-03-06 23:18:00,Bank:Tomcat01:2021-03-06 23:18:00,7,task_3,2021_03_06,Tomcat01,servicetest8,16,-0.009263,0,0.0625,2.833213344056216,0.6950320525799017,1.0,0.0,0.0,0.0,0.0,0.0,0.0,1.0,1.0,0.6931471805599453,0.0,0.0,1.0,0.0,0.695032,0.0,0.382504,0.0,1.0,0.096491,0.0,0.0,0.0,0.139909,0.818182,0.083752,0.0,0.0,0.0,0.62208,0.528942,0.161674,0.0,0.92033,0.133782,0.599769,0.379249,0.0,0.344128,0.0,0.0,0.0,0.0,0.077643,0.0,0.5,0.0,0.0,1.0,0.0,1.0,0.0,0.0,0.0,0.051386,0.034506,0.0,0.060614,0.0,1.0,0.0,0.0,0.0,0.0,0.0,0.0,0.0,0.0,0.0,0.0,1.0,0.0,0.0,0.0,0.0,0.0,0.0,0.0,0.0,0.0,0.0,0.0,-3.1444304,2,-0.6321151437694732,-0.9190576,-0.8618795456821624,-1.0916439475948516,-1.3214083495075408,-1.55117275142023,-2.0107015552456087
Bank,Bank:7:task_3:Tomcat01:2021-03-06 23:18:00,Bank:Tomcat01:2021-03-06 23:18:00,7,task_3,2021_03_06,Tomcat01,servicetest9,17,-0.010852,0,0.0588235294117647,2.8903717578961645,0.6593130397861705,1.0,0.0,0.0,0.0,0.0,0.0,0.0,1.0,1.0,0.6931471805599453,0.0,0.0,1.0,0.0,0.659313,0.0,0.382504,0.0,1.0,0.092844,0.0,0.0,0.0,0.139909,0.818182,0.078562,0.0,0.0,0.0,0.62208,0.528942,0.161674,0.0,0.92033,0.133782,0.599769,0.379249,0.0,0.344128,0.0,0.0,0.0,0.0,0.073653,0.0,0.5,0.0,0.0,1.0,0.0,1.0,0.0,0.0,0.0,0.051652,0.033202,0.0,0.060614,0.0,1.0,0.0,0.0,0.0,0.0,0.0,0.0,0.0,0.0,0.0,0.0,1.0,0.0,0.0,0.0,0.0,0.0,0.0,0.0,0.0,0.0,0.0,0.0,-3.1444304,2,-0.6388809179040786,-0.9190576,-0.8686453198167678,-1.098409721729457,-1.3281741236421463,-1.5579385255548355,-2.0174673293802137
Bank,Bank:7:task_3:Tomcat01:2021-03-06 23:18:00,Bank:Tomcat01:2021-03-06 23:18:00,7,task_3,2021_03_06,Tomcat01,servicetest11,18,-0.011253,0,0.0555555555555555,2.9444389791664403,0.6502870844805143,1.0,0.0,0.0,0.0,0.0,0.0,0.0,1.0,1.0,0.6931471805599453,0.0,0.0,1.0,0.0,0.650287,0.0,0.382504,0.0,1.0,0.091923,0.0,0.0,0.0,0.139909,0.818182,0.077251,0.0,0.0,0.0,0.62208,0.528942,0.161674,0.0,0.92033,0.133782,0.599769,0.379249,0.0,0.344128,0.0,0.0,0.0,0.0,0.072645,0.0,0.5,0.0,0.0,1.0,0.0,1.0,0.0,0.0,0.0,0.051719,0.032872,0.0,0.060614,0.0,1.0,0.0,0.0,0.0,0.0,0.0,0.0,0.0,0.0,0.0,0.0,1.0,0.0,0.0,0.0,0.0,0.0,0.0,0.0,0.0,0.0,0.0,0.0,-3.1444304,2,-0.6405883284943724,-0.9190576,-0.8703527304070616,-1.1001171323197507,-1.32988153423244,-1.5596459361451291,-2.0191747399705076
Bank,Bank:7:task_3:Tomcat01:2021-03-06 23:18:00,Bank:Tomcat01:2021-03-06 23:18:00,7,task_3,2021_03_06,Tomcat01,servicetest4,19,-0.011916,0,0.0526315789473684,2.995732273553991,0.6353951284371703,1.0,0.0,0.0,0.0,0.0,0.0,0.0,1.0,1.0,0.6931471805599453,0.0,0.0,1.0,0.0,0.635395,0.0,0.382504,0.0,1.0,0.090402,0.0,0.0,0.0,0.139909,0.818182,0.075087,0.0,0.0,0.0,0.62208,0.528942,0.161674,0.0,0.92033,0.133782,0.599769,0.379249,0.0,0.344128,0.0,0.0,0.0,0.0,0.070981,0.0,0.5,0.0,0.0,1.0,0.0,1.0,0.0,0.0,0.0,0.05183,0.032328,0.0,0.060614,0.0,1.0,0.0,0.0,0.0,0.0,0.0,0.0,0.0,0.0,0.0,0.0,1.0,0.0,0.0,0.0,0.0,0.0,0.0,0.0,0.0,0.0,0.0,0.0,-3.1444304,2,-0.6434113041087485,-0.9190576,-0.8731757060214377,-1.1029401079341268,-1.332704509846816,-1.5624689117595052,-2.0219977155848836
Bank,Bank:7:task_3:Tomcat01:2021-03-06 23:18:00,Bank:Tomcat01:2021-03-06 23:18:00,7,task_3,2021_03_06,Tomcat01,servicetest10,20,-0.012779,0,0.05,3.044522437723423,0.6159901495792047,1.0,0.0,0.0,0.0,0.0,0.0,0.0,1.0,1.0,0.6931471805599453,0.0,0.0,1.0,0.0,0.61599,0.0,0.382504,0.0,1.0,0.088421,0.0,0.0,0.0,0.139909,0.818182,0.072268,0.0,0.0,0.0,0.62208,0.528942,0.161674,0.0,0.92033,0.133782,0.599769,0.379249,0.0,0.344128,0.0,0.0,0.0,0.0,0.068813,0.0,0.5,0.0,0.0,1.0,0.0,1.0,0.0,0.0,0.0,0.051975,0.03162,0.0,0.060614,0.0,1.0,0.0,0.0,0.0,0.0,0.0,0.0,0.0,0.0,0.0,0.0,1.0,0.0,0.0,0.0,0.0,0.0,0.0,0.0,0.0,0.0,0.0,0.0,-3.1444304,2,-0.6470858560773857,-0.9190576,-0.8768502579900749,-1.106614659902764,-1.3363790618154532,-1.5661434637281424,-2.025672267553521
Bank,Bank:7:task_3:Tomcat01:2021-03-06 23:18:00,Bank:Tomcat01:2021-03-06 23:18:00,7,task_3,2021_03_06,Tomcat01,servicetest3,21,-0.012838,0,0.0476190476190476,3.091042453358316,0.6146543706227144,1.0,0.0,0.0,0.0,0.0,0.0,0.0,1.0,1.0,0.6931471805599453,0.0,0.0,1.0,0.0,0.614654,0.0,0.382504,0.0,1.0,0.088284,0.0,0.0,0.0,0.139909,0.818182,0.072073,0.0,0.0,0.0,0.62208,0.528942,0.161674,0.0,0.92033,0.133782,0.599769,0.379249,0.0,0.344128,0.0,0.0,0.0,0.0,0.068664,0.0,0.5,0.0,0.0,1.0,0.0,1.0,0.0,0.0,0.0,0.051985,0.031571,0.0,0.060614,0.0,1.0,0.0,0.0,0.0,0.0,0.0,0.0,0.0,0.0,0.0,0.0,1.0,0.0,0.0,0.0,0.0,0.0,0.0,0.0,0.0,0.0,0.0,0.0,-3.1444304,2,-0.6473370711018925,-0.9190576,-0.8771014730145817,-1.106865874927271,-1.3366302768399603,-1.5663946787526495,-2.025923482578028
Bank,Bank:7:task_3:Tomcat01:2021-03-06 23:18:00,Bank:Tomcat01:2021-03-06 23:18:00,7,task_3,2021_03_06,Tomcat01,tomcat03,22,-0.013687,0,0.0454545454545454,3.1354942159291497,1.0,1.0,0.3773584905660377,0.0,0.0,2.0,3.0,5.0,0.0,1.0,0.6931471805599453,2.0,2.716981132075472,1.0,-0.06,1.0,0.557845,0.715469,0.214354,0.785646,0.668523,0.881869,0.0,0.2,0.043912,0.556231,0.678503,0.322477,0.974619,0.2,0.024739,0.952096,0.470787,0.98918,0.139797,0.298444,0.859226,0.361802,0.928571,0.0,0.773841,0.993622,0.714286,0.629855,0.665218,0.681738,0.5,0.827226,0.0,0.0,1.0,0.906246,1.0,0.999882,0.833333,1.0,0.813748,0.999935,1.0,0.0,0.0,1.0,0.0,0.0,0.0,1.0,0.0,0.0,0.0,0.0,0.0,0.0,0.0,0.0,0.0,0.0,0.0,0.0,0.0,0.0,0.0,0.0,0.0,-1.3524152,2,-0.6509520127257316,1.4208221,-0.2957464768370597,0.059459059051612195,0.41466459494028407,0.769870130828956,1.4802812026062997
Bank,Bank:7:task_3:Tomcat01:2021-03-06 23:18:00,Bank:Tomcat01:2021-03-06 23:18:00,7,task_3,2021_03_06,Tomcat01,mg02,23,-0.049326,0,0.0434782608695652,3.1780538303479458,0.9056603773584906,1.0,0.0,0.0,0.0,5.0,2.0,7.0,0.0,1.0,0.6931471805599453,4.501871258280953,1.384237040484628,1.0,0.0,0.90566,0.320445,0.570108,0.53495,0.46505,0.296755,1.0,0.0,0.428571,0.031091,0.278654,0.415712,0.725874,0.744818,0.428571,0.385216,0.952096,0.569535,0.866614,0.991463,0.328953,0.644211,0.642244,0.678571,0.325572,1.0,0.0,0.285714,0.8,0.258295,0.332243,0.5,0.4375,0.0,0.0,1.0,0.114826,1.0,0.0,0.333333,0.865805,0.484312,0.45,0.877458,0.0,0.0,1.0,0.0,0.0,0.0,0.0,1.0,0.0,0.0,0.0,0.0,0.0,0.0,0.0,0.0,0.0,0.0,0.0,0.0,0.0,0.0,0.0,0.0,-2.555851,2,-0.802698661173311,-0.1505345,-0.8403322851011427,-0.8779659090289743,-0.9155995292315157,-0.9532331568846376,-1.0285003972897204
Bank,Bank:7:task_3:Tomcat01:2021-03-06 23:18:00,Bank:Tomcat01:2021-03-06 23:18:00,7,task_3,2021_03_06,Tomcat01,mg01,24,-0.054413,0,0.0416666666666666,3.218875824868201,0.9056603773584906,1.0,0.0,0.0,0.0,4.0,3.0,7.0,0.0,1.0,0.6931471805599453,3.596210880922462,2.2898974178431186,1.0,0.0,0.90566,0.530101,0.510116,0.589967,0.410033,0.440818,1.0,0.0,0.428571,0.017489,0.374413,0.513538,0.579847,0.821418,0.428571,0.323103,0.952096,0.56773,0.900635,0.947646,0.35276,0.859226,0.602425,0.714286,0.28793,1.0,0.0,0.428571,1.0,0.402518,0.392651,0.5,0.600962,0.0,0.0,1.0,0.253476,1.0,0.0,0.5,0.783354,0.608451,0.45,0.880973,1.0,0.0,0.0,0.0,0.0,0.0,0.0,1.0,0.0,0.0,0.0,0.0,0.0,0.0,0.0,0.0,0.0,0.0,0.0,0.0,0.0,0.0,0.0,0.0,-2.5042143,2,-0.8243585057439453,-0.08311115,-0.8451362937571651,-0.865914081770385,-0.8866918697836048,-0.9074696577968246,-0.9490252338232643
Bank,Bank:7:task_3:Tomcat01:2021-03-06 23:18:00,Bank:Tomcat01:2021-03-06 23:18:00,7,task_3,2021_03_06,Tomcat01,dockera2,25,-0.056646,0,0.04,3.258096538021482,0.9056603773584906,1.0,0.0,0.0,0.0,0.0,0.0,0.0,1.0,1.0,0.6931471805599453,0.0,0.0,1.0,0.0166666666666666,0.90566,0.0,0.382504,0.0,1.0,0.117997,0.0,0.0,0.0,0.139909,0.818182,0.114354,0.0,0.0,0.0,0.018444,0.528942,0.025861,0.0,0.92033,0.133782,0.599769,0.072572,0.0,0.206511,0.0,0.0,0.0,0.0,0.101173,0.0,0.5,0.0,0.0,1.0,0.0,1.0,0.0,0.0,0.0,0.049816,0.042196,0.0,0.060614,1.0,0.0,0.0,0.0,0.0,0.0,0.0,0.0,0.0,0.0,0.0,0.0,0.0,0.0,0.0,0.0,0.0,0.0,0.0,0.0,0.0,0.0,0.0,0.0,-2.1211345,2,-0.8338663557392719,0.41708583,-0.7295948991400364,-0.6253234425408009,-0.5210520008427265,-0.4167805293423298,-0.2082376459461811
Bank,Bank:7:task_3:Tomcat01:2021-03-06 23:18:00,Bank:Tomcat01:2021-03-06 23:18:00,7,task_3,2021_03_06,Tomcat01,dockera1,26,-0.06316,0,0.0384615384615384,3.295836866004329,0.0,0.0,0.0,0.0,0.0,0.0,0.0,0.0,1.0,1.0,0.6931471805599453,0.0,0.0,1.0,0.0,0.0,0.0,0.382504,0.0,1.0,0.0,0.0,0.0,0.0,0.139909,0.636364,0.0,0.0,0.0,0.0,0.62208,0.0,0.0,0.0,0.92033,0.0,0.599769,0.0,0.0,0.17896,0.0,0.0,0.0,0.0,0.0,0.0,0.5,0.0,0.0,1.0,0.0,1.0,0.0,0.0,0.0,0.0,0.0,0.0,0.0,0.0,1.0,0.0,0.0,0.0,0.0,0.0,0.0,0.0,0.0,0.0,0.0,0.0,0.0,0.0,0.0,0.0,0.0,0.0,0.0,0.0,0.0,0.0,0.0,-3.1813333,2,-0.8616021975975601,-0.96724266,-1.1034128621321289,-1.3452235266666976,-1.5870341763001052,-1.8288448557358352,-2.3124661550026504
Bank,Bank:7:task_3:Tomcat01:2021-03-06 23:18:00,Bank:Tomcat01:2021-03-06 23:18:00,7,task_3,2021_03_06,Tomcat01,dockerb1,27,-0.06316,0,0.037037037037037,3.332204510175204,0.0,0.0,0.0,0.0,0.0,0.0,0.0,0.0,1.0,1.0,0.6931471805599453,0.0,0.0,1.0,0.0,0.0,0.0,0.382504,0.0,1.0,0.0,0.0,0.0,0.0,0.139909,0.636364,0.0,0.0,0.0,0.0,0.62208,0.0,0.0,0.0,0.92033,0.0,0.599769,0.0,0.0,0.17896,0.0,0.0,0.0,0.0,0.0,0.0,0.5,0.0,0.0,1.0,0.0,1.0,0.0,0.0,0.0,0.0,0.0,0.0,0.0,0.0,1.0,0.0,0.0,0.0,0.0,0.0,0.0,0.0,0.0,0.0,0.0,0.0,0.0,0.0,0.0,0.0,0.0,0.0,0.0,0.0,0.0,0.0,0.0,-3.1813333,2,-0.8616021975975601,-0.96724266,-1.1034128621321289,-1.3452235266666976,-1.5870341763001052,-1.8288448557358352,-2.3124661550026504
Bank,Bank:7:task_3:Tomcat01:2021-03-06 23:18:00,Bank:Tomcat01:2021-03-06 23:18:00,7,task_3,2021_03_06,Tomcat01,dockerb2,28,-0.06316,0,0.0357142857142857,3.367295829986474,0.0,0.0,0.0,0.0,0.0,0.0,0.0,0.0,1.0,1.0,0.6931471805599453,0.0,0.0,1.0,0.0,0.0,0.0,0.382504,0.0,1.0,0.0,0.0,0.0,0.0,0.139909,0.636364,0.0,0.0,0.0,0.0,0.62208,0.0,0.0,0.0,0.92033,0.0,0.599769,0.0,0.0,0.17896,0.0,0.0,0.0,0.0,0.0,0.0,0.5,0.0,0.0,1.0,0.0,1.0,0.0,0.0,0.0,0.0,0.0,0.0,0.0,0.0,1.0,0.0,0.0,0.0,0.0,0.0,0.0,0.0,0.0,0.0,0.0,0.0,0.0,0.0,0.0,0.0,0.0,0.0,0.0,0.0,0.0,0.0,0.0,-3.1813333,2,-0.8616021975975601,-0.96724266,-1.1034128621321289,-1.3452235266666976,-1.5870341763001052,-1.8288448557358352,-2.3124661550026504
Bank,Bank:7:task_3:Tomcat01:2021-03-06 23:18:00,Bank:Tomcat01:2021-03-06 23:18:00,7,task_3,2021_03_06,Tomcat01,tomcat02,29,-0.108087,0,0.0344827586206896,3.4011973816621555,1.0,1.0,0.3773584905660377,0.0,0.0,0.0,0.0,0.0,1.0,1.0,0.6931471805599453,0.0,0.0,1.0,-0.0591666666666666,1.0,0.0,0.382504,0.0,1.0,0.12763,0.0,0.0,0.0,0.139909,1.0,0.109434,0.0,0.0,0.0,0.0,0.528942,0.021627,0.0,0.92033,0.133782,0.599769,0.062023,0.0,0.202127,0.0,0.0,0.0,0.0,0.111712,0.0,0.5,0.0,0.0,1.0,0.0,1.0,0.0,0.0,0.0,0.106417,0.045641,0.0,0.121228,0.0,0.0,1.0,0.0,0.0,0.0,1.0,0.0,0.0,0.0,0.0,0.0,0.0,0.0,0.0,0.0,0.0,0.0,0.0,0.0,0.0,0.0,0.0,0.0,-2.2363827,2,-1.052896051937031,0.26660332,-0.9862452217277757,-0.9195943915185205,-0.8529435687598459,-0.7862927311000101,-0.6529910855826608
Bank,Bank:14:task_2:Tomcat01:2021-03-07 21:36:00,Bank:Tomcat01:2021-03-07 21:36:00,14,task_2,2021_03_07,Tomcat01,mg02,1,0.635813,0,1.0,0.6931471805599453,0.9056603773584906,1.0,0.0,0.0,0.0,0.0,6.0,6.0,0.0,1.0,0.6931471805599453,0.0,5.433962264149647,1.0,0.0,0.90566,1.0,0.051979,0.867974,0.132026,1.0,0.860013,0.925263,1.0,1.0,0.506153,1.0,0.0,0.90566,1.0,0.023511,0.888268,0.861312,0.071477,0.739291,1.0,0.694361,0.568686,1.0,0.846347,1.0,0.0,1.0,0.0,1.0,0.48844,0.5,0.727462,0.0,0.0,1.0,0.074891,1.0,0.0,1.0,0.177296,1.0,0.45,0.271229,1.0,0.0,0.0,0.0,0.0,0.0,0.0,1.0,0.0,0.0,0.0,0.0,0.0,0.0,0.0,0.0,0.0,0.0,0.0,0.0,0.0,0.0,0.0,0.0,-0.6131308,2,1.8925299028893996,2.1173184,2.421859500839381,2.9511890987893628,3.480518756343989,4.009848294689326,5.068507609798579
Bank,Bank:14:task_2:Tomcat01:2021-03-07 21:36:00,Bank:Tomcat01:2021-03-07 21:36:00,14,task_2,2021_03_07,Tomcat01,tomcat04,2,0.610703,0,0.5,1.0986122886681096,1.0,1.0,0.3773584905660377,0.0,0.0,0.0,2.0,2.0,0.0,1.0,0.6931471805599453,0.0,1.8113207547169807,1.0,-0.0541666666666666,1.0,0.299109,0.267405,0.311527,0.688473,0.585327,0.766679,0.0,1.0,1.0,0.460472,0.615107,0.0,0.90566,1.0,0.114509,0.888268,0.883203,0.071477,0.739291,1.0,0.260308,0.610167,1.0,0.88766,0.886868,1.0,0.6,0.0,0.722854,1.0,0.5,0.815185,0.0,0.0,1.0,0.905786,1.0,1.0,1.0,0.454207,0.914962,1.0,0.411514,0.0,0.0,1.0,0.0,0.0,0.0,1.0,0.0,0.0,0.0,0.0,0.0,0.0,0.0,0.0,0.0,0.0,0.0,0.0,0.0,0.0,0.0,0.0,0.0,0.022988698,2,1.77888119853259,2.9073656,2.505722588665494,3.232563978798398,3.9594053093266575,4.686246759064206,6.139929420120724
Bank,Bank:14:task_2:Tomcat01:2021-03-07 21:36:00,Bank:Tomcat01:2021-03-07 21:36:00,14,task_2,2021_03_07,Tomcat01,ig01,3,0.585579,0,0.3333333333333333,1.3862943611198906,0.9056603773584906,1.0,0.0,0.0,0.0,2.0,0.0,2.0,0.0,1.0,0.6931471805599453,1.8113207547169032,0.0,1.0,0.0,0.90566,0.0,0.855385,0.0,1.0,0.080529,0.0,0.925263,1.0,0.5,0.0,0.366664,0.281525,0.0,1.0,0.166631,0.493482,0.658705,0.289918,0.758345,0.247832,0.041181,0.462764,0.928571,0.638589,0.449057,0.0,0.0,0.0,0.095883,0.0,0.5,0.0,0.0,1.0,0.0,1.0,0.0,0.0,0.0,0.168819,0.305569,0.0,0.314003,0.0,0.0,1.0,0.0,0.0,0.0,0.0,0.0,1.0,0.0,0.0,0.0,0.0,0.0,0.0,0.0,0.0,0.0,0.0,0.0,0.0,0.0,0.0,0.0,-1.1036363,2,1.6651691297050117,1.5081209,2.0421993533130287,2.4192295769210457,2.7962597707267403,3.1732900241370796,3.9273504117484688
Bank,Bank:14:task_2:Tomcat01:2021-03-07 21:36:00,Bank:Tomcat01:2021-03-07 21:36:00,14,task_2,2021_03_07,Tomcat01,servicetest4,4,0.579279,0,0.25,1.6094379124341005,0.9051026673445564,1.0,0.0,0.0,0.0,5.0,0.0,5.0,0.0,1.0,0.6931471805599453,4.528301886792453,0.0,1.0,0.0,0.905103,0.0,1.0,0.0,1.0,0.080491,0.0,0.925263,1.0,0.486223,0.0,0.376219,0.703812,0.0,1.0,0.60143,0.493482,0.673568,0.376894,0.996182,0.247832,0.041181,0.622088,0.607143,0.680845,0.449057,0.0,0.0,0.0,0.095824,0.0,0.5,0.0,0.0,1.0,0.0,1.0,0.0,0.0,0.0,0.183953,0.305554,0.0,0.341556,0.0,1.0,0.0,0.0,0.0,0.0,0.0,0.0,0.0,0.0,0.0,0.0,1.0,0.0,0.0,0.0,0.0,0.0,0.0,0.0,0.0,0.0,0.0,0.0,-2.6614392,2,1.6366551178592172,-0.42663738,1.5299957725304094,1.4233364272016016,1.3166770893233744,1.210017736543986,0.9966990607875315
Bank,Bank:14:task_2:Tomcat01:2021-03-07 21:36:00,Bank:Tomcat01:2021-03-07 21:36:00,14,task_2,2021_03_07,Tomcat01,tomcat03,5,0.54283,0,0.2,1.791759469228055,1.0,1.0,0.3773584905660377,0.0,0.0,1.0,0.0,1.0,0.0,1.0,0.6931471805599453,1.0,0.0,1.0,-0.0741666666666666,1.0,0.0,0.706541,0.0,1.0,0.091734,0.0,1.0,1.0,0.512887,0.181818,0.360234,0.155425,0.0,1.0,0.169904,0.493482,0.669016,0.280254,0.725263,0.247832,0.041181,0.464004,0.964286,0.643761,0.449057,0.0,0.0,0.0,0.105871,0.0,0.5,0.0,0.0,1.0,0.0,1.0,0.0,0.0,0.0,0.202387,0.310083,0.0,0.376768,0.0,0.0,1.0,0.0,0.0,0.0,1.0,0.0,0.0,0.0,0.0,0.0,0.0,0.0,0.0,0.0,0.0,0.0,0.0,0.0,0.0,0.0,0.0,0.0,-1.738746,2,1.471685718213604,0.719328,1.6515177147737008,1.8313497113337975,2.0111817227950555,2.191013704453991,2.550677727376507
Bank,Bank:14:task_2:Tomcat01:2021-03-07 21:36:00,Bank:Tomcat01:2021-03-07 21:36:00,14,task_2,2021_03_07,Tomcat01,servicetest9,6,0.530204,0,0.1666666666666666,1.9459101490553128,0.9056603773584126,1.0,0.0,0.0,0.0,0.0,2.0,2.0,0.0,1.0,0.6931471805599453,0.0,1.8113207547169807,1.0,0.0,0.90566,0.333333,0.117855,0.7,0.3,0.295528,1.0,0.925263,1.0,1.0,0.278654,0.486256,0.0,0.90566,1.0,0.60143,0.888268,1.0,0.071477,0.739291,1.0,0.260308,0.828652,1.0,1.0,1.0,0.0,0.2,0.0,0.272767,0.286679,0.5,0.4375,0.0,0.0,1.0,0.038917,1.0,0.0,0.333333,0.285692,0.49003,0.45,0.216257,0.0,1.0,0.0,0.0,0.0,0.0,0.0,0.0,0.0,0.0,0.0,0.0,1.0,0.0,0.0,0.0,0.0,0.0,0.0,0.0,0.0,0.0,0.0,0.0,-2.595815,2,1.4145400176477305,-0.34513348,1.3282566467952601,1.2419732759427897,1.1556899199914805,1.069406534237849,0.8968398223352305
Bank,Bank:14:task_2:Tomcat01:2021-03-07 21:36:00,Bank:Tomcat01:2021-03-07 21:36:00,14,task_2,2021_03_07,Tomcat01,mysql01,7,0.336303,0,0.1428571428571428,2.079441541679836,0.9056603773584906,1.0,0.0,0.0,0.0,1.0,5.0,6.0,0.0,1.0,0.6931471805599453,0.9056603773584906,4.528301886791157,1.0,0.0,0.90566,0.833333,0.077646,0.901569,0.098431,0.890149,0.844458,0.0,1.0,0.5,0.480667,0.789562,0.140762,0.90566,1.0,0.582879,0.888268,0.942442,0.81633,0.0,0.69393,0.650233,0.820585,0.964286,0.530848,1.0,0.0,0.9,0.0,0.828862,0.475196,0.5,0.681625,0.0,0.0,1.0,0.01352,1.0,0.0,1.0,0.325574,0.909652,0.45,0.575184,0.0,0.0,0.0,1.0,0.0,0.0,0.0,0.0,0.0,0.0,1.0,0.0,0.0,0.0,0.0,0.0,0.0,0.0,0.0,0.0,0.0,0.0,0.0,0.0,-2.6121483,2,0.5369375714713168,-0.36541915,0.4455827841216159,0.35422799677191497,0.26287320942221404,0.1715184220725131,-0.011191152626888745
Bank,Bank:14:task_2:Tomcat01:2021-03-07 21:36:00,Bank:Tomcat01:2021-03-07 21:36:00,14,task_2,2021_03_07,Tomcat01,apache01,8,0.305774,0,0.125,2.19722457733622,0.9056603773584906,1.0,0.0,0.0,0.0,1.0,1.0,2.0,0.0,1.0,0.6931471805599453,0.9056603773584126,0.9056603773584906,1.0,0.0,0.90566,0.166667,0.234388,0.7,0.3,0.186902,1.0,0.0,1.0,0.5,0.150358,0.298849,0.140762,0.90566,1.0,0.699016,0.888268,0.970087,0.81633,0.0,0.69393,0.0,0.870519,0.964286,0.587474,1.0,0.0,0.1,0.0,0.232566,0.443049,0.5,0.8125,0.0,0.0,1.0,0.169078,1.0,0.0,0.166667,0.495745,0.460193,0.45,0.610814,1.0,0.0,0.0,0.0,0.0,0.0,0.0,0.0,0.0,1.0,0.0,0.0,0.0,0.0,0.0,0.0,0.0,0.0,0.0,0.0,0.0,0.0,0.0,0.0,-1.5607835,2,0.39876229089349735,0.94035375,0.6338507286891364,0.8689391664847754,1.104027574478092,1.3391160420760535,1.8092928580626868
Bank,Bank:14:task_2:Tomcat01:2021-03-07 21:36:00,Bank:Tomcat01:2021-03-07 21:36:00,14,task_2,2021_03_07,Tomcat01,mysql02,9,0.275231,0,0.1111111111111111,2.302585092994046,0.9056603773584906,1.0,0.0,0.0,0.0,2.0,4.0,6.0,0.0,1.0,0.6931471805599453,1.8113207547169807,3.622641509432666,1.0,0.0,0.90566,0.666667,0.04904,0.951961,0.048039,0.780276,0.825013,0.0,1.0,0.5,0.439301,0.669098,0.281525,0.90566,1.0,0.725015,0.888268,0.962168,0.902576,0.140168,0.662047,0.924267,0.881496,0.928571,0.534384,1.0,0.0,0.8,0.0,0.709405,0.497192,0.5,0.581731,0.0,0.0,1.0,0.269465,1.0,0.0,1.0,0.356956,0.918729,0.45,0.659969,0.0,0.0,0.0,1.0,0.0,0.0,0.0,0.0,0.0,0.0,1.0,0.0,0.0,0.0,0.0,0.0,0.0,0.0,0.0,0.0,0.0,0.0,0.0,0.0,-2.2046392,2,0.26052364584490967,0.14069855,0.2956982838778229,0.3308729219107361,0.3660475599436493,0.4012221979765625,0.4715714740423889
Bank,Bank:14:task_2:Tomcat01:2021-03-07 21:36:00,Bank:Tomcat01:2021-03-07 21:36:00,14,task_2,2021_03_07,Tomcat01,servicetest10,10,0.265564,0,0.1,2.3978952727983707,0.9056603773584906,1.0,0.0,0.0,0.0,3.0,3.0,6.0,0.0,1.0,0.6931471805599453,2.716981132075472,2.7169811320741752,1.0,0.0,0.90566,0.5,0.0,1.0,0.0,0.670373,0.800013,0.0,1.0,0.5,0.374413,0.549447,0.422287,0.90566,1.0,0.60143,0.888268,0.92323,0.91224,0.796021,0.662047,0.799952,0.828652,0.892857,0.622517,1.0,0.0,0.7,0.0,0.666583,0.616663,0.5,0.744167,0.0,0.0,1.0,0.082809,1.0,0.0,1.0,0.420248,0.789101,0.45,0.698743,0.0,1.0,0.0,0.0,0.0,0.0,0.0,0.0,0.0,0.0,0.0,0.0,1.0,0.0,0.0,0.0,0.0,0.0,0.0,0.0,0.0,0.0,0.0,0.0,-2.458913,2,0.21677047877930725,-0.17510426,0.17299441366814697,0.1292183485569867,0.08544228344582641,0.04166621833466613,-0.045885911887654424
Bank,Bank:14:task_2:Tomcat01:2021-03-07 21:36:00,Bank:Tomcat01:2021-03-07 21:36:00,14,task_2,2021_03_07,Tomcat01,servicetest11,11,0.258825,0,0.0909090909090909,2.4849066497880004,0.9056603773584906,1.0,0.0,0.0,0.0,4.0,1.0,5.0,0.0,1.0,0.6931471805599453,3.6226415094339615,0.9051026673445564,1.0,0.0,0.90566,0.166564,0.383022,0.699569,0.300431,0.173726,1.0,0.0,1.0,0.484845,0.150358,0.302836,0.56305,0.905103,1.0,0.60143,0.888268,0.856364,0.979511,0.963526,0.661859,0.349767,0.828652,0.642857,0.600542,1.0,0.0,0.1,0.0,0.25662,0.521234,0.5,1.0,0.0,0.0,1.0,0.467086,1.0,0.0,0.166667,0.55239,0.548268,0.45,0.787702,0.0,1.0,0.0,0.0,0.0,0.0,0.0,0.0,0.0,0.0,0.0,0.0,1.0,0.0,0.0,0.0,0.0,0.0,0.0,0.0,0.0,0.0,0.0,0.0,-2.7998767,2,0.18626953817155972,-0.59857386,0.03662607229498044,-0.11301739358159885,-0.26266084455701694,-0.4123043253347574,-0.7115912272855935
Bank,Bank:14:task_2:Tomcat01:2021-03-07 21:36:00,Bank:Tomcat01:2021-03-07 21:36:00,14,task_2,2021_03_07,Tomcat01,servicetest8,12,0.258219,0,0.0833333333333333,2.5649493574615367,0.9056603773571944,1.0,0.0,0.0,0.0,4.0,2.0,6.0,0.0,1.0,0.6931471805599453,3.6226415094339615,1.8113207547169807,1.0,0.0,0.90566,0.333333,0.0,1.0,0.0,0.560427,0.766679,0.0,1.0,0.5,0.278654,0.443672,0.56305,0.90566,1.0,0.60143,0.888268,0.913682,0.921904,0.963519,0.662047,0.610075,0.828652,0.857143,0.651673,1.0,0.0,0.6,0.0,0.50578,0.664378,0.5,0.643811,0.0,0.0,1.0,0.106025,1.0,0.0,1.0,0.46053,0.72522,0.45,0.736083,0.0,1.0,0.0,0.0,0.0,0.0,0.0,0.0,0.0,0.0,0.0,0.0,1.0,0.0,0.0,0.0,0.0,0.0,0.0,0.0,0.0,0.0,0.0,0.0,-2.2545094,2,0.18352676179401164,0.07876074,0.20321694757930522,0.2229071333645988,0.24259731914989238,0.26228750493518593,0.3016678765057731
Bank,Bank:14:task_2:Tomcat01:2021-03-07 21:36:00,Bank:Tomcat01:2021-03-07 21:36:00,14,task_2,2021_03_07,Tomcat01,apache02,13,0.133497,0,0.0769230769230769,2.639057329615259,0.9056603773584906,1.0,0.0,0.0,0.0,7.0,4.0,11.0,0.0,1.0,0.6931471805599453,6.433962264149647,3.622083799420028,1.0,0.0,0.90566,0.666564,0.382633,0.699892,0.300108,0.474259,1.0,0.0,0.909091,0.47835,0.439301,0.602541,1.0,0.905521,0.909091,1.0,0.888268,0.909903,1.0,1.0,0.580072,0.924267,1.0,0.75,0.633121,1.0,0.0,0.4,0.857143,0.570216,0.38441,0.5,0.736229,0.0,0.0,1.0,0.247436,1.0,0.0,0.666667,0.598939,0.681098,0.45,1.0,0.0,0.0,1.0,0.0,0.0,0.0,0.0,0.0,0.0,1.0,0.0,0.0,0.0,0.0,0.0,0.0,0.0,0.0,0.0,0.0,0.0,0.0,0.0,0.0,-2.7525098,2,-0.3809692041474465,-0.5397452,-0.5159055070477608,-0.6508418099480752,-0.7857781128483895,-0.9207144157487038,-1.1905870215493324
Bank,Bank:14:task_2:Tomcat01:2021-03-07 21:36:00,Bank:Tomcat01:2021-03-07 21:36:00,14,task_2,2021_03_07,Tomcat01,ig02,14,0.125966,0,0.0714285714285714,2.70805020110221,0.9056603773584906,1.0,0.0,0.0,0.0,2.0,3.0,5.0,0.0,1.0,0.6931471805599453,1.8113207547169807,2.716423422061537,1.0,0.0,0.90566,0.499897,0.30109,0.699856,0.300144,0.391535,1.0,0.0,1.0,0.481056,0.374413,0.501245,0.281525,0.905474,1.0,0.272551,0.888268,0.79669,0.960434,0.140308,0.661984,0.799952,0.682097,0.714286,0.373179,1.0,0.0,0.3,0.0,0.409413,0.338802,0.5,0.600962,0.0,0.0,1.0,0.1865,1.0,0.0,0.5,0.492655,0.601815,0.45,0.706501,0.0,0.0,1.0,0.0,0.0,0.0,0.0,0.0,1.0,0.0,0.0,0.0,0.0,0.0,0.0,0.0,0.0,0.0,0.0,0.0,0.0,0.0,0.0,0.0,-2.9730322,2,-0.4150547633872368,-0.8136294,-0.6184621105895378,-0.8218694577918388,-1.0252768049941399,-1.228684152196441,-1.635498846601043
Bank,Bank:14:task_2:Tomcat01:2021-03-07 21:36:00,Bank:Tomcat01:2021-03-07 21:36:00,14,task_2,2021_03_07,Tomcat01,redis01,15,0.120736,0,0.0666666666666666,2.772588722239781,0.9056603773584906,1.0,0.0,0.0,0.0,3.0,2.0,5.0,0.0,1.0,0.6931471805599453,2.716981132075472,1.810763044703047,1.0,0.0,0.90566,0.333231,0.347466,0.699784,0.300216,0.282346,1.0,0.0,1.0,0.483161,0.278654,0.400801,0.422287,0.905382,1.0,0.301118,0.888268,0.794002,0.970035,0.796048,0.661953,0.610075,0.695043,0.678571,0.498988,1.0,0.0,0.2,0.0,0.27273,0.286679,0.5,0.4375,0.0,0.0,1.0,0.08354,1.0,0.0,0.333333,0.563916,0.498702,0.45,0.772472,1.0,0.0,0.0,0.0,0.0,0.0,0.0,0.0,0.0,0.0,0.0,1.0,0.0,0.0,0.0,0.0,0.0,0.0,0.0,0.0,0.0,0.0,0.0,0.0,-3.312045,2,-0.4387259192528726,-1.2346762,-0.7473949797215462,-1.05606404019022,-1.3647330708565713,-1.6734021611275673,-2.29074022246027
Bank,Bank:14:task_2:Tomcat01:2021-03-07 21:36:00,Bank:Tomcat01:2021-03-07 21:36:00,14,task_2,2021_03_07,Tomcat01,servicetest1,16,0.114892,0,0.0625,2.833213344056216,0.90566037735849,1.0,0.0,0.0,0.0,0.0,0.0,0.0,1.0,1.0,0.6931471805599453,0.0,0.0,1.0,0.0,0.90566,0.0,0.382504,0.0,1.0,0.089274,0.0,0.0,0.5,0.5,0.818182,0.105321,0.0,0.0,0.5,0.60143,0.493482,0.164396,0.0,0.89438,0.135181,0.570829,0.519956,0.0,0.38705,0.449057,0.0,0.0,0.0,0.095883,0.0,0.5,0.0,0.0,1.0,0.0,1.0,0.0,0.0,0.0,0.032079,0.309092,0.0,0.065826,0.0,1.0,0.0,0.0,0.0,0.0,0.0,0.0,0.0,0.0,0.0,0.0,1.0,0.0,0.0,0.0,0.0,0.0,0.0,0.0,0.0,0.0,0.0,0.0,-2.671274,2,-0.46517605976506676,-0.43885195,-0.5748890479032656,-0.6846020360414644,-0.7943150241796633,-0.9040280123178621,-1.1234539885942598
Bank,Bank:14:task_2:Tomcat01:2021-03-07 21:36:00,Bank:Tomcat01:2021-03-07 21:36:00,14,task_2,2021_03_07,Tomcat01,servicetest2,17,0.114892,0,0.0588235294117647,2.8903717578961645,0.9056603773584906,1.0,0.0,0.0,0.0,0.0,0.0,0.0,1.0,1.0,0.6931471805599453,0.0,0.0,1.0,0.0,0.90566,0.0,0.382504,0.0,1.0,0.089274,0.0,0.0,0.5,0.5,0.818182,0.105321,0.0,0.0,0.5,0.60143,0.493482,0.164396,0.0,0.89438,0.135181,0.570829,0.519956,0.0,0.38705,0.449057,0.0,0.0,0.0,0.095883,0.0,0.5,0.0,0.0,1.0,0.0,1.0,0.0,0.0,0.0,0.032079,0.309092,0.0,0.065826,0.0,1.0,0.0,0.0,0.0,0.0,0.0,0.0,0.0,0.0,0.0,0.0,1.0,0.0,0.0,0.0,0.0,0.0,0.0,0.0,0.0,0.0,0.0,0.0,-2.671274,2,-0.46517605976506676,-0.43885195,-0.5748890479032656,-0.6846020360414644,-0.7943150241796633,-0.9040280123178621,-1.1234539885942598
Bank,Bank:14:task_2:Tomcat01:2021-03-07 21:36:00,Bank:Tomcat01:2021-03-07 21:36:00,14,task_2,2021_03_07,Tomcat01,servicetest3,18,0.114892,0,0.0555555555555555,2.9444389791664403,0.9056603773584906,1.0,0.0,0.0,0.0,0.0,0.0,0.0,1.0,1.0,0.6931471805599453,0.0,0.0,1.0,0.0,0.90566,0.0,0.382504,0.0,1.0,0.089274,0.0,0.0,0.5,0.5,0.818182,0.105321,0.0,0.0,0.5,0.60143,0.493482,0.164396,0.0,0.89438,0.135181,0.570829,0.519956,0.0,0.38705,0.449057,0.0,0.0,0.0,0.095883,0.0,0.5,0.0,0.0,1.0,0.0,1.0,0.0,0.0,0.0,0.032079,0.309092,0.0,0.065826,0.0,1.0,0.0,0.0,0.0,0.0,0.0,0.0,0.0,0.0,0.0,0.0,1.0,0.0,0.0,0.0,0.0,0.0,0.0,0.0,0.0,0.0,0.0,0.0,-2.671274,2,-0.46517605976506676,-0.43885195,-0.5748890479032656,-0.6846020360414644,-0.7943150241796633,-0.9040280123178621,-1.1234539885942598
Bank,Bank:14:task_2:Tomcat01:2021-03-07 21:36:00,Bank:Tomcat01:2021-03-07 21:36:00,14,task_2,2021_03_07,Tomcat01,servicetest5,19,0.114892,0,0.0526315789473684,2.995732273553991,0.9056603773584906,1.0,0.0,0.0,0.0,0.0,0.0,0.0,1.0,1.0,0.6931471805599453,0.0,0.0,1.0,0.0,0.90566,0.0,0.382504,0.0,1.0,0.089274,0.0,0.0,0.5,0.5,0.818182,0.105321,0.0,0.0,0.5,0.60143,0.493482,0.164396,0.0,0.89438,0.135181,0.570829,0.519956,0.0,0.38705,0.449057,0.0,0.0,0.0,0.095883,0.0,0.5,0.0,0.0,1.0,0.0,1.0,0.0,0.0,0.0,0.032079,0.309092,0.0,0.065826,0.0,1.0,0.0,0.0,0.0,0.0,0.0,0.0,0.0,0.0,0.0,0.0,1.0,0.0,0.0,0.0,0.0,0.0,0.0,0.0,0.0,0.0,0.0,0.0,-2.671274,2,-0.46517605976506676,-0.43885195,-0.5748890479032656,-0.6846020360414644,-0.7943150241796633,-0.9040280123178621,-1.1234539885942598
Bank,Bank:14:task_2:Tomcat01:2021-03-07 21:36:00,Bank:Tomcat01:2021-03-07 21:36:00,14,task_2,2021_03_07,Tomcat01,servicetest6,20,0.114892,0,0.05,3.044522437723423,0.9056600902694236,1.0,0.0,0.0,0.0,0.0,0.0,0.0,1.0,1.0,0.6931471805599453,0.0,0.0,1.0,0.0,0.90566,0.0,0.382504,0.0,1.0,0.089274,0.0,0.0,0.5,0.5,0.818182,0.105321,0.0,0.0,0.5,0.60143,0.493482,0.164396,0.0,0.89438,0.135181,0.570829,0.519956,0.0,0.38705,0.449057,0.0,0.0,0.0,0.095883,0.0,0.5,0.0,0.0,1.0,0.0,1.0,0.0,0.0,0.0,0.032079,0.309092,0.0,0.065826,0.0,1.0,0.0,0.0,0.0,0.0,0.0,0.0,0.0,0.0,0.0,0.0,1.0,0.0,0.0,0.0,0.0,0.0,0.0,0.0,0.0,0.0,0.0,0.0,-2.803033,2,-0.46517605976506676,-0.60249406,-0.6157995750133654,-0.766423090261664,-0.9170466204111238,-1.0676701207582613,-1.368917181057181
Bank,Bank:14:task_2:Tomcat01:2021-03-07 21:36:00,Bank:Tomcat01:2021-03-07 21:36:00,14,task_2,2021_03_07,Tomcat01,servicetest7,21,0.114892,0,0.0476190476190476,3.091042453358316,0.9056603773570268,1.0,0.0,0.0,0.0,0.0,0.0,0.0,1.0,1.0,0.6931471805599453,0.0,0.0,1.0,0.0,0.90566,0.0,0.382504,0.0,1.0,0.089274,0.0,0.0,0.5,0.5,0.818182,0.105321,0.0,0.0,0.5,0.60143,0.493482,0.164396,0.0,0.89438,0.135181,0.570829,0.519956,0.0,0.38705,0.449057,0.0,0.0,0.0,0.095883,0.0,0.5,0.0,0.0,1.0,0.0,1.0,0.0,0.0,0.0,0.032079,0.309092,0.0,0.065826,0.0,1.0,0.0,0.0,0.0,0.0,0.0,0.0,0.0,0.0,0.0,0.0,1.0,0.0,0.0,0.0,0.0,0.0,0.0,0.0,0.0,0.0,0.0,0.0,-2.671274,2,-0.46517605976506676,-0.43885195,-0.5748890479032656,-0.6846020360414644,-0.7943150241796633,-0.9040280123178621,-1.1234539885942598
Bank,Bank:14:task_2:Tomcat01:2021-03-07 21:36:00,Bank:Tomcat01:2021-03-07 21:36:00,14,task_2,2021_03_07,Tomcat01,redis02,22,0.080524,0,0.0454545454545454,3.1354942159291497,0.9056603773584906,1.0,0.0,0.0,0.0,0.0,0.0,0.0,1.0,1.0,0.6931471805599453,0.0,0.0,1.0,0.0,0.90566,0.0,0.382504,0.0,1.0,0.089274,0.0,0.0,0.5,0.5,0.818182,0.105321,0.0,0.0,0.5,0.192273,0.493482,0.069485,0.0,0.89438,0.135181,0.570829,0.369458,0.0,0.299008,0.449057,0.0,0.0,0.0,0.095883,0.0,0.5,0.0,0.0,1.0,0.0,1.0,0.0,0.0,0.0,0.032079,0.309092,0.0,0.065826,0.0,0.0,0.0,1.0,0.0,0.0,0.0,0.0,0.0,0.0,0.0,1.0,0.0,0.0,0.0,0.0,0.0,0.0,0.0,0.0,0.0,0.0,0.0,0.0,-1.5446861,2,-0.6207267834343154,0.9603464,-0.3806401832498748,-0.1405535830654342,0.09953300221784522,0.33961961730344703,0.8197927878700059
Bank,Bank:14:task_2:Tomcat01:2021-03-07 21:36:00,Bank:Tomcat01:2021-03-07 21:36:00,14,task_2,2021_03_07,Tomcat01,dockera1,23,0.06172,0,0.0434782608695652,3.1780538303479458,0.0,0.0,0.0,0.0,0.0,0.0,0.0,0.0,1.0,1.0,0.6931471805599453,0.0,0.0,1.0,0.0,0.0,0.0,0.382504,0.0,1.0,0.0,0.0,0.0,0.5,0.5,0.636364,0.0,0.0,0.0,0.5,0.60143,0.0,0.0,0.0,0.89438,0.0,0.570829,0.238372,0.0,0.232041,0.449057,0.0,0.0,0.0,0.0,0.0,0.5,0.0,0.0,1.0,0.0,1.0,0.0,0.0,0.0,0.0,0.273125,0.0,0.0,0.0,1.0,0.0,0.0,0.0,0.0,0.0,0.0,0.0,0.0,0.0,0.0,0.0,0.0,0.0,0.0,0.0,0.0,0.0,0.0,0.0,0.0,0.0,0.0,-3.1418583,2,-0.7058343197435727,-1.0233078,-0.9616612698168149,-1.2174882198900572,-1.4733151699632994,-1.7291421200365416,-2.240796020183026
Bank,Bank:14:task_2:Tomcat01:2021-03-07 21:36:00,Bank:Tomcat01:2021-03-07 21:36:00,14,task_2,2021_03_07,Tomcat01,dockera2,24,0.06172,0,0.0416666666666666,3.218875824868201,0.0,0.0,0.0,0.0,0.0,0.0,0.0,0.0,1.0,1.0,0.6931471805599453,0.0,0.0,1.0,0.0,0.0,0.0,0.382504,0.0,1.0,0.0,0.0,0.0,0.5,0.5,0.636364,0.0,0.0,0.0,0.5,0.60143,0.0,0.0,0.0,0.89438,0.0,0.570829,0.238372,0.0,0.232041,0.449057,0.0,0.0,0.0,0.0,0.0,0.5,0.0,0.0,1.0,0.0,1.0,0.0,0.0,0.0,0.0,0.273125,0.0,0.0,0.0,1.0,0.0,0.0,0.0,0.0,0.0,0.0,0.0,0.0,0.0,0.0,0.0,0.0,0.0,0.0,0.0,0.0,0.0,0.0,0.0,0.0,0.0,0.0,-3.1418583,2,-0.7058343197435727,-1.0233078,-0.9616612698168149,-1.2174882198900572,-1.4733151699632994,-1.7291421200365416,-2.240796020183026
Bank,Bank:14:task_2:Tomcat01:2021-03-07 21:36:00,Bank:Tomcat01:2021-03-07 21:36:00,14,task_2,2021_03_07,Tomcat01,dockerb1,25,0.06172,0,0.04,3.258096538021482,0.0,0.0,0.0,0.0,0.0,0.0,0.0,0.0,1.0,1.0,0.6931471805599453,0.0,0.0,1.0,0.0,0.0,0.0,0.382504,0.0,1.0,0.0,0.0,0.0,0.5,0.5,0.636364,0.0,0.0,0.0,0.5,0.60143,0.0,0.0,0.0,0.89438,0.0,0.570829,0.238372,0.0,0.232041,0.449057,0.0,0.0,0.0,0.0,0.0,0.5,0.0,0.0,1.0,0.0,1.0,0.0,0.0,0.0,0.0,0.273125,0.0,0.0,0.0,1.0,0.0,0.0,0.0,0.0,0.0,0.0,0.0,0.0,0.0,0.0,0.0,0.0,0.0,0.0,0.0,0.0,0.0,0.0,0.0,0.0,0.0,0.0,-3.1418583,2,-0.7058343197435727,-1.0233078,-0.9616612698168149,-1.2174882198900572,-1.4733151699632994,-1.7291421200365416,-2.240796020183026
Bank,Bank:14:task_2:Tomcat01:2021-03-07 21:36:00,Bank:Tomcat01:2021-03-07 21:36:00,14,task_2,2021_03_07,Tomcat01,dockerb2,26,0.06172,0,0.0384615384615384,3.295836866004329,0.0,0.0,0.0,0.0,0.0,0.0,0.0,0.0,1.0,1.0,0.6931471805599453,0.0,0.0,1.0,0.0,0.0,0.0,0.382504,0.0,1.0,0.0,0.0,0.0,0.5,0.5,0.636364,0.0,0.0,0.0,0.5,0.60143,0.0,0.0,0.0,0.89438,0.0,0.570829,0.238372,0.0,0.232041,0.449057,0.0,0.0,0.0,0.0,0.0,0.5,0.0,0.0,1.0,0.0,1.0,0.0,0.0,0.0,0.0,0.273125,0.0,0.0,0.0,1.0,0.0,0.0,0.0,0.0,0.0,0.0,0.0,0.0,0.0,0.0,0.0,0.0,0.0,0.0,0.0,0.0,0.0,0.0,0.0,0.0,0.0,0.0,-3.1418583,2,-0.7058343197435727,-1.0233078,-0.9616612698168149,-1.2174882198900572,-1.4733151699632994,-1.7291421200365416,-2.240796020183026
Bank,Bank:14:task_2:Tomcat01:2021-03-07 21:36:00,Bank:Tomcat01:2021-03-07 21:36:00,14,task_2,2021_03_07,Tomcat01,mg01,27,0.054926,0,0.037037037037037,3.332204510175204,0.9056603773584906,1.0,0.0,0.0,0.0,6.0,5.0,11.0,0.0,1.0,0.6931471805599453,5.528301886791157,4.527744176778519,1.0,0.0,0.90566,0.833231,0.382607,0.699914,0.300086,0.583786,1.0,0.0,0.909091,0.474742,0.480667,0.711657,0.859238,0.905549,0.909091,0.137002,0.888268,0.713515,0.990355,0.999285,0.580082,1.0,0.623709,0.785714,0.443014,1.0,0.0,0.5,1.0,0.706899,0.396138,0.5,0.753289,0.0,0.0,1.0,0.0,1.0,0.0,0.833333,0.599684,0.674548,0.45,0.995431,1.0,0.0,0.0,0.0,0.0,0.0,0.0,1.0,0.0,0.0,0.0,0.0,0.0,0.0,0.0,0.0,0.0,0.0,0.0,0.0,0.0,0.0,0.0,0.0,-2.1922188,2,-0.7365841922007677,0.15612444,-0.6975530814968225,-0.6585219707928773,-0.6194908600889322,-0.580459749384987,-0.5023975279770967
Bank,Bank:14:task_2:Tomcat01:2021-03-07 21:36:00,Bank:Tomcat01:2021-03-07 21:36:00,14,task_2,2021_03_07,Tomcat01,tomcat02,28,0.021235,0,0.0357142857142857,3.367295829986474,1.0,1.0,0.3773584905660377,0.0,0.0,0.0,0.0,0.0,1.0,1.0,0.6931471805599453,0.0,0.0,1.0,-0.0680555555555555,1.0,0.0,0.382504,0.0,1.0,0.096562,0.0,0.0,0.5,0.5,1.0,0.100789,0.0,0.0,0.5,0.063304,0.493482,0.038888,0.0,0.89438,0.135181,0.570829,0.315054,0.0,0.269918,0.449057,0.0,0.0,0.0,0.105871,0.0,0.5,0.0,0.0,1.0,0.0,1.0,0.0,0.0,0.0,0.067757,0.312029,0.0,0.131651,0.0,0.0,1.0,0.0,0.0,0.0,1.0,0.0,0.0,0.0,0.0,0.0,0.0,0.0,0.0,0.0,0.0,0.0,0.0,0.0,0.0,0.0,0.0,0.0,-2.0995939,2,-0.889070791105,0.27116263,-0.8212801338231244,-0.7534894765412488,-0.6856988192593731,-0.6179081619774975,-0.4823268474137463
Bank,Bank:14:task_2:Tomcat01:2021-03-07 21:36:00,Bank:Tomcat01:2021-03-07 21:36:00,14,task_2,2021_03_07,Tomcat01,tomcat01,29,-0.345014,1,0.0344827586206896,3.4011973816621555,1.0,1.0,0.3773584905660377,0.0,0.0,0.0,1.0,1.0,0.0,1.0,0.6931471805599453,0.0,1.0,1.0,-0.0611111111111111,1.0,0.035857,0.0,1.0,0.0,0.209539,1.0,1.0,0.0,0.0,0.332176,0.187034,0.0,1.0,0.0,0.0,1.0,0.066689,0.676476,0.804987,0.161282,0.349767,0.0,1.0,0.0,0.0,0.0,0.1,0.0,0.118597,0.038557,0.5,1.0,0.0,0.0,1.0,0.671385,1.0,0.993778,0.166667,1.0,0.0,0.996578,0.685844,0.0,0.0,1.0,0.0,0.0,0.0,1.0,0.0,0.0,0.0,0.0,0.0,0.0,0.0,0.0,0.0,0.0,0.0,0.0,0.0,0.0,0.0,0.0,0.0,-1.0382578,2,-2.546726080709826,1.5893196,-2.1493961840213647,-1.7520662873329034,-1.3547364204467645,-0.9574064939559808,-0.16274676018370293
Bank,Bank:15:task_4:apache02:2021-03-09 08:13:00,Bank:apache02:2021-03-09 08:13:00,15,task_4,2021_03_09,apache02,ig01,1,0.622338,0,1.0,0.6931471805599453,0.9900018686334078,1.0,0.0,0.0,0.0,0.0,5.0,5.0,0.0,1.0,0.6931471805599453,0.0,4.04284443818529,1.0,0.0,0.990002,0.808569,0.072555,0.826259,0.173741,1.0,0.806477,1.0,1.0,1.0,0.48691,1.0,0.0,0.808569,1.0,0.042272,0.891664,0.946441,0.125288,0.770383,1.0,0.630734,0.586241,1.0,0.798896,1.0,0.0,1.0,0.0,0.897661,0.31731,0.5,0.782397,0.0,0.0,1.0,0.04534,1.0,0.0,1.0,0.184513,1.0,0.45,0.257389,1.0,0.0,0.0,0.0,0.0,0.0,0.0,0.0,1.0,0.0,0.0,0.0,0.0,0.0,0.0,0.0,0.0,0.0,0.0,0.0,0.0,0.0,0.0,0.0,-0.8263531,2,2.4700752309663025,1.2211972,2.7753745428425995,3.0806738547188965,3.385973196397516,3.6912724784714905,4.301871161828729
Bank,Bank:15:task_4:apache02:2021-03-09 08:13:00,Bank:apache02:2021-03-09 08:13:00,15,task_4,2021_03_09,apache02,tomcat02,2,0.47027,0,0.5,1.0986122886681096,1.0,1.0,0.4166666666666667,0.0,0.0,0.0,2.0,2.0,0.0,1.0,0.6931471805599453,0.0,1.1735235093303744,1.0,-0.0830555555555555,1.0,0.198784,0.360546,0.117352,0.882648,0.240782,1.0,0.0,1.0,1.0,0.413619,0.519365,0.0,0.586762,1.0,0.21409,0.792685,1.0,0.0,0.799621,0.90909,0.0,0.773616,1.0,1.0,0.693904,1.0,0.2,0.0,0.249261,0.238996,0.5,0.926003,0.0,0.0,1.0,0.848855,1.0,1.0,0.333333,0.964606,0.538759,1.0,0.461546,0.0,1.0,0.0,0.0,0.0,0.0,1.0,0.0,0.0,0.0,0.0,0.0,0.0,0.0,0.0,0.0,0.0,0.0,0.0,0.0,0.0,0.0,0.0,0.0,-1.638161,2,1.8190332699961467,0.5463049,1.9556094903893275,2.092185710782508,2.228761916274528,2.36533815156887,2.638490562552909
Bank,Bank:15:task_4:apache02:2021-03-09 08:13:00,Bank:apache02:2021-03-09 08:13:00,15,task_4,2021_03_09,apache02,ig02,3,0.430571,0,0.3333333333333333,1.3862943611198906,1.0,1.0,0.0,0.0,0.0,1.0,2.0,3.0,0.0,1.0,0.6931471805599453,0.133474628435547,1.1735235093303744,1.0,0.0,1.0,0.234705,0.47413,0.410733,0.589267,0.240106,1.0,0.0,1.0,0.045111,0.191397,0.455965,0.026695,0.586762,1.0,0.26661,0.792685,0.896248,0.187303,0.748891,0.867687,0.0,0.846587,0.571429,0.81107,1.0,0.0,0.2,0.0,0.306423,0.244508,0.5,0.769559,0.0,0.0,1.0,0.262703,1.0,0.0,0.333333,0.372698,0.546654,0.45,0.22002,0.0,0.0,1.0,0.0,0.0,0.0,0.0,0.0,1.0,0.0,0.0,0.0,0.0,0.0,0.0,0.0,0.0,0.0,0.0,0.0,0.0,0.0,0.0,0.0,-1.7627707,2,1.6490717080070743,0.44271123,1.7597495165302524,1.8704273250534305,1.9811051335766086,2.091782942099787,2.313138559146143
Bank,Bank:15:task_4:apache02:2021-03-09 08:13:00,Bank:apache02:2021-03-09 08:13:00,15,task_4,2021_03_09,apache02,apache02,4,0.281484,1,0.25,1.6094379124341005,1.0,1.0,0.0,0.0,0.0,4.0,1.0,5.0,0.0,1.0,0.6931471805599453,3.032846306818698,1.0,1.0,0.0,1.0,0.2,0.0,1.0,0.0,0.613237,0.708333,0.0,1.0,0.045111,0.183771,0.465271,0.606569,1.0,1.0,0.178587,1.0,0.973034,0.943515,0.897005,0.773381,0.661693,0.871414,0.857143,0.444691,1.0,0.0,0.6,0.0,0.644177,1.0,0.5,0.931224,0.0,0.0,1.0,0.202546,1.0,0.0,1.0,0.587205,0.785798,0.45,0.732369,0.0,0.0,1.0,0.0,0.0,0.0,0.0,0.0,0.0,1.0,0.0,0.0,0.0,0.0,0.0,0.0,0.0,0.0,0.0,0.0,0.0,0.0,0.0,0.0,0.20391084,2,1.0107921696745017,2.077702,1.5302176810346702,2.0496431923948384,2.569068703755007,3.0884942151151753,4.127345237835512
Bank,Bank:15:task_4:apache02:2021-03-09 08:13:00,Bank:apache02:2021-03-09 08:13:00,15,task_4,2021_03_09,apache02,mysql01,5,0.268947,0,0.2,1.791759469228055,1.0,1.0,0.0,0.0,0.0,1.0,4.0,5.0,0.0,1.0,0.6931471805599453,0.9900018686334078,3.0428444381852904,1.0,0.0,1.0,0.608569,0.127443,0.847498,0.152502,0.87353,0.782415,0.0,1.0,0.045111,0.421138,0.762945,0.198,0.760711,1.0,0.188386,0.86458,0.954922,0.777368,0.071982,0.672012,0.941311,0.78945,0.964286,0.268147,1.0,0.0,0.9,0.0,0.970729,0.445571,0.5,0.784613,0.0,0.0,1.0,0.111191,1.0,0.0,1.0,0.403859,0.942768,0.45,0.588041,0.0,0.0,0.0,1.0,0.0,0.0,0.0,0.0,0.0,0.0,1.0,0.0,0.0,0.0,0.0,0.0,0.0,0.0,0.0,0.0,0.0,0.0,0.0,0.0,-0.20867282,2,0.9571180695042959,1.7347027,1.3907937460885398,1.8244694226727836,2.2581451290593497,2.691820775841271,3.5591721886144034
Bank,Bank:15:task_4:apache02:2021-03-09 08:13:00,Bank:apache02:2021-03-09 08:13:00,15,task_4,2021_03_09,apache02,apache01,6,0.226825,0,0.1666666666666666,1.9459101490553128,1.0,1.0,0.0,0.0,0.0,5.0,1.0,6.0,0.0,1.0,0.6931471805599453,5.0,0.133474628435547,1.0,0.0,1.0,0.026695,0.532434,0.597432,0.402568,0.25034,0.671897,0.0,1.0,0.045111,0.021931,0.353432,1.0,0.133475,1.0,0.237063,0.546434,0.75212,0.502474,1.0,0.403289,0.50114,0.617742,0.642857,0.519248,1.0,0.0,0.3,0.0,0.311692,0.559101,0.5,0.803928,0.0,0.0,1.0,0.035671,1.0,0.0,0.666667,0.731092,0.506455,0.45,0.686917,0.0,0.0,1.0,0.0,0.0,0.0,0.0,0.0,0.0,1.0,0.0,0.0,0.0,0.0,0.0,0.0,0.0,0.0,0.0,0.0,0.0,0.0,0.0,0.0,-2.5481515,2,0.7767830254451584,-0.21021116,0.7242302359954667,0.6716774465457749,0.6191246570960831,0.5665718676463913,0.4614662887470078
Bank,Bank:15:task_4:apache02:2021-03-09 08:13:00,Bank:apache02:2021-03-09 08:13:00,15,task_4,2021_03_09,apache02,tomcat03,7,0.220389,0,0.1428571428571428,2.079441541679836,1.0,1.0,0.0,0.0,0.0,3.0,2.0,5.0,0.0,1.0,0.6931471805599453,2.032846306818698,2.0,1.0,0.0,1.0,0.4,0.0,1.0,0.0,0.740687,0.75,0.0,1.0,0.045111,0.340577,0.590174,0.406569,1.0,1.0,0.043244,1.0,0.90649,0.935446,0.37805,0.773381,0.797127,0.654904,0.892857,0.228195,1.0,0.0,0.7,0.0,0.838066,0.674648,0.5,0.989651,0.0,0.0,1.0,0.283964,1.0,0.0,1.0,0.511521,0.889617,0.45,0.715826,0.0,0.0,1.0,0.0,0.0,0.0,1.0,0.0,0.0,0.0,0.0,0.0,0.0,0.0,0.0,0.0,0.0,0.0,0.0,0.0,0.0,0.0,0.0,0.0,0.35111684,2,0.7492288650642503,2.2000809,1.2992490829597583,1.849269300855266,2.399289518750774,2.9493097366462817,4.049350172437297
Bank,Bank:15:task_4:apache02:2021-03-09 08:13:00,Bank:apache02:2021-03-09 08:13:00,15,task_4,2021_03_09,apache02,redis02,8,0.195615,0,0.125,2.19722457733622,1.0,1.0,0.0,0.0,0.0,5.0,5.0,10.0,0.0,1.0,0.6931471805599453,4.032846306818698,5.0,1.0,0.0,1.0,1.0,0.397286,0.706727,0.293273,0.696415,0.9909,0.391231,1.0,0.045111,0.587482,0.894017,0.806569,1.0,1.0,0.088301,1.0,0.911192,0.951584,0.986892,0.773381,1.0,0.727508,0.821429,0.364413,1.0,0.0,0.6,0.0,0.85788,0.303479,0.5,0.6984,0.0,0.0,1.0,0.060076,1.0,0.0,1.0,0.674361,0.774655,0.45,0.857952,0.0,0.0,0.0,1.0,0.0,0.0,0.0,0.0,0.0,0.0,0.0,1.0,0.0,0.0,0.0,0.0,0.0,0.0,0.0,0.0,0.0,0.0,0.0,0.0,-2.0165508,2,0.6431650413730422,0.2317324,0.7010981409409324,0.7590312405088225,0.8169643475272933,0.8748974396446029,0.9907636536815444
Bank,Bank:15:task_4:apache02:2021-03-09 08:13:00,Bank:apache02:2021-03-09 08:13:00,15,task_4,2021_03_09,apache02,mysql02,9,0.189759,0,0.1111111111111111,2.302585092994046,1.0,1.0,0.0,0.0,0.0,2.0,4.0,6.0,0.0,1.0,0.6931471805599453,2.0,3.1334746284355472,1.0,0.0,1.0,0.626695,0.345549,0.674358,0.325642,0.632166,0.86364,0.0,1.0,0.045111,0.421138,0.708826,0.4,0.783369,1.0,0.323461,0.886608,0.975138,0.845359,0.416958,0.680858,0.960597,1.0,0.75,0.35382,1.0,0.0,0.6,0.0,0.606294,0.287405,0.5,0.588758,0.0,0.0,1.0,0.196931,1.0,0.0,1.0,0.574085,0.79167,0.45,0.717497,0.0,0.0,0.0,1.0,0.0,0.0,0.0,0.0,0.0,0.0,1.0,0.0,0.0,0.0,0.0,0.0,0.0,0.0,0.0,0.0,0.0,0.0,0.0,0.0,-2.9331584,2,0.6180940091805939,-0.5302847,0.48552283348612824,0.3529516577916626,0.22038046719603577,0.08780930640273132,-0.17733307478852234
Bank,Bank:15:task_4:apache02:2021-03-09 08:13:00,Bank:apache02:2021-03-09 08:13:00,15,task_4,2021_03_09,apache02,mg02,10,0.185815,0,0.1,2.3978952727983707,1.0,1.0,0.0,0.0,0.0,1.0,5.0,6.0,0.0,1.0,0.6931471805599453,1.0,4.133474628435547,1.0,0.0,1.0,0.826695,0.265319,0.679486,0.320514,0.759379,0.885872,0.0,1.0,0.045111,0.48691,0.833334,0.2,0.826695,1.0,0.0521,0.909287,0.842656,0.861762,0.0,0.699363,1.0,0.61254,0.785714,0.092629,1.0,0.0,0.7,0.0,1.0,0.359821,0.5,0.977732,0.0,0.0,1.0,0.068373,1.0,0.0,1.0,0.499185,0.829534,0.45,0.63499,0.0,0.0,1.0,0.0,0.0,0.0,0.0,1.0,0.0,0.0,0.0,0.0,0.0,0.0,0.0,0.0,0.0,0.0,0.0,0.0,0.0,0.0,0.0,0.0,-2.1303847,2,0.6012087374990679,0.13709716,0.6354830287461973,0.6697573199933268,0.7040316075151659,0.7383059024875857,0.8068544775312639
Bank,Bank:15:task_4:apache02:2021-03-09 08:13:00,Bank:apache02:2021-03-09 08:13:00,15,task_4,2021_03_09,apache02,tomcat01,11,0.181028,0,0.0909090909090909,2.4849066497880004,1.0,1.0,0.0,0.0,0.0,4.0,2.0,6.0,0.0,1.0,0.6931471805599453,4.0,1.133474628435547,1.0,0.0,1.0,0.226695,0.470252,0.648716,0.351284,0.377669,0.776606,0.0,1.0,0.045111,0.191397,0.466139,0.8,0.566737,1.0,0.07689,0.773217,0.768852,0.739133,0.987597,0.588335,0.797127,0.562301,0.678571,0.368453,1.0,0.0,0.4,0.0,0.505582,0.454199,0.5,0.939661,0.0,0.0,1.0,0.297331,1.0,0.0,0.833333,0.682298,0.66676,0.45,0.761565,0.0,0.0,1.0,0.0,0.0,0.0,1.0,0.0,0.0,0.0,0.0,0.0,0.0,0.0,0.0,0.0,0.0,0.0,0.0,0.0,0.0,0.0,0.0,0.0,-0.3457334,2,0.5807143674332805,1.6207579,0.9859038517911144,1.3910933361489484,1.7962827907044598,2.201472304864616,3.011851213975639
Bank,Bank:15:task_4:apache02:2021-03-09 08:13:00,Bank:apache02:2021-03-09 08:13:00,15,task_4,2021_03_09,apache02,redis01,12,0.146283,0,0.0833333333333333,2.5649493574615367,1.0,1.0,0.0,0.0,0.0,3.0,3.0,6.0,0.0,1.0,0.6931471805599453,3.0,2.1334746284355472,1.0,0.0,1.0,0.426695,0.408117,0.665811,0.334189,0.504934,0.830651,0.0,1.0,0.045111,0.324968,0.585632,0.6,0.711158,1.0,0.0,0.848811,0.767315,0.81264,0.900109,0.650017,0.895918,0.495012,0.714286,0.289544,1.0,0.0,0.5,0.0,0.699471,0.419231,0.5,1.0,0.0,0.0,1.0,0.010785,1.0,0.0,1.0,0.680265,0.65509,0.45,0.747492,0.0,0.0,1.0,0.0,0.0,0.0,0.0,0.0,0.0,0.0,0.0,1.0,0.0,0.0,0.0,0.0,0.0,0.0,0.0,0.0,0.0,0.0,0.0,0.0,-1.8468709,2,0.43196214517805215,0.3727949,0.5251608692691052,0.6183595933601582,0.7115583249017918,0.8047570415422642,0.9911545046255315
Bank,Bank:15:task_4:apache02:2021-03-09 08:13:00,Bank:apache02:2021-03-09 08:13:00,15,task_4,2021_03_09,apache02,servicetest8,13,0.112759,0,0.0769230769230769,2.639057329615259,0.0428444381852904,0.0714073969754841,0.0,0.0,0.0,2.0,3.0,5.0,0.0,1.0,0.6931471805599453,1.990001868633408,3.0,1.0,0.0,0.042844,0.6,0.0,1.0,0.0,0.784581,0.78125,0.0,1.0,0.045111,0.457615,0.545629,0.398,1.0,1.0,0.241481,0.613086,0.905626,0.927376,0.335622,0.686968,0.895918,0.674255,0.928571,0.211903,1.0,0.0,0.8,0.0,0.728441,0.434365,0.5,0.601368,0.0,0.0,1.0,0.113431,1.0,0.0,1.0,0.534972,0.880715,0.45,0.745485,0.0,1.0,0.0,0.0,0.0,0.0,0.0,0.0,0.0,0.0,0.0,0.0,1.0,0.0,0.0,0.0,0.0,0.0,0.0,0.0,0.0,0.0,0.0,0.0,-2.6265893,2,0.28843733588508114,-0.27542004,0.21958232591203197,0.1507273159389828,0.08187231341651424,0.013017295992884481,-0.12469270905205265
Bank,Bank:15:task_4:apache02:2021-03-09 08:13:00,Bank:apache02:2021-03-09 08:13:00,15,task_4,2021_03_09,apache02,servicetest6,14,0.045075,0,0.0714285714285714,2.70805020110221,0.1735235093303745,0.2892058488839575,0.0,0.0,0.0,3.0,0.0,3.0,0.0,1.0,0.6931471805599453,3.0,0.0,1.0,0.0,0.173524,0.0,1.0,0.0,1.0,0.032573,0.0,1.0,0.333333,0.0,0.0,0.291313,0.6,0.0,0.333333,0.241481,0.16067,0.284247,0.618054,0.94288,0.0,0.50114,0.249381,0.464286,0.033076,0.0,0.0,0.0,1.0,0.020704,0.0,0.5,0.0,0.0,1.0,0.0,1.0,0.0,0.0,0.0,0.543735,0.013136,0.0,0.609561,0.0,1.0,0.0,0.0,0.0,0.0,0.0,0.0,0.0,0.0,0.0,0.0,1.0,0.0,0.0,0.0,0.0,0.0,0.0,0.0,0.0,0.0,0.0,0.0,-2.600066,2,-0.0013351611971718226,-0.25337,-0.06467765794991077,-0.12802015470264974,-0.1913626514553887,-0.2547051482081276,-0.3813901417136055
Bank,Bank:15:task_4:apache02:2021-03-09 08:13:00,Bank:apache02:2021-03-09 08:13:00,15,task_4,2021_03_09,apache02,dockerb1,15,0.018397,0,0.0666666666666666,2.772588722239781,1.0,1.0,0.0,0.0,0.0,0.0,0.0,0.0,1.0,1.0,0.6931471805599453,0.0,0.0,1.0,0.0666666666666666,1.0,0.0,0.405881,0.0,1.0,0.101326,0.0,0.0,0.0,0.045111,1.0,0.138574,0.0,0.0,0.0,1.0,0.555556,0.553718,0.120448,0.891882,0.260525,0.776708,0.779249,0.0,0.516359,0.0,0.0,0.0,0.0,0.119317,0.0,0.5,0.0,0.0,1.0,0.0,1.0,0.0,0.0,0.0,0.077807,0.040862,0.0,0.096231,1.0,0.0,0.0,0.0,0.0,0.0,0.0,0.0,0.0,0.0,0.0,0.0,0.0,0.0,0.0,0.0,0.0,0.0,0.0,0.0,0.0,0.0,0.0,0.0,-3.278114,2,-0.11555049535532359,-0.81706184,-0.3198159557272947,-0.5240814160992658,-0.7283468615700758,-0.9326123368432081,-1.341143227784828
Bank,Bank:15:task_4:apache02:2021-03-09 08:13:00,Bank:apache02:2021-03-09 08:13:00,15,task_4,2021_03_09,apache02,tomcat04,16,-0.040373,0,0.0625,2.833213344056216,1.0,1.0,0.0,0.0,0.0,3.0,1.0,4.0,0.0,1.0,0.6931471805599453,2.133474628435547,0.1735235093303745,1.0,0.0,1.0,0.034705,0.919924,0.121466,0.878534,0.110656,1.0,0.0,0.5,0.0,0.021931,0.414596,0.426695,0.173524,0.5,0.143401,0.58537,0.460298,0.670343,0.741027,0.217611,0.50114,0.502231,0.5,0.11838,1.0,0.0,0.1,1.0,0.141617,0.192113,0.5,0.506153,0.0,0.0,1.0,0.205907,1.0,0.0,0.166667,1.0,0.449751,0.45,1.0,1.0,0.0,0.0,0.0,0.0,0.0,1.0,0.0,0.0,0.0,0.0,0.0,0.0,0.0,0.0,0.0,0.0,0.0,0.0,0.0,0.0,0.0,0.0,0.0,-0.8771017,2,-0.36715988093424934,1.1790076,-0.07240796857882636,0.2223439437765966,0.517095885934342,0.8118477684874426,1.4013516528029333
Bank,Bank:15:task_4:apache02:2021-03-09 08:13:00,Bank:apache02:2021-03-09 08:13:00,15,task_4,2021_03_09,apache02,servicetest11,17,-0.041349,0,0.0588235294117647,2.8903717578961645,0.133474628435547,0.2224577140592451,0.0,0.0,0.0,5.0,2.0,7.0,0.0,1.0,0.6931471805599453,5.0,2.0,1.0,0.0,0.133475,0.4,0.0,1.0,0.0,0.259263,0.972058,0.391231,1.0,0.045111,0.340577,0.277208,1.0,1.0,1.0,0.241481,0.676024,0.831415,1.0,0.999497,0.701024,0.797127,0.72253,0.607143,0.299114,1.0,0.0,0.3,0.0,0.248159,0.273761,0.5,0.700242,0.0,0.0,1.0,0.0,1.0,0.0,0.5,0.905433,0.498865,0.45,0.919175,0.0,1.0,0.0,0.0,0.0,0.0,0.0,0.0,0.0,0.0,0.0,0.0,1.0,0.0,0.0,0.0,0.0,0.0,0.0,0.0,0.0,0.0,0.0,0.0,-3.2551165,2,-0.3713383862996574,-0.79794294,-0.5708241204047675,-0.7703098545098777,-0.969795603516149,-1.169281322720098,-1.5682528207326407
Bank,Bank:15:task_4:apache02:2021-03-09 08:13:00,Bank:apache02:2021-03-09 08:13:00,15,task_4,2021_03_09,apache02,mg01,18,-0.110157,0,0.0555555555555555,2.9444389791664403,1.0,1.0,0.0,0.0,0.0,0.0,0.0,0.0,1.0,1.0,0.6931471805599453,0.0,0.0,1.0,0.0,1.0,0.0,0.405881,0.0,1.0,0.101326,0.0,0.0,0.0,0.045111,1.0,0.138574,0.0,0.0,0.0,0.183308,0.555556,0.149104,0.120448,0.891882,0.260525,0.776708,0.394263,0.0,0.155285,0.0,0.0,0.0,0.0,0.119317,0.0,0.5,0.0,0.0,1.0,0.0,1.0,0.0,0.0,0.0,0.077807,0.040862,0.0,0.096231,0.0,0.0,1.0,0.0,0.0,0.0,0.0,1.0,0.0,0.0,0.0,0.0,0.0,0.0,0.0,0.0,0.0,0.0,0.0,0.0,0.0,0.0,0.0,0.0,-1.5360792,2,-0.6659230145609254,0.63117003,-0.5081305059587831,-0.35033799735664073,-0.1925454887544984,-0.03475298015235606,0.2808320370519286
Bank,Bank:15:task_4:apache02:2021-03-09 08:13:00,Bank:apache02:2021-03-09 08:13:00,15,task_4,2021_03_09,apache02,servicetest10,19,-0.154157,0,0.0526315789473684,2.995732273553991,0.0242577857567943,0.0404296429279905,0.0,0.0,0.0,0.0,0.0,0.0,1.0,1.0,0.6931471805599453,0.0,0.0,1.0,0.0,0.024258,0.0,0.405881,0.0,1.0,0.022232,0.0,0.0,0.0,0.045111,0.777778,0.015258,0.0,0.0,0.0,0.241481,0.022461,0.007223,0.120448,0.891882,0.141463,0.776708,0.017505,0.0,0.007382,0.0,0.0,0.0,0.0,0.002894,0.0,0.5,0.0,0.0,1.0,0.0,1.0,0.0,0.0,0.0,0.0,0.008966,0.0,0.0,0.0,1.0,0.0,0.0,0.0,0.0,0.0,0.0,0.0,0.0,0.0,0.0,1.0,0.0,0.0,0.0,0.0,0.0,0.0,0.0,0.0,0.0,0.0,0.0,-3.1063337,2,-0.8542982564440754,-0.67425317,-1.0228615478745486,-1.191424839305022,-1.359988115834334,-1.5285514221659686,-1.8656779752245929
Bank,Bank:15:task_4:apache02:2021-03-09 08:13:00,Bank:apache02:2021-03-09 08:13:00,15,task_4,2021_03_09,apache02,dockera1,20,-0.160928,0,0.05,3.044522437723423,0.0,0.0,0.0,0.0,0.0,0.0,0.0,0.0,1.0,1.0,0.6931471805599453,0.0,0.0,1.0,0.0,0.0,0.0,0.405881,0.0,1.0,0.0,0.0,0.0,0.0,0.045111,0.777778,0.010329,0.0,0.0,0.0,0.241481,0.0,0.0,0.120448,0.891882,0.136447,0.776708,0.0,0.0,0.0,0.0,0.0,0.0,0.0,0.0,0.0,0.5,0.0,0.0,1.0,0.0,1.0,0.0,0.0,0.0,0.002048,0.0,0.0,0.0,0.0,1.0,0.0,0.0,0.0,0.0,0.0,0.0,0.0,0.0,0.0,0.0,0.0,0.0,0.0,0.0,0.0,0.0,0.0,0.0,0.0,0.0,0.0,0.0,-3.1063337,2,-0.8832866374165939,-0.67425317,-1.051849928847067,-1.2204132202775404,-1.3889764968068525,-1.557539803138487,-1.8946663561971113
Bank,Bank:15:task_4:apache02:2021-03-09 08:13:00,Bank:apache02:2021-03-09 08:13:00,15,task_4,2021_03_09,apache02,dockera2,21,-0.160928,0,0.0476190476190476,3.091042453358316,0.0,0.0,0.0,0.0,0.0,0.0,0.0,0.0,1.0,1.0,0.6931471805599453,0.0,0.0,1.0,0.0,0.0,0.0,0.405881,0.0,1.0,0.0,0.0,0.0,0.0,0.045111,0.777778,0.010329,0.0,0.0,0.0,0.241481,0.0,0.0,0.120448,0.891882,0.136447,0.776708,0.0,0.0,0.0,0.0,0.0,0.0,0.0,0.0,0.0,0.5,0.0,0.0,1.0,0.0,1.0,0.0,0.0,0.0,0.002048,0.0,0.0,0.0,0.0,1.0,0.0,0.0,0.0,0.0,0.0,0.0,0.0,0.0,0.0,0.0,0.0,0.0,0.0,0.0,0.0,0.0,0.0,0.0,0.0,0.0,0.0,0.0,-3.1063337,2,-0.8832866374165939,-0.67425317,-1.051849928847067,-1.2204132202775404,-1.3889764968068525,-1.557539803138487,-1.8946663561971113
Bank,Bank:15:task_4:apache02:2021-03-09 08:13:00,Bank:apache02:2021-03-09 08:13:00,15,task_4,2021_03_09,apache02,dockerb2,22,-0.160928,0,0.0454545454545454,3.1354942159291497,0.0,0.0,0.0,0.0,0.0,0.0,0.0,0.0,1.0,1.0,0.6931471805599453,0.0,0.0,1.0,0.0,0.0,0.0,0.405881,0.0,1.0,0.0,0.0,0.0,0.0,0.045111,0.777778,0.010329,0.0,0.0,0.0,0.241481,0.0,0.0,0.120448,0.891882,0.136447,0.776708,0.0,0.0,0.0,0.0,0.0,0.0,0.0,0.0,0.0,0.5,0.0,0.0,1.0,0.0,1.0,0.0,0.0,0.0,0.002048,0.0,0.0,0.0,0.0,1.0,0.0,0.0,0.0,0.0,0.0,0.0,0.0,0.0,0.0,0.0,0.0,0.0,0.0,0.0,0.0,0.0,0.0,0.0,0.0,0.0,0.0,0.0,-3.1063337,2,-0.8832866374165939,-0.67425317,-1.051849928847067,-1.2204132202775404,-1.3889764968068525,-1.557539803138487,-1.8946663561971113
Bank,Bank:15:task_4:apache02:2021-03-09 08:13:00,Bank:apache02:2021-03-09 08:13:00,15,task_4,2021_03_09,apache02,servicetest1,23,-0.184258,0,0.0434782608695652,3.1780538303479458,0.2262155489548847,0.3770259149248078,0.0,0.0,0.0,0.0,0.0,0.0,1.0,1.0,0.6931471805599453,0.0,0.0,1.0,0.0,0.226216,0.0,0.405881,0.0,1.0,0.038603,0.0,0.0,0.0,0.045111,1.0,0.025989,0.0,0.0,0.0,0.241481,0.209459,0.067623,0.120448,0.891882,0.183227,0.776708,0.167268,0.0,0.06941,0.0,0.0,0.0,0.0,0.026991,0.0,0.5,0.0,0.0,1.0,0.0,1.0,0.0,0.0,0.0,0.084403,0.015568,0.0,0.096231,0.0,1.0,0.0,0.0,0.0,0.0,0.0,0.0,0.0,0.0,0.0,0.0,1.0,0.0,0.0,0.0,0.0,0.0,0.0,0.0,0.0,0.0,0.0,0.0,-3.4661956,2,-0.983168328169637,-0.97342247,-1.2265239450967838,-1.4698795620239307,-1.7132351640499164,-1.9565907958782245,-2.443301999930196
Bank,Bank:15:task_4:apache02:2021-03-09 08:13:00,Bank:apache02:2021-03-09 08:13:00,15,task_4,2021_03_09,apache02,servicetest5,24,-0.196186,0,0.0416666666666666,3.218875824868201,0.1609334527315667,0.2682224212192779,0.0,0.0,0.0,0.0,0.0,0.0,1.0,1.0,0.6931471805599453,0.0,0.0,1.0,0.0,0.160933,0.0,0.405881,0.0,1.0,0.033311,0.0,0.0,0.0,0.045111,1.0,0.01649,0.0,0.0,0.0,0.241481,0.149012,0.048048,0.120448,0.891882,0.169727,0.776708,0.118079,0.0,0.04925,0.0,0.0,0.0,0.0,0.019202,0.0,0.5,0.0,0.0,1.0,0.0,1.0,0.0,0.0,0.0,0.08496,0.013433,0.0,0.096231,0.0,1.0,0.0,0.0,0.0,0.0,0.0,0.0,0.0,0.0,0.0,0.0,1.0,0.0,0.0,0.0,0.0,0.0,0.0,0.0,0.0,0.0,0.0,0.0,-3.4661956,2,-1.03423514374196,-0.97342247,-1.2775907606691068,-1.5209463775962537,-1.7643019796222394,-2.0076576114505476,-2.494368815502519
Bank,Bank:15:task_4:apache02:2021-03-09 08:13:00,Bank:apache02:2021-03-09 08:13:00,15,task_4,2021_03_09,apache02,servicetest9,25,-0.20871,0,0.04,3.258096538021482,0.0919825583022967,0.1533042638371612,0.0,0.0,0.0,0.0,0.0,0.0,1.0,1.0,0.6931471805599453,0.0,0.0,1.0,0.0,0.091983,0.0,0.405881,0.0,1.0,0.027721,0.0,0.0,0.0,0.045111,1.0,0.006458,0.0,0.0,0.0,0.241481,0.085169,0.027426,0.120448,0.891882,0.155468,0.776708,0.06693,0.0,0.028071,0.0,0.0,0.0,0.0,0.010975,0.0,0.5,0.0,0.0,1.0,0.0,1.0,0.0,0.0,0.0,0.085547,0.011179,0.0,0.096231,0.0,1.0,0.0,0.0,0.0,0.0,0.0,0.0,0.0,0.0,0.0,0.0,1.0,0.0,0.0,0.0,0.0,0.0,0.0,0.0,0.0,0.0,0.0,0.0,-3.4661956,2,-1.0878535875907003,-0.97342247,-1.3312092045178472,-1.574564821444994,-1.8179204234709798,-2.061276055299288,-2.5479872593512596
Bank,Bank:15:task_4:apache02:2021-03-09 08:13:00,Bank:apache02:2021-03-09 08:13:00,15,task_4,2021_03_09,apache02,servicetest3,26,-0.213022,0,0.0384615384615384,3.295836866004329,0.0681428979170401,0.1135714965284003,0.0,0.0,0.0,0.0,0.0,0.0,1.0,1.0,0.6931471805599453,0.0,0.0,1.0,0.0,0.068143,0.0,0.405881,0.0,1.0,0.025789,0.0,0.0,0.0,0.045111,1.0,0.002989,0.0,0.0,0.0,0.241481,0.063095,0.020308,0.120448,0.891882,0.150538,0.776708,0.049439,0.0,0.020775,0.0,0.0,0.0,0.0,0.008131,0.0,0.5,0.0,0.0,1.0,0.0,1.0,0.0,0.0,0.0,0.085751,0.0104,0.0,0.096231,0.0,1.0,0.0,0.0,0.0,0.0,0.0,0.0,0.0,0.0,0.0,0.0,1.0,0.0,0.0,0.0,0.0,0.0,0.0,0.0,0.0,0.0,0.0,0.0,-3.4661956,2,-1.1063143612952488,-0.97342247,-1.3496699782223958,-1.5930255951495427,-1.8363811971755284,-2.0797368290038367,-2.566448033055808
Bank,Bank:15:task_4:apache02:2021-03-09 08:13:00,Bank:apache02:2021-03-09 08:13:00,15,task_4,2021_03_09,apache02,servicetest4,27,-0.215293,0,0.037037037037037,3.332204510175204,0.0555672195554786,0.0926120325924643,0.0,0.0,0.0,0.0,0.0,0.0,1.0,1.0,0.6931471805599453,0.0,0.0,1.0,0.0,0.055567,0.0,0.405881,0.0,1.0,0.02477,0.0,0.0,0.0,0.045111,1.0,0.00116,0.0,0.0,0.0,0.241481,0.051451,0.016556,0.120448,0.891882,0.147938,0.776708,0.040253,0.0,0.016932,0.0,0.0,0.0,0.0,0.00663,0.0,0.5,0.0,0.0,1.0,0.0,1.0,0.0,0.0,0.0,0.085858,0.009989,0.0,0.096231,0.0,1.0,0.0,0.0,0.0,0.0,0.0,0.0,0.0,0.0,0.0,0.0,1.0,0.0,0.0,0.0,0.0,0.0,0.0,0.0,0.0,0.0,0.0,0.0,-3.4661956,2,-1.116037092529718,-0.97342247,-1.359392709456865,-1.6027483263840119,-1.8461039284099976,-2.0894595602383057,-2.576170764290277
Bank,Bank:15:task_4:apache02:2021-03-09 08:13:00,Bank:apache02:2021-03-09 08:13:00,15,task_4,2021_03_09,apache02,servicetest7,28,-0.216316,0,0.0357142857142857,3.367295829986474,0.049899705520724,0.0831661758678734,0.0,0.0,0.0,0.0,0.0,0.0,1.0,1.0,0.6931471805599453,0.0,0.0,1.0,0.0,0.0499,0.0,0.405881,0.0,1.0,0.02431,0.0,0.0,0.0,0.045111,1.0,0.000335,0.0,0.0,0.0,0.241481,0.046203,0.014866,0.120448,0.891882,0.146766,0.776708,0.036123,0.0,0.015202,0.0,0.0,0.0,0.0,0.005954,0.0,0.5,0.0,0.0,1.0,0.0,1.0,0.0,0.0,0.0,0.085906,0.009804,0.0,0.096231,0.0,1.0,0.0,0.0,0.0,0.0,0.0,0.0,0.0,0.0,0.0,0.0,1.0,0.0,0.0,0.0,0.0,0.0,0.0,0.0,0.0,0.0,0.0,0.0,-3.4661956,2,-1.1204168169035011,-0.97342247,-1.363772433830648,-1.607128050757795,-1.8504836527837807,-2.0938392846120886,-2.58055048866406
Bank,Bank:15:task_4:apache02:2021-03-09 08:13:00,Bank:apache02:2021-03-09 08:13:00,15,task_4,2021_03_09,apache02,servicetest2,29,-0.216731,0,0.0344827586206896,3.4011973816621555,0.0475969568997332,0.0793282614995554,0.0,0.0,0.0,0.0,0.0,0.0,1.0,1.0,0.6931471805599453,0.0,0.0,1.0,0.0,0.047597,0.0,0.405881,0.0,1.0,0.024124,0.0,0.0,0.0,0.045111,1.0,0.0,0.0,0.0,0.0,0.241481,0.044071,0.014179,0.120448,0.891882,0.14629,0.776708,0.034446,0.0,0.014499,0.0,0.0,0.0,0.0,0.005679,0.0,0.5,0.0,0.0,1.0,0.0,1.0,0.0,0.0,0.0,0.085926,0.009729,0.0,0.096231,0.0,1.0,0.0,0.0,0.0,0.0,0.0,0.0,0.0,0.0,0.0,0.0,1.0,0.0,0.0,0.0,0.0,0.0,0.0,0.0,0.0,0.0,0.0,0.0,-3.4661956,2,-1.122193537934899,-0.97342247,-1.365549154862046,-1.608904771789193,-1.8522603738151786,-2.0956160056434867,-2.582327209695458
Bank,Bank:3:task_1:Tomcat02:2021-03-04 19:22:00,Bank:Tomcat02:2021-03-04 19:22:00,3,task_1,2021_03_04,Tomcat02,mg02,1,0.739065,0,1.0,0.6931471805599453,1.0,1.0,0.0,0.0,0.0,0.0,7.0,7.0,0.0,1.0,0.6931471805599453,0.0,5.505331124204156,1.0,0.0,1.0,1.0,0.171866,0.561175,0.438825,1.0,0.982165,0.614952,1.0,1.0,0.483472,1.0,0.0,0.786476,1.0,0.551827,0.903518,1.0,0.0,0.897846,1.0,0.225142,0.824399,1.0,1.0,1.0,0.5,0.788177,0.5,1.0,0.171755,0.0,0.908664,0.0,0.0,1.0,0.043883,1.0,0.038818,1.0,0.260534,0.925302,0.837647,0.293044,0.0,0.0,1.0,0.0,0.0,0.0,0.0,1.0,0.0,0.0,0.0,0.0,0.0,0.0,0.0,0.0,0.0,0.0,0.0,0.0,0.0,0.0,0.0,0.0,-0.9422216,3,3.1751485107249833,2.3013024,3.7504741189784623,4.325799727231941,4.90112533548542,5.476450943738899,6.627102160245857
Bank,Bank:3:task_1:Tomcat02:2021-03-04 19:22:00,Bank:Tomcat02:2021-03-04 19:22:00,3,task_1,2021_03_04,Tomcat02,mysql01,2,0.424308,0,0.5,1.0986122886681096,1.0,1.0,0.0,0.0,0.0,1.0,2.0,3.0,0.0,1.0,0.6931471805599453,0.2956062054342545,1.778642925901007,1.0,0.0,1.0,0.323076,0.0,1.0,0.0,0.862487,0.748812,0.0,1.0,0.0,0.340577,0.520124,0.053695,0.889321,1.0,0.483978,1.0,0.914593,0.34787,0.812077,0.955495,0.151033,0.850584,0.678571,0.732924,1.0,0.5,1.0,0.5,0.672389,0.533181,0.0,0.834198,0.0,0.0,1.0,0.107729,1.0,0.04101,1.0,0.302223,0.946426,0.839789,0.384477,0.0,0.0,0.0,1.0,0.0,0.0,0.0,0.0,0.0,0.0,1.0,0.0,0.0,0.0,0.0,0.0,0.0,0.0,0.0,0.0,0.0,0.0,0.0,0.0,-2.1083336,3,1.6056304262054442,0.7297606,1.7880705730093,1.970510719813156,2.1529508517158504,2.3353910134208675,2.700271277226257
Bank,Bank:3:task_1:Tomcat02:2021-03-04 19:22:00,Bank:Tomcat02:2021-03-04 19:22:00,3,task_1,2021_03_04,Tomcat02,tomcat04,3,0.404988,0,0.3333333333333333,1.3862943611198906,1.0,1.0,0.0,0.0,0.0,9.0,0.0,9.0,0.0,1.0,0.6931471805599453,4.521458170734134,0.0,1.0,0.0,1.0,0.0,1.0,0.0,1.0,0.115176,0.0,1.0,1.0,0.0,0.0,0.387944,0.821287,0.0,1.0,0.381297,0.555556,0.567775,0.41499,0.991896,0.264709,0.0,0.490353,0.285714,0.381267,0.0,0.5,0.0,0.5,0.100604,0.0,0.0,0.0,0.0,1.0,0.0,1.0,0.0,0.0,0.0,0.306499,0.045595,0.0,0.368601,1.0,0.0,0.0,0.0,0.0,0.0,1.0,0.0,0.0,0.0,0.0,0.0,0.0,0.0,0.0,0.0,0.0,0.0,0.0,0.0,0.0,0.0,0.0,0.0,-2.814522,3,1.5092923323968315,-0.22195306,1.4538040663460159,1.3983158002952003,1.3428275267938041,1.2873392681935691,1.1763627211907768
Bank,Bank:3:task_1:Tomcat02:2021-03-04 19:22:00,Bank:Tomcat02:2021-03-04 19:22:00,3,task_1,2021_03_04,Tomcat02,redis02,4,0.285273,0,0.25,1.6094379124341005,1.0,1.0,0.0,0.0,0.0,1.0,8.0,9.0,0.0,1.0,0.6931471805599453,1.0,3.521458170734133,1.0,0.0,1.0,0.639645,0.516911,0.308128,0.691872,0.657635,1.0,0.0,1.0,0.0,0.443961,0.736935,0.181642,0.440182,1.0,0.439369,0.796011,0.755078,0.608406,0.7381,0.486093,0.0,0.685024,0.571429,0.432697,1.0,0.5,0.788177,0.5,0.512788,0.107551,0.0,0.53037,0.0,0.0,1.0,0.104439,1.0,0.001499,1.0,0.509589,0.808413,0.801171,0.63572,0.0,0.0,1.0,0.0,0.0,0.0,0.0,0.0,0.0,0.0,0.0,1.0,0.0,0.0,0.0,0.0,0.0,0.0,0.0,0.0,0.0,0.0,0.0,0.0,-2.527762,3,0.9123402154041778,0.16450681,0.953466917385007,0.9945936193658362,1.0357203250719558,1.0768470233274947,1.1591004347397338
Bank,Bank:3:task_1:Tomcat02:2021-03-04 19:22:00,Bank:Tomcat02:2021-03-04 19:22:00,3,task_1,2021_03_04,Tomcat02,mysql02,5,0.268492,0,0.2,1.791759469228055,1.0,1.0,0.0,0.0,0.0,2.0,9.0,11.0,0.0,1.0,0.6931471805599453,1.778642925901007,4.5214581707341335,1.0,0.0,1.0,0.821287,0.611195,0.351669,0.648331,0.806502,1.0,0.941068,1.0,0.0,0.47224,0.883296,0.323076,0.502384,1.0,1.0,0.818676,0.89785,0.636844,0.548316,0.514436,1.0,1.0,0.607143,0.489622,1.0,0.5,0.8867,0.5,0.563097,0.117976,1.0,0.6967,0.0,0.0,1.0,0.450822,1.0,0.006694,1.0,0.580942,1.0,0.806248,0.971224,0.0,0.0,0.0,1.0,0.0,0.0,0.0,0.0,0.0,0.0,1.0,0.0,0.0,0.0,0.0,0.0,0.0,0.0,0.0,0.0,0.0,0.0,0.0,0.0,-2.7530324,3,0.828662702350227,-0.139085,0.7938914536519924,0.7591202049537579,0.7243489562555233,0.6895777075572888,0.6200352101608196
Bank,Bank:3:task_1:Tomcat02:2021-03-04 19:22:00,Bank:Tomcat02:2021-03-04 19:22:00,3,task_1,2021_03_04,Tomcat02,apache02,6,0.257161,0,0.1666666666666666,1.9459101490553128,1.0,1.0,0.0,0.0,0.0,7.0,1.0,8.0,0.0,1.0,0.6931471805599453,5.505331124204156,0.2956062054342545,1.0,0.0,1.0,0.053695,0.435675,0.655142,0.344858,0.315168,0.699879,0.0,1.0,0.0,0.021931,0.331023,1.0,0.295606,1.0,0.727525,0.704062,0.832839,0.48021,1.0,0.410008,0.0,0.773333,0.75,0.615683,1.0,0.5,0.295567,0.5,0.226969,0.213533,0.0,0.459189,0.0,0.0,1.0,0.078784,1.0,0.028398,0.666667,0.788898,0.534932,0.827462,0.792676,0.0,0.0,1.0,0.0,0.0,0.0,0.0,0.0,0.0,1.0,0.0,0.0,0.0,0.0,0.0,0.0,0.0,0.0,0.0,0.0,0.0,0.0,0.0,0.0,-2.5124784,3,0.7721613078913557,0.18510415,0.8184373445412981,0.8647133811912405,0.9109894215664732,0.9572654544911253,1.0498175352415906
Bank,Bank:3:task_1:Tomcat02:2021-03-04 19:22:00,Bank:Tomcat02:2021-03-04 19:22:00,3,task_1,2021_03_04,Tomcat02,redis01,7,0.213752,0,0.1428571428571428,2.079441541679836,0.778642925901007,1.0,0.0,0.0,0.0,2.0,1.0,3.0,0.0,1.0,0.6931471805599453,1.2956062054342543,1.0,1.0,0.0,0.778643,0.181642,0.0,1.0,0.0,0.712661,0.713389,0.0,1.0,0.0,0.183771,0.389747,0.235337,1.0,1.0,0.132114,1.0,0.795484,0.923694,0.149047,0.741184,0.293956,0.629125,0.642857,0.197456,1.0,0.5,0.985222,0.5,0.558508,1.0,0.0,0.781627,0.0,0.0,1.0,0.167478,1.0,0.070729,1.0,0.518012,0.90161,0.868837,0.703943,0.0,0.0,0.0,1.0,0.0,0.0,0.0,0.0,0.0,0.0,0.0,1.0,0.0,0.0,0.0,0.0,0.0,0.0,0.0,0.0,0.0,0.0,0.0,0.0,-0.67591816,3,0.555704769892491,2.6601934,1.220753130717076,1.885801491541661,2.550849852366246,3.215898213190831,4.54599493484
Bank,Bank:3:task_1:Tomcat02:2021-03-04 19:22:00,Bank:Tomcat02:2021-03-04 19:22:00,3,task_1,2021_03_04,Tomcat02,ig02,8,0.211109,0,0.125,2.19722457733622,1.0,1.0,0.0,0.0,0.0,6.0,2.0,8.0,0.0,1.0,0.6931471805599453,4.505331124204156,1.2956062054342543,1.0,0.0,1.0,0.235337,0.409275,0.677571,0.322429,0.475886,0.797503,0.0,1.0,0.0,0.191397,0.447458,0.818358,0.647803,1.0,0.58556,0.852031,0.874703,0.680756,0.981823,0.575596,0.541923,0.807022,0.785714,0.513656,1.0,0.5,0.394089,0.5,0.390451,0.1983,0.0,0.731705,0.0,0.0,1.0,0.226369,1.0,0.056292,0.833333,0.757429,0.67,0.854726,0.860587,0.0,0.0,1.0,0.0,0.0,0.0,0.0,0.0,1.0,0.0,0.0,0.0,0.0,0.0,0.0,0.0,0.0,0.0,0.0,0.0,0.0,0.0,0.0,0.0,-2.460299,3,0.542525598984822,0.255425,0.6063818505226218,0.6702381020604217,0.7340943610488021,0.7979506051360213,0.9256631231127822
Bank,Bank:3:task_1:Tomcat02:2021-03-04 19:22:00,Bank:Tomcat02:2021-03-04 19:22:00,3,task_1,2021_03_04,Tomcat02,apache01,9,0.206384,0,0.1111111111111111,2.302585092994046,1.0,1.0,0.0,0.0,0.0,4.0,3.0,7.0,0.0,1.0,0.6931471805599453,2.5053311242041563,3.0,1.0,0.0,1.0,0.544926,0.352456,0.724831,0.275169,0.598248,0.968606,0.0,1.0,0.0,0.457615,0.591892,0.455074,1.0,1.0,0.644254,1.0,0.970527,0.872824,0.264868,0.741184,0.722798,0.948298,0.857143,0.403519,1.0,0.5,0.394089,0.5,0.674365,0.234267,0.0,0.920542,0.0,0.0,1.0,0.305607,1.0,0.03242,1.0,0.701005,0.742837,0.831393,0.862319,0.0,0.0,1.0,0.0,0.0,0.0,0.0,0.0,0.0,1.0,0.0,0.0,0.0,0.0,0.0,0.0,0.0,0.0,0.0,0.0,0.0,0.0,0.0,0.0,-2.7485392,3,0.5189646521294549,-0.13302957,0.48570726082567717,0.4524498695218995,0.4191924819434121,0.3859350869143441,0.3194203117573693
Bank,Bank:3:task_1:Tomcat02:2021-03-04 19:22:00,Bank:Tomcat02:2021-03-04 19:22:00,3,task_1,2021_03_04,Tomcat02,servicetest11,10,0.18481,0,0.1,2.3978952727983707,0.5398331329107426,0.8997218881845711,0.0,0.0,0.0,3.0,6.0,9.0,0.0,1.0,0.6931471805599453,2.2441844791169765,2.737440558706415,1.0,0.0,0.539833,0.497234,0.463378,0.591605,0.408395,0.481155,1.0,0.0,1.0,0.0,0.443297,0.501634,0.407638,0.45624,1.0,0.59427,0.753636,0.757181,0.634893,0.629927,0.480876,0.0,0.740682,0.5,0.41133,1.0,0.5,0.591133,0.5,0.48653,0.169336,0.0,0.991068,0.0,0.0,1.0,0.053415,1.0,0.118793,1.0,0.73882,0.670836,0.915816,0.795612,0.0,1.0,0.0,0.0,0.0,0.0,0.0,0.0,0.0,0.0,0.0,0.0,1.0,0.0,0.0,0.0,0.0,0.0,0.0,0.0,0.0,0.0,0.0,0.0,-2.9817982,3,0.41138711404317063,-0.44738722,0.2995403094243352,0.18769350480549973,0.07584670018666428,-0.036000104432171165,-0.25969371366984206
Bank,Bank:3:task_1:Tomcat02:2021-03-04 19:22:00,Bank:Tomcat02:2021-03-04 19:22:00,3,task_1,2021_03_04,Tomcat02,ig01,11,0.15925,0,0.0909090909090909,2.4849066497880004,1.0,1.0,0.0,0.0,0.0,5.0,3.0,8.0,0.0,1.0,0.6931471805599453,3.5053311242041563,2.2956062054342548,1.0,0.0,1.0,0.416979,0.400392,0.685047,0.314953,0.636561,0.847205,0.0,1.0,0.0,0.324968,0.568813,0.636716,0.765202,1.0,0.135563,0.901354,0.805118,0.741952,0.870557,0.630792,0.722798,0.573021,0.821429,0.368434,1.0,0.5,0.492611,0.5,0.553933,0.193222,0.0,0.832092,0.0,0.0,1.0,0.059597,1.0,0.059747,1.0,0.726309,0.708259,0.858103,0.849772,0.0,0.0,1.0,0.0,0.0,0.0,0.0,0.0,1.0,0.0,0.0,0.0,0.0,0.0,0.0,0.0,0.0,0.0,0.0,0.0,0.0,0.0,0.0,0.0,-1.0156124,3,0.2839336110541365,2.2023954,0.8345324708411238,1.385131330628111,1.9357301904150983,2.4863290502020856,3.58752676977606
Bank,Bank:3:task_1:Tomcat02:2021-03-04 19:22:00,Bank:Tomcat02:2021-03-04 19:22:00,3,task_1,2021_03_04,Tomcat02,tomcat03,12,0.138449,0,0.0833333333333333,2.5649493574615367,1.0,1.0,0.0,0.0,0.0,3.0,4.0,7.0,0.0,1.0,0.6931471805599453,1.505331124204156,4.0,1.0,0.0,1.0,0.726568,0.326603,0.718623,0.281377,0.758536,0.975914,0.0,1.0,0.0,0.536923,0.716773,0.273432,1.0,1.0,0.0,1.0,0.835484,0.864345,0.0,0.741184,0.841219,0.544968,0.892857,0.202452,1.0,0.5,0.492611,0.5,0.837847,0.221467,0.0,0.947207,0.0,0.0,1.0,0.01191,1.0,0.04449,1.0,0.666369,0.741863,0.843191,0.798764,0.0,0.0,1.0,0.0,0.0,0.0,1.0,0.0,0.0,0.0,0.0,0.0,0.0,0.0,0.0,0.0,0.0,0.0,0.0,0.0,0.0,0.0,0.0,0.0,-1.2478683,3,0.18021059400895253,1.8893896,0.6525580025420489,1.124905411075145,1.5972528494105638,2.0696002281413377,3.014295104812175
Bank,Bank:3:task_1:Tomcat02:2021-03-04 19:22:00,Bank:Tomcat02:2021-03-04 19:22:00,3,task_1,2021_03_04,Tomcat02,servicetest1,13,0.137067,0,0.0769230769230769,2.639057329615259,0.2441844791169763,0.4069741318616272,0.0,0.0,0.0,2.0,7.0,9.0,0.0,1.0,0.6931471805599453,2.0,3.277273691617157,1.0,0.0,0.244184,0.595291,0.0,1.0,0.0,0.534842,1.0,0.0,1.0,0.0,0.483472,0.412895,0.363284,0.468182,1.0,0.59427,0.569194,0.711487,0.633502,0.584078,0.437251,0.0,0.606735,0.535714,0.351206,1.0,0.5,0.689655,0.5,0.563143,0.171298,0.0,1.0,0.0,0.0,1.0,0.362596,1.0,0.129463,1.0,0.636938,0.813288,0.926245,0.775812,0.0,1.0,0.0,0.0,0.0,0.0,0.0,0.0,0.0,0.0,0.0,0.0,1.0,0.0,0.0,0.0,0.0,0.0,0.0,0.0,0.0,0.0,0.0,0.0,-2.7954822,3,0.17331932870649383,-0.19629349,0.12424595667027519,0.07517258463405654,0.026099208872547602,-0.022974159438380742,-0.12112091096139863
Bank,Bank:3:task_1:Tomcat02:2021-03-04 19:22:00,Bank:Tomcat02:2021-03-04 19:22:00,3,task_1,2021_03_04,Tomcat02,servicetest3,14,0.131642,0,0.0714285714285714,2.70805020110221,0.2956062054342545,0.4926770090570909,0.0,0.0,0.0,3.0,2.0,5.0,0.0,1.0,0.6931471805599453,3.0,1.778642925901007,1.0,0.0,0.295606,0.323076,0.0,1.0,0.0,0.405667,0.874039,0.941068,1.0,0.0,0.340577,0.288109,0.544926,0.889321,1.0,0.59427,0.788615,0.849483,0.841051,0.66779,0.646295,0.541923,0.766051,0.714286,0.358765,1.0,0.5,0.295567,0.5,0.457337,0.339163,0.0,0.874474,0.0,0.0,1.0,0.229133,1.0,0.03813,1.0,0.797203,0.617051,0.836975,0.878024,0.0,1.0,0.0,0.0,0.0,0.0,0.0,0.0,0.0,0.0,0.0,0.0,1.0,0.0,0.0,0.0,0.0,0.0,0.0,0.0,0.0,0.0,0.0,0.0,-2.903086,3,0.1462678712058871,-0.3413086,0.06094072276838711,-0.024386425669112893,-0.1097135741066129,-0.1950407225441129,-0.36569501941911287
Bank,Bank:3:task_1:Tomcat02:2021-03-04 19:22:00,Bank:Tomcat02:2021-03-04 19:22:00,3,task_1,2021_03_04,Tomcat02,servicetest10,15,0.108197,0,0.0666666666666666,2.772588722239781,0.2264677450911096,0.3774462418185161,0.0,0.0,0.0,1.0,6.0,7.0,0.0,1.0,0.6931471805599453,1.0,5.278863379113046,1.0,0.0,0.226468,0.958864,0.0,1.0,0.0,0.878474,0.98144,0.0,1.0,0.0,0.530964,0.678374,0.181642,0.879811,1.0,0.59427,0.688567,0.888317,0.776058,0.47979,0.616859,0.955397,0.693431,0.964286,0.369956,1.0,0.5,0.689655,0.5,0.595942,0.13641,0.0,0.667844,0.0,0.0,1.0,0.002179,1.0,0.101973,1.0,0.582695,0.83835,0.899376,0.728411,0.0,1.0,0.0,0.0,0.0,0.0,0.0,0.0,0.0,0.0,0.0,0.0,1.0,0.0,0.0,0.0,0.0,0.0,0.0,0.0,0.0,0.0,0.0,0.0,-3.2472994,3,0.02936069680925536,-0.80519706,-0.17193856821779085,-0.37323783324483706,-0.5745371131730445,-0.7758363632989295,-1.1784349231553441
Bank,Bank:3:task_1:Tomcat02:2021-03-04 19:22:00,Bank:Tomcat02:2021-03-04 19:22:00,3,task_1,2021_03_04,Tomcat02,servicetest5,16,0.078332,0,0.0625,2.833213344056216,0.2788633791130463,0.4647722985217439,0.0,0.0,0.0,2.0,5.0,7.0,0.0,1.0,0.6931471805599453,1.2264677450911097,5.0,1.0,0.0,0.278863,0.908211,0.0,1.0,0.0,0.839472,0.980463,0.0,1.0,0.0,0.587482,0.646021,0.222778,1.0,1.0,0.59427,0.776988,0.911359,0.855867,0.204344,0.683224,0.913362,0.757622,0.928571,0.319935,1.0,0.5,0.591133,0.5,0.58134,0.136353,0.0,0.568998,0.0,0.0,1.0,0.006165,1.0,0.006918,1.0,0.604634,0.798136,0.806467,0.779187,0.0,1.0,0.0,0.0,0.0,0.0,0.0,0.0,0.0,0.0,0.0,0.0,1.0,0.0,0.0,0.0,0.0,0.0,0.0,0.0,0.0,0.0,0.0,0.0,-2.9668052,3,-0.1195594466480023,-0.42718157,-0.22635483957850996,-0.33315023250901765,-0.4399456179889447,-0.546741018370033,-0.7603317893298871
Bank,Bank:3:task_1:Tomcat02:2021-03-04 19:22:00,Bank:Tomcat02:2021-03-04 19:22:00,3,task_1,2021_03_04,Tomcat02,servicetest2,17,0.052701,0,0.0588235294117647,2.8903717578961645,0.2747955630639545,0.4579926051065909,0.0,0.0,0.0,4.0,5.0,9.0,0.0,1.0,0.6931471805599453,2.784017612027719,2.46264499564246,1.0,0.0,0.274796,0.44732,0.0,1.0,0.0,0.407615,1.0,0.0,1.0,0.0,0.48691,0.31034,0.505695,0.492529,1.0,0.59427,0.5919,0.699685,0.664908,0.75006,0.451941,0.0,0.623213,0.464286,0.34793,1.0,0.5,0.492611,0.5,0.405727,0.16659,0.0,0.978209,0.0,0.0,1.0,0.016582,1.0,0.003075,0.833333,0.765852,0.604381,0.802711,0.839556,0.0,1.0,0.0,0.0,0.0,0.0,0.0,0.0,0.0,0.0,0.0,0.0,1.0,0.0,0.0,0.0,0.0,0.0,0.0,0.0,0.0,0.0,0.0,0.0,-3.025171,3,-0.24736698714533936,-0.5058398,-0.37382694331446775,-0.5002868994835962,-0.6267468556527246,-0.753206811821853,-1.00612672416011
Bank,Bank:3:task_1:Tomcat02:2021-03-04 19:22:00,Bank:Tomcat02:2021-03-04 19:22:00,3,task_1,2021_03_04,Tomcat02,servicetest9,18,-0.061442,0,0.0555555555555555,2.9444389791664403,0.3727587240244486,0.6212645400407477,0.0,0.0,0.0,8.0,1.0,9.0,0.0,1.0,0.6931471805599453,4.148699446709686,1.0,1.0,0.0,0.372759,0.181642,0.0,1.0,0.0,0.193872,1.0,0.0,1.0,0.0,0.183771,0.162432,0.753579,1.0,1.0,0.59427,0.842194,0.761648,1.0,0.950449,0.700171,0.293956,0.804832,0.321429,0.252256,1.0,0.5,0.098522,0.5,0.127416,0.100686,0.0,0.459189,0.0,0.0,1.0,0.169001,1.0,0.006003,0.166667,0.974518,0.462689,0.805573,1.0,0.0,1.0,0.0,0.0,0.0,0.0,0.0,0.0,0.0,0.0,0.0,0.0,1.0,0.0,0.0,0.0,0.0,0.0,0.0,0.0,0.0,0.0,0.0,0.0,-2.4776819,3,-0.8165346394018858,0.23199855,-0.7585350024239748,-0.7005353654460638,-0.6425357321934431,-0.5845360914902418,-0.4685368249850004
Bank,Bank:3:task_1:Tomcat02:2021-03-04 19:22:00,Bank:Tomcat02:2021-03-04 19:22:00,3,task_1,2021_03_04,Tomcat02,servicetest8,19,-0.068849,0,0.0526315789473684,2.995732273553991,0.3414465085483912,0.5690775142473187,0.0,0.0,0.0,7.0,2.0,9.0,0.0,1.0,0.6931471805599453,3.8072529381612954,1.3727587240244483,1.0,0.0,0.341447,0.249351,0.0,1.0,0.0,0.243131,1.0,0.0,1.0,0.0,0.340577,0.190941,0.691557,0.686379,1.0,0.59427,0.709984,0.715531,0.805391,0.929121,0.552604,0.541923,0.70899,0.357143,0.286252,1.0,0.5,0.197044,0.5,0.197706,0.141876,0.0,0.840083,0.0,0.0,1.0,0.095462,1.0,0.003194,0.333333,0.919531,0.485548,0.802827,0.946973,0.0,1.0,0.0,0.0,0.0,0.0,0.0,0.0,0.0,0.0,0.0,0.0,1.0,0.0,0.0,0.0,0.0,0.0,0.0,0.0,0.0,0.0,0.0,0.0,-3.0523796,3,-0.8534692284722994,-0.5425082,-0.9890962746997546,-1.1247233209272096,-1.260350382055826,-1.39597741338212,-1.6672315356393526
Bank,Bank:3:task_1:Tomcat02:2021-03-04 19:22:00,Bank:Tomcat02:2021-03-04 19:22:00,3,task_1,2021_03_04,Tomcat02,mg01,20,-0.072056,0,0.05,3.044522437723423,1.0,1.0,0.0,0.0,0.0,0.0,0.0,0.0,1.0,1.0,0.6931471805599453,0.0,0.0,1.0,0.0,1.0,0.0,0.382504,0.0,1.0,0.127973,0.0,0.0,0.0,0.0,1.0,0.124448,0.0,0.0,0.0,0.270963,0.555556,0.101783,0.008026,0.964343,0.144386,0.504537,0.278235,0.0,0.11973,0.0,0.5,0.0,0.5,0.100604,0.0,0.0,0.0,0.0,1.0,0.0,1.0,0.0,0.0,0.0,0.074047,0.050661,0.0,0.098889,0.0,0.0,1.0,0.0,0.0,0.0,0.0,1.0,0.0,0.0,0.0,0.0,0.0,0.0,0.0,0.0,0.0,0.0,0.0,0.0,0.0,0.0,0.0,0.0,-3.4418867,3,-0.8694607536712757,-1.0674378,-1.1363201956668965,-1.4031796376625172,-1.6700391094604603,-1.9368985216537586,-2.470617465249645
Bank,Bank:3:task_1:Tomcat02:2021-03-04 19:22:00,Bank:Tomcat02:2021-03-04 19:22:00,3,task_1,2021_03_04,Tomcat02,servicetest7,21,-0.075387,0,0.0476190476190476,3.091042453358316,0.4628708241353487,0.7714513735589145,0.0,0.0,0.0,6.0,3.0,9.0,0.0,1.0,0.6931471805599453,3.344382114025945,1.71420523257284,1.0,0.0,0.462871,0.311372,0.177311,0.864131,0.135869,0.308874,1.0,0.0,1.0,0.0,0.457615,0.283697,0.607481,0.571402,1.0,0.59427,0.747338,0.731122,0.728675,0.867219,0.520809,0.722798,0.736112,0.392857,0.324198,1.0,0.5,0.295567,0.5,0.277193,0.155606,0.0,0.922236,0.0,0.0,1.0,0.057343,1.0,0.204922,0.5,1.0,0.525839,1.0,0.981913,0.0,1.0,0.0,0.0,0.0,0.0,0.0,0.0,0.0,0.0,0.0,0.0,1.0,0.0,0.0,0.0,0.0,0.0,0.0,0.0,0.0,0.0,0.0,0.0,-3.159998,3,-0.8860705978988374,-0.6875429,-1.0579563267348968,-1.2298420555709564,-1.401727784407016,-1.5736135132430755,-1.9173849709151947
Bank,Bank:3:task_1:Tomcat02:2021-03-04 19:22:00,Bank:Tomcat02:2021-03-04 19:22:00,3,task_1,2021_03_04,Tomcat02,dockera1,22,-0.077734,0,0.0454545454545454,3.1354942159291497,1.0,1.0,0.0,0.0,0.0,0.0,0.0,0.0,1.0,1.0,0.6931471805599453,0.0,0.0,1.0,0.0666666666666666,1.0,0.0,0.382504,0.0,1.0,0.127973,0.0,0.0,0.0,0.0,1.0,0.124448,0.0,0.0,0.0,0.214772,0.555556,0.089401,0.008026,0.964343,0.144386,0.504537,0.247119,0.0,0.105436,0.0,0.5,0.0,0.5,0.100604,0.0,0.0,0.0,0.0,1.0,0.0,1.0,0.0,0.0,0.0,0.074047,0.050661,0.0,0.098889,0.0,1.0,0.0,0.0,0.0,0.0,0.0,0.0,0.0,0.0,0.0,0.0,0.0,0.0,0.0,0.0,0.0,0.0,0.0,0.0,0.0,0.0,0.0,0.0,-3.4418867,3,-0.8977737814479478,-1.0674378,-1.1646332234435686,-1.4314926654391893,-1.6983521372371324,-1.9652115494304307,-2.498930493026317
Bank,Bank:3:task_1:Tomcat02:2021-03-04 19:22:00,Bank:Tomcat02:2021-03-04 19:22:00,3,task_1,2021_03_04,Tomcat02,tomcat02,23,-0.08411,1,0.0434782608695652,3.1780538303479458,1.0,1.0,0.0,0.0,0.0,0.0,0.0,0.0,1.0,1.0,0.6931471805599453,0.0,0.0,1.0,0.0,1.0,0.0,0.382504,0.0,1.0,0.127973,0.0,0.0,0.0,0.0,1.0,0.124448,0.0,0.0,0.0,0.15251,0.555556,0.075624,0.008026,0.964343,0.144386,0.504537,0.211756,0.0,0.089456,0.0,0.5,0.0,0.5,0.100604,0.0,0.0,0.0,0.0,1.0,0.0,1.0,0.0,0.0,0.0,0.074047,0.050661,0.0,0.098889,0.0,0.0,1.0,0.0,0.0,0.0,1.0,0.0,0.0,0.0,0.0,0.0,0.0,0.0,0.0,0.0,0.0,0.0,0.0,0.0,0.0,0.0,0.0,0.0,-2.8216362,3,-0.9295673469823016,-0.23154068,-0.9874525169652117,-1.045337686948122,-1.103222856931032,-1.1611080269139422,-1.2768783668797625
Bank,Bank:3:task_1:Tomcat02:2021-03-04 19:22:00,Bank:Tomcat02:2021-03-04 19:22:00,3,task_1,2021_03_04,Tomcat02,servicetest6,24,-0.08658,0,0.0416666666666666,3.218875824868201,0.2855689389342715,0.4759482315571192,0.0,0.0,0.0,5.0,4.0,9.0,0.0,1.0,0.6931471805599453,3.058813175091674,2.1770760567081884,1.0,0.0,0.285569,0.395449,0.0,1.0,0.0,0.363062,1.0,0.0,1.0,0.0,0.536923,0.270435,0.555609,0.544269,1.0,0.59427,0.63024,0.704007,0.704094,0.80727,0.480581,0.841219,0.651055,0.428571,0.288764,1.0,0.5,0.394089,0.5,0.350549,0.162471,0.0,0.958106,0.0,0.0,1.0,0.0,1.0,0.003217,0.666667,0.844394,0.555636,0.80285,0.907598,0.0,1.0,0.0,0.0,0.0,0.0,0.0,0.0,0.0,0.0,0.0,0.0,1.0,0.0,0.0,0.0,0.0,0.0,0.0,0.0,0.0,0.0,0.0,0.0,-3.1545472,3,-0.9418838631162184,-0.68019706,-1.1119331281432645,-1.2819823931703107,-1.452031673098518,-1.6220809232244031,-1.962179483080818
Bank,Bank:3:task_1:Tomcat02:2021-03-04 19:22:00,Bank:Tomcat02:2021-03-04 19:22:00,3,task_1,2021_03_04,Tomcat02,tomcat01,25,-0.093127,0,0.04,3.258096538021482,1.0,1.0,0.0,0.0,0.0,0.0,0.0,0.0,1.0,1.0,0.6931471805599453,0.0,0.0,1.0,0.0,1.0,0.0,0.382504,0.0,1.0,0.127973,0.0,0.0,0.0,0.0,1.0,0.124448,0.0,0.0,0.0,0.065656,0.555556,0.056319,0.008026,0.964343,0.144386,0.504537,0.161132,0.0,0.066961,0.0,0.5,0.0,0.5,0.100604,0.0,0.0,0.0,0.0,1.0,0.0,1.0,0.0,0.0,0.0,0.074047,0.050661,0.0,0.098889,0.0,0.0,1.0,0.0,0.0,0.0,1.0,0.0,0.0,0.0,0.0,0.0,0.0,0.0,0.0,0.0,0.0,0.0,0.0,0.0,0.0,0.0,0.0,0.0,-2.7518375,3,-0.9745301105367664,-0.13747458,-1.0088987559365754,-1.0432674013363843,-1.0776360430109029,-1.112004692136002,-1.1807419754850392
Bank,Bank:3:task_1:Tomcat02:2021-03-04 19:22:00,Bank:Tomcat02:2021-03-04 19:22:00,3,task_1,2021_03_04,Tomcat02,servicetest4,26,-0.098054,0,0.0384615384615384,3.295836866004329,0.3888392419540143,0.6480654032566906,0.0,0.0,0.0,0.0,0.0,0.0,1.0,1.0,0.6931471805599453,0.0,0.0,1.0,0.0,0.388839,0.0,0.382504,0.0,1.0,0.065404,0.0,0.0,0.0,0.0,1.0,0.038157,0.0,0.0,0.0,0.59427,0.360036,0.110892,0.008026,0.964343,0.093572,0.504537,0.277455,0.0,0.127902,0.0,0.5,0.0,0.5,0.039119,0.0,0.0,0.0,0.0,1.0,0.0,1.0,0.0,0.0,0.0,0.080027,0.025892,0.0,0.098889,0.0,1.0,0.0,0.0,0.0,0.0,0.0,0.0,0.0,0.0,0.0,0.0,1.0,0.0,0.0,0.0,0.0,0.0,0.0,0.0,0.0,0.0,0.0,0.0,-3.4323266,3,-0.9990983190354743,-1.0545539,-1.2627367856320777,-1.526375252228681,-1.790013689022962,-2.053652185421888,-2.58092905901045
Bank,Bank:3:task_1:Tomcat02:2021-03-04 19:22:00,Bank:Tomcat02:2021-03-04 19:22:00,3,task_1,2021_03_04,Tomcat02,dockera2,27,-0.105561,0,0.037037037037037,3.332204510175204,0.0,0.0,0.0,0.0,0.0,0.0,0.0,0.0,1.0,1.0,0.6931471805599453,0.0,0.0,1.0,0.0,0.0,0.0,0.382504,0.0,1.0,0.0,0.0,0.0,0.0,0.0,0.777778,0.0,0.0,0.0,0.0,0.59427,0.0,0.0,0.008026,0.964343,0.0,0.504537,0.0,0.0,0.0,0.0,0.5,0.0,0.5,0.0,0.0,0.0,0.0,0.0,1.0,0.0,1.0,0.0,0.0,0.0,0.0,0.0,0.0,0.0,0.0,1.0,0.0,0.0,0.0,0.0,0.0,0.0,0.0,0.0,0.0,0.0,0.0,0.0,0.0,0.0,0.0,0.0,0.0,0.0,0.0,0.0,0.0,0.0,-3.1769223,3,-1.0365315524837793,-0.71035147,-1.2141194192669214,-1.3917072860500634,-1.5692951528332055,-1.7468830196163476,-2.102058753182632
Bank,Bank:3:task_1:Tomcat02:2021-03-04 19:22:00,Bank:Tomcat02:2021-03-04 19:22:00,3,task_1,2021_03_04,Tomcat02,dockerb1,28,-0.105561,0,0.0357142857142857,3.367295829986474,0.0,0.0,0.0,0.0,0.0,0.0,0.0,0.0,1.0,1.0,0.6931471805599453,0.0,0.0,1.0,0.0,0.0,0.0,0.382504,0.0,1.0,0.0,0.0,0.0,0.0,0.0,0.777778,0.0,0.0,0.0,0.0,0.59427,0.0,0.0,0.008026,0.964343,0.0,0.504537,0.0,0.0,0.0,0.0,0.5,0.0,0.5,0.0,0.0,0.0,0.0,0.0,1.0,0.0,1.0,0.0,0.0,0.0,0.0,0.0,0.0,0.0,0.0,1.0,0.0,0.0,0.0,0.0,0.0,0.0,0.0,0.0,0.0,0.0,0.0,0.0,0.0,0.0,0.0,0.0,0.0,0.0,0.0,0.0,0.0,0.0,-3.1769223,3,-1.0365315524837793,-0.71035147,-1.2141194192669214,-1.3917072860500634,-1.5692951528332055,-1.7468830196163476,-2.102058753182632
Bank,Bank:3:task_1:Tomcat02:2021-03-04 19:22:00,Bank:Tomcat02:2021-03-04 19:22:00,3,task_1,2021_03_04,Tomcat02,dockerb2,29,-0.105561,0,0.0344827586206896,3.4011973816621555,0.0,0.0,0.0,0.0,0.0,0.0,0.0,0.0,1.0,1.0,0.6931471805599453,0.0,0.0,1.0,0.0,0.0,0.0,0.382504,0.0,1.0,0.0,0.0,0.0,0.0,0.0,0.777778,0.0,0.0,0.0,0.0,0.59427,0.0,0.0,0.008026,0.964343,0.0,0.504537,0.0,0.0,0.0,0.0,0.5,0.0,0.5,0.0,0.0,0.0,0.0,0.0,1.0,0.0,1.0,0.0,0.0,0.0,0.0,0.0,0.0,0.0,0.0,1.0,0.0,0.0,0.0,0.0,0.0,0.0,0.0,0.0,0.0,0.0,0.0,0.0,0.0,0.0,0.0,0.0,0.0,0.0,0.0,0.0,0.0,0.0,-3.0307796,3,-1.0365315524837793,-0.51339835,-1.1648811398050607,-1.2932307271263421,-1.4215802995464624,-1.549929901768905,-1.8066290466091455
Bank,Bank:9:task_6:MG02:2021-03-07 00:32:00,Bank:MG02:2021-03-07 00:32:00,9,task_6,2021_03_07,MG02,mg02,1,0.808027,1,1.0,0.6931471805599453,0.9056603773584906,1.0,0.0,0.0,0.0,0.0,6.0,6.0,0.0,1.0,0.6931471805599453,0.0,3.623451040824079,1.0,0.0,0.90566,1.0,0.201197,0.485177,0.514823,1.0,0.965447,0.925263,1.0,1.0,0.362698,1.0,0.0,0.666816,1.0,0.113656,0.833066,0.925446,0.0,0.800569,0.881443,0.055392,0.629927,1.0,0.990624,1.0,0.0,1.0,0.0,1.0,0.186792,0.5,0.781662,0.0,0.0,1.0,0.267498,1.0,0.0,1.0,0.161132,1.0,0.45,0.227982,0.0,0.0,1.0,0.0,0.0,0.0,0.0,1.0,0.0,0.0,0.0,0.0,0.0,0.0,0.0,0.0,0.0,0.0,0.0,0.0,0.0,0.0,0.0,0.0,0.48639145,3,2.6834908102152006,2.2260702,3.2400083516237395,3.7965258930322783,4.353043374836172,4.909560975849356,6.022595939457144
Bank,Bank:9:task_6:MG02:2021-03-07 00:32:00,Bank:MG02:2021-03-07 00:32:00,9,task_6,2021_03_07,MG02,tomcat04,2,0.702346,0,0.5,1.0986122886681096,1.0,1.0,0.3773584905660377,0.0,0.0,0.0,2.0,2.0,0.0,1.0,0.6931471805599453,0.0,1.396905945097481,1.0,-0.0713888888888888,1.0,0.362787,0.292142,0.24574,0.75426,0.902236,0.762583,1.0,1.0,1.0,0.460472,0.808918,0.0,0.771208,1.0,0.102766,0.964167,0.964566,0.049344,0.792918,0.93453,0.0,0.700008,1.0,1.0,0.767827,0.869538,1.0,0.0,0.793393,0.396642,0.5,0.68871,0.0,0.0,1.0,0.856813,1.0,0.99986,1.0,0.615577,0.999787,0.999923,0.504409,0.0,0.0,1.0,0.0,0.0,0.0,1.0,0.0,0.0,0.0,0.0,0.0,0.0,0.0,0.0,0.0,0.0,0.0,0.0,0.0,0.0,0.0,0.0,0.0,0.23923056,3,2.2423545821344955,2.0313997,2.7502045138514144,3.2580544455683333,3.7659043772852523,4.273754309002172,5.28945417243601
Bank,Bank:9:task_6:MG02:2021-03-07 00:32:00,Bank:MG02:2021-03-07 00:32:00,9,task_6,2021_03_07,MG02,tomcat01,3,0.502887,0,0.3333333333333333,1.3862943611198906,1.0,1.0,0.3773584905660377,0.0,0.0,0.0,2.0,2.0,0.0,1.0,0.6931471805599453,0.0,1.8113207547169807,1.0,-0.0725,1.0,0.432415,0.316225,0.181132,0.818868,0.564838,1.0,0.925263,1.0,1.0,0.460472,0.749247,0.0,1.0,1.0,0.076997,1.0,0.971279,0.157487,0.785114,1.0,0.509462,0.678,1.0,0.919232,0.730045,1.0,0.285714,0.0,0.434175,0.142812,0.5,0.800403,0.0,0.0,1.0,0.877028,1.0,1.0,0.333333,0.913911,0.676832,1.0,0.580799,0.0,0.0,1.0,0.0,0.0,0.0,1.0,0.0,0.0,0.0,0.0,0.0,0.0,0.0,0.0,0.0,0.0,0.0,0.0,0.0,0.0,0.0,0.0,0.0,-0.6149249,3,1.40976792117605,1.3586448,1.7494291319514255,2.089090342726801,2.428751523699854,2.7684127642775516,3.4477351262236575
Bank,Bank:9:task_6:MG02:2021-03-07 00:32:00,Bank:MG02:2021-03-07 00:32:00,9,task_6,2021_03_07,MG02,mysql01,4,0.441372,0,0.25,1.6094379124341005,0.9056603773584906,1.0,0.0,0.0,0.0,1.0,5.0,6.0,0.0,1.0,0.6931471805599453,0.9056603773584906,2.717790663465588,1.0,0.0,0.90566,0.750056,0.4247,0.442213,0.557787,0.795755,0.955399,0.0,1.0,0.277078,0.316094,0.761016,0.204377,0.600179,1.0,0.367212,0.799679,1.0,0.543167,0.282274,0.60326,0.768047,1.0,0.964286,0.644514,1.0,0.0,0.857143,0.0,0.823183,0.190695,0.5,0.72084,0.0,0.0,1.0,0.195327,1.0,0.0,1.0,0.403701,0.865932,0.45,0.525514,0.0,0.0,1.0,0.0,0.0,0.0,0.0,0.0,0.0,0.0,1.0,0.0,0.0,0.0,0.0,0.0,0.0,0.0,0.0,0.0,0.0,0.0,0.0,0.0,-2.025576,3,1.1529904959966462,0.24757957,1.2148853896428864,1.2767802832891266,1.3386751769353669,1.400570070581607,1.5243598578740876
Bank,Bank:9:task_6:MG02:2021-03-07 00:32:00,Bank:MG02:2021-03-07 00:32:00,9,task_6,2021_03_07,MG02,redis02,5,0.407749,0,0.2,1.791759469228055,0.8503083275344427,1.0,0.0,0.0,0.0,5.0,2.0,7.0,0.0,1.0,0.6931471805599453,3.5810077510229297,0.4947012847226776,1.0,0.0,0.850308,0.136528,0.453114,0.640142,0.359858,0.651758,0.700325,0.0,1.0,0.277078,0.156598,0.465599,0.808114,0.273116,1.0,0.43683,0.657146,0.931145,0.477481,0.982702,0.46469,0.364145,0.964569,0.821429,0.829158,1.0,0.0,1.0,0.0,0.430016,0.266667,0.5,0.538798,0.0,0.0,1.0,0.317276,1.0,0.0,1.0,0.524522,0.883308,0.45,0.742895,0.0,0.0,1.0,0.0,0.0,0.0,0.0,0.0,0.0,0.0,0.0,1.0,0.0,0.0,0.0,0.0,0.0,0.0,0.0,0.0,0.0,0.0,0.0,0.0,-1.7871332,3,1.0126405428663998,0.43538335,1.1214863802806645,1.2303322176949292,1.3391780625597745,1.4480238925234585,1.665715582253149
Bank,Bank:9:task_6:MG02:2021-03-07 00:32:00,Bank:MG02:2021-03-07 00:32:00,9,task_6,2021_03_07,MG02,servicetest9,6,0.355056,0,0.1666666666666666,1.9459101490553128,0.5308309708023288,0.884718284670548,0.0,0.0,0.0,6.0,0.0,6.0,0.0,1.0,0.6931471805599453,3.8118920854227096,0.0,1.0,0.0,0.530831,0.0,1.0,0.0,1.0,0.102899,0.0,0.669858,0.666667,0.241343,0.0,0.405179,0.860217,0.0,0.666667,0.273504,0.49151,0.540692,0.485077,0.99208,0.236802,0.364145,0.606647,0.5,0.555485,0.0,0.0,0.0,0.140046,0.074068,0.0,0.5,0.0,0.0,1.0,0.0,1.0,0.0,0.0,0.0,0.366997,0.038793,0.0,0.409733,0.0,1.0,0.0,0.0,0.0,0.0,0.0,0.0,0.0,0.0,0.0,0.0,1.0,0.0,0.0,0.0,0.0,0.0,0.0,0.0,0.0,0.0,0.0,0.0,-2.9889536,3,0.7926881269519346,-0.5112014,0.6648877815310972,0.5370874361102598,0.4092870906894224,0.28148674526858497,0.025886054426910166
Bank,Bank:9:task_6:MG02:2021-03-07 00:32:00,Bank:MG02:2021-03-07 00:32:00,9,task_6,2021_03_07,MG02,apache02,7,0.311057,0,0.1428571428571428,2.079441541679836,0.7920423126880374,1.0,0.0,0.0,0.0,4.0,2.0,6.0,0.0,1.0,0.6931471805599453,2.7889654383348925,0.9481036671596396,1.0,0.0,0.792042,0.261658,0.625103,0.482104,0.517896,0.379659,0.896717,0.0,1.0,0.277078,0.156598,0.472664,0.629376,0.523432,1.0,0.120383,0.755873,0.804812,0.588342,0.896263,0.548361,0.364145,0.587446,0.857143,0.653027,1.0,0.0,0.428571,0.0,0.550406,0.31827,0.5,0.680369,0.0,0.0,1.0,0.014719,1.0,0.0,1.0,0.717198,0.548388,0.45,0.707595,0.0,0.0,1.0,0.0,0.0,0.0,0.0,0.0,0.0,1.0,0.0,0.0,0.0,0.0,0.0,0.0,0.0,0.0,0.0,0.0,0.0,0.0,0.0,0.0,-0.79534066,3,0.6090264195558751,1.2165447,0.9131626063940251,1.217298793232175,1.5214350098726475,1.825571166908475,2.43384360018942
Bank,Bank:9:task_6:MG02:2021-03-07 00:32:00,Bank:MG02:2021-03-07 00:32:00,9,task_6,2021_03_07,MG02,servicetest11,8,0.302494,0,0.125,2.19722457733622,0.0977953396251967,0.1629922327086612,0.0,0.0,0.0,6.0,1.0,7.0,0.0,1.0,0.6931471805599453,4.431316078557373,0.3969059450974809,1.0,0.0,0.097795,0.109538,0.0,1.0,0.0,0.510983,0.691558,0.0,1.0,0.277078,0.150358,0.164261,1.0,0.43825,1.0,0.273504,0.453794,0.772282,0.562991,1.0,0.465573,0.364145,0.58185,0.785714,0.669085,1.0,0.0,0.857143,0.0,0.677196,1.0,0.5,0.945975,0.0,0.0,1.0,0.0108,1.0,0.0,1.0,0.598786,0.704464,0.45,0.679557,0.0,1.0,0.0,0.0,0.0,0.0,0.0,0.0,0.0,0.0,0.0,0.0,1.0,0.0,0.0,0.0,0.0,0.0,0.0,0.0,0.0,0.0,0.0,0.0,-1.8690847,3,0.5732825344577489,0.37083623,0.6659915914908109,0.7587006485238729,0.8514096981063543,0.9441187625899968,1.1295368617549597
Bank,Bank:9:task_6:MG02:2021-03-07 00:32:00,Bank:MG02:2021-03-07 00:32:00,9,task_6,2021_03_07,MG02,mysql02,9,0.29524,0,0.1111111111111111,2.302585092994046,0.9056603773584906,1.0,0.0,0.0,0.0,2.0,0.0,2.0,0.0,1.0,0.6931471805599453,1.9056603773584904,0.0,1.0,0.0,0.90566,0.0,0.855385,0.0,1.0,0.150135,0.0,0.925263,0.0,0.138539,0.0,0.476307,0.430044,0.0,0.0,0.293524,0.555556,0.407179,0.534782,0.74074,0.0,0.364145,0.51087,0.928571,0.379089,0.0,0.0,0.0,0.5,0.126369,0.0,0.5,0.0,0.0,1.0,0.0,1.0,0.0,0.0,0.0,0.442238,0.056601,0.0,0.499628,0.0,0.0,0.0,1.0,0.0,0.0,0.0,0.0,0.0,0.0,1.0,0.0,0.0,0.0,0.0,0.0,0.0,0.0,0.0,0.0,0.0,0.0,0.0,0.0,-2.6840887,3,0.5430027093378368,-0.27108195,0.47523222077763705,0.4074617322174373,0.339691236206657,0.27192075509703784,0.13637976307547717
Bank,Bank:9:task_6:MG02:2021-03-07 00:32:00,Bank:MG02:2021-03-07 00:32:00,9,task_6,2021_03_07,MG02,redis01,10,0.285087,0,0.1,2.3978952727983707,0.9056603773584906,1.0,0.0,0.0,0.0,2.0,4.0,6.0,0.0,1.0,0.6931471805599453,1.8113207547169807,1.8121302861070976,1.0,0.0,0.90566,0.500112,0.59012,0.377766,0.622234,0.591727,0.937114,0.0,1.0,0.277078,0.249834,0.648741,0.408755,0.500223,1.0,0.0,0.749599,0.752881,0.562461,0.495242,0.541186,0.364145,0.389703,0.928571,0.518219,1.0,0.0,0.714286,0.0,0.442871,0.141944,0.5,0.4375,0.0,0.0,1.0,0.0,1.0,0.0,1.0,0.576776,0.695833,0.45,0.638686,0.0,0.0,0.0,0.0,1.0,0.0,0.0,0.0,0.0,0.0,0.0,1.0,0.0,0.0,0.0,0.0,0.0,0.0,0.0,0.0,0.0,0.0,0.0,0.0,-1.1557024,3,0.5006218071538736,0.9327146,0.7338004525262644,0.9669790978986551,1.2001577730733684,1.4333363886434367,1.899693738992863
Bank,Bank:9:task_6:MG02:2021-03-07 00:32:00,Bank:MG02:2021-03-07 00:32:00,9,task_6,2021_03_07,MG02,servicetest10,11,0.231218,0,0.0909090909090909,2.4849066497880004,0.7596720128354453,1.0,0.0,0.0,0.0,3.0,3.0,6.0,0.0,1.0,0.6931471805599453,2.302566322455972,1.2804847209336214,1.0,0.0,0.759672,0.353388,0.65505,0.393301,0.606699,0.394555,1.0,0.0,0.666667,0.231598,0.265883,0.511972,0.519612,0.47129,0.666667,0.273504,0.824909,0.700685,0.685475,0.748213,0.424179,0.364145,0.888226,0.607143,0.526037,1.0,0.0,0.428571,0.280092,0.453476,0.205444,0.5,1.0,0.0,0.0,1.0,0.196471,1.0,0.0,0.5,0.749551,0.607298,0.45,0.806973,0.0,1.0,0.0,0.0,0.0,0.0,0.0,0.0,0.0,0.0,0.0,0.0,1.0,0.0,0.0,0.0,0.0,0.0,0.0,0.0,0.0,0.0,0.0,0.0,-3.0260625,3,0.27576050313063855,-0.54042935,0.14065316470214123,0.005545826273643917,-0.1295615121548534,-0.2646688505833507,-0.5348835274403454
Bank,Bank:9:task_6:MG02:2021-03-07 00:32:00,Bank:MG02:2021-03-07 00:32:00,9,task_6,2021_03_07,MG02,servicetest3,12,0.178686,0,0.0833333333333333,2.5649493574615367,0.0719843062594207,0.1199738437657012,0.0,0.0,0.0,3.0,3.0,6.0,0.0,1.0,0.6931471805599453,2.716981132075472,1.7401459798476768,1.0,0.0,0.071984,0.480245,0.0,1.0,0.0,0.444212,0.934996,0.0,1.0,0.277078,0.265883,0.263208,0.613132,0.64047,1.0,0.273504,0.470571,0.818305,0.636207,0.874608,0.520426,0.867335,0.595321,0.892857,0.602266,1.0,0.0,0.571429,0.0,0.676962,0.370245,0.5,0.885554,0.0,0.0,1.0,0.109046,1.0,0.0,1.0,0.650118,0.636289,0.45,0.691818,0.0,1.0,0.0,0.0,0.0,0.0,0.0,0.0,0.0,0.0,0.0,0.0,1.0,0.0,0.0,0.0,0.0,0.0,0.0,0.0,0.0,0.0,0.0,0.0,-2.3938131,3,0.0564801373739215,-0.04245341,0.045866785313603504,0.03525343325328551,0.024640081192967518,0.014026729132649525,-0.007199974987986461
Bank,Bank:9:task_6:MG02:2021-03-07 00:32:00,Bank:MG02:2021-03-07 00:32:00,9,task_6,2021_03_07,MG02,servicetest6,13,0.149011,0,0.0769230769230769,2.639057329615259,0.6207657651141716,1.0,0.0,0.0,0.0,5.0,1.0,6.0,0.0,1.0,0.6931471805599453,3.191126320308538,0.5308309708023288,1.0,0.0,0.620766,0.146499,0.500474,0.598586,0.401414,0.214021,1.0,0.0,0.666667,0.238595,0.150358,0.317675,0.720131,0.586126,0.666667,0.273504,0.932752,0.719793,0.754667,0.950653,0.475219,0.568788,0.978613,0.535714,0.550497,1.0,0.0,0.142857,0.168055,0.231666,0.205444,0.5,1.0,0.0,0.0,1.0,0.287515,1.0,0.0,0.166667,0.873284,0.494123,0.45,0.870306,0.0,1.0,0.0,0.0,0.0,0.0,0.0,0.0,0.0,0.0,0.0,0.0,1.0,0.0,0.0,0.0,0.0,0.0,0.0,0.0,0.0,0.0,0.0,0.0,-2.475135,3,-0.06738997710545451,-0.10650468,-0.09401614678700358,-0.12064231646855265,-0.14726848615010174,-0.1738946558316508,-0.22714699519474896
Bank,Bank:9:task_6:MG02:2021-03-07 00:32:00,Bank:MG02:2021-03-07 00:32:00,9,task_6,2021_03_07,MG02,dockera2,14,0.129932,0,0.0714285714285714,2.70805020110221,0.9056603773584906,1.0,0.0,0.0,0.0,0.0,0.0,0.0,1.0,1.0,0.6931471805599453,0.0,0.0,1.0,0.0666666666666666,0.90566,0.0,0.382504,0.0,1.0,0.166439,0.0,0.0,0.0,0.277078,0.818182,0.143885,0.0,0.0,0.0,1.0,0.555556,0.547738,0.102342,0.879063,0.280978,0.715388,0.820756,0.0,0.692546,0.0,0.0,0.0,0.0,0.126369,0.0,0.5,0.0,0.0,1.0,0.0,1.0,0.0,0.0,0.0,0.053047,0.062748,0.0,0.07314,0.0,0.0,0.0,0.0,1.0,0.0,0.0,0.0,0.0,0.0,0.0,0.0,0.0,0.0,0.0,0.0,0.0,0.0,0.0,0.0,0.0,0.0,0.0,0.0,-3.3772366,3,-0.1470300079109142,-0.8170231,-0.3512857825281093,-0.5555415571453044,-0.7597973466636607,-0.9640531063796947,-1.3725646854164073
Bank,Bank:9:task_6:MG02:2021-03-07 00:32:00,Bank:MG02:2021-03-07 00:32:00,9,task_6,2021_03_07,MG02,tomcat02,15,0.114241,0,0.0666666666666666,2.772588722239781,1.0,1.0,0.3773584905660377,0.0,0.0,1.0,5.0,6.0,0.0,1.0,0.6931471805599453,1.0,2.9458171111275573,1.0,-0.0563888888888888,1.0,0.726281,0.637925,0.117833,0.882167,0.800656,1.0,0.0,0.666667,0.208283,0.580199,0.822267,0.225667,0.650535,0.666667,0.051681,0.894945,0.705266,0.695641,0.10889,0.483961,1.0,0.562817,0.964286,0.301423,0.786698,0.840276,0.714286,0.253903,0.605413,0.12082,0.5,0.613281,0.0,0.0,1.0,0.805679,1.0,0.999178,0.833333,1.0,0.885754,0.999548,1.0,0.0,0.0,1.0,0.0,0.0,0.0,1.0,0.0,0.0,0.0,0.0,0.0,0.0,0.0,0.0,0.0,0.0,0.0,0.0,0.0,0.0,0.0,0.0,0.0,-0.2989637,3,-0.2125277658315844,1.607504,0.18934823671854073,0.5912242392686659,0.9931002716211134,1.394976244368916,2.198728309073811
Bank,Bank:9:task_6:MG02:2021-03-07 00:32:00,Bank:MG02:2021-03-07 00:32:00,9,task_6,2021_03_07,MG02,servicetest8,16,0.112143,0,0.0625,2.833213344056216,0.3969059450974809,0.6615099084958017,0.0,0.0,0.0,3.0,5.0,8.0,0.0,1.0,0.6931471805599453,1.9481036671596397,2.9458171111275573,1.0,0.0,0.396906,0.812987,0.0,1.0,0.0,0.703566,1.0,0.038912,0.75,0.242858,0.398381,0.499869,0.439622,0.650535,0.75,0.273504,0.753908,0.752703,0.730435,0.504076,0.486648,1.0,0.832013,0.714286,0.43261,1.0,0.0,0.714286,0.330084,0.708435,0.186954,0.5,0.932005,0.0,0.0,1.0,0.114965,1.0,0.0,0.833333,0.612101,0.771707,0.45,0.765968,0.0,1.0,0.0,0.0,0.0,0.0,0.0,0.0,0.0,0.0,0.0,0.0,1.0,0.0,0.0,0.0,0.0,0.0,0.0,0.0,0.0,0.0,0.0,0.0,-3.0516565,3,-0.22128528900522312,-0.5605878,-0.3614322448529633,-0.5015792007007035,-0.6417261416472825,-0.7818731123961838,-1.0621669942893417
Bank,Bank:9:task_6:MG02:2021-03-07 00:32:00,Bank:MG02:2021-03-07 00:32:00,9,task_6,2021_03_07,MG02,ig01,17,0.08751,0,0.0588235294117647,2.8903717578961645,0.9056603773584906,1.0,0.0,0.0,0.0,2.0,4.0,6.0,0.0,1.0,0.6931471805599453,1.396905945097481,2.040156733769067,1.0,0.0,0.90566,0.563042,0.576635,0.394218,0.605782,0.587711,1.0,0.0,0.666667,0.227049,0.344567,0.650938,0.315235,0.563168,0.666667,0.220133,0.868682,0.698384,0.721448,0.149754,0.456415,0.949777,0.837118,0.642857,0.317007,1.0,0.0,0.571429,0.420138,0.421439,0.112994,0.5,0.4375,0.0,0.0,1.0,0.019557,1.0,0.0,0.666667,0.689049,0.664148,0.45,0.77463,0.0,0.0,1.0,0.0,0.0,0.0,0.0,0.0,1.0,0.0,0.0,0.0,0.0,0.0,0.0,0.0,0.0,0.0,0.0,0.0,0.0,0.0,0.0,0.0,-3.382668,3,-0.3241089631407065,-0.82130104,-0.5294342238991064,-0.7347594846575064,-0.9400847603170676,-1.1454100061743064,-1.5560605574934288
Bank,Bank:9:task_6:MG02:2021-03-07 00:32:00,Bank:MG02:2021-03-07 00:32:00,9,task_6,2021_03_07,MG02,apache01,18,0.014113,0,0.0555555555555555,2.9444389791664403,0.9056603773584906,1.0,0.0,0.0,0.0,0.0,0.0,0.0,1.0,1.0,0.6931471805599453,0.0,0.0,1.0,0.0,0.90566,0.0,0.382504,0.0,1.0,0.166439,0.0,0.0,0.0,0.277078,0.818182,0.143885,0.0,0.0,0.0,0.21457,0.555556,0.14568,0.102342,0.879063,0.280978,0.715388,0.410873,0.0,0.409101,0.0,0.0,0.0,0.0,0.126369,0.0,0.5,0.0,0.0,1.0,0.0,1.0,0.0,0.0,0.0,0.053047,0.062748,0.0,0.07314,0.0,0.0,1.0,0.0,0.0,0.0,0.0,0.0,0.0,1.0,0.0,0.0,0.0,0.0,0.0,0.0,0.0,0.0,0.0,0.0,0.0,0.0,0.0,0.0,-3.5633647,3,-0.6304845248068484,-0.96362245,-0.8713901375139864,-1.1122957502211244,-1.35320133312594,-1.5941069756354005,-2.075918141445032
Bank,Bank:9:task_6:MG02:2021-03-07 00:32:00,Bank:MG02:2021-03-07 00:32:00,9,task_6,2021_03_07,MG02,mg01,19,-0.001976,0,0.0526315789473684,2.995732273553991,0.9056603773584906,1.0,0.0,0.0,0.0,0.0,0.0,0.0,1.0,1.0,0.6931471805599453,0.0,0.0,1.0,0.0,0.90566,0.0,0.382504,0.0,1.0,0.166439,0.0,0.0,0.0,0.277078,0.818182,0.143885,0.0,0.0,0.0,0.143482,0.555556,0.10524,0.102342,0.879063,0.280978,0.715388,0.307774,0.0,0.376551,0.0,0.0,0.0,0.0,0.126369,0.0,0.5,0.0,0.0,1.0,0.0,1.0,0.0,0.0,0.0,0.053047,0.062748,0.0,0.07314,0.0,0.0,1.0,0.0,0.0,0.0,0.0,1.0,0.0,0.0,0.0,0.0,0.0,0.0,0.0,0.0,0.0,0.0,0.0,0.0,0.0,0.0,0.0,0.0,-3.0002952,3,-0.6976436241112689,-0.5201343,-0.8276772065602283,-0.9577107890091876,-1.087744371458147,-1.2177779539071063,-1.477845118805025
Bank,Bank:9:task_6:MG02:2021-03-07 00:32:00,Bank:MG02:2021-03-07 00:32:00,9,task_6,2021_03_07,MG02,servicetest4,20,-0.011279,0,0.05,3.044522437723423,0.4921917274963726,0.8203195458272878,0.0,0.0,0.0,0.0,0.0,0.0,1.0,1.0,0.6931471805599453,0.0,0.0,1.0,0.0,0.492192,0.0,0.382504,0.0,1.0,0.106891,0.0,0.0,0.0,0.277078,0.818182,0.070829,0.0,0.0,0.0,0.273504,0.455733,0.146263,0.102342,0.879063,0.260784,0.715388,0.39504,0.0,0.408439,0.0,0.0,0.0,0.0,0.068676,0.0,0.5,0.0,0.0,1.0,0.0,1.0,0.0,0.0,0.0,0.058409,0.040298,0.0,0.07314,0.0,1.0,0.0,0.0,0.0,0.0,0.0,0.0,0.0,0.0,0.0,0.0,1.0,0.0,0.0,0.0,0.0,0.0,0.0,0.0,0.0,0.0,0.0,0.0,-3.5633647,3,-0.7364764354002877,-0.96362245,-0.9773820481074258,-1.2182876608145639,-1.4591932437193795,-1.70009888622884,-2.1819100520384715
Bank,Bank:9:task_6:MG02:2021-03-07 00:32:00,Bank:MG02:2021-03-07 00:32:00,9,task_6,2021_03_07,MG02,servicetest5,21,-0.012127,0,0.0476190476190476,3.091042453358316,0.1288879850171211,0.2148133083618685,0.0,0.0,0.0,4.0,2.0,6.0,0.0,1.0,0.6931471805599453,3.062238335291417,1.1515967359165002,1.0,0.0,0.128888,0.317818,0.0,1.0,0.0,0.269999,1.0,0.0,0.666667,0.235388,0.278654,0.160312,0.691045,0.635777,0.666667,0.273504,0.639215,0.63875,0.77068,0.934373,0.42847,0.741415,0.731285,0.571429,0.46003,1.0,0.0,0.285714,0.210069,0.330243,0.205444,0.5,1.0,0.0,0.0,1.0,0.124499,1.0,0.0,0.333333,0.866839,0.503331,0.45,0.870298,0.0,1.0,0.0,0.0,0.0,0.0,0.0,0.0,0.0,0.0,0.0,0.0,1.0,0.0,0.0,0.0,0.0,0.0,0.0,0.0,0.0,0.0,0.0,0.0,-3.0941484,3,-0.7400161778460673,-0.59405553,-0.888530061198347,-1.0370439445506268,-1.1855578279029064,-1.334071711255186,-1.6310994779597454
Bank,Bank:9:task_6:MG02:2021-03-07 00:32:00,Bank:MG02:2021-03-07 00:32:00,9,task_6,2021_03_07,MG02,dockera1,22,-0.0515,0,0.0454545454545454,3.1354942159291497,0.0,0.0,0.0,0.0,0.0,0.0,0.0,0.0,1.0,1.0,0.6931471805599453,0.0,0.0,1.0,0.0,0.0,0.0,0.382504,0.0,1.0,0.0,0.0,0.0,0.0,0.277078,0.636364,0.004818,0.0,0.0,0.0,0.273504,0.0,0.0,0.102342,0.879063,0.168587,0.715388,0.0,0.0,0.289267,0.0,0.0,0.0,0.0,0.0,0.0,0.5,0.0,0.0,1.0,0.0,1.0,0.0,0.0,0.0,0.0,0.0,0.0,0.0,0.0,1.0,0.0,0.0,0.0,0.0,0.0,0.0,0.0,0.0,0.0,0.0,0.0,0.0,0.0,0.0,0.0,0.0,0.0,0.0,0.0,0.0,0.0,0.0,-3.2887444,3,-0.9043679223244656,-0.7473244,-1.091199024099635,-1.2780301258748044,-1.4648612127488125,-1.651692329425143,-2.0253545031731592
Bank,Bank:9:task_6:MG02:2021-03-07 00:32:00,Bank:MG02:2021-03-07 00:32:00,9,task_6,2021_03_07,MG02,dockerb1,23,-0.0515,0,0.0434782608695652,3.1780538303479458,0.0,0.0,0.0,0.0,0.0,0.0,0.0,0.0,1.0,1.0,0.6931471805599453,0.0,0.0,1.0,0.0,0.0,0.0,0.382504,0.0,1.0,0.0,0.0,0.0,0.0,0.277078,0.636364,0.004818,0.0,0.0,0.0,0.273504,0.0,0.0,0.102342,0.879063,0.168587,0.715388,0.0,0.0,0.289267,0.0,0.0,0.0,0.0,0.0,0.0,0.5,0.0,0.0,1.0,0.0,1.0,0.0,0.0,0.0,0.0,0.0,0.0,0.0,0.0,1.0,0.0,0.0,0.0,0.0,0.0,0.0,0.0,0.0,0.0,0.0,0.0,0.0,0.0,0.0,0.0,0.0,0.0,0.0,0.0,0.0,0.0,0.0,-3.2887444,3,-0.9043679223244656,-0.7473244,-1.091199024099635,-1.2780301258748044,-1.4648612127488125,-1.651692329425143,-2.0253545031731592
Bank,Bank:9:task_6:MG02:2021-03-07 00:32:00,Bank:MG02:2021-03-07 00:32:00,9,task_6,2021_03_07,MG02,dockerb2,24,-0.0515,0,0.0416666666666666,3.218875824868201,0.0,0.0,0.0,0.0,0.0,0.0,0.0,0.0,1.0,1.0,0.6931471805599453,0.0,0.0,1.0,0.0,0.0,0.0,0.382504,0.0,1.0,0.0,0.0,0.0,0.0,0.277078,0.636364,0.004818,0.0,0.0,0.0,0.273504,0.0,0.0,0.102342,0.879063,0.168587,0.715388,0.0,0.0,0.289267,0.0,0.0,0.0,0.0,0.0,0.0,0.5,0.0,0.0,1.0,0.0,1.0,0.0,0.0,0.0,0.0,0.0,0.0,0.0,0.0,1.0,0.0,0.0,0.0,0.0,0.0,0.0,0.0,0.0,0.0,0.0,0.0,0.0,0.0,0.0,0.0,0.0,0.0,0.0,0.0,0.0,0.0,0.0,-3.2887444,3,-0.9043679223244656,-0.7473244,-1.091199024099635,-1.2780301258748044,-1.4648612127488125,-1.651692329425143,-2.0253545031731592
Bank,Bank:9:task_6:MG02:2021-03-07 00:32:00,Bank:MG02:2021-03-07 00:32:00,9,task_6,2021_03_07,MG02,tomcat03,25,-0.067852,0,0.04,3.258096538021482,1.0,1.0,0.3773584905660377,0.0,0.0,0.0,0.0,0.0,1.0,1.0,0.6931471805599453,0.0,0.0,1.0,-0.0033333333333333,1.0,0.0,0.382504,0.0,1.0,0.180026,0.0,0.0,0.0,0.277078,1.0,0.137901,0.0,0.0,0.0,0.076073,0.555556,0.066348,0.102342,0.879063,0.280978,0.715388,0.201135,0.0,0.344759,0.0,0.0,0.0,0.0,0.139532,0.0,0.5,0.0,0.0,1.0,0.0,1.0,0.0,0.0,0.0,0.118009,0.06787,0.0,0.14628,0.0,0.0,1.0,0.0,0.0,0.0,1.0,0.0,0.0,0.0,0.0,0.0,0.0,0.0,0.0,0.0,0.0,0.0,0.0,0.0,0.0,0.0,0.0,0.0,-2.9777877,3,-0.9726248426940278,-0.5024069,-1.0982265664841966,-1.2238282902743653,-1.3494300289656953,-1.4750317378547029,-1.7262352152373628
Bank,Bank:9:task_6:MG02:2021-03-07 00:32:00,Bank:MG02:2021-03-07 00:32:00,9,task_6,2021_03_07,MG02,servicetest1,26,-0.077641,0,0.0384615384615384,3.295836866004329,0.1373419551751978,0.2289032586253296,0.0,0.0,0.0,0.0,0.0,0.0,1.0,1.0,0.6931471805599453,0.0,0.0,1.0,0.0,0.137342,0.0,0.382504,0.0,1.0,0.055785,0.0,0.0,0.0,0.277078,0.818182,0.008131,0.0,0.0,0.0,0.273504,0.127168,0.040544,0.102342,0.879063,0.194314,0.715388,0.105837,0.0,0.322062,0.0,0.0,0.0,0.0,0.019164,0.0,0.5,0.0,0.0,1.0,0.0,1.0,0.0,0.0,0.0,0.06301,0.021031,0.0,0.07314,0.0,1.0,0.0,0.0,0.0,0.0,0.0,0.0,0.0,0.0,0.0,0.0,1.0,0.0,0.0,0.0,0.0,0.0,0.0,0.0,0.0,0.0,0.0,0.0,-3.5312972,3,-1.0134863271300383,-0.9383652,-1.2480776323859282,-1.482668937641818,-1.717260242897708,-1.9518515481535978,-2.4210341586653774
Bank,Bank:9:task_6:MG02:2021-03-07 00:32:00,Bank:MG02:2021-03-07 00:32:00,9,task_6,2021_03_07,MG02,servicetest7,27,-0.078998,0,0.037037037037037,3.332204510175204,0.1299798709315057,0.2166331182191762,0.0,0.0,0.0,0.0,0.0,0.0,1.0,1.0,0.6931471805599453,0.0,0.0,1.0,0.0,0.12998,0.0,0.382504,0.0,1.0,0.054725,0.0,0.0,0.0,0.277078,0.818182,0.00683,0.0,0.0,0.0,0.273504,0.120352,0.038365,0.102342,0.879063,0.192935,0.715388,0.100075,0.0,0.320294,0.0,0.0,0.0,0.0,0.018136,0.0,0.5,0.0,0.0,1.0,0.0,1.0,0.0,0.0,0.0,0.063105,0.020631,0.0,0.07314,0.0,1.0,0.0,0.0,0.0,0.0,0.0,0.0,0.0,0.0,0.0,0.0,1.0,0.0,0.0,0.0,0.0,0.0,0.0,0.0,0.0,0.0,0.0,0.0,-3.5312972,3,-1.0191507498882022,-0.9383652,-1.253742055144092,-1.488333360399982,-1.7229246656558719,-1.9575159709117618,-2.4266985814235413
Bank,Bank:9:task_6:MG02:2021-03-07 00:32:00,Bank:MG02:2021-03-07 00:32:00,9,task_6,2021_03_07,MG02,servicetest2,28,-0.086107,0,0.0357142857142857,3.367295829986474,0.091322911692889,0.1522048528214817,0.0,0.0,0.0,0.0,0.0,0.0,1.0,1.0,0.6931471805599453,0.0,0.0,1.0,0.0,0.091323,0.0,0.382504,0.0,1.0,0.049158,0.0,0.0,0.0,0.277078,0.818182,0.0,0.0,0.0,0.0,0.273504,0.084558,0.026935,0.102342,0.879063,0.185693,0.715388,0.069984,0.0,0.311032,0.0,0.0,0.0,0.0,0.012742,0.0,0.5,0.0,0.0,1.0,0.0,1.0,0.0,0.0,0.0,0.063607,0.018533,0.0,0.07314,0.0,1.0,0.0,0.0,0.0,0.0,0.0,0.0,0.0,0.0,0.0,0.0,1.0,0.0,0.0,0.0,0.0,0.0,0.0,0.0,0.0,0.0,0.0,0.0,-3.5312972,3,-1.0488253124436826,-0.9383652,-1.2834166176995725,-1.5180079229554624,-1.7525992282113523,-1.9871905334672422,-2.4563731439790217
Bank,Bank:9:task_6:MG02:2021-03-07 00:32:00,Bank:MG02:2021-03-07 00:32:00,9,task_6,2021_03_07,MG02,ig02,29,-0.148185,0,0.0344827586206896,3.4011973816621555,0.9056603773584906,1.0,0.0,0.0,0.0,1.0,1.0,2.0,0.0,1.0,0.6931471805599453,1.0,0.9056603773584906,1.0,0.0,0.90566,0.249944,0.234388,0.7,0.3,0.347603,1.0,0.0,0.0,0.0,0.150358,0.373834,0.225667,1.0,0.0,0.036476,1.0,0.455949,1.0,0.0,0.344384,0.568788,0.435713,0.964286,0.0,1.0,0.0,0.142857,1.0,0.24293,0.112994,0.5,0.4375,0.0,0.0,1.0,0.318279,1.0,0.0,0.166667,0.904453,0.553504,0.45,0.970682,0.0,0.0,1.0,0.0,0.0,0.0,0.0,0.0,1.0,0.0,0.0,0.0,0.0,0.0,0.0,0.0,0.0,0.0,0.0,0.0,0.0,0.0,0.0,0.0,0.0023331307,3,-1.3079528260629145,1.8448132,-0.8467495191495387,-0.3855462122361628,0.07565706487489066,0.5368604015905889,1.4592669558126958
Bank,Bank:13:task_4:apache02:2021-03-07 18:59:00,Bank:apache02:2021-03-07 18:59:00,13,task_4,2021_03_07,apache02,apache01,1,0.559873,0,1.0,0.6931471805599453,0.9056603773584906,1.0,0.0,0.0,0.0,0.0,3.0,3.0,0.0,1.0,0.6931471805599453,0.0,2.716981132075472,1.0,0.0,0.90566,0.540471,0.0,1.0,0.0,0.733188,0.8,0.925263,1.0,1.0,0.477699,0.675718,0.0,0.957265,1.0,0.076012,0.948849,0.889746,0.299903,0.783957,1.0,0.872558,0.569358,1.0,0.865027,1.0,0.0,0.875,0.0,0.847855,0.596778,0.0,0.8125,0.0,0.0,1.0,0.188234,1.0,0.0,1.0,0.159598,0.889711,0.45,0.18343,1.0,0.0,0.0,0.0,0.0,0.0,0.0,0.0,0.0,1.0,0.0,0.0,0.0,0.0,0.0,0.0,0.0,0.0,0.0,0.0,0.0,0.0,0.0,0.0,0.9668192,3,2.4624969613852103,2.7725537,3.155635381967028,3.8487738025488456,4.541912282735308,5.235050643712481,6.621327604085406
Bank,Bank:13:task_4:apache02:2021-03-07 18:59:00,Bank:apache02:2021-03-07 18:59:00,13,task_4,2021_03_07,apache02,mg02,2,0.541225,0,0.5,1.0986122886681096,0.9056603773584906,1.0,0.0,0.0,0.0,1.0,0.0,1.0,0.0,1.0,0.6931471805599453,0.0134845804760064,0.0,1.0,0.0,0.90566,0.0,0.856503,0.0,1.0,0.095689,0.0,0.015332,1.0,0.077856,0.037028,0.326778,0.001791,0.0,1.0,0.071118,0.527138,0.590438,0.0,0.912792,0.581228,0.0,0.329136,0.5,1.0,0.0,0.0,0.0,0.0,0.084542,0.0,0.0,0.0,0.0,1.0,0.0,1.0,0.0,0.0,0.0,0.068589,0.037995,0.0,0.100655,0.0,0.0,1.0,0.0,0.0,0.0,0.0,1.0,0.0,0.0,0.0,0.0,0.0,0.0,0.0,0.0,0.0,0.0,0.0,0.0,0.0,0.0,0.0,0.0,-1.8523035,3,2.376682440361377,0.4570696,2.490949841758605,2.6052172431558334,2.719484637102481,2.83375204595029,3.062286833843585
Bank,Bank:13:task_4:apache02:2021-03-07 18:59:00,Bank:apache02:2021-03-07 18:59:00,13,task_4,2021_03_07,apache02,apache02,3,0.348033,1,0.3333333333333333,1.3862943611198906,0.9056603773584906,1.0,0.0,0.0,0.0,1.0,2.0,3.0,0.0,1.0,0.6931471805599453,0.9056603773584906,1.8113207547169807,1.0,0.0,0.90566,0.360314,0.0,1.0,0.0,0.615255,0.766667,0.0,1.0,0.129273,0.364994,0.468697,0.120301,0.957265,1.0,0.162165,0.948849,0.881592,0.778841,0.143266,0.69393,0.831816,0.681206,0.964286,0.495475,1.0,0.0,0.75,0.0,0.937246,1.0,0.0,1.0,0.0,0.0,1.0,0.195547,1.0,0.0,1.0,0.289731,0.812053,0.45,0.38986,0.0,0.0,1.0,0.0,0.0,0.0,0.0,0.0,0.0,1.0,0.0,0.0,0.0,0.0,0.0,0.0,0.0,0.0,0.0,0.0,0.0,0.0,0.0,0.0,-0.77298397,3,1.4876498928690771,1.3435677,1.8235418251181463,2.1594337573672155,2.4953256598139624,2.831217621865354,3.5030014267588476
Bank,Bank:13:task_4:apache02:2021-03-07 18:59:00,Bank:apache02:2021-03-07 18:59:00,13,task_4,2021_03_07,apache02,ig01,4,0.320974,0,0.25,1.6094379124341005,0.9056603773584906,1.0,0.0,0.0,0.0,2.0,5.0,7.0,0.0,1.0,0.6931471805599453,1.8113207547169807,4.528301886792453,1.0,0.0,0.90566,0.900786,0.305201,0.7504,0.2496,0.721422,0.941667,0.0,1.0,0.129273,0.602756,0.760999,0.240602,0.957265,1.0,0.426603,0.948849,1.0,0.834297,0.0,0.662047,0.990531,1.0,0.928571,0.526461,1.0,0.0,0.75,0.0,0.914808,0.411549,0.0,0.969295,0.0,0.0,1.0,0.07051,1.0,0.0,1.0,0.37156,0.815593,0.45,0.551383,0.0,0.0,1.0,0.0,0.0,0.0,0.0,0.0,1.0,0.0,0.0,0.0,0.0,0.0,0.0,0.0,0.0,0.0,0.0,0.0,0.0,0.0,0.0,0.0,-2.6781318,3,1.3631295623036594,-0.22122377,1.3078236194106312,1.252517676517603,1.1972117336245747,1.1419057907315464,1.03129390494549
Bank,Bank:13:task_4:apache02:2021-03-07 18:59:00,Bank:apache02:2021-03-07 18:59:00,13,task_4,2021_03_07,apache02,mysql01,5,0.27746,0,0.2,1.791759469228055,0.9056603773584906,1.0,0.0,0.0,0.0,3.0,4.0,7.0,0.0,1.0,0.6931471805599453,2.716981132075472,3.6226415094339615,1.0,0.0,0.90566,0.720629,0.335521,0.763,0.237,0.603757,0.93,0.0,1.0,0.129273,0.55407,0.647738,0.360902,0.957265,1.0,0.278541,0.948849,0.917159,0.840511,0.716478,0.662047,0.974281,0.827769,0.892857,0.561543,1.0,0.0,0.625,0.0,0.773024,0.431299,0.0,0.963376,0.0,0.0,1.0,0.170876,1.0,0.0,1.0,0.415947,0.766779,0.45,0.597561,0.0,0.0,1.0,0.0,0.0,0.0,0.0,0.0,0.0,0.0,1.0,0.0,0.0,0.0,0.0,0.0,0.0,0.0,0.0,0.0,0.0,0.0,0.0,0.0,-2.363716,3,1.1628864762981317,0.03702148,1.1721418464233062,1.1813972165484807,1.1906525866736553,1.1999079567988298,1.2184186970491788
Bank,Bank:13:task_4:apache02:2021-03-07 18:59:00,Bank:apache02:2021-03-07 18:59:00,13,task_4,2021_03_07,apache02,tomcat02,6,0.277438,0,0.1666666666666666,1.9459101490553128,1.0,1.0,0.3773584905660377,0.0,0.0,1.0,6.0,7.0,0.0,1.0,0.6931471805599453,1.0,5.622641509433962,1.0,-0.0811111111111111,1.0,1.0,0.713109,0.198289,0.801711,0.870058,0.951445,0.0,1.0,0.170818,0.846747,0.971946,0.132832,0.990503,1.0,0.105596,0.988633,0.86166,0.841761,0.022695,0.682877,1.0,0.630008,0.964286,0.3815,0.772761,0.774748,0.875,0.0,1.0,0.36123,0.0,0.977183,0.0,0.0,1.0,0.823856,1.0,0.999045,1.0,0.640045,1.0,0.999475,0.813252,0.0,0.0,1.0,0.0,0.0,0.0,1.0,0.0,0.0,0.0,0.0,0.0,0.0,0.0,0.0,0.0,0.0,0.0,0.0,0.0,0.0,0.0,0.0,0.0,-1.1388373,3,1.162785236515714,1.0430744,1.4235538288733496,1.684322421230985,1.9450910135886206,2.205859605946256,2.727396790661527
Bank,Bank:13:task_4:apache02:2021-03-07 18:59:00,Bank:apache02:2021-03-07 18:59:00,13,task_4,2021_03_07,apache02,tomcat01,7,0.232945,0,0.1428571428571428,2.079441541679836,1.0,1.0,0.3773584905660377,0.0,0.0,0.0,7.0,7.0,0.0,1.0,0.6931471805599453,0.0,6.622641509433962,1.0,-0.0566666666666666,1.0,0.917534,0.270905,0.427105,0.572895,1.0,0.957895,1.0,0.428571,0.502442,0.864928,1.0,0.0,1.0,0.428571,0.136155,1.0,0.721832,0.416912,0.763804,0.769293,0.962489,0.663806,1.0,0.651455,0.399877,0.493299,1.0,0.0,0.87845,0.271739,1.0,0.97426,0.0,0.0,1.0,0.788505,1.0,0.997552,1.0,0.757857,0.843451,0.998654,0.854882,0.0,0.0,1.0,0.0,0.0,0.0,1.0,0.0,0.0,0.0,0.0,0.0,0.0,0.0,0.0,0.0,0.0,0.0,0.0,0.0,0.0,0.0,0.0,0.0,-1.0495167,3,0.9580369801926009,1.1164379,1.237146458189427,1.516255936186253,1.7953654141830793,2.0744748921799054,2.632693848173558
Bank,Bank:13:task_4:apache02:2021-03-07 18:59:00,Bank:apache02:2021-03-07 18:59:00,13,task_4,2021_03_07,apache02,redis02,8,0.129395,0,0.125,2.19722457733622,0.9056603773584906,1.0,0.0,0.0,0.0,5.0,1.0,6.0,0.0,1.0,0.6931471805599453,4.622641509433962,0.0134845804760064,1.0,0.0,0.90566,0.002682,0.999094,0.262422,0.737578,0.149307,0.655135,0.714177,0.666667,0.023871,0.058146,0.372762,0.614035,0.014253,0.666667,0.071255,0.407793,0.402705,0.566361,0.995219,0.071583,0.784798,0.252132,0.571429,0.354454,1.0,0.0,0.25,0.387634,0.152181,0.33837,0.0,0.695946,0.0,0.0,1.0,0.051297,1.0,0.0,0.333333,0.59514,0.450135,0.45,0.671028,0.0,0.0,1.0,0.0,0.0,0.0,0.0,0.0,0.0,0.0,0.0,1.0,0.0,0.0,0.0,0.0,0.0,0.0,0.0,0.0,0.0,0.0,0.0,0.0,-2.339461,3,0.4815197315858901,0.056943137,0.49575551588556177,0.5099913001852334,0.5242270854162276,0.5384628687845767,0.5669344392465652
Bank,Bank:13:task_4:apache02:2021-03-07 18:59:00,Bank:apache02:2021-03-07 18:59:00,13,task_4,2021_03_07,apache02,tomcat04,9,0.106393,0,0.1111111111111111,2.302585092994046,1.0,1.0,0.3773584905660377,0.0,0.0,3.0,1.0,4.0,0.0,1.0,0.6931471805599453,3.0,0.9056603773584906,1.0,-0.08,1.0,0.15352,1.0,0.182103,0.817897,0.198712,0.994865,0.0,0.5,0.15452,0.427988,0.429308,0.398496,0.957265,0.5,0.185101,0.948849,0.682385,0.927505,0.817581,0.436745,0.851011,0.708104,0.892857,0.360643,0.704288,1.0,0.25,0.011573,0.253417,0.495607,0.0,0.861199,0.0,0.0,1.0,0.90783,1.0,1.0,0.5,1.0,0.551626,1.0,0.951753,0.0,0.0,1.0,0.0,0.0,0.0,1.0,0.0,0.0,0.0,0.0,0.0,0.0,0.0,0.0,0.0,0.0,0.0,0.0,0.0,0.0,0.0,0.0,0.0,-1.3978338,3,0.37566893725994543,0.8303479,0.5832559111655088,0.7908428850710721,0.9984298291743131,1.2060168328821987,1.6211907210886807
Bank,Bank:13:task_4:apache02:2021-03-07 18:59:00,Bank:apache02:2021-03-07 18:59:00,13,task_4,2021_03_07,apache02,servicetest10,10,0.04423,0,0.1,2.3978952727983707,0.0134845804760064,0.0224743007933441,0.0,0.0,0.0,1.0,1.0,2.0,0.0,1.0,0.6931471805599453,0.9056603773584906,0.9056603773584906,1.0,0.0,0.013485,0.180157,0.0,1.0,0.0,0.123033,1.0,0.355399,1.0,0.014289,0.0,0.124391,0.120301,0.957265,1.0,0.243654,0.562381,0.695216,0.853407,0.143266,0.594822,0.775961,0.533067,0.535714,0.30551,1.0,0.0,0.125,0.0,0.07924,0.182903,0.0,0.4375,0.0,0.0,1.0,0.149173,1.0,0.0,0.166667,0.474453,0.436841,0.45,0.467473,0.0,1.0,0.0,0.0,0.0,0.0,0.0,0.0,0.0,0.0,0.0,0.0,1.0,0.0,0.0,0.0,0.0,0.0,0.0,0.0,0.0,0.0,0.0,0.0,-2.6876483,3,0.08960672842229253,-0.22904013,0.03234669567907697,-0.02491333706413859,-0.08217336608206385,-0.1394334025505697,-0.2539534605864202
Bank,Bank:13:task_4:apache02:2021-03-07 18:59:00,Bank:apache02:2021-03-07 18:59:00,13,task_4,2021_03_07,apache02,dockerb1,11,0.027286,0,0.0909090909090909,2.4849066497880004,0.9056603773584906,1.0,0.0,0.0,0.0,0.0,0.0,0.0,1.0,1.0,0.6931471805599453,0.0,0.0,1.0,0.05,0.90566,0.0,0.46369,0.0,1.0,0.095759,0.0,0.0,0.0,0.129273,1.0,0.114512,0.0,0.0,0.0,1.0,0.527138,0.491195,0.253944,0.911169,0.135181,0.898444,0.630696,0.0,0.601842,0.0,0.0,0.0,0.0,0.084542,0.0,0.0,0.0,0.0,1.0,0.0,1.0,0.0,0.0,0.0,0.051388,0.038023,0.0,0.077252,0.0,0.0,0.0,0.0,1.0,0.0,0.0,0.0,0.0,0.0,0.0,0.0,0.0,0.0,0.0,0.0,0.0,0.0,0.0,0.0,0.0,0.0,0.0,0.0,-3.5455873,3,0.011633688727535351,-0.9337076,-0.2217932099903449,-0.45522010870822516,-0.688646977623783,-0.9220739061439857,-1.3889276439751013
Bank,Bank:13:task_4:apache02:2021-03-07 18:59:00,Bank:apache02:2021-03-07 18:59:00,13,task_4,2021_03_07,apache02,mysql02,12,0.021115,0,0.0833333333333333,2.5649493574615367,0.9056603773584906,1.0,0.0,0.0,0.0,7.0,2.0,9.0,0.0,1.0,0.6931471805599453,6.6226415094339615,1.8113207547169807,1.0,0.0,0.90566,0.360314,0.460956,0.701876,0.298124,0.289822,0.997414,0.0,0.333333,0.028727,0.364994,0.410976,0.879699,0.957265,0.333333,0.336839,0.948849,0.639094,0.993786,0.999874,0.361645,0.906865,0.880436,0.678571,0.321242,1.0,0.0,0.375,0.714286,0.417151,0.466447,0.0,0.906259,0.0,0.0,1.0,0.167957,1.0,0.0,0.666667,0.651533,0.575046,0.45,0.862836,0.0,0.0,1.0,0.0,0.0,0.0,0.0,0.0,0.0,0.0,1.0,0.0,0.0,0.0,0.0,0.0,0.0,0.0,0.0,0.0,0.0,0.0,0.0,0.0,-3.0091035,3,-0.01676407024061543,-0.49306712,-0.14003084912693364,-0.26329762801325185,-0.38656439944898946,-0.5098311857858883,-0.7563647286573635
Bank,Bank:13:task_4:apache02:2021-03-07 18:59:00,Bank:apache02:2021-03-07 18:59:00,13,task_4,2021_03_07,apache02,ig02,13,-0.000544,0,0.0769230769230769,2.639057329615259,0.9056603773584906,1.0,0.0,0.0,0.0,5.0,4.0,9.0,0.0,1.0,0.6931471805599453,4.811320754716981,3.6226415094339615,1.0,0.0,0.90566,0.720629,0.462323,0.700938,0.299062,0.518307,0.998702,0.0,0.333333,0.0,0.55407,0.624558,0.639098,0.957265,0.333333,0.163505,0.948849,0.57015,0.981358,0.99454,0.361645,0.974281,0.658353,0.75,0.238231,1.0,0.0,0.625,1.0,0.700718,0.399499,0.0,0.945275,0.0,0.0,1.0,0.155903,1.0,0.0,1.0,0.590434,0.728226,0.45,0.890888,0.0,0.0,1.0,0.0,0.0,0.0,0.0,0.0,1.0,0.0,0.0,0.0,0.0,0.0,0.0,0.0,0.0,0.0,0.0,0.0,0.0,0.0,0.0,0.0,-0.8368611,3,-0.11643463603079164,1.2911023,0.20634093650758423,0.5291165090459601,0.8518920517820135,1.1746676541227117,1.8202187395948186
Bank,Bank:13:task_4:apache02:2021-03-07 18:59:00,Bank:apache02:2021-03-07 18:59:00,13,task_4,2021_03_07,apache02,redis01,14,-0.039931,0,0.0714285714285714,2.70805020110221,0.9056603773584906,1.0,0.0,0.0,0.0,8.0,1.0,9.0,0.0,1.0,0.6931471805599453,7.528301886792452,0.9056603773584906,1.0,0.0,0.90566,0.180157,0.458218,0.703752,0.296248,0.18735,0.994865,0.0,0.333333,0.038782,0.213994,0.31317,1.0,0.957265,0.333333,0.062352,0.948849,0.490134,1.0,1.0,0.361645,0.851011,0.51466,0.642857,0.180068,1.0,0.0,0.25,0.625,0.275368,0.600343,0.0,0.854333,0.0,0.0,1.0,0.028975,1.0,0.0,0.5,0.686003,0.458347,0.45,0.824502,0.0,0.0,1.0,0.0,0.0,0.0,0.0,0.0,0.0,0.0,0.0,1.0,0.0,0.0,0.0,0.0,0.0,0.0,0.0,0.0,0.0,0.0,0.0,0.0,-1.1583325,3,-0.29768605921642677,1.0270622,-0.040920514801906505,0.21584502961261376,0.472610574027134,0.7293761184416543,1.2429072072706948
Bank,Bank:13:task_4:apache02:2021-03-07 18:59:00,Bank:apache02:2021-03-07 18:59:00,13,task_4,2021_03_07,apache02,mg01,15,-0.066236,0,0.0666666666666666,2.772588722239781,0.9056603773584906,1.0,0.0,0.0,0.0,6.0,3.0,9.0,0.0,1.0,0.6931471805599453,5.716981132075471,2.716981132075472,1.0,0.0,0.90566,0.540471,0.461867,0.701251,0.298749,0.400938,0.998272,0.0,0.333333,0.016159,0.477699,0.515091,0.759398,0.957265,0.333333,0.0,0.948849,0.476534,0.987572,0.999114,0.361645,0.947607,0.424803,0.714286,0.146664,1.0,0.0,0.5,0.833333,0.558935,0.421815,0.0,0.930894,0.0,0.0,1.0,0.0,1.0,0.0,0.833333,0.649166,0.600386,0.45,0.880633,0.0,0.0,1.0,0.0,0.0,0.0,0.0,1.0,0.0,0.0,0.0,0.0,0.0,0.0,0.0,0.0,0.0,0.0,0.0,0.0,0.0,0.0,0.0,0.0,-1.2858994,3,-0.41873662632989395,0.92228514,-0.18816534143971908,0.042405943450455785,0.27297724324179184,0.5035485132308055,0.9646911128134776
Bank,Bank:13:task_4:apache02:2021-03-07 18:59:00,Bank:apache02:2021-03-07 18:59:00,13,task_4,2021_03_07,apache02,tomcat03,16,-0.089469,0,0.0625,2.833213344056216,1.0,1.0,0.3773584905660377,0.0,0.0,2.0,5.0,7.0,0.0,1.0,0.6931471805599453,2.0,4.622641509433962,1.0,-0.055,1.0,0.683408,0.734818,0.357947,0.642053,0.740131,0.942662,0.0,0.142857,0.054906,0.81675,0.770371,0.265664,0.977208,0.142857,0.049309,0.97272,0.491289,0.991637,0.068326,0.288313,0.990531,0.467798,0.928571,0.0,0.513399,0.643562,0.75,0.421166,0.728851,0.315027,0.0,0.968682,0.0,0.0,1.0,0.775678,1.0,0.998252,1.0,0.901009,0.740245,0.999039,1.0,0.0,0.0,1.0,0.0,0.0,0.0,1.0,0.0,0.0,0.0,0.0,0.0,0.0,0.0,0.0,0.0,0.0,0.0,0.0,0.0,0.0,0.0,0.0,0.0,-0.42348915,3,-0.5256504383712239,1.6306251,-0.11799415618471576,0.2896621260017924,0.6973183783859782,1.1049746903748088,1.9202871951431804
Bank,Bank:13:task_4:apache02:2021-03-07 18:59:00,Bank:apache02:2021-03-07 18:59:00,13,task_4,2021_03_07,apache02,dockera1,17,-0.120748,0,0.0588235294117647,2.8903717578961645,0.0,0.0,0.0,0.0,0.0,0.0,0.0,0.0,1.0,1.0,0.6931471805599453,0.0,0.0,1.0,0.0,0.0,0.0,0.46369,0.0,1.0,0.0,0.0,0.0,0.0,0.129273,0.786006,0.006135,0.0,0.0,0.0,0.243654,0.0,0.0,0.253944,0.911169,0.0,0.898444,0.0,0.0,0.160599,0.0,0.0,0.0,0.0,0.0,0.0,0.0,0.0,0.0,1.0,0.0,1.0,0.0,0.0,0.0,0.0,0.0,0.0,0.0,0.0,1.0,0.0,0.0,0.0,0.0,0.0,0.0,0.0,0.0,0.0,0.0,0.0,0.0,0.0,0.0,0.0,0.0,0.0,0.0,0.0,0.0,0.0,0.0,-3.2375076,3,-0.6695903999276632,-0.68066657,-0.8397570414014334,-1.0099236828752036,-1.1800903541512962,-1.350256965822744,-1.690590308374929
Bank,Bank:13:task_4:apache02:2021-03-07 18:59:00,Bank:apache02:2021-03-07 18:59:00,13,task_4,2021_03_07,apache02,dockera2,18,-0.120748,0,0.0555555555555555,2.9444389791664403,0.0,0.0,0.0,0.0,0.0,0.0,0.0,0.0,1.0,1.0,0.6931471805599453,0.0,0.0,1.0,0.0,0.0,0.0,0.46369,0.0,1.0,0.0,0.0,0.0,0.0,0.129273,0.786006,0.006135,0.0,0.0,0.0,0.243654,0.0,0.0,0.253944,0.911169,0.0,0.898444,0.0,0.0,0.160599,0.0,0.0,0.0,0.0,0.0,0.0,0.0,0.0,0.0,1.0,0.0,1.0,0.0,0.0,0.0,0.0,0.0,0.0,0.0,0.0,1.0,0.0,0.0,0.0,0.0,0.0,0.0,0.0,0.0,0.0,0.0,0.0,0.0,0.0,0.0,0.0,0.0,0.0,0.0,0.0,0.0,0.0,0.0,-3.2375076,3,-0.6695903999276632,-0.68066657,-0.8397570414014334,-1.0099236828752036,-1.1800903541512962,-1.350256965822744,-1.690590308374929
Bank,Bank:13:task_4:apache02:2021-03-07 18:59:00,Bank:apache02:2021-03-07 18:59:00,13,task_4,2021_03_07,apache02,dockerb2,19,-0.120748,0,0.0526315789473684,2.995732273553991,0.0,0.0,0.0,0.0,0.0,0.0,0.0,0.0,1.0,1.0,0.6931471805599453,0.0,0.0,1.0,0.0,0.0,0.0,0.46369,0.0,1.0,0.0,0.0,0.0,0.0,0.129273,0.786006,0.006135,0.0,0.0,0.0,0.243654,0.0,0.0,0.253944,0.911169,0.0,0.898444,0.0,0.0,0.160599,0.0,0.0,0.0,0.0,0.0,0.0,0.0,0.0,0.0,1.0,0.0,1.0,0.0,0.0,0.0,0.0,0.0,0.0,0.0,0.0,1.0,0.0,0.0,0.0,0.0,0.0,0.0,0.0,0.0,0.0,0.0,0.0,0.0,0.0,0.0,0.0,0.0,0.0,0.0,0.0,0.0,0.0,0.0,-3.2375076,3,-0.6695903999276632,-0.68066657,-0.8397570414014334,-1.0099236828752036,-1.1800903541512962,-1.350256965822744,-1.690590308374929
Bank,Bank:13:task_4:apache02:2021-03-07 18:59:00,Bank:apache02:2021-03-07 18:59:00,13,task_4,2021_03_07,apache02,servicetest6,20,-0.150357,0,0.05,3.044522437723423,0.1885740780686046,0.314290130114341,0.0,0.0,0.0,0.0,0.0,0.0,1.0,1.0,0.6931471805599453,0.0,0.0,1.0,0.0,0.188574,0.0,0.46369,0.0,1.0,0.036341,0.0,0.0,0.0,0.129273,1.0,0.015772,0.0,0.0,0.0,0.243654,0.165674,0.04997,0.253944,0.911169,0.042486,0.898444,0.112353,0.0,0.209968,0.0,0.0,0.0,0.0,0.017603,0.0,0.0,0.0,0.0,1.0,0.0,1.0,0.0,0.0,0.0,0.055241,0.01443,0.0,0.077252,0.0,1.0,0.0,0.0,0.0,0.0,0.0,0.0,0.0,0.0,0.0,0.0,1.0,0.0,0.0,0.0,0.0,0.0,0.0,0.0,0.0,0.0,0.0,0.0,-3.4934826,3,-0.8058453416369447,-0.89091146,-1.0285732066176423,-1.25130107159834,-1.4740289067767152,-1.6967568015597352,-2.1422124719164857
Bank,Bank:13:task_4:apache02:2021-03-07 18:59:00,Bank:apache02:2021-03-07 18:59:00,13,task_4,2021_03_07,apache02,servicetest11,21,-0.155105,0,0.0476190476190476,3.091042453358316,0.1586625981954563,0.2644376636590939,0.0,0.0,0.0,0.0,0.0,0.0,1.0,1.0,0.6931471805599453,0.0,0.0,1.0,0.0,0.158663,0.0,0.46369,0.0,1.0,0.033862,0.0,0.0,0.0,0.129273,1.0,0.011653,0.0,0.0,0.0,0.243654,0.139395,0.04202,0.253944,0.911169,0.035747,0.898444,0.094195,0.0,0.202087,0.0,0.0,0.0,0.0,0.014811,0.0,0.0,0.0,0.0,1.0,0.0,1.0,0.0,0.0,0.0,0.055402,0.013446,0.0,0.077252,0.0,1.0,0.0,0.0,0.0,0.0,0.0,0.0,0.0,0.0,0.0,0.0,1.0,0.0,0.0,0.0,0.0,0.0,0.0,0.0,0.0,0.0,0.0,0.0,-3.4934826,3,-0.8276947274059901,-0.89091146,-1.050422592386688,-1.2731504573673855,-1.4958782925457608,-1.7186061873287808,-2.1640618576855313
Bank,Bank:13:task_4:apache02:2021-03-07 18:59:00,Bank:apache02:2021-03-07 18:59:00,13,task_4,2021_03_07,apache02,servicetest8,22,-0.155753,0,0.0454545454545454,3.1354942159291497,0.1545705289108918,0.2576175481848198,0.0,0.0,0.0,0.0,0.0,0.0,1.0,1.0,0.6931471805599453,0.0,0.0,1.0,0.0,0.154571,0.0,0.46369,0.0,1.0,0.033523,0.0,0.0,0.0,0.129273,1.0,0.01109,0.0,0.0,0.0,0.243654,0.1358,0.040933,0.253944,0.911169,0.034825,0.898444,0.09172,0.0,0.20101,0.0,0.0,0.0,0.0,0.014429,0.0,0.0,0.0,0.0,1.0,0.0,1.0,0.0,0.0,0.0,0.055424,0.013311,0.0,0.077252,0.0,1.0,0.0,0.0,0.0,0.0,0.0,0.0,0.0,0.0,0.0,0.0,1.0,0.0,0.0,0.0,0.0,0.0,0.0,0.0,0.0,0.0,0.0,0.0,-3.4934826,3,-0.8306766991790192,-0.89091146,-1.0534045641597167,-1.2761324291404144,-1.4988602643187896,-1.7215881591018096,-2.16704382945856
Bank,Bank:13:task_4:apache02:2021-03-07 18:59:00,Bank:apache02:2021-03-07 18:59:00,13,task_4,2021_03_07,apache02,servicetest9,23,-0.159169,0,0.0434782608695652,3.1780538303479458,0.1329980335088413,0.2216633891814022,0.0,0.0,0.0,0.0,0.0,0.0,1.0,1.0,0.6931471805599453,0.0,0.0,1.0,0.0,0.132998,0.0,0.46369,0.0,1.0,0.031736,0.0,0.0,0.0,0.129273,1.0,0.008119,0.0,0.0,0.0,0.243654,0.116847,0.035205,0.253944,0.911169,0.029965,0.898444,0.078715,0.0,0.19534,0.0,0.0,0.0,0.0,0.012415,0.0,0.0,0.0,0.0,1.0,0.0,1.0,0.0,0.0,0.0,0.05554,0.012601,0.0,0.077252,0.0,1.0,0.0,0.0,0.0,0.0,0.0,0.0,0.0,0.0,0.0,0.0,1.0,0.0,0.0,0.0,0.0,0.0,0.0,0.0,0.0,0.0,0.0,0.0,-3.4934826,3,-0.8463964763035052,-0.89091146,-1.0691243412842029,-1.2918522062649005,-1.5145800414432757,-1.7373079362262958,-2.1827636065830465
Bank,Bank:13:task_4:apache02:2021-03-07 18:59:00,Bank:apache02:2021-03-07 18:59:00,13,task_4,2021_03_07,apache02,servicetest4,24,-0.161061,0,0.0416666666666666,3.218875824868201,0.1210334341286033,0.2017223902143389,0.0,0.0,0.0,0.0,0.0,0.0,1.0,1.0,0.6931471805599453,0.0,0.0,1.0,0.0,0.121033,0.0,0.46369,0.0,1.0,0.030744,0.0,0.0,0.0,0.129273,1.0,0.006472,0.0,0.0,0.0,0.243654,0.106336,0.032031,0.253944,0.911169,0.027269,0.898444,0.071531,0.0,0.192199,0.0,0.0,0.0,0.0,0.011298,0.0,0.0,0.0,0.0,1.0,0.0,1.0,0.0,0.0,0.0,0.055604,0.012207,0.0,0.077252,0.0,1.0,0.0,0.0,0.0,0.0,0.0,0.0,0.0,0.0,0.0,0.0,1.0,0.0,0.0,0.0,0.0,0.0,0.0,0.0,0.0,0.0,0.0,0.0,-3.4934826,3,-0.8551030975914231,-0.89091146,-1.0778309625721207,-1.3005588275528184,-1.5232866627311936,-1.7460145575142136,-2.191470227870964
Bank,Bank:13:task_4:apache02:2021-03-07 18:59:00,Bank:apache02:2021-03-07 18:59:00,13,task_4,2021_03_07,apache02,servicetest1,25,-0.161577,0,0.04,3.258096538021482,0.1177660544465956,0.1962767574109928,0.0,0.0,0.0,0.0,0.0,0.0,1.0,1.0,0.6931471805599453,0.0,0.0,1.0,0.0,0.117766,0.0,0.46369,0.0,1.0,0.030473,0.0,0.0,0.0,0.129273,1.0,0.006022,0.0,0.0,0.0,0.243654,0.103465,0.031164,0.253944,0.911169,0.026533,0.898444,0.069572,0.0,0.191342,0.0,0.0,0.0,0.0,0.010993,0.0,0.0,0.0,0.0,1.0,0.0,1.0,0.0,0.0,0.0,0.055622,0.0121,0.0,0.077252,0.0,1.0,0.0,0.0,0.0,0.0,0.0,0.0,0.0,0.0,0.0,0.0,1.0,0.0,0.0,0.0,0.0,0.0,0.0,0.0,0.0,0.0,0.0,0.0,-3.4603841,3,-0.8574776306699461,-0.863726,-1.0734091356347746,-1.289340640599603,-1.5052721157621092,-1.72120365052926,-2.153066600854272
Bank,Bank:13:task_4:apache02:2021-03-07 18:59:00,Bank:apache02:2021-03-07 18:59:00,13,task_4,2021_03_07,apache02,servicetest3,26,-0.164184,0,0.0384615384615384,3.295836866004329,0.101250625558953,0.1687510425982551,0.0,0.0,0.0,0.0,0.0,0.0,1.0,1.0,0.6931471805599453,0.0,0.0,1.0,0.0,0.101251,0.0,0.46369,0.0,1.0,0.029105,0.0,0.0,0.0,0.129273,1.0,0.003748,0.0,0.0,0.0,0.243654,0.088955,0.026785,0.253944,0.911169,0.022812,0.898444,0.059696,0.0,0.187013,0.0,0.0,0.0,0.0,0.009452,0.0,0.0,0.0,0.0,1.0,0.0,1.0,0.0,0.0,0.0,0.05571,0.011557,0.0,0.077252,0.0,1.0,0.0,0.0,0.0,0.0,0.0,0.0,0.0,0.0,0.0,0.0,1.0,0.0,0.0,0.0,0.0,0.0,0.0,0.0,0.0,0.0,0.0,0.0,-3.4469619,3,-0.8694745448864376,-0.85270166,-1.0826499608791744,-1.2958253768719112,-1.509000792864648,-1.7221762088573849,-2.1485270408428585
Bank,Bank:13:task_4:apache02:2021-03-07 18:59:00,Bank:apache02:2021-03-07 18:59:00,13,task_4,2021_03_07,apache02,servicetest7,27,-0.166275,0,0.037037037037037,3.332204510175204,0.0879943508778018,0.1466572514630031,0.0,0.0,0.0,0.0,0.0,0.0,1.0,1.0,0.6931471805599453,0.0,0.0,1.0,0.0,0.087994,0.0,0.46369,0.0,1.0,0.028007,0.0,0.0,0.0,0.129273,1.0,0.001923,0.0,0.0,0.0,0.243654,0.077309,0.023272,0.253944,0.911169,0.019825,0.898444,0.051797,0.0,0.183542,0.0,0.0,0.0,0.0,0.008214,0.0,0.0,0.0,0.0,1.0,0.0,1.0,0.0,0.0,0.0,0.055781,0.011121,0.0,0.077252,0.0,1.0,0.0,0.0,0.0,0.0,0.0,0.0,0.0,0.0,0.0,0.0,1.0,0.0,0.0,0.0,0.0,0.0,0.0,0.0,0.0,0.0,0.0,0.0,-3.4469619,3,-0.8790969260244061,-0.85270166,-1.092272342017143,-1.3054477580098798,-1.5186231740026166,-1.7317985899953534,-2.158149421980827
Bank,Bank:13:task_4:apache02:2021-03-07 18:59:00,Bank:apache02:2021-03-07 18:59:00,13,task_4,2021_03_07,apache02,servicetest2,28,-0.168008,0,0.0357142857142857,3.367295829986474,0.0769898583885927,0.1283164306476546,0.0,0.0,0.0,0.0,0.0,0.0,1.0,1.0,0.6931471805599453,0.0,0.0,1.0,0.0,0.07699,0.0,0.46369,0.0,1.0,0.027095,0.0,0.0,0.0,0.129273,1.0,0.000407,0.0,0.0,0.0,0.243654,0.067641,0.020358,0.253944,0.911169,0.017346,0.898444,0.045258,0.0,0.180664,0.0,0.0,0.0,0.0,0.007187,0.0,0.0,0.0,0.0,1.0,0.0,1.0,0.0,0.0,0.0,0.055841,0.010759,0.0,0.077252,0.0,1.0,0.0,0.0,0.0,0.0,0.0,0.0,0.0,0.0,0.0,0.0,1.0,0.0,0.0,0.0,0.0,0.0,0.0,0.0,0.0,0.0,0.0,0.0,-3.4469619,3,-0.8870718597939418,-0.85270166,-1.1002472757866786,-1.3134226917794154,-1.5265981077721522,-1.739773523764889,-2.1661243557503624
Bank,Bank:13:task_4:apache02:2021-03-07 18:59:00,Bank:apache02:2021-03-07 18:59:00,13,task_4,2021_03_07,apache02,servicetest5,29,-0.168474,0,0.0344827586206896,3.4011973816621555,0.0740323139747247,0.1233871899578745,0.0,0.0,0.0,0.0,0.0,0.0,1.0,1.0,0.6931471805599453,0.0,0.0,1.0,0.0,0.074032,0.0,0.46369,0.0,1.0,0.02685,0.0,0.0,0.0,0.129273,1.0,0.0,0.0,0.0,0.0,0.243654,0.065042,0.019574,0.253944,0.911169,0.01668,0.898444,0.043504,0.0,0.17989,0.0,0.0,0.0,0.0,0.006911,0.0,0.0,0.0,0.0,1.0,0.0,1.0,0.0,0.0,0.0,0.055856,0.010661,0.0,0.077252,0.0,1.0,0.0,0.0,0.0,0.0,0.0,0.0,0.0,0.0,0.0,0.0,1.0,0.0,0.0,0.0,0.0,0.0,0.0,0.0,0.0,0.0,0.0,0.0,-3.3008192,3,-0.8892163024578794,-0.7326675,-1.0723831788931593,-1.255550055328439,-1.4387169466648801,-1.6218838081989988,-1.9882175908718809
Bank,Bank:18:task_6:MG02:2021-03-09 13:10:00,Bank:MG02:2021-03-09 13:10:00,18,task_6,2021_03_09,MG02,ig01,1,0.584109,0,1.0,0.6931471805599453,1.0,1.0,0.0,0.0,0.0,0.0,7.0,7.0,0.0,1.0,0.6931471805599453,0.0,6.386680844078368,1.0,0.0,1.0,1.0,0.116437,0.746668,0.253332,1.0,0.888139,1.0,1.0,1.0,0.637512,1.0,0.0,0.912383,1.0,0.188141,0.975846,0.975441,0.065448,0.792826,0.965609,0.701086,0.662817,1.0,1.0,1.0,0.0,1.0,0.0,1.0,0.249087,1.0,0.956426,0.0,0.0,1.0,0.005622,1.0,0.0,1.0,0.460234,1.0,0.45,0.601467,0.0,0.0,1.0,0.0,0.0,0.0,0.0,0.0,1.0,0.0,0.0,0.0,0.0,0.0,0.0,0.0,0.0,0.0,0.0,0.0,0.0,0.0,0.0,0.0,-1.3123792,3,2.9782309549595767,0.83906615,3.1879974919106417,3.397764028861707,3.6075305956150943,3.817297102763837,4.236830236270611
Bank,Bank:18:task_6:MG02:2021-03-09 13:10:00,Bank:MG02:2021-03-09 13:10:00,18,task_6,2021_03_09,MG02,redis01,2,0.43282,0,0.5,1.0986122886681096,1.0,1.0,0.0,0.0,0.0,2.0,0.0,2.0,0.0,1.0,0.6931471805599453,2.0,0.0,1.0,0.0,1.0,0.0,1.0,0.0,1.0,0.081269,0.0,1.0,1.0,0.007199,0.0,0.336871,0.313152,0.0,1.0,0.096422,0.555556,0.565655,0.349418,0.799142,0.240175,0.0,0.311195,0.5,0.466913,0.0,0.0,0.0,0.0,0.079916,0.0,0.0,0.0,0.0,1.0,0.0,1.0,0.0,0.0,0.0,0.294832,0.033187,0.0,0.323016,0.0,0.0,1.0,0.0,0.0,0.0,0.0,0.0,0.0,0.0,0.0,1.0,0.0,0.0,0.0,0.0,0.0,0.0,0.0,0.0,0.0,0.0,0.0,0.0,-2.5080264,3,2.0944149336255458,-0.08098488,2.074168712872949,2.053922492120352,2.0336762732304003,2.0134300506151583,1.972937612835255
Bank,Bank:18:task_6:MG02:2021-03-09 13:10:00,Bank:MG02:2021-03-09 13:10:00,18,task_6,2021_03_09,MG02,tomcat02,3,0.345291,0,0.3333333333333333,1.3862943611198906,1.0,1.0,0.4166666666666667,0.0,0.0,0.0,3.0,3.0,0.0,1.0,0.6931471805599453,0.0,3.0,1.0,-0.0575,1.0,0.418699,0.351035,0.224,0.776,0.48474,0.9125,0.0,1.0,1.0,0.679838,0.591891,0.0,1.0,1.0,0.124892,1.0,0.951022,0.116473,0.782394,1.0,0.756541,0.586993,1.0,0.934786,0.782732,1.0,0.4,0.0,0.325073,0.154535,0.0,0.4375,0.0,0.0,1.0,0.855052,1.0,1.0,1.0,1.0,0.75802,1.0,0.652301,0.0,1.0,0.0,0.0,0.0,0.0,1.0,0.0,0.0,0.0,0.0,0.0,0.0,0.0,0.0,0.0,0.0,0.0,0.0,0.0,0.0,0.0,0.0,0.0,-0.77103716,3,1.5830787986035257,1.2556292,1.896986094068995,2.2108933895344647,2.5248007148022564,2.8387079804654034,3.466522631000987
Bank,Bank:18:task_6:MG02:2021-03-09 13:10:00,Bank:MG02:2021-03-09 13:10:00,18,task_6,2021_03_09,MG02,apache01,4,0.277906,0,0.25,1.6094379124341005,1.0,1.0,0.0,0.0,0.0,6.0,1.0,7.0,0.0,1.0,0.6931471805599453,5.386680844078368,1.0,1.0,0.0,1.0,0.156576,0.0,1.0,0.0,0.388929,0.7375,0.0,1.0,0.050395,0.183771,0.303117,0.843424,1.0,1.0,0.202145,1.0,0.885696,0.865225,0.998673,0.672489,0.307679,0.696173,0.785714,0.549513,1.0,0.0,0.4,0.0,0.608722,1.0,0.0,0.975964,0.0,0.0,1.0,0.054652,1.0,0.0,0.833333,0.791839,0.602691,0.45,0.764956,0.0,0.0,1.0,0.0,0.0,0.0,0.0,0.0,0.0,1.0,0.0,0.0,0.0,0.0,0.0,0.0,0.0,0.0,0.0,0.0,0.0,0.0,0.0,0.0,-1.1003724,3,1.189422005329767,1.0022055,1.4399733780962618,1.6905247508627566,1.9410761534315737,2.1916274963957463,2.6927303015333806
Bank,Bank:18:task_6:MG02:2021-03-09 13:10:00,Bank:MG02:2021-03-09 13:10:00,18,task_6,2021_03_09,MG02,mg02,5,0.219098,1,0.2,1.791759469228055,1.0,1.0,0.0,0.0,0.0,2.0,5.0,7.0,0.0,1.0,0.6931471805599453,2.0,4.386680844078368,1.0,0.0,1.0,0.686848,0.277114,0.765335,0.234665,0.773211,0.857852,0.0,1.0,0.050395,0.587482,0.701428,0.313152,0.877336,1.0,0.086784,0.966184,0.843638,0.760512,0.265116,0.624341,0.956002,0.515523,0.928571,0.342737,1.0,0.0,0.8,0.0,0.848374,0.304518,0.0,0.850302,0.0,0.0,1.0,0.273499,1.0,0.0,1.0,0.570903,0.938022,0.45,0.727609,0.0,0.0,1.0,0.0,0.0,0.0,0.0,1.0,0.0,0.0,0.0,0.0,0.0,0.0,0.0,0.0,0.0,0.0,0.0,0.0,0.0,0.0,0.0,0.0,0.4181347,3,0.8458712344038458,2.1706975,1.3885455970633003,1.9312199597227546,2.4738943819868537,3.0165686850416633,4.101917529569861
Bank,Bank:18:task_6:MG02:2021-03-09 13:10:00,Bank:MG02:2021-03-09 13:10:00,18,task_6,2021_03_09,MG02,ig02,6,0.211496,0,0.1666666666666666,1.9459101490553128,1.0,1.0,0.0,0.0,0.0,1.0,6.0,7.0,0.0,1.0,0.6931471805599453,1.0,5.386680844078368,1.0,0.0,1.0,0.843424,0.22508,0.754446,0.245554,0.886613,0.874801,0.0,1.0,0.050395,0.618632,0.80863,0.156576,0.89778,1.0,0.341142,0.97182,1.0,0.764098,0.103337,0.632366,1.0,0.866845,0.964286,0.486851,1.0,0.0,0.9,0.0,0.906812,0.272184,0.818089,0.906955,0.0,0.0,1.0,0.017721,1.0,0.0,1.0,0.668224,0.930316,0.45,0.877914,0.0,0.0,1.0,0.0,0.0,0.0,0.0,0.0,1.0,0.0,0.0,0.0,0.0,0.0,0.0,0.0,0.0,0.0,0.0,0.0,0.0,0.0,0.0,0.0,-2.7365203,3,0.8014610697905474,-0.25681108,0.7372582991997653,0.6730555286089831,0.6088527580182009,0.5446499874274188,0.41624444624585444
Bank,Bank:18:task_6:MG02:2021-03-09 13:10:00,Bank:MG02:2021-03-09 13:10:00,18,task_6,2021_03_09,MG02,servicetest3,7,0.190713,0,0.1428571428571428,2.079441541679836,0.9605927387580676,1.0,0.0,0.0,0.0,3.0,4.0,7.0,0.0,1.0,0.6931471805599453,3.0,3.4260881053203,1.0,0.0,0.960593,0.536443,0.246078,0.820915,0.179085,0.661196,0.836604,0.0,1.0,0.050395,0.536923,0.583057,0.469728,0.856522,1.0,0.283568,0.95773,0.941571,0.75671,0.850933,0.615531,0.880491,0.782092,0.892857,0.602891,1.0,0.0,0.7,0.0,0.529607,0.243955,0.0,0.720622,0.0,0.0,1.0,0.006451,1.0,0.0,1.0,0.706779,0.780237,0.45,0.794435,0.0,1.0,0.0,0.0,0.0,0.0,0.0,0.0,0.0,0.0,0.0,0.0,1.0,0.0,0.0,0.0,0.0,0.0,0.0,0.0,0.0,0.0,0.0,0.0,-2.6311035,3,0.6800487505116497,-0.17569281,0.6361255476095711,0.5922023447074924,0.5482791380801235,0.5043559389033352,0.41650952564859733
Bank,Bank:18:task_6:MG02:2021-03-09 13:10:00,Bank:MG02:2021-03-09 13:10:00,18,task_6,2021_03_09,MG02,mysql01,8,0.174375,0,0.125,2.19722457733622,1.0,1.0,0.0,0.0,0.0,7.0,3.0,10.0,0.0,1.0,0.6931471805599453,6.386680844078368,3.0,1.0,0.0,1.0,0.469728,0.326503,0.784,0.216,0.455904,0.9125,0.391231,1.0,0.050395,0.457615,0.509428,1.0,1.0,1.0,0.111339,1.0,0.824165,0.873544,1.0,0.672489,0.756541,0.567704,0.75,0.446119,1.0,0.0,0.4,0.0,0.698913,0.390185,0.0,0.971579,0.0,0.0,1.0,0.0,1.0,0.0,1.0,0.878485,0.612683,0.45,0.892019,0.0,0.0,1.0,0.0,0.0,0.0,0.0,0.0,0.0,0.0,1.0,0.0,0.0,0.0,0.0,0.0,0.0,0.0,0.0,0.0,0.0,0.0,0.0,0.0,-0.74130243,3,0.5846037005968814,1.27851,0.9042311942168002,1.223858687836719,1.5434861516543155,1.8631136750765567,2.5023686027117495
Bank,Bank:18:task_6:MG02:2021-03-09 13:10:00,Bank:MG02:2021-03-09 13:10:00,18,task_6,2021_03_09,MG02,mg01,9,0.119519,0,0.1111111111111111,2.302585092994046,1.0,1.0,0.0,0.0,0.0,3.0,2.0,5.0,0.0,1.0,0.6931471805599453,3.0,2.0,1.0,0.0,1.0,0.313152,0.405933,0.7,0.3,0.290161,1.0,0.391231,1.0,0.025197,0.340577,0.403135,0.469728,1.0,1.0,0.191975,1.0,0.820549,0.915141,0.838809,0.672489,0.567222,0.681902,0.571429,0.40803,1.0,0.0,0.2,0.0,0.300684,0.208742,0.0,0.8125,0.0,0.0,1.0,0.10231,1.0,0.0,0.333333,0.899695,0.523047,0.45,0.84506,1.0,0.0,0.0,0.0,0.0,0.0,0.0,1.0,0.0,0.0,0.0,0.0,0.0,0.0,0.0,0.0,0.0,0.0,0.0,0.0,0.0,0.0,0.0,0.0,-1.846292,3,0.26414013968829186,0.42822,0.37119514064911874,0.4782501416099456,0.5853051351201919,0.6923601435315994,0.9064701305520919
Bank,Bank:18:task_6:MG02:2021-03-09 13:10:00,Bank:MG02:2021-03-09 13:10:00,18,task_6,2021_03_09,MG02,mysql02,10,0.117507,0,0.1,2.3978952727983707,1.0,1.0,0.0,0.0,0.0,1.0,1.0,2.0,0.0,1.0,0.6931471805599453,1.0,1.0,1.0,0.0,1.0,0.156576,0.274015,0.7,0.3,0.191434,1.0,0.0,1.0,0.0,0.183771,0.284067,0.156576,1.0,1.0,0.276164,1.0,0.858349,0.923461,0.0,0.672489,0.307679,0.798595,0.535714,0.278482,1.0,0.0,0.1,0.0,0.20978,0.245579,0.0,1.0,0.0,0.0,1.0,0.103432,1.0,0.0,0.166667,0.847502,0.455863,0.45,0.725339,0.0,0.0,1.0,0.0,0.0,0.0,0.0,0.0,0.0,0.0,1.0,0.0,0.0,0.0,0.0,0.0,0.0,0.0,0.0,0.0,0.0,0.0,0.0,0.0,-2.6482105,3,0.25238622608635075,-0.18885666,0.20517206075641758,0.15795789542648442,0.11074373009655125,0.06352956476661809,-0.030898765893248248
Bank,Bank:18:task_6:MG02:2021-03-09 13:10:00,Bank:MG02:2021-03-09 13:10:00,18,task_6,2021_03_09,MG02,servicetest7,11,0.117277,0,0.0909090909090909,2.4849066497880004,0.4260881053203002,0.7101468422005004,0.0,0.0,0.0,4.0,3.0,7.0,0.0,1.0,0.6931471805599453,3.960592738758068,3.0,1.0,0.0,0.426088,0.469728,0.0,1.0,0.0,0.571232,0.825,0.0,1.0,0.050395,0.457615,0.424329,0.620133,1.0,1.0,0.283568,0.879228,0.915114,0.848586,0.974543,0.64401,0.756541,0.73242,0.857143,0.557378,1.0,0.0,0.6,0.0,0.420208,0.243414,0.0,0.626668,0.0,0.0,1.0,0.036365,1.0,0.0,1.0,0.776387,0.725776,0.45,0.847988,0.0,1.0,0.0,0.0,0.0,0.0,0.0,0.0,0.0,0.0,0.0,0.0,1.0,0.0,0.0,0.0,0.0,0.0,0.0,0.0,0.0,0.0,0.0,0.0,-2.6731467,3,0.25104258785153644,-0.20804508,0.19903131777549998,0.14702004769946353,0.09500877389813678,0.04299750754739062,-0.06102504005526288
Bank,Bank:18:task_6:MG02:2021-03-09 13:10:00,Bank:MG02:2021-03-09 13:10:00,18,task_6,2021_03_09,MG02,dockerb1,12,0.097398,0,0.0833333333333333,2.5649493574615367,1.0,1.0,0.0,0.0,0.0,0.0,0.0,0.0,1.0,1.0,0.6931471805599453,0.0,0.0,1.0,0.0833333333333333,1.0,0.0,0.447171,0.0,1.0,0.090299,0.0,0.0,0.0,0.050395,1.0,0.103733,0.0,0.0,0.0,1.0,0.555556,0.522388,0.0,0.919219,0.131004,0.528091,0.650043,0.0,0.65327,0.0,0.0,0.0,0.0,0.079916,0.0,0.0,0.0,0.0,1.0,0.0,1.0,0.0,0.0,0.0,0.07954,0.036875,0.0,0.092268,0.0,0.0,0.0,0.0,1.0,0.0,0.0,0.0,0.0,0.0,0.0,0.0,0.0,0.0,0.0,0.0,0.0,0.0,0.0,0.0,0.0,0.0,0.0,0.0,-3.3844278,3,0.13491135102599588,-0.7553762,-0.053932703911366786,-0.24277675884872946,-0.43162078398376974,-0.6204648687234549,-0.9981529189935354
Bank,Bank:18:task_6:MG02:2021-03-09 13:10:00,Bank:MG02:2021-03-09 13:10:00,18,task_6,2021_03_09,MG02,apache02,13,0.097223,0,0.0769230769230769,2.639057329615259,1.0,1.0,0.0,0.0,0.0,4.0,1.0,5.0,0.0,1.0,0.6931471805599453,4.0,1.0,1.0,0.0,1.0,0.156576,0.0,1.0,0.0,0.322029,0.766667,0.0,0.6,0.022907,0.183771,0.27485,0.626303,1.0,0.6,0.424166,1.0,0.802116,1.0,0.975854,0.497817,0.307679,1.0,0.607143,0.427152,1.0,0.0,0.3,0.5,0.377953,0.563604,0.0,0.930556,0.0,0.0,1.0,0.166573,1.0,0.0,0.5,0.949391,0.583696,0.45,0.963133,0.0,0.0,1.0,0.0,0.0,0.0,0.0,0.0,0.0,1.0,0.0,0.0,0.0,0.0,0.0,0.0,0.0,0.0,0.0,0.0,0.0,0.0,0.0,0.0,-2.2918243,3,0.13388901758646327,0.08538268,0.15523468699013548,0.1765803563938077,0.19792602766012507,0.21927169520115214,0.2619630377337869
Bank,Bank:18:task_6:MG02:2021-03-09 13:10:00,Bank:MG02:2021-03-09 13:10:00,18,task_6,2021_03_09,MG02,tomcat04,14,0.078057,0,0.0714285714285714,2.70805020110221,1.0,1.0,0.0,0.0,0.0,5.0,2.0,7.0,0.0,1.0,0.6931471805599453,4.386680844078368,2.0,1.0,0.0,1.0,0.313152,0.0,1.0,0.0,0.502455,0.79,0.0,1.0,0.050395,0.340577,0.404478,0.686848,1.0,1.0,0.0,1.0,0.780555,0.856905,0.989089,0.672489,0.567222,0.408974,0.821429,0.405752,1.0,0.0,0.5,0.0,0.336209,0.242331,0.0,0.4375,0.0,0.0,1.0,0.155021,1.0,0.0,1.0,0.798254,0.708153,0.45,0.863747,0.0,1.0,0.0,0.0,0.0,0.0,1.0,0.0,0.0,0.0,0.0,0.0,0.0,0.0,0.0,0.0,0.0,0.0,0.0,0.0,0.0,0.0,0.0,0.0,0.6267945,3,0.021923059288847208,2.3312614,0.6047384083908675,1.1875537574928878,1.7703690469902633,2.3531844556969284,3.5188150346916793
Bank,Bank:18:task_6:MG02:2021-03-09 13:10:00,Bank:MG02:2021-03-09 13:10:00,18,task_6,2021_03_09,MG02,tomcat03,15,-0.025622,0,0.0666666666666666,2.772588722239781,1.0,1.0,0.0,0.0,0.0,3.0,2.0,5.0,0.0,1.0,0.6931471805599453,3.0,2.0,1.0,0.0,1.0,0.313152,0.066489,0.952,0.048,0.43545,0.825,0.0,0.6,0.020158,0.340577,0.386682,0.469728,1.0,0.6,0.107798,1.0,0.632595,0.991681,0.832551,0.497817,0.567222,0.558958,0.642857,0.175909,1.0,0.0,0.4,0.666667,0.507817,0.404592,0.0,0.951631,0.0,0.0,1.0,0.165472,1.0,0.0,0.666667,0.913718,0.656886,0.45,0.980775,0.0,0.0,1.0,0.0,0.0,0.0,1.0,0.0,0.0,0.0,0.0,0.0,0.0,0.0,0.0,0.0,0.0,0.0,0.0,0.0,0.0,0.0,0.0,0.0,0.31457505,3,-0.5837598474386148,2.0910082,-0.061007800853531746,0.46174424573155126,0.9844962923166343,1.5072483389017173,2.552752432071883
Bank,Bank:18:task_6:MG02:2021-03-09 13:10:00,Bank:MG02:2021-03-09 13:10:00,18,task_6,2021_03_09,MG02,servicetest5,16,-0.040224,0,0.0625,2.833213344056216,0.5496189035528749,0.9160315059214582,0.0,0.0,0.0,0.0,0.0,0.0,1.0,1.0,0.6931471805599453,0.0,0.0,1.0,0.0,0.549619,0.0,0.447171,0.0,1.0,0.057764,0.0,0.0,0.0,0.050395,1.0,0.050728,0.0,0.0,0.0,0.283568,0.508906,0.155928,0.0,0.919219,0.120004,0.528091,0.351526,0.0,0.279083,0.0,0.0,0.0,0.0,0.043923,0.0,0.0,0.0,0.0,1.0,0.0,1.0,0.0,0.0,0.0,0.082177,0.023589,0.0,0.092268,0.0,1.0,0.0,0.0,0.0,0.0,0.0,0.0,0.0,0.0,0.0,0.0,1.0,0.0,0.0,0.0,0.0,0.0,0.0,0.0,0.0,0.0,0.0,0.0,-3.549641,3,-0.6690633496332192,-0.8825078,-0.8896902998971963,-1.1103172501611733,-1.3309442004251504,-1.5515711506891274,-1.9928250512170815
Bank,Bank:18:task_6:MG02:2021-03-09 13:10:00,Bank:MG02:2021-03-09 13:10:00,18,task_6,2021_03_09,MG02,servicetest6,17,-0.04184,0,0.0588235294117647,2.8903717578961645,0.540308474854279,0.9005141247571318,0.0,0.0,0.0,0.0,0.0,0.0,1.0,1.0,0.6931471805599453,0.0,0.0,1.0,0.0,0.540308,0.0,0.447171,0.0,1.0,0.057091,0.0,0.0,0.0,0.050395,1.0,0.049632,0.0,0.0,0.0,0.283568,0.500286,0.153261,0.0,0.919219,0.117971,0.528091,0.345232,0.0,0.275889,0.0,0.0,0.0,0.0,0.043179,0.0,0.0,0.0,0.0,1.0,0.0,1.0,0.0,0.0,0.0,0.082232,0.023314,0.0,0.092268,0.0,1.0,0.0,0.0,0.0,0.0,0.0,0.0,0.0,0.0,0.0,0.0,1.0,0.0,0.0,0.0,0.0,0.0,0.0,0.0,0.0,0.0,0.0,0.0,-3.549641,3,-0.6785038687091322,-0.8825078,-0.8991308189731092,-1.1197577692370864,-1.3403847195010634,-1.5610116697650405,-2.0022655702929946
Bank,Bank:18:task_6:MG02:2021-03-09 13:10:00,Bank:MG02:2021-03-09 13:10:00,18,task_6,2021_03_09,MG02,servicetest1,18,-0.051231,0,0.0555555555555555,2.9444389791664403,0.4860825788265453,0.8101376313775756,0.0,0.0,0.0,0.0,0.0,0.0,1.0,1.0,0.6931471805599453,0.0,0.0,1.0,0.0,0.486083,0.0,0.447171,0.0,1.0,0.053174,0.0,0.0,0.0,0.050395,1.0,0.04325,0.0,0.0,0.0,0.283568,0.450076,0.137747,0.0,0.919219,0.106132,0.528091,0.308786,0.0,0.257327,0.0,0.0,0.0,0.0,0.038846,0.0,0.0,0.0,0.0,1.0,0.0,1.0,0.0,0.0,0.0,0.082549,0.021714,0.0,0.092268,0.0,1.0,0.0,0.0,0.0,0.0,0.0,0.0,0.0,0.0,0.0,0.0,1.0,0.0,0.0,0.0,0.0,0.0,0.0,0.0,0.0,0.0,0.0,0.0,-3.5384884,3,-0.7333652020271386,-0.8739259,-0.9518466831024255,-1.1703281641777123,-1.3888096452529992,-1.607291126328286,-2.04425408847886
Bank,Bank:18:task_6:MG02:2021-03-09 13:10:00,Bank:MG02:2021-03-09 13:10:00,18,task_6,2021_03_09,MG02,servicetest2,19,-0.055363,0,0.0526315789473684,2.995732273553991,0.4621560938558133,0.7702601564263557,0.0,0.0,0.0,0.0,0.0,0.0,1.0,1.0,0.6931471805599453,0.0,0.0,1.0,0.0,0.462156,0.0,0.447171,0.0,1.0,0.051446,0.0,0.0,0.0,0.050395,1.0,0.040434,0.0,0.0,0.0,0.283568,0.427922,0.13091,0.0,0.919219,0.100907,0.528091,0.292823,0.0,0.249158,0.0,0.0,0.0,0.0,0.036934,0.0,0.0,0.0,0.0,1.0,0.0,1.0,0.0,0.0,0.0,0.082689,0.021009,0.0,0.092268,0.0,1.0,0.0,0.0,0.0,0.0,0.0,0.0,0.0,0.0,0.0,0.0,1.0,0.0,0.0,0.0,0.0,0.0,0.0,0.0,0.0,0.0,0.0,0.0,-3.5384884,3,-0.7575039550108467,-0.8739259,-0.9759854360861335,-1.1944669171614204,-1.4129483982367073,-1.6314298793119941,-2.068392841462568
Bank,Bank:18:task_6:MG02:2021-03-09 13:10:00,Bank:MG02:2021-03-09 13:10:00,18,task_6,2021_03_09,MG02,servicetest11,20,-0.060031,0,0.05,3.044522437723423,0.4350755220881946,0.7251258701469913,0.0,0.0,0.0,0.0,0.0,0.0,1.0,1.0,0.6931471805599453,0.0,0.0,1.0,0.0,0.435076,0.0,0.447171,0.0,1.0,0.049489,0.0,0.0,0.0,0.050395,1.0,0.037247,0.0,0.0,0.0,0.283568,0.402848,0.123179,0.0,0.919219,0.094995,0.528091,0.274845,0.0,0.239928,0.0,0.0,0.0,0.0,0.03477,0.0,0.0,0.0,0.0,1.0,0.0,1.0,0.0,0.0,0.0,0.082848,0.020209,0.0,0.092268,0.0,1.0,0.0,0.0,0.0,0.0,0.0,0.0,0.0,0.0,0.0,0.0,1.0,0.0,0.0,0.0,0.0,0.0,0.0,0.0,0.0,0.0,0.0,0.0,-3.5384884,3,-0.7847739692722091,-0.8739259,-1.003255450347496,-1.2217369314227828,-1.4402184124980697,-1.6586998935733566,-2.0956628557239303
Bank,Bank:18:task_6:MG02:2021-03-09 13:10:00,Bank:MG02:2021-03-09 13:10:00,18,task_6,2021_03_09,MG02,servicetest9,21,-0.061551,0,0.0476190476190476,3.091042453358316,0.4262443683773361,0.7104072806288935,0.0,0.0,0.0,0.0,0.0,0.0,1.0,1.0,0.6931471805599453,0.0,0.0,1.0,0.0,0.426244,0.0,0.447171,0.0,1.0,0.048851,0.0,0.0,0.0,0.050395,1.0,0.036208,0.0,0.0,0.0,0.283568,0.394671,0.120659,0.0,0.919219,0.093066,0.528091,0.269004,0.0,0.236922,0.0,0.0,0.0,0.0,0.034064,0.0,0.0,0.0,0.0,1.0,0.0,1.0,0.0,0.0,0.0,0.0829,0.019949,0.0,0.092268,0.0,1.0,0.0,0.0,0.0,0.0,0.0,0.0,0.0,0.0,0.0,0.0,1.0,0.0,0.0,0.0,0.0,0.0,0.0,0.0,0.0,0.0,0.0,0.0,-3.5384884,3,-0.7936536654327212,-0.8739259,-1.0121351465080082,-1.230616627583295,-1.449098108658582,-1.6675795897338688,-2.1045425518844425
Bank,Bank:18:task_6:MG02:2021-03-09 13:10:00,Bank:MG02:2021-03-09 13:10:00,18,task_6,2021_03_09,MG02,servicetest4,22,-0.065319,0,0.0454545454545454,3.1354942159291497,0.4043307815430659,0.6738846359051099,0.0,0.0,0.0,0.0,0.0,0.0,1.0,1.0,0.6931471805599453,0.0,0.0,1.0,0.0,0.404331,0.0,0.447171,0.0,1.0,0.047268,0.0,0.0,0.0,0.050395,1.0,0.033629,0.0,0.0,0.0,0.283568,0.37438,0.11441,0.0,0.919219,0.088282,0.528091,0.254552,0.0,0.229472,0.0,0.0,0.0,0.0,0.032313,0.0,0.0,0.0,0.0,1.0,0.0,1.0,0.0,0.0,0.0,0.083028,0.019302,0.0,0.092268,0.0,1.0,0.0,0.0,0.0,0.0,0.0,0.0,0.0,0.0,0.0,0.0,1.0,0.0,0.0,0.0,0.0,0.0,0.0,0.0,0.0,0.0,0.0,0.0,-3.5384884,3,-0.8156659648622016,-0.8739259,-1.0341474459374884,-1.2526289270127753,-1.4711104080880621,-1.689591889163349,-2.126554851313923
Bank,Bank:18:task_6:MG02:2021-03-09 13:10:00,Bank:MG02:2021-03-09 13:10:00,18,task_6,2021_03_09,MG02,servicetest10,23,-0.066184,0,0.0434782608695652,3.1780538303479458,0.3992937124151243,0.665489520691874,0.0,0.0,0.0,0.0,0.0,0.0,1.0,1.0,0.6931471805599453,0.0,0.0,1.0,0.0,0.399294,0.0,0.447171,0.0,1.0,0.046905,0.0,0.0,0.0,0.050395,1.0,0.033036,0.0,0.0,0.0,0.283568,0.369716,0.112974,0.0,0.919219,0.087182,0.528091,0.25124,0.0,0.227761,0.0,0.0,0.0,0.0,0.03191,0.0,0.0,0.0,0.0,1.0,0.0,1.0,0.0,0.0,0.0,0.083058,0.019154,0.0,0.092268,0.0,1.0,0.0,0.0,0.0,0.0,0.0,0.0,0.0,0.0,0.0,0.0,1.0,0.0,0.0,0.0,0.0,0.0,0.0,0.0,0.0,0.0,0.0,0.0,-3.5384884,3,-0.8207192130061772,-0.8739259,-1.039200694081464,-1.2576821751567508,-1.4761636562320377,-1.6946451373073246,-2.1316080994578983
Bank,Bank:18:task_6:MG02:2021-03-09 13:10:00,Bank:MG02:2021-03-09 13:10:00,18,task_6,2021_03_09,MG02,servicetest8,24,-0.069083,0,0.0416666666666666,3.218875824868201,0.3823982721675822,0.6373304536126371,0.0,0.0,0.0,0.0,0.0,0.0,1.0,1.0,0.6931471805599453,0.0,0.0,1.0,0.0,0.382398,0.0,0.447171,0.0,1.0,0.045684,0.0,0.0,0.0,0.050395,1.0,0.031047,0.0,0.0,0.0,0.283568,0.354072,0.10816,0.0,0.919219,0.083493,0.528091,0.240153,0.0,0.222026,0.0,0.0,0.0,0.0,0.03056,0.0,0.0,0.0,0.0,1.0,0.0,1.0,0.0,0.0,0.0,0.083157,0.018656,0.0,0.092268,0.0,1.0,0.0,0.0,0.0,0.0,0.0,0.0,0.0,0.0,0.0,0.0,1.0,0.0,0.0,0.0,0.0,0.0,0.0,0.0,0.0,0.0,0.0,0.0,-3.5384884,3,-0.8376548966702067,-0.8739259,-1.0561363777454935,-1.2746178588207804,-1.4930993398960672,-1.7115808209713541,-2.148543783121928
Bank,Bank:18:task_6:MG02:2021-03-09 13:10:00,Bank:MG02:2021-03-09 13:10:00,18,task_6,2021_03_09,MG02,dockera1,25,-0.069386,0,0.04,3.258096538021482,0.0,0.0,0.0,0.0,0.0,0.0,0.0,0.0,1.0,1.0,0.6931471805599453,0.0,0.0,1.0,0.0,0.0,0.0,0.447171,0.0,1.0,0.0,0.0,0.0,0.0,0.050395,0.777778,0.0,0.0,0.0,0.0,0.283568,0.0,0.0,0.0,0.919219,0.0,0.528091,0.0,0.0,0.094207,0.0,0.0,0.0,0.0,0.0,0.0,0.0,0.0,0.0,1.0,0.0,1.0,0.0,0.0,0.0,0.0,0.0,0.0,0.0,0.0,1.0,0.0,0.0,0.0,0.0,0.0,0.0,0.0,0.0,0.0,0.0,0.0,0.0,0.0,0.0,0.0,0.0,0.0,0.0,0.0,0.0,0.0,0.0,-3.269662,3,-0.8394249939969404,-0.66706383,-1.0061909520676955,-1.1729569101384505,-1.3397228980115279,-1.5064888262799605,-1.8400208020261153
Bank,Bank:18:task_6:MG02:2021-03-09 13:10:00,Bank:MG02:2021-03-09 13:10:00,18,task_6,2021_03_09,MG02,dockera2,26,-0.069386,0,0.0384615384615384,3.295836866004329,0.0,0.0,0.0,0.0,0.0,0.0,0.0,0.0,1.0,1.0,0.6931471805599453,0.0,0.0,1.0,0.0,0.0,0.0,0.447171,0.0,1.0,0.0,0.0,0.0,0.0,0.050395,0.777778,0.0,0.0,0.0,0.0,0.283568,0.0,0.0,0.0,0.919219,0.0,0.528091,0.0,0.0,0.094207,0.0,0.0,0.0,0.0,0.0,0.0,0.0,0.0,0.0,1.0,0.0,1.0,0.0,0.0,0.0,0.0,0.0,0.0,0.0,0.0,1.0,0.0,0.0,0.0,0.0,0.0,0.0,0.0,0.0,0.0,0.0,0.0,0.0,0.0,0.0,0.0,0.0,0.0,0.0,0.0,0.0,0.0,0.0,-3.269662,3,-0.8394249939969404,-0.66706383,-1.0061909520676955,-1.1729569101384505,-1.3397228980115279,-1.5064888262799605,-1.8400208020261153
Bank,Bank:18:task_6:MG02:2021-03-09 13:10:00,Bank:MG02:2021-03-09 13:10:00,18,task_6,2021_03_09,MG02,dockerb2,27,-0.069386,0,0.037037037037037,3.332204510175204,0.0,0.0,0.0,0.0,0.0,0.0,0.0,0.0,1.0,1.0,0.6931471805599453,0.0,0.0,1.0,0.0,0.0,0.0,0.447171,0.0,1.0,0.0,0.0,0.0,0.0,0.050395,0.777778,0.0,0.0,0.0,0.0,0.283568,0.0,0.0,0.0,0.919219,0.0,0.528091,0.0,0.0,0.094207,0.0,0.0,0.0,0.0,0.0,0.0,0.0,0.0,0.0,1.0,0.0,1.0,0.0,0.0,0.0,0.0,0.0,0.0,0.0,0.0,1.0,0.0,0.0,0.0,0.0,0.0,0.0,0.0,0.0,0.0,0.0,0.0,0.0,0.0,0.0,0.0,0.0,0.0,0.0,0.0,0.0,0.0,0.0,-3.269662,3,-0.8394249939969404,-0.66706383,-1.0061909520676955,-1.1729569101384505,-1.3397228980115279,-1.5064888262799605,-1.8400208020261153
Bank,Bank:18:task_6:MG02:2021-03-09 13:10:00,Bank:MG02:2021-03-09 13:10:00,18,task_6,2021_03_09,MG02,redis02,28,-0.072171,0,0.0357142857142857,3.367295829986474,0.8206679563378755,1.0,0.0,0.0,0.0,0.0,0.0,0.0,1.0,1.0,0.6931471805599453,0.0,0.0,1.0,0.0,0.820668,0.0,0.447171,0.0,1.0,0.077344,0.0,0.0,0.0,0.050395,1.0,0.082627,0.0,0.0,0.0,0.083596,0.555556,0.060318,0.0,0.919219,0.131004,0.528091,0.152378,0.0,0.167597,0.0,0.0,0.0,0.0,0.065585,0.0,0.0,0.0,0.0,1.0,0.0,1.0,0.0,0.0,0.0,0.08059,0.031584,0.0,0.092268,0.0,0.0,0.0,1.0,0.0,0.0,0.0,0.0,0.0,0.0,0.0,1.0,0.0,0.0,0.0,0.0,0.0,0.0,0.0,0.0,0.0,0.0,0.0,0.0,-2.9229274,3,-0.8556947004489313,-0.40025142,-0.955757555036963,-1.0558204096249948,-1.1558832716636072,-1.2559461188010583,-1.456071842878283
Bank,Bank:18:task_6:MG02:2021-03-09 13:10:00,Bank:MG02:2021-03-09 13:10:00,18,task_6,2021_03_09,MG02,tomcat01,29,-0.091188,0,0.0344827586206896,3.4011973816621555,1.0,1.0,0.0,0.0,0.0,2.0,3.0,5.0,0.0,1.0,0.6931471805599453,2.0,3.0,1.0,0.0,1.0,0.469728,0.157054,0.868,0.132,0.548838,0.86,0.0,0.6,0.016798,0.457615,0.506769,0.313152,1.0,0.6,0.086057,1.0,0.629983,0.983361,0.110599,0.497817,0.756541,0.526239,0.678571,0.0,1.0,0.0,0.5,1.0,0.637681,0.351588,0.0,0.962893,0.0,0.0,1.0,0.063924,1.0,0.0,0.833333,0.899685,0.698161,0.45,1.0,0.0,0.0,1.0,0.0,0.0,0.0,1.0,0.0,0.0,0.0,0.0,0.0,0.0,0.0,0.0,0.0,0.0,0.0,0.0,0.0,0.0,0.0,0.0,0.0,-1.794953,3,-0.9667902148466024,0.46772543,-0.8498588583569441,-0.7329275018672857,-0.6159961379270468,-0.499064788887969,-0.2652020610074911
Bank,Bank:0:task_1:Mysql02:2021-03-04 14:57:00,Bank:Mysql02:2021-03-04 14:57:00,0,task_1,2021_03_04,Mysql02,mysql02,1,0.727089,1,1.0,0.6931471805599453,0.9056603773584906,1.0,0.0,0.0,0.0,0.0,3.0,3.0,0.0,1.0,0.6931471805599453,0.0,1.013131708419666,1.0,0.0,0.90566,0.349585,0.286414,0.261022,0.738978,0.416006,1.0,0.051812,1.0,1.0,0.157353,0.754927,0.0,0.354429,1.0,0.408246,0.607718,1.0,0.0,0.574351,0.729576,0.0,1.0,1.0,1.0,1.0,0.0,0.5,0.0,0.408754,0.487413,0.5,0.620427,0.0,0.0,1.0,0.474037,1.0,0.0,0.5,0.134377,0.750423,0.45,0.059386,0.0,0.0,0.0,1.0,0.0,0.0,0.0,0.0,0.0,0.0,1.0,0.0,0.0,0.0,0.0,0.0,0.0,0.0,0.0,0.0,0.0,0.0,0.0,0.0,-2.5758884,4,2.1890469641121983,-0.07591404,2.1700684540602326,2.151089944008267,2.132111433956301,2.1131329239043355,2.075175903800404
Bank,Bank:0:task_1:Mysql02:2021-03-04 14:57:00,Bank:Mysql02:2021-03-04 14:57:00,0,task_1,2021_03_04,Mysql02,redis02,2,0.675511,0,0.5,1.0986122886681096,0.9056603773584906,1.0,0.0,0.0,0.0,0.0,2.0,2.0,0.0,1.0,0.6931471805599453,0.0,1.086776190801498,1.0,0.0,0.90566,0.374996,0.079475,0.797994,0.202006,0.863127,0.749999,0.0,1.0,1.0,0.156598,0.738769,0.0,0.570288,1.0,0.098792,0.749253,0.896472,0.094251,0.533563,0.822342,0.398811,0.689397,1.0,0.816426,1.0,0.0,0.833333,0.0,0.920007,1.0,0.5,0.678218,0.0,0.0,1.0,0.0,1.0,0.0,1.0,0.076098,0.869429,0.45,0.016451,0.0,0.0,1.0,0.0,0.0,0.0,0.0,0.0,0.0,0.0,0.0,1.0,0.0,0.0,0.0,0.0,0.0,0.0,0.0,0.0,0.0,0.0,0.0,0.0,-0.8735278,4,2.001325687402258,1.4376773,2.3607450034556483,2.720164319509039,3.079583605760107,3.43900295161582,4.157841524117956
Bank,Bank:0:task_1:Mysql02:2021-03-04 14:57:00,Bank:Mysql02:2021-03-04 14:57:00,0,task_1,2021_03_04,Mysql02,tomcat01,3,0.654282,0,0.3333333333333333,1.3862943611198906,1.0,1.0,0.3773584905660377,0.0,0.0,0.0,2.0,2.0,0.0,1.0,0.6931471805599453,0.0,1.086776190801498,1.0,-0.0658333333333333,1.0,0.328734,0.306799,0.206489,0.793511,0.878339,0.749999,0.0,1.0,1.0,0.338416,0.904834,0.0,0.570288,1.0,0.057622,0.749253,0.874781,0.094251,0.533563,0.822342,0.398811,0.623702,1.0,0.799774,0.753266,1.0,0.833333,0.0,0.824048,0.843974,0.5,0.671602,0.0,0.0,1.0,0.898023,1.0,1.0,1.0,0.436952,1.0,1.0,0.352658,0.0,0.0,1.0,0.0,0.0,0.0,1.0,0.0,0.0,0.0,0.0,0.0,0.0,0.0,0.0,0.0,0.0,0.0,0.0,0.0,0.0,0.0,0.0,0.0,0.44629344,4,1.924061447158834,2.6111476,2.576848357692739,3.229635268226644,3.8824221191559043,4.5352090892944545,5.840782791152975
Bank,Bank:0:task_1:Mysql02:2021-03-04 14:57:00,Bank:Mysql02:2021-03-04 14:57:00,0,task_1,2021_03_04,Mysql02,tomcat02,4,0.600342,0,0.25,1.6094379124341005,1.0,1.0,0.3773584905660377,0.0,0.0,0.0,2.0,2.0,0.0,1.0,0.6931471805599453,0.0,1.9056603773584904,1.0,-0.0697222222222222,1.0,0.611178,0.312722,0.190566,0.809434,0.641338,1.0,0.95713,1.0,1.0,0.460472,1.0,0.0,1.0,1.0,0.074671,1.0,0.983853,0.281876,0.564407,1.0,0.853506,0.841056,1.0,0.738596,0.853313,0.595152,0.333333,0.0,0.855197,0.673442,0.5,1.0,0.0,0.0,1.0,0.823025,1.0,0.999078,0.333333,0.608784,0.812757,0.999493,0.488489,0.0,0.0,1.0,0.0,0.0,0.0,1.0,0.0,0.0,0.0,0.0,0.0,0.0,0.0,0.0,0.0,0.0,0.0,0.0,0.0,0.0,0.0,0.0,0.0,-1.2826523,4,1.727743527391992,1.0739193,1.9962233514581542,2.2647031755243163,2.5331829995904784,2.8016628236566405,3.3386224717889648
Bank,Bank:0:task_1:Mysql02:2021-03-04 14:57:00,Bank:Mysql02:2021-03-04 14:57:00,0,task_1,2021_03_04,Mysql02,mysql01,5,0.355122,0,0.2,1.791759469228055,0.9056603773584906,1.0,0.0,0.0,0.0,3.0,1.0,4.0,0.0,1.0,0.6931471805599453,2.716981132075472,0.0878332731900282,1.0,0.0,0.90566,0.030307,0.901636,0.067888,0.932112,0.182478,1.0,0.0,1.0,0.107737,0.017943,0.617921,0.75,0.092181,1.0,0.30822,0.472352,0.771957,0.481214,0.956985,0.329706,0.735488,0.744977,0.75,0.616931,1.0,0.0,0.166667,0.0,0.222722,0.534965,0.5,0.6875,0.0,0.0,1.0,0.257694,1.0,0.0,0.166667,0.55965,0.503417,0.45,0.632344,0.0,0.0,0.0,1.0,0.0,0.0,0.0,0.0,0.0,0.0,1.0,0.0,0.0,0.0,0.0,0.0,0.0,0.0,0.0,0.0,0.0,0.0,0.0,0.0,-2.7618854,4,0.8352503815776605,-0.24128644,0.7749287711567182,0.7146071607357759,0.6542855540401239,0.5939639398938913,0.4733207265025873
Bank,Bank:0:task_1:Mysql02:2021-03-04 14:57:00,Bank:Mysql02:2021-03-04 14:57:00,0,task_1,2021_03_04,Mysql02,ig02,6,0.346037,0,0.1666666666666666,1.9459101490553128,0.9056603773584906,1.0,0.0,0.0,0.0,2.0,4.0,6.0,0.0,1.0,0.6931471805599453,1.086776190801498,2.8048144052655,1.0,0.0,0.90566,0.967812,0.448953,0.541972,0.458028,0.828125,1.0,0.0,1.0,0.075416,0.344567,0.941125,0.299996,0.735917,1.0,0.103745,0.823709,0.840463,0.742649,0.074355,0.590361,1.0,0.756172,0.857143,0.312398,1.0,0.0,0.666667,0.0,1.0,0.526049,0.5,0.736229,0.0,0.0,1.0,0.070521,1.0,0.0,0.666667,0.343191,0.833304,0.45,0.514598,0.0,0.0,1.0,0.0,0.0,0.0,0.0,0.0,1.0,0.0,0.0,0.0,0.0,0.0,0.0,0.0,0.0,0.0,0.0,0.0,0.0,0.0,0.0,0.0,-1.209089,4,0.8021849699891963,1.1393254,1.0870163150705257,1.371847660151855,1.6566790052331843,1.9415103503145137,2.511173040477172
Bank,Bank:0:task_1:Mysql02:2021-03-04 14:57:00,Bank:Mysql02:2021-03-04 14:57:00,0,task_1,2021_03_04,Mysql02,servicetest5,7,0.336815,0,0.1428571428571428,2.079441541679836,0.0878332731900282,0.146388788650047,0.0,0.0,0.0,4.0,0.0,4.0,0.0,1.0,0.6931471805599453,3.6226415094339615,0.0,1.0,0.0,0.087833,0.0,1.0,0.0,1.0,0.051593,0.0,0.885597,1.0,0.113124,0.0,0.430865,1.0,0.0,1.0,0.230961,0.076515,0.590163,0.447511,1.0,0.21426,0.735488,0.300098,0.714286,0.508047,0.0,0.0,0.0,0.0,0.018907,0.0,0.5,0.0,0.0,1.0,0.0,1.0,0.0,0.0,0.0,0.234948,0.020422,0.0,0.318536,0.0,1.0,0.0,0.0,0.0,0.0,0.0,0.0,0.0,0.0,0.0,0.0,1.0,0.0,0.0,0.0,0.0,0.0,0.0,0.0,0.0,0.0,0.0,0.0,-3.2403178,4,0.7686209385451878,-0.66666704,0.6019541775045002,0.43528741646381264,0.2686206405219639,0.10195389438243752,-0.23137965750126
Bank,Bank:0:task_1:Mysql02:2021-03-04 14:57:00,Bank:Mysql02:2021-03-04 14:57:00,0,task_1,2021_03_04,Mysql02,mg01,8,0.315338,0,0.125,2.19722457733622,0.9056603773584906,1.0,0.0,0.0,0.0,3.0,3.0,6.0,0.0,1.0,0.6931471805599453,1.9924365681599885,1.8991540279070092,1.0,0.0,0.90566,0.655311,0.565934,0.489296,0.510704,0.60495,1.0,0.0,1.0,0.090499,0.265883,0.79403,0.549996,0.664391,1.0,0.137181,0.78467,0.832235,0.717965,0.770128,0.561399,0.962764,0.779023,0.821429,0.476428,1.0,0.0,0.5,0.0,0.673049,0.463637,0.5,0.600962,0.0,0.0,1.0,0.213639,1.0,0.0,0.5,0.426815,0.745044,0.45,0.597753,0.0,0.0,1.0,0.0,0.0,0.0,0.0,1.0,0.0,0.0,0.0,0.0,0.0,0.0,0.0,0.0,0.0,0.0,0.0,0.0,0.0,0.0,0.0,0.0,-0.505795,4,0.6904540871763991,1.7646333,1.1316124116564559,1.5727707361365126,2.013929090418892,2.4550873850966264,3.3374040936613847
Bank,Bank:0:task_1:Mysql02:2021-03-04 14:57:00,Bank:Mysql02:2021-03-04 14:57:00,0,task_1,2021_03_04,Mysql02,apache01,9,0.288087,0,0.1111111111111111,2.302585092994046,0.9056603773584906,1.0,0.0,0.0,0.0,5.0,0.0,5.0,0.0,1.0,0.6931471805599453,3.013131708419666,0.0,1.0,0.0,0.90566,0.0,1.0,0.0,1.0,0.164549,0.0,1.0,0.2,0.030657,0.0,0.650129,0.83175,0.0,0.2,0.335064,0.522682,0.488947,0.574511,0.979693,0.0,0.735488,0.712038,0.821429,0.408602,0.0,0.0,0.0,0.796567,0.194952,0.0,0.5,0.0,0.0,1.0,0.0,1.0,0.0,0.0,0.0,0.368898,0.065134,0.0,0.516457,0.0,0.0,1.0,0.0,0.0,0.0,0.0,0.0,0.0,1.0,0.0,0.0,0.0,0.0,0.0,0.0,0.0,0.0,0.0,0.0,0.0,0.0,0.0,0.0,-2.72064,4,0.5912724106549637,-0.20461455,0.5401187731861489,0.488965135717334,0.4378114907979386,0.3866578607797043,0.2843505709409134
Bank,Bank:0:task_1:Mysql02:2021-03-04 14:57:00,Bank:Mysql02:2021-03-04 14:57:00,0,task_1,2021_03_04,Mysql02,redis01,10,0.246071,0,0.1,2.3978952727983707,0.9056603773584906,1.0,0.0,0.0,0.0,4.0,2.0,6.0,0.0,1.0,0.6931471805599453,2.8980969455184797,0.9934936505485188,1.0,0.0,0.90566,0.342809,0.720037,0.383944,0.616056,0.382814,1.0,0.0,1.0,0.100555,0.156598,0.670288,0.799996,0.521338,1.0,0.0,0.70659,0.718316,0.662051,0.966453,0.503476,0.735488,0.500158,0.785714,0.490817,1.0,0.0,0.333333,0.0,0.39514,0.392308,0.5,0.4375,0.0,0.0,1.0,0.073614,1.0,0.0,0.333333,0.544335,0.570025,0.45,0.659701,1.0,0.0,0.0,0.0,0.0,0.0,0.0,0.0,0.0,0.0,0.0,1.0,0.0,0.0,0.0,0.0,0.0,0.0,0.0,0.0,0.0,0.0,0.0,0.0,-1.8445005,4,0.4383526161254192,0.5743726,0.5819457635224605,0.7255389109195018,0.8691320732177044,1.0127252057135845,1.2999115303099895
Bank,Bank:0:task_1:Mysql02:2021-03-04 14:57:00,Bank:Mysql02:2021-03-04 14:57:00,0,task_1,2021_03_04,Mysql02,ig01,11,0.177852,0,0.0909090909090909,2.4849066497880004,0.9056603773584906,1.0,0.0,0.0,0.0,2.0,4.0,6.0,0.0,1.0,0.6931471805599453,1.9056603773584904,2.8980969455184797,1.0,0.0,0.90566,1.0,0.368627,0.629107,0.370893,1.0,0.910648,0.0,0.666667,0.0,0.344567,0.968685,0.526042,0.760392,0.666667,0.001852,0.845041,0.679824,0.801343,0.715664,0.470767,1.0,0.598904,0.928571,0.320569,1.0,0.0,1.0,1.0,0.870002,0.48401,0.5,0.4375,0.0,0.0,1.0,0.030585,1.0,0.0,1.0,0.411491,0.977005,0.45,0.791979,0.0,0.0,0.0,0.0,1.0,0.0,0.0,0.0,1.0,0.0,0.0,0.0,0.0,0.0,0.0,0.0,0.0,0.0,0.0,0.0,0.0,0.0,0.0,0.0,-0.9306753,4,0.19006540499130345,1.3868667,0.5367820771733866,0.8834987493554697,1.2302154513398753,1.576932093719636,2.270365497688447
Bank,Bank:0:task_1:Mysql02:2021-03-04 14:57:00,Bank:Mysql02:2021-03-04 14:57:00,0,task_1,2021_03_04,Mysql02,servicetest11,12,0.12685,0,0.0833333333333333,2.5649493574615367,0.0476246822051433,0.0793744703419055,0.0,0.0,0.0,1.0,2.0,3.0,0.0,1.0,0.6931471805599453,0.9056603773584906,0.9655070262145228,1.0,0.0,0.047625,0.333152,0.0,1.0,0.0,0.25444,1.0,0.0,1.0,0.150832,0.156598,0.185591,0.25,0.506652,1.0,0.230961,0.332895,0.772025,0.57103,0.0,0.442723,0.630721,0.523175,0.964286,0.368948,1.0,0.0,0.333333,0.0,0.215303,0.552797,0.5,0.800403,0.0,0.0,1.0,0.119978,1.0,0.0,0.333333,0.453154,0.533485,0.45,0.478762,0.0,1.0,0.0,0.0,0.0,0.0,0.0,0.0,0.0,0.0,0.0,0.0,1.0,0.0,0.0,0.0,0.0,0.0,0.0,0.0,0.0,0.0,0.0,0.0,-2.8131287,4,0.004440515411242533,-0.28684753,-0.0672713675376329,-0.1389832504865083,-0.21069513343538374,-0.2824070163842592,-0.42583078228201005
Bank,Bank:0:task_1:Mysql02:2021-03-04 14:57:00,Bank:Mysql02:2021-03-04 14:57:00,0,task_1,2021_03_04,Mysql02,servicetest10,13,0.104051,0,0.0769230769230769,2.639057329615259,0.1811158134430073,0.301859689071679,0.0,0.0,0.0,3.0,3.0,6.0,0.0,1.0,0.6931471805599453,2.811320754716981,2.716981132075472,1.0,0.0,0.181116,0.937505,0.0,1.0,0.0,0.831238,0.906286,0.0,0.666667,0.050277,0.374413,0.584263,0.776042,0.950495,0.666667,0.230961,0.667149,0.742961,0.890894,0.957763,0.484061,0.962764,0.823926,0.892857,0.38778,1.0,0.0,0.833333,0.666667,0.710404,0.586827,0.5,0.579561,0.0,0.0,1.0,0.05121,1.0,0.0,0.833333,0.473986,0.872572,0.45,0.808595,0.0,1.0,0.0,0.0,0.0,0.0,0.0,0.0,0.0,0.0,0.0,0.0,1.0,0.0,0.0,0.0,0.0,0.0,0.0,0.0,0.0,0.0,0.0,0.0,-2.5885463,4,-0.07853783558549887,-0.08716833,-0.10032991770150668,-0.12212199981751448,-0.14391408007087714,-0.1657061640495301,-0.2092903245562554
Bank,Bank:0:task_1:Mysql02:2021-03-04 14:57:00,Bank:Mysql02:2021-03-04 14:57:00,0,task_1,2021_03_04,Mysql02,dockera1,14,0.075945,0,0.0714285714285714,2.70805020110221,0.9056603773584906,1.0,0.0,0.0,0.0,0.0,0.0,0.0,1.0,1.0,0.6931471805599453,0.0,0.0,1.0,0.05,0.90566,0.0,0.382504,0.0,1.0,0.182419,0.0,0.0,0.0,0.150832,0.818182,0.195537,0.0,0.0,0.0,1.0,0.522682,0.527324,0.211842,0.676983,0.216656,0.894134,0.855542,0.0,0.517973,0.0,0.0,0.0,0.0,0.194952,0.0,0.5,0.0,0.0,1.0,0.0,1.0,0.0,0.0,0.0,0.039647,0.072207,0.0,0.070642,0.0,0.0,0.0,0.0,1.0,0.0,0.0,0.0,0.0,0.0,0.0,0.0,0.0,0.0,0.0,0.0,0.0,0.0,0.0,0.0,0.0,0.0,0.0,0.0,-3.526421,4,-0.18083133675284901,-0.9210452,-0.41109263278670827,-0.6413539288205675,-0.8716151950521044,-1.1018765208882861,-1.5623990533513599
Bank,Bank:0:task_1:Mysql02:2021-03-04 14:57:00,Bank:Mysql02:2021-03-04 14:57:00,0,task_1,2021_03_04,Mysql02,servicetest4,15,0.060766,0,0.0666666666666666,2.772588722239781,0.059846648856032,0.0997444147600534,0.0,0.0,0.0,2.0,1.0,3.0,0.0,1.0,0.6931471805599453,0.953285059563634,0.9056603773584906,1.0,0.0,0.059847,0.312502,0.0,1.0,0.0,0.241877,1.0,0.0,1.0,0.150832,0.150358,0.177464,0.263146,0.950495,1.0,0.230961,0.587918,0.863667,0.79756,0.067001,0.611255,0.776041,0.750209,0.928571,0.328765,1.0,0.0,0.166667,0.0,0.192706,0.392308,0.5,0.4375,0.0,0.0,1.0,0.133248,1.0,0.0,0.166667,0.541093,0.488616,0.45,0.590721,0.0,1.0,0.0,0.0,0.0,0.0,0.0,0.0,0.0,0.0,0.0,0.0,1.0,0.0,0.0,0.0,0.0,0.0,0.0,0.0,0.0,0.0,0.0,0.0,-2.8708239,4,-0.23607623301055936,-0.33814505,-0.3206124948671153,-0.40514875672367123,-0.48968502603080777,-0.5742212804367831,-0.7432938190510562
Bank,Bank:0:task_1:Mysql02:2021-03-04 14:57:00,Bank:Mysql02:2021-03-04 14:57:00,0,task_1,2021_03_04,Mysql02,tomcat04,16,0.059526,0,0.0625,2.833213344056216,1.0,1.0,0.3773584905660377,0.0,0.0,1.0,1.0,2.0,0.0,1.0,0.6931471805599453,1.0,0.9056603773584906,1.0,-0.0613888888888888,1.0,0.276395,0.599033,0.181132,0.818868,0.396209,1.0,0.0,0.0,0.104943,0.332176,0.683123,0.276042,0.950495,0.0,0.084301,0.940828,0.496542,1.0,0.039695,0.283325,0.827919,0.66747,0.964286,0.0,0.76892,0.952488,0.166667,0.302754,0.513449,0.650538,0.5,1.0,0.0,0.0,1.0,0.893188,1.0,0.999965,0.166667,1.0,0.641383,0.999981,1.0,0.0,0.0,1.0,0.0,0.0,0.0,1.0,0.0,0.0,0.0,0.0,0.0,0.0,0.0,0.0,0.0,0.0,0.0,0.0,0.0,0.0,0.0,0.0,0.0,-1.5631564,4,-0.24058928863738333,0.8245194,-0.03445943968032156,0.1716704092767402,0.377800258233802,0.5839301071908638,0.9961898051049873
Bank,Bank:0:task_1:Mysql02:2021-03-04 14:57:00,Bank:Mysql02:2021-03-04 14:57:00,0,task_1,2021_03_04,Mysql02,apache02,17,-0.022212,0,0.0588235294117647,2.8903717578961645,0.9056603773584906,1.0,0.0,0.0,0.0,0.0,0.0,0.0,1.0,1.0,0.6931471805599453,0.0,0.0,1.0,0.0,0.90566,0.0,0.382504,0.0,1.0,0.182419,0.0,0.0,0.0,0.150832,0.818182,0.195537,0.0,0.0,0.0,0.23073,0.522682,0.171863,0.211842,0.676983,0.216656,0.894134,0.507439,0.0,0.286169,0.0,0.0,0.0,0.0,0.194952,0.0,0.5,0.0,0.0,1.0,0.0,1.0,0.0,0.0,0.0,0.039647,0.072207,0.0,0.070642,0.0,0.0,1.0,0.0,0.0,0.0,0.0,0.0,0.0,1.0,0.0,0.0,0.0,0.0,0.0,0.0,0.0,0.0,0.0,0.0,0.0,0.0,0.0,0.0,-3.4424448,4,-0.5380797247868484,-0.8463808,-0.7496749173384613,-0.9612701098900741,-1.1728653173428483,-1.3844604949933,-1.807650909898848
Bank,Bank:0:task_1:Mysql02:2021-03-04 14:57:00,Bank:Mysql02:2021-03-04 14:57:00,0,task_1,2021_03_04,Mysql02,mg02,18,-0.050553,0,0.0555555555555555,2.9444389791664403,0.9056603773584906,1.0,0.0,0.0,0.0,0.0,0.0,0.0,1.0,1.0,0.6931471805599453,0.0,0.0,1.0,0.0,0.90566,0.0,0.382504,0.0,1.0,0.182419,0.0,0.0,0.0,0.150832,0.818182,0.195537,0.0,0.0,0.0,0.090444,0.522682,0.099815,0.211842,0.676983,0.216656,0.894134,0.316484,0.0,0.232396,0.0,0.0,0.0,0.0,0.194952,0.0,0.5,0.0,0.0,1.0,0.0,1.0,0.0,0.0,0.0,0.039647,0.072207,0.0,0.070642,0.0,0.0,1.0,0.0,0.0,0.0,0.0,1.0,0.0,0.0,0.0,0.0,0.0,0.0,0.0,0.0,0.0,0.0,0.0,0.0,0.0,0.0,0.0,0.0,-1.8873478,4,-0.6412285227867014,0.53627646,-0.5071594078632242,-0.37309029293974705,-0.23902117801626988,-0.1049520630927927,0.16318616675416164
Bank,Bank:0:task_1:Mysql02:2021-03-04 14:57:00,Bank:Mysql02:2021-03-04 14:57:00,0,task_1,2021_03_04,Mysql02,dockerb1,19,-0.054796,0,0.0526315789473684,2.995732273553991,0.9056603773584906,1.0,0.0,0.0,0.0,0.0,0.0,0.0,1.0,1.0,0.6931471805599453,0.0,0.0,1.0,0.0666666666666666,0.90566,0.0,0.382504,0.0,1.0,0.182419,0.0,0.0,0.0,0.150832,0.818182,0.195537,0.0,0.0,0.0,0.070745,0.522682,0.089516,0.211842,0.676983,0.216656,0.894134,0.286464,0.0,0.224555,0.0,0.0,0.0,0.0,0.194952,0.0,0.5,0.0,0.0,1.0,0.0,1.0,0.0,0.0,0.0,0.039647,0.072207,0.0,0.070642,1.0,0.0,0.0,0.0,0.0,0.0,0.0,0.0,0.0,0.0,0.0,0.0,0.0,0.0,0.0,0.0,0.0,0.0,0.0,0.0,0.0,0.0,0.0,0.0,-1.9147792,4,-0.656671180064616,0.5118869,-0.5286994563888882,-0.4007277327131603,-0.2727559941362713,-0.14478428536170462,0.11115919179207345
Bank,Bank:0:task_1:Mysql02:2021-03-04 14:57:00,Bank:Mysql02:2021-03-04 14:57:00,0,task_1,2021_03_04,Mysql02,dockera2,20,-0.115087,0,0.05,3.044522437723423,0.0,0.0,0.0,0.0,0.0,0.0,0.0,0.0,1.0,1.0,0.6931471805599453,0.0,0.0,1.0,0.0,0.0,0.0,0.382504,0.0,1.0,0.0,0.0,0.0,0.0,0.150832,0.636364,0.01896,0.0,0.0,0.0,0.230961,0.0,0.0,0.211842,0.676983,0.09848,0.894134,0.0,0.0,0.15497,0.0,0.0,0.0,0.0,0.0,0.0,0.5,0.0,0.0,1.0,0.0,1.0,0.0,0.0,0.0,0.0,0.0,0.0,0.0,0.0,1.0,0.0,0.0,0.0,0.0,0.0,0.0,0.0,0.0,0.0,0.0,0.0,0.0,0.0,0.0,0.0,0.0,0.0,0.0,0.0,0.0,0.0,0.0,-3.5321548,4,-0.8761039516749733,-0.9261431,-1.1076397291245812,-1.339175506574189,-1.5707112691226357,-1.8022470614734047,-2.265318586570298
Bank,Bank:0:task_1:Mysql02:2021-03-04 14:57:00,Bank:Mysql02:2021-03-04 14:57:00,0,task_1,2021_03_04,Mysql02,dockerb2,21,-0.115087,0,0.0476190476190476,3.091042453358316,0.0,0.0,0.0,0.0,0.0,0.0,0.0,0.0,1.0,1.0,0.6931471805599453,0.0,0.0,1.0,0.0,0.0,0.0,0.382504,0.0,1.0,0.0,0.0,0.0,0.0,0.150832,0.636364,0.01896,0.0,0.0,0.0,0.230961,0.0,0.0,0.211842,0.676983,0.09848,0.894134,0.0,0.0,0.15497,0.0,0.0,0.0,0.0,0.0,0.0,0.5,0.0,0.0,1.0,0.0,1.0,0.0,0.0,0.0,0.0,0.0,0.0,0.0,0.0,1.0,0.0,0.0,0.0,0.0,0.0,0.0,0.0,0.0,0.0,0.0,0.0,0.0,0.0,0.0,0.0,0.0,0.0,0.0,0.0,0.0,0.0,0.0,-3.5321548,4,-0.8761039516749733,-0.9261431,-1.1076397291245812,-1.339175506574189,-1.5707112691226357,-1.8022470614734047,-2.265318586570298
Bank,Bank:0:task_1:Mysql02:2021-03-04 14:57:00,Bank:Mysql02:2021-03-04 14:57:00,0,task_1,2021_03_04,Mysql02,tomcat03,22,-0.115293,0,0.0454545454545454,3.1354942159291497,1.0,1.0,0.3773584905660377,0.0,0.0,0.0,0.0,0.0,1.0,1.0,0.6931471805599453,0.0,0.0,1.0,-0.0513888888888888,1.0,0.0,0.382504,0.0,1.0,0.19731,0.0,0.0,0.0,0.150832,1.0,0.187939,0.0,0.0,0.0,0.012361,0.522682,0.058805,0.211842,0.676983,0.216656,0.894134,0.194183,0.0,0.201021,0.0,0.0,0.0,0.0,0.21526,0.0,0.5,0.0,0.0,1.0,0.0,1.0,0.0,0.0,0.0,0.09023,0.078102,0.0,0.141284,1.0,0.0,0.0,0.0,0.0,0.0,1.0,0.0,0.0,0.0,0.0,0.0,0.0,0.0,0.0,0.0,0.0,0.0,0.0,0.0,0.0,0.0,0.0,0.0,-1.8914379,4,-0.8768537012387845,0.5326399,-0.7436937210609051,-0.6105337408830258,-0.47737377560630767,-0.34421378052726714,-0.07789384997383086
Bank,Bank:0:task_1:Mysql02:2021-03-04 14:57:00,Bank:Mysql02:2021-03-04 14:57:00,0,task_1,2021_03_04,Mysql02,servicetest3,23,-0.117662,0,0.0434782608695652,3.1780538303479458,0.2407018770215764,0.4011697950359608,0.0,0.0,0.0,0.0,0.0,0.0,1.0,1.0,0.6931471805599453,0.0,0.0,1.0,0.0,0.240702,0.0,0.382504,0.0,1.0,0.077456,0.0,0.0,0.0,0.150832,0.818182,0.046356,0.0,0.0,0.0,0.230961,0.209684,0.068543,0.211842,0.676983,0.145889,0.894134,0.195738,0.0,0.206921,0.0,0.0,0.0,0.0,0.051813,0.0,0.5,0.0,0.0,1.0,0.0,1.0,0.0,0.0,0.0,0.047493,0.03066,0.0,0.070642,0.0,1.0,0.0,0.0,0.0,0.0,0.0,0.0,0.0,0.0,0.0,0.0,1.0,0.0,0.0,0.0,0.0,0.0,0.0,0.0,0.0,0.0,0.0,0.0,-3.5880394,4,-0.8854758212226117,-0.97583085,-1.1294335344689572,-1.3733912477153027,-1.6173489758628095,-1.8613066742079938,-2.349222130503007
Bank,Bank:0:task_1:Mysql02:2021-03-04 14:57:00,Bank:Mysql02:2021-03-04 14:57:00,0,task_1,2021_03_04,Mysql02,servicetest1,24,-0.140834,0,0.0416666666666666,3.218875824868201,0.1243497440902598,0.2072495734837663,0.0,0.0,0.0,0.0,0.0,0.0,1.0,1.0,0.6931471805599453,0.0,0.0,1.0,0.0,0.12435,0.0,0.382504,0.0,1.0,0.05909,0.0,0.0,0.0,0.150832,0.818182,0.020252,0.0,0.0,0.0,0.230961,0.108326,0.035331,0.211842,0.676983,0.122972,0.894134,0.09973,0.0,0.181683,0.0,0.0,0.0,0.0,0.026768,0.0,0.5,0.0,0.0,1.0,0.0,1.0,0.0,0.0,0.0,0.048866,0.02339,0.0,0.070642,0.0,1.0,0.0,0.0,0.0,0.0,0.0,0.0,0.0,0.0,0.0,0.0,1.0,0.0,0.0,0.0,0.0,0.0,0.0,0.0,0.0,0.0,0.0,0.0,-3.6051514,4,-0.9698117284683897,-0.9910454,-1.2175730823187543,-1.465334436169119,-1.7130957751183225,-1.9608571438698483,-2.4563798217682553
Bank,Bank:0:task_1:Mysql02:2021-03-04 14:57:00,Bank:Mysql02:2021-03-04 14:57:00,0,task_1,2021_03_04,Mysql02,servicetest8,25,-0.14873,0,0.04,3.258096538021482,0.084455188538957,0.1407586475649284,0.0,0.0,0.0,0.0,0.0,0.0,1.0,1.0,0.6931471805599453,0.0,0.0,1.0,0.0,0.084455,0.0,0.382504,0.0,1.0,0.052793,0.0,0.0,0.0,0.150832,0.818182,0.011302,0.0,0.0,0.0,0.230961,0.073572,0.023978,0.211842,0.676983,0.115114,0.894134,0.067408,0.0,0.173083,0.0,0.0,0.0,0.0,0.01818,0.0,0.5,0.0,0.0,1.0,0.0,1.0,0.0,0.0,0.0,0.049336,0.020897,0.0,0.070642,0.0,1.0,0.0,0.0,0.0,0.0,0.0,0.0,0.0,0.0,0.0,0.0,1.0,0.0,0.0,0.0,0.0,0.0,0.0,0.0,0.0,0.0,0.0,0.0,-3.6051514,4,-0.9985497020404881,-0.9910454,-1.2463110558908528,-1.4940724097412175,-1.741833748690421,-1.9895951174419468,-2.485117795340354
Bank,Bank:0:task_1:Mysql02:2021-03-04 14:57:00,Bank:Mysql02:2021-03-04 14:57:00,0,task_1,2021_03_04,Mysql02,servicetest9,26,-0.1526,0,0.0384615384615384,3.295836866004329,0.0648539640216982,0.1080899400361636,0.0,0.0,0.0,0.0,0.0,0.0,1.0,1.0,0.6931471805599453,0.0,0.0,1.0,0.0,0.064854,0.0,0.382504,0.0,1.0,0.049699,0.0,0.0,0.0,0.150832,0.818182,0.006905,0.0,0.0,0.0,0.230961,0.056497,0.018406,0.211842,0.676983,0.111254,0.894134,0.051639,0.0,0.168868,0.0,0.0,0.0,0.0,0.01396,0.0,0.5,0.0,0.0,1.0,0.0,1.0,0.0,0.0,0.0,0.049568,0.019672,0.0,0.070642,0.0,1.0,0.0,0.0,0.0,0.0,0.0,0.0,0.0,0.0,0.0,0.0,1.0,0.0,0.0,0.0,0.0,0.0,0.0,0.0,0.0,0.0,0.0,0.0,-3.6051514,4,-1.0126348030693662,-0.9910454,-1.2603961569197308,-1.5081575107700955,-1.755918849719299,-2.0036802184708247,-2.4992028963692317
Bank,Bank:0:task_1:Mysql02:2021-03-04 14:57:00,Bank:Mysql02:2021-03-04 14:57:00,0,task_1,2021_03_04,Mysql02,servicetest7,27,-0.15715,0,0.037037037037037,3.332204510175204,0.0417710915262631,0.0696184858771053,0.0,0.0,0.0,0.0,0.0,0.0,1.0,1.0,0.6931471805599453,0.0,0.0,1.0,0.0,0.041771,0.0,0.382504,0.0,1.0,0.046055,0.0,0.0,0.0,0.150832,0.818182,0.001726,0.0,0.0,0.0,0.230961,0.036388,0.011849,0.211842,0.676983,0.106707,0.894134,0.033166,0.0,0.163913,0.0,0.0,0.0,0.0,0.008992,0.0,0.5,0.0,0.0,1.0,0.0,1.0,0.0,0.0,0.0,0.04984,0.01823,0.0,0.070642,0.0,1.0,0.0,0.0,0.0,0.0,0.0,0.0,0.0,0.0,0.0,0.0,1.0,0.0,0.0,0.0,0.0,0.0,0.0,0.0,0.0,0.0,0.0,0.0,-3.5867047,4,-1.0291948055710187,-0.9746442,-1.272855851599156,-1.5165168976272931,-1.7601779436554303,-2.0038389896835676,-2.491161081739842
Bank,Bank:0:task_1:Mysql02:2021-03-04 14:57:00,Bank:Mysql02:2021-03-04 14:57:00,0,task_1,2021_03_04,Mysql02,servicetest2,28,-0.157747,0,0.0357142857142857,3.367295829986474,0.0387403443859497,0.0645672406432496,0.0,0.0,0.0,0.0,0.0,0.0,1.0,1.0,0.6931471805599453,0.0,0.0,1.0,0.0,0.03874,0.0,0.382504,0.0,1.0,0.045577,0.0,0.0,0.0,0.150832,0.818182,0.001046,0.0,0.0,0.0,0.230961,0.033748,0.010989,0.211842,0.676983,0.10611,0.894134,0.030748,0.0,0.163263,0.0,0.0,0.0,0.0,0.008339,0.0,0.5,0.0,0.0,1.0,0.0,1.0,0.0,0.0,0.0,0.049876,0.018041,0.0,0.070642,0.0,1.0,0.0,0.0,0.0,0.0,0.0,0.0,0.0,0.0,0.0,0.0,1.0,0.0,0.0,0.0,0.0,0.0,0.0,0.0,0.0,0.0,0.0,0.0,-3.5867047,4,-1.031367623481675,-0.9746442,-1.2750286695098123,-1.5186897155379495,-1.7623507615660867,-2.006011807594224,-2.4933338996504983
Bank,Bank:0:task_1:Mysql02:2021-03-04 14:57:00,Bank:Mysql02:2021-03-04 14:57:00,0,task_1,2021_03_04,Mysql02,servicetest6,29,-0.158665,0,0.0344827586206896,3.4011973816621555,0.0340766905500222,0.0567944842500371,0.0,0.0,0.0,0.0,0.0,0.0,1.0,1.0,0.6931471805599453,0.0,0.0,1.0,0.0,0.034077,0.0,0.382504,0.0,1.0,0.044841,0.0,0.0,0.0,0.150832,0.818182,0.0,0.0,0.0,0.0,0.230961,0.029685,0.009665,0.211842,0.676983,0.105192,0.894134,0.027031,0.0,0.162263,0.0,0.0,0.0,0.0,0.007335,0.0,0.5,0.0,0.0,1.0,0.0,1.0,0.0,0.0,0.0,0.049931,0.017749,0.0,0.070642,0.0,1.0,0.0,0.0,0.0,0.0,0.0,0.0,0.0,0.0,0.0,0.0,1.0,0.0,0.0,0.0,0.0,0.0,0.0,0.0,0.0,0.0,0.0,0.0,-3.5867047,4,-1.0347087404699205,-0.9746442,-1.2783697864980577,-1.5220308325261949,-1.765691878554332,-2.009352924582469,-2.4966750166387435
Bank,Bank:2:task_6:Tomcat01:2021-03-06 06:20:00,Bank:Tomcat01:2021-03-06 06:20:00,2,task_6,2021_03_06,Tomcat01,ig02,1,0.751951,0,1.0,0.6931471805599453,1.0,1.0,0.0,0.0,0.0,0.0,6.0,6.0,0.0,1.0,0.6931471805599453,0.0,4.271874501256023,1.0,0.0,1.0,1.0,0.179908,0.540385,0.459615,0.996772,0.93361,1.0,1.0,1.0,0.362698,1.0,0.0,0.711979,1.0,0.0,0.837047,0.852795,0.074908,0.952258,1.0,0.389736,0.4307,1.0,0.898311,1.0,0.0,0.7,0.0,1.0,0.232835,0.0,0.703979,0.0,0.0,1.0,0.067607,1.0,0.0,1.0,0.241635,1.0,0.45,0.244022,0.0,0.0,1.0,0.0,0.0,0.0,0.0,0.0,1.0,0.0,0.0,0.0,0.0,0.0,0.0,0.0,0.0,0.0,0.0,0.0,0.0,0.0,0.0,0.0,-0.28474417,4,3.038072483580589,1.9756811,3.5319927502088544,4.025913016837119,4.51983322386074,5.01375355009365,6.001593964140891
Bank,Bank:2:task_6:Tomcat01:2021-03-06 06:20:00,Bank:Tomcat01:2021-03-06 06:20:00,2,task_6,2021_03_06,Tomcat01,tomcat01,2,0.597057,1,0.5,1.0986122886681096,1.0,1.0,0.4166666666666667,0.0,0.0,0.0,4.0,4.0,0.0,1.0,0.6931471805599453,0.0,2.2718745012560237,1.0,-0.0766666666666666,1.0,0.45622,0.33454,0.131594,0.868406,0.648877,0.893028,0.0,1.0,1.0,0.431652,0.712096,0.0,0.567969,1.0,0.165845,0.777695,0.868011,0.0,0.957439,0.929707,0.0,0.503416,1.0,1.0,0.715687,1.0,0.5,0.0,0.626197,0.230856,0.0,0.628203,0.0,0.0,1.0,0.809592,1.0,1.0,1.0,0.756462,0.848987,1.0,0.500344,0.0,0.0,1.0,0.0,0.0,0.0,1.0,0.0,0.0,0.0,0.0,0.0,0.0,0.0,0.0,0.0,0.0,0.0,0.0,0.0,0.0,0.0,0.0,0.0,0.3683816,4,2.2984324742388718,2.545927,2.934914236171245,3.571395998103618,4.207877760035991,4.844359521968364,6.1173230458331105
Bank,Bank:2:task_6:Tomcat01:2021-03-06 06:20:00,Bank:Tomcat01:2021-03-06 06:20:00,2,task_6,2021_03_06,Tomcat01,mysql02,3,0.414531,0,0.3333333333333333,1.3862943611198906,1.0,1.0,0.0,0.0,0.0,2.0,4.0,6.0,0.0,1.0,0.6931471805599453,2.0,2.2718745012560237,1.0,0.0,1.0,0.531821,0.520714,0.460578,0.539422,0.63443,0.893028,0.0,1.0,0.090944,0.249834,0.652712,0.379372,0.567969,1.0,1.0,0.777695,1.0,0.639046,0.50603,0.557237,0.954854,1.0,0.928571,0.573935,1.0,0.0,0.5,0.0,0.691401,0.287858,0.0,0.690275,0.0,0.0,1.0,0.482999,1.0,0.0,1.0,0.481739,0.924757,0.45,0.629165,0.0,0.0,0.0,1.0,0.0,0.0,0.0,0.0,0.0,0.0,1.0,0.0,0.0,0.0,0.0,0.0,0.0,0.0,0.0,0.0,0.0,0.0,0.0,0.0,-2.3198366,4,1.4268458902194374,0.19883612,1.4765549197151535,1.5262639492108696,1.5759729861571663,1.6256820082023018,1.7251000820948952
Bank,Bank:2:task_6:Tomcat01:2021-03-06 06:20:00,Bank:Tomcat01:2021-03-06 06:20:00,2,task_6,2021_03_06,Tomcat01,mysql01,4,0.336143,0,0.25,1.6094379124341005,1.0,1.0,0.0,0.0,0.0,1.0,5.0,6.0,0.0,1.0,0.6931471805599453,1.0,3.2718745012560237,1.0,0.0,1.0,0.765911,0.377266,0.508462,0.491538,0.815576,0.918069,0.0,1.0,0.090944,0.316094,0.769427,0.189686,0.654375,1.0,0.191716,0.813306,0.82939,0.67656,0.740257,0.599413,1.0,0.542266,0.964286,0.424083,1.0,0.0,0.6,0.0,0.804554,0.238051,0.0,0.621015,0.0,0.0,1.0,0.181911,1.0,0.0,1.0,0.439398,0.9307,0.45,0.55793,0.0,0.0,1.0,0.0,0.0,0.0,0.0,0.0,0.0,0.0,1.0,0.0,0.0,0.0,0.0,0.0,0.0,0.0,0.0,0.0,0.0,0.0,0.0,0.0,0.53787625,4,1.0525324820029893,2.6939132,1.7260107873428026,2.399489092682616,3.0729673384177842,3.7464457033622423,5.09340219483258
Bank,Bank:2:task_6:Tomcat01:2021-03-06 06:20:00,Bank:Tomcat01:2021-03-06 06:20:00,2,task_6,2021_03_06,Tomcat01,apache02,5,0.288936,0,0.2,1.791759469228055,1.0,1.0,0.0,0.0,0.0,5.0,5.0,10.0,0.0,1.0,0.6931471805599453,3.800688396744968,1.3944918497775365,1.0,0.0,1.0,0.326436,0.875395,0.195229,0.804771,0.353875,1.0,0.0,0.8,0.083986,0.151522,0.578666,0.720937,0.278898,0.8,0.960539,0.583047,0.711844,0.619467,0.961097,0.295625,0.428425,0.817028,0.5,0.49889,1.0,0.0,0.5,0.156892,0.357121,0.166837,0.0,0.542008,0.0,0.0,1.0,0.164581,1.0,0.0,0.833333,0.668079,0.694478,0.45,0.766721,1.0,0.0,0.0,0.0,0.0,0.0,0.0,0.0,0.0,1.0,0.0,0.0,0.0,0.0,0.0,0.0,0.0,0.0,0.0,0.0,0.0,0.0,0.0,0.0,-2.9428065,4,0.8271126082764768,-0.34508064,0.7408424473034048,0.6545722863303327,0.5683021179066801,0.4820319643841886,0.3094916275368833
Bank,Bank:2:task_6:Tomcat01:2021-03-06 06:20:00,Bank:Tomcat01:2021-03-06 06:20:00,2,task_6,2021_03_06,Tomcat01,redis01,6,0.251922,0,0.1666666666666666,1.9459101490553128,1.0,1.0,0.0,0.0,0.0,4.0,3.0,7.0,0.0,1.0,0.6931471805599453,2.271874501256023,1.800688396744968,1.0,0.0,1.0,0.421522,0.372675,0.708161,0.291839,0.784374,0.781281,0.391231,1.0,0.045472,0.265883,0.620082,0.430942,0.600229,1.0,0.308406,0.827754,0.78987,0.700412,0.528343,0.583299,0.880746,0.627287,0.714286,0.336293,0.727593,0.0,0.6,0.0,0.792485,0.392436,0.0,0.698119,0.0,0.0,1.0,0.162773,1.0,0.0,1.0,0.604199,0.725874,0.45,0.687268,1.0,0.0,0.0,0.0,0.0,0.0,0.0,0.0,0.0,0.0,0.0,1.0,0.0,0.0,0.0,0.0,0.0,0.0,0.0,0.0,0.0,0.0,0.0,0.0,-2.5074935,4,0.6503657019678118,0.03499236,0.6591137918624642,0.6678618817571166,0.676609971651769,0.6853580615464213,0.702854241335726
Bank,Bank:2:task_6:Tomcat01:2021-03-06 06:20:00,Bank:Tomcat01:2021-03-06 06:20:00,2,task_6,2021_03_06,Tomcat01,mg02,7,0.244064,0,0.1428571428571428,2.079441541679836,1.0,1.0,0.0,0.0,0.0,3.0,7.0,10.0,0.0,1.0,0.6931471805599453,1.800688396744968,3.3944918497775363,1.0,0.0,1.0,0.606238,0.664793,0.382306,0.617694,0.714559,1.0,0.0,0.8,0.090944,0.269536,0.735432,0.341565,0.484927,0.8,0.390196,0.708498,0.646164,0.711772,0.56471,0.407565,0.428425,0.604053,0.571429,0.257603,0.740881,0.0,0.7,0.0,0.579325,0.161151,0.0,0.66132,0.0,0.0,1.0,0.136943,1.0,0.0,1.0,0.56357,0.724754,0.45,0.620564,0.0,0.0,1.0,0.0,0.0,0.0,0.0,1.0,0.0,0.0,0.0,0.0,0.0,0.0,0.0,0.0,0.0,0.0,0.0,0.0,0.0,0.0,0.0,0.0,-2.8129222,4,0.6128426785233453,-0.23167835,0.5549230905833676,0.49700350264339,0.43908391842870265,0.3811643267634347,0.26532515833406
Bank,Bank:2:task_6:Tomcat01:2021-03-06 06:20:00,Bank:Tomcat01:2021-03-06 06:20:00,2,task_6,2021_03_06,Tomcat01,ig01,8,0.209081,0,0.125,2.19722457733622,1.0,1.0,0.0,0.0,0.0,3.0,4.0,7.0,0.0,1.0,0.6931471805599453,3.0,0.3944918497775362,1.0,0.0,1.0,0.092346,0.900916,0.069036,0.930964,0.190132,1.0,0.0,0.714286,0.081004,0.060367,0.475303,0.569058,0.098623,0.714286,0.740572,0.489871,0.575836,0.550961,0.892205,0.159765,0.428425,0.629567,0.464286,0.384649,1.0,0.0,0.4,0.261487,0.181338,0.150427,0.0,0.4375,0.0,0.0,1.0,0.263493,1.0,0.0,0.666667,0.725476,0.627568,0.45,0.806489,0.0,0.0,1.0,0.0,0.0,0.0,0.0,0.0,1.0,0.0,0.0,0.0,0.0,0.0,0.0,0.0,0.0,0.0,0.0,0.0,0.0,0.0,0.0,0.0,-2.8769913,4,0.4457940746600497,-0.2876172,0.37388977301667814,0.30198547137330656,0.23008116972993498,0.1581768680865634,0.01436826479982023
Bank,Bank:2:task_6:Tomcat01:2021-03-06 06:20:00,Bank:Tomcat01:2021-03-06 06:20:00,2,task_6,2021_03_06,Tomcat01,tomcat03,9,0.19633,0,0.1111111111111111,2.302585092994046,1.0,1.0,0.4166666666666667,0.0,0.0,4.0,6.0,10.0,0.0,1.0,0.6931471805599453,2.800688396744968,2.3944918497775363,1.0,-0.0119444444444444,1.0,0.547293,0.953243,0.079816,0.920184,0.533934,1.0,0.0,1.0,0.112403,0.40106,0.720136,0.531251,0.399082,1.0,0.180948,0.645165,0.641315,0.632938,0.789007,0.457145,0.428425,0.429733,0.535714,0.345414,0.952788,0.196116,0.6,0.0,0.556171,0.181337,0.0,0.655093,0.0,0.0,1.0,0.554434,1.0,0.983714,1.0,1.0,0.902214,0.991043,0.991471,0.0,0.0,1.0,0.0,0.0,0.0,1.0,0.0,0.0,0.0,0.0,0.0,0.0,0.0,0.0,0.0,0.0,0.0,0.0,0.0,0.0,0.0,0.0,0.0,-0.7729678,4,0.38490630780583834,1.5494117,0.7722592214239261,1.1596121350420139,1.5469650188577793,1.9343179622781894,2.7090237299097204
Bank,Bank:2:task_6:Tomcat01:2021-03-06 06:20:00,Bank:Tomcat01:2021-03-06 06:20:00,2,task_6,2021_03_06,Tomcat01,tomcat04,10,0.190943,0,0.1,2.3978952727983707,1.0,1.0,0.0,0.0,0.0,7.0,1.0,8.0,0.0,1.0,0.6931471805599453,5.271874501256023,1.0,1.0,0.0,1.0,0.234089,0.0,1.0,0.0,0.482755,0.774969,0.0,0.75,0.038976,0.150358,0.355593,1.0,1.0,0.75,0.432797,0.955752,0.790885,0.952938,1.0,0.643961,0.61238,0.805529,0.75,0.366562,1.0,0.0,0.4,0.571429,0.781023,1.0,0.0,0.794654,0.0,0.0,1.0,0.128203,1.0,0.0,1.0,0.742456,0.709265,0.45,0.897776,1.0,0.0,0.0,0.0,0.0,0.0,1.0,0.0,0.0,0.0,0.0,0.0,0.0,0.0,0.0,0.0,0.0,0.0,0.0,0.0,0.0,0.0,0.0,0.0,-2.7488472,4,0.35918264691307406,-0.17573428,0.3152490765280948,0.27131550614311556,0.2273819357581363,0.18344836537315706,0.09558122460319857
Bank,Bank:2:task_6:Tomcat01:2021-03-06 06:20:00,Bank:Tomcat01:2021-03-06 06:20:00,2,task_6,2021_03_06,Tomcat01,servicetest8,11,0.185653,0,0.0909090909090909,2.4849066497880004,0.0580865243095982,0.0968108738493304,0.0,0.0,0.0,7.0,0.0,7.0,0.0,1.0,0.6931471805599453,4.336405325467938,0.0,1.0,0.0,0.058087,0.0,1.0,0.0,1.0,0.034767,0.0,0.156319,0.714286,0.084619,0.0,0.244441,0.822555,0.0,0.714286,0.599258,0.051404,0.356704,0.529384,0.991104,0.0,0.428425,0.224854,0.321429,0.198598,0.0,0.0,0.0,0.112066,0.007392,0.0,0.0,0.0,0.0,1.0,0.0,1.0,0.0,0.0,0.0,0.340707,0.015157,0.0,0.418521,0.0,1.0,0.0,0.0,0.0,0.0,0.0,0.0,0.0,0.0,0.0,0.0,1.0,0.0,0.0,0.0,0.0,0.0,0.0,0.0,0.0,0.0,0.0,0.0,-3.3616443,4,0.33392217427102416,-0.7107691,0.15622989505139678,-0.021462384168230597,-0.19915464848669678,-0.37684694260748536,-0.7322314712444178
Bank,Bank:2:task_6:Tomcat01:2021-03-06 06:20:00,Bank:Tomcat01:2021-03-06 06:20:00,2,task_6,2021_03_06,Tomcat01,redis02,12,0.106292,0,0.0833333333333333,2.5649493574615367,0.8383682399373126,1.0,0.0,0.0,0.0,4.0,4.0,8.0,0.0,1.0,0.6931471805599453,4.0,2.4335062613187106,1.0,0.0,0.838368,0.569658,0.449478,0.643282,0.356718,0.722598,0.851154,0.0,0.75,0.0,0.249834,0.625348,0.758743,0.608377,0.75,0.214226,0.777695,0.690798,0.726942,0.963509,0.448131,0.954854,0.537328,0.857143,0.342848,1.0,0.0,0.7,1.0,0.567235,0.252834,0.0,0.586325,0.0,0.0,1.0,0.097256,1.0,0.0,1.0,0.678086,0.890525,0.45,0.94776,0.0,0.0,0.0,1.0,0.0,0.0,0.0,0.0,0.0,0.0,0.0,1.0,0.0,0.0,0.0,0.0,0.0,0.0,0.0,0.0,0.0,0.0,0.0,0.0,-2.453781,4,-0.04503744186238337,0.08188899,-0.024565194708862786,-0.004092947555342202,0.016379299598178382,0.036851546751698966,0.07779604105874013
Bank,Bank:2:task_6:Tomcat01:2021-03-06 06:20:00,Bank:Tomcat01:2021-03-06 06:20:00,2,task_6,2021_03_06,Tomcat01,servicetest5,13,0.089393,0,0.0769230769230769,2.639057329615259,0.1378488395606823,0.2297480659344706,0.0,0.0,0.0,6.0,1.0,7.0,0.0,1.0,0.6931471805599453,4.198556485907256,0.0580865243095982,1.0,0.0,0.137849,0.013597,0.79774,0.294965,0.705035,0.049108,1.0,0.0,0.714286,0.083986,0.017943,0.226783,0.796407,0.058087,0.714286,0.599258,0.145467,0.399706,0.552168,0.98662,0.048029,0.428425,0.294639,0.357143,0.227685,1.0,0.0,0.1,0.130744,0.03202,0.273504,0.0,1.0,0.0,0.0,1.0,0.216905,1.0,0.0,0.166667,0.798484,0.463099,0.45,0.796433,0.0,1.0,0.0,0.0,0.0,0.0,0.0,0.0,0.0,0.0,0.0,0.0,1.0,0.0,0.0,0.0,0.0,0.0,0.0,0.0,0.0,0.0,0.0,0.0,-3.280839,4,-0.1257324753553894,-0.6402178,-0.285786920622113,-0.44584136588883666,-0.6058958111555603,-0.765950256422284,-1.0860591469557312
Bank,Bank:2:task_6:Tomcat01:2021-03-06 06:20:00,Bank:Tomcat01:2021-03-06 06:20:00,2,task_6,2021_03_06,Tomcat01,servicetest11,14,0.080491,0,0.0714285714285714,2.70805020110221,0.1187262481108657,0.1978770801847762,0.0,0.0,0.0,4.0,3.0,7.0,0.0,1.0,0.6931471805599453,4.0,0.2757656016666704,1.0,0.0,0.118726,0.064554,0.562613,0.541964,0.458036,0.077852,1.0,0.0,0.714286,0.082247,0.048823,0.182916,0.758743,0.091922,0.714286,0.599258,0.164215,0.427428,0.554906,0.978757,0.065892,0.428425,0.308676,0.428571,0.248986,1.0,0.0,0.3,0.196116,0.083837,0.273504,0.0,1.0,0.0,0.0,1.0,0.358805,1.0,0.0,0.5,0.741723,0.581873,0.45,0.797411,0.0,1.0,0.0,0.0,0.0,0.0,0.0,0.0,0.0,0.0,0.0,0.0,1.0,0.0,0.0,0.0,0.0,0.0,0.0,0.0,0.0,0.0,0.0,0.0,-3.2767923,4,-0.16824074141579182,-0.6366846,-0.32741189055042774,-0.48658303968506367,-0.6457541739185384,-0.8049253379543355,-1.123267606421285
Bank,Bank:2:task_6:Tomcat01:2021-03-06 06:20:00,Bank:Tomcat01:2021-03-06 06:20:00,2,task_6,2021_03_06,Tomcat01,apache01,15,0.071363,0,0.0666666666666666,2.772588722239781,0.9560380267225704,1.0,0.0,0.0,0.0,3.0,3.0,6.0,0.0,1.0,0.6931471805599453,1.8446503700223975,3.0,1.0,0.0,0.956038,0.513891,0.04822,0.95931,0.04069,0.803121,0.888935,0.0,0.666667,0.057874,0.374413,0.550093,0.349904,1.0,0.666667,0.488555,1.0,0.745093,1.0,0.0,0.614991,0.880746,0.874325,0.607143,0.0,0.744531,0.0,0.8,0.0,0.741402,0.423427,0.0,0.739206,0.0,0.0,1.0,0.085382,1.0,0.0,1.0,0.614641,0.777419,0.45,0.743363,0.0,0.0,1.0,0.0,0.0,0.0,0.0,0.0,0.0,1.0,0.0,0.0,0.0,0.0,0.0,0.0,0.0,0.0,0.0,0.0,0.0,0.0,0.0,0.0,-3.092085,4,-0.21182818834899253,-0.47541603,-0.33068219696400947,-0.4495362055790264,-0.5683902067434627,-0.6872442228090603,-0.924952225137933
Bank,Bank:2:task_6:Tomcat01:2021-03-06 06:20:00,Bank:Tomcat01:2021-03-06 06:20:00,2,task_6,2021_03_06,Tomcat01,servicetest6,16,0.033956,0,0.0625,2.833213344056216,0.1940434248395741,0.3234057080659569,0.0,0.0,0.0,5.0,3.0,8.0,0.0,1.0,0.6931471805599453,4.838368239937313,2.239462836479136,1.0,0.0,0.194043,0.524234,0.0,1.0,0.0,0.606627,0.844006,0.0,0.75,0.018189,0.265883,0.369621,0.91777,0.746488,0.75,0.599258,0.574641,0.716936,0.806211,0.995211,0.442598,0.880746,0.625508,0.821429,0.343861,1.0,0.0,0.6,0.8,0.535794,0.33401,0.0,0.734589,0.0,0.0,1.0,0.072628,1.0,0.0,1.0,0.732214,0.802552,0.45,0.960911,0.0,1.0,0.0,0.0,0.0,0.0,0.0,0.0,0.0,0.0,0.0,0.0,1.0,0.0,0.0,0.0,0.0,0.0,0.0,0.0,0.0,0.0,0.0,0.0,-3.055683,4,-0.3904517233435411,-0.44363338,-0.5013600677315493,-0.6122684121195574,-0.7231767714087267,-0.8340851008955736,-1.0559018194739123
Bank,Bank:2:task_6:Tomcat01:2021-03-06 06:20:00,Bank:Tomcat01:2021-03-06 06:20:00,2,task_6,2021_03_06,Tomcat01,servicetest7,17,0.02367,0,0.0588235294117647,2.8903717578961645,0.2394628364791363,0.3991047274652273,0.0,0.0,0.0,6.0,2.0,8.0,0.0,1.0,0.6931471805599453,5.032411664776887,2.0,1.0,0.0,0.239463,0.468179,0.0,1.0,0.0,0.568791,0.834177,0.0,0.75,0.030315,0.278654,0.342696,0.954577,1.0,0.75,0.599258,0.716458,0.765372,0.945508,0.997463,0.576816,0.767556,0.735642,0.785714,0.32687,1.0,0.0,0.5,0.666667,0.484755,0.366154,0.0,0.633928,0.0,0.0,1.0,0.025063,1.0,0.0,1.0,0.788843,0.740865,0.45,1.0,0.0,1.0,0.0,0.0,0.0,0.0,0.0,0.0,0.0,0.0,0.0,0.0,1.0,0.0,0.0,0.0,0.0,0.0,0.0,0.0,0.0,0.0,0.0,0.0,-3.1006722,4,-0.4395687784656821,-0.4829137,-0.5602972041472731,-0.6810256298288642,-0.8017540480598746,-0.9224824811920462,-1.163939317654067
Bank,Bank:2:task_6:Tomcat01:2021-03-06 06:20:00,Bank:Tomcat01:2021-03-06 06:20:00,2,task_6,2021_03_06,Tomcat01,servicetest3,18,0.01634,0,0.0555555555555555,2.9444389791664403,0.0798302377963898,0.1330503963273164,0.0,0.0,0.0,5.0,2.0,7.0,0.0,1.0,0.6931471805599453,4.118726248110866,0.1959353638702806,1.0,0.0,0.07983,0.045866,0.183869,0.85904,0.14096,0.061059,1.0,0.0,0.714286,0.083213,0.034541,0.07592,0.781264,0.097968,0.714286,0.599258,0.144017,0.411261,0.565481,0.983223,0.062476,0.428425,0.293555,0.392857,0.228846,1.0,0.0,0.2,0.156892,0.058991,0.273504,0.0,1.0,0.0,0.0,1.0,0.373516,1.0,0.0,0.333333,0.756693,0.550476,0.45,0.797091,0.0,1.0,0.0,0.0,0.0,0.0,0.0,0.0,0.0,0.0,0.0,0.0,1.0,0.0,0.0,0.0,0.0,0.0,0.0,0.0,0.0,0.0,0.0,0.0,-3.2661853,4,-0.47457052978254904,-0.6274236,-0.6314264258978521,-0.7882823220131552,-0.9451382330296194,-1.1019941142437613,-1.4157059362766897
Bank,Bank:2:task_6:Tomcat01:2021-03-06 06:20:00,Bank:Tomcat01:2021-03-06 06:20:00,2,task_6,2021_03_06,Tomcat01,servicetest1,19,-0.015569,0,0.0526315789473684,2.995732273553991,0.1867498577242335,0.3112497628737225,0.0,0.0,0.0,1.0,5.0,6.0,0.0,1.0,0.6931471805599453,1.0,4.613938539020735,1.0,0.0,0.18675,0.891697,0.0,1.0,0.0,1.0,0.918769,0.0,0.666667,0.050525,0.480667,0.613859,0.189686,0.922788,0.666667,0.599258,0.70802,0.694891,0.944976,0.646636,0.504304,1.0,0.725689,0.678571,0.14508,0.800678,0.0,1.0,0.0,0.565319,0.247248,0.8,0.794663,0.0,0.0,1.0,0.0,1.0,0.0,1.0,0.627298,0.930503,0.45,0.894465,0.0,1.0,0.0,0.0,0.0,0.0,0.0,0.0,0.0,0.0,0.0,0.0,1.0,0.0,0.0,0.0,0.0,0.0,0.0,0.0,0.0,0.0,0.0,0.0,-3.2279954,4,-0.6269403637211448,-0.5940799,-0.7754603416483528,-0.9239803195755607,-1.0725002826016075,-1.2210202754299766,-1.51806020148207
Bank,Bank:2:task_6:Tomcat01:2021-03-06 06:20:00,Bank:Tomcat01:2021-03-06 06:20:00,2,task_6,2021_03_06,Tomcat01,servicetest10,20,-0.018775,0,0.05,3.044522437723423,0.6579005122981642,1.0,0.0,0.0,0.0,2.0,4.0,6.0,0.0,1.0,0.6931471805599453,1.1867498577242337,3.9560380267225694,1.0,0.0,0.657901,0.737689,0.0,1.0,0.0,0.939332,0.908781,0.0,0.666667,0.054567,0.439301,0.613096,0.22511,0.98901,0.666667,0.599258,0.988938,0.778665,0.986852,0.500925,0.607793,0.954854,0.943849,0.642857,0.176792,0.77607,0.0,0.9,0.0,0.520629,0.258265,1.0,0.715986,0.0,0.0,1.0,0.024828,1.0,0.0,1.0,0.702618,0.866721,0.45,0.968587,0.0,1.0,0.0,0.0,0.0,0.0,0.0,0.0,0.0,0.0,0.0,0.0,1.0,0.0,0.0,0.0,0.0,0.0,0.0,0.0,0.0,0.0,0.0,0.0,-3.3142204,4,-0.6422494516777445,-0.6693632,-0.8095902518438746,-0.9769310520100046,-1.1442718372749736,-1.3116126523422649,-1.6462942228722026
Bank,Bank:2:task_6:Tomcat01:2021-03-06 06:20:00,Bank:Tomcat01:2021-03-06 06:20:00,2,task_6,2021_03_06,Tomcat01,mg01,21,-0.024417,0,0.0476190476190476,3.091042453358316,1.0,1.0,0.0,0.0,0.0,0.0,0.0,0.0,1.0,1.0,0.6931471805599453,0.0,0.0,1.0,0.0,1.0,0.0,0.382504,0.0,1.0,0.144465,0.0,0.0,0.0,0.090944,0.818182,0.14416,0.0,0.0,0.0,0.275337,0.530973,0.094822,0.120692,0.977821,0.152301,0.744161,0.256842,0.0,0.1793,0.0,0.0,0.0,0.0,0.127264,0.0,0.0,0.0,0.0,1.0,0.0,1.0,0.0,0.0,0.0,0.051479,0.062981,0.0,0.074074,0.0,0.0,1.0,0.0,0.0,0.0,0.0,1.0,0.0,0.0,0.0,0.0,0.0,0.0,0.0,0.0,0.0,0.0,0.0,0.0,0.0,0.0,0.0,0.0,-3.1428776,4,-0.6691907724048608,-0.5197633,-0.7991315951253884,-0.9290724178459161,-1.059013255467605,-1.1889540632869715,-1.4488357385303492
Bank,Bank:2:task_6:Tomcat01:2021-03-06 06:20:00,Bank:Tomcat01:2021-03-06 06:20:00,2,task_6,2021_03_06,Tomcat01,dockerb1,22,-0.054946,0,0.0454545454545454,3.1354942159291497,1.0,1.0,0.0,0.0,0.0,0.0,0.0,0.0,1.0,1.0,0.6931471805599453,0.0,0.0,1.0,0.0666666666666666,1.0,0.0,0.382504,0.0,1.0,0.144465,0.0,0.0,0.0,0.090944,0.818182,0.14416,0.0,0.0,0.0,0.001157,0.530973,0.027559,0.120692,0.977821,0.152301,0.744161,0.082765,0.0,0.105087,0.0,0.0,0.0,0.0,0.127264,0.0,0.0,0.0,0.0,1.0,0.0,1.0,0.0,0.0,0.0,0.051479,0.062981,0.0,0.074074,1.0,0.0,0.0,0.0,0.0,0.0,0.0,0.0,0.0,0.0,0.0,0.0,0.0,0.0,0.0,0.0,0.0,0.0,0.0,0.0,0.0,0.0,0.0,0.0,-1.3182634,4,-0.8149709178281391,1.0733125,-0.5466427875829304,-0.27831465733772165,-0.009986527092512909,0.25834160315269583,0.7949978636431133
Bank,Bank:2:task_6:Tomcat01:2021-03-06 06:20:00,Bank:Tomcat01:2021-03-06 06:20:00,2,task_6,2021_03_06,Tomcat01,dockera1,23,-0.072664,0,0.0434782608695652,3.1780538303479458,0.0,0.0,0.0,0.0,0.0,0.0,0.0,0.0,1.0,1.0,0.6931471805599453,0.0,0.0,1.0,0.0,0.0,0.0,0.382504,0.0,1.0,0.0,0.0,0.0,0.0,0.090944,0.636364,0.008503,0.0,0.0,0.0,0.599258,0.0,0.0,0.120692,0.977821,0.003313,0.744161,0.0,0.0,0.073591,0.0,0.0,0.0,0.0,0.0,0.0,0.0,0.0,0.0,1.0,0.0,1.0,0.0,0.0,0.0,0.0,0.0,0.0,0.0,0.0,1.0,0.0,0.0,0.0,0.0,0.0,0.0,0.0,0.0,0.0,0.0,0.0,0.0,0.0,0.0,0.0,0.0,0.0,0.0,0.0,0.0,0.0,0.0,-3.302593,4,-0.8995767882008879,-0.6592113,-1.0643796076913206,-1.2291824271817533,-1.393985246672186,-1.5587880661626188,-1.8883937051434843
Bank,Bank:2:task_6:Tomcat01:2021-03-06 06:20:00,Bank:Tomcat01:2021-03-06 06:20:00,2,task_6,2021_03_06,Tomcat01,dockera2,24,-0.072664,0,0.0416666666666666,3.218875824868201,0.0,0.0,0.0,0.0,0.0,0.0,0.0,0.0,1.0,1.0,0.6931471805599453,0.0,0.0,1.0,0.0,0.0,0.0,0.382504,0.0,1.0,0.0,0.0,0.0,0.0,0.090944,0.636364,0.008503,0.0,0.0,0.0,0.599258,0.0,0.0,0.120692,0.977821,0.003313,0.744161,0.0,0.0,0.073591,0.0,0.0,0.0,0.0,0.0,0.0,0.0,0.0,0.0,1.0,0.0,1.0,0.0,0.0,0.0,0.0,0.0,0.0,0.0,0.0,1.0,0.0,0.0,0.0,0.0,0.0,0.0,0.0,0.0,0.0,0.0,0.0,0.0,0.0,0.0,0.0,0.0,0.0,0.0,0.0,0.0,0.0,0.0,-3.319705,4,-0.8995767882008879,-0.67415184,-1.0681147476573316,-1.2366527071137754,-1.405190651669058,-1.573728626026663,-1.9108045151372282
Bank,Bank:2:task_6:Tomcat01:2021-03-06 06:20:00,Bank:Tomcat01:2021-03-06 06:20:00,2,task_6,2021_03_06,Tomcat01,dockerb2,25,-0.072664,0,0.04,3.258096538021482,0.0,0.0,0.0,0.0,0.0,0.0,0.0,0.0,1.0,1.0,0.6931471805599453,0.0,0.0,1.0,0.0,0.0,0.0,0.382504,0.0,1.0,0.0,0.0,0.0,0.0,0.090944,0.636364,0.008503,0.0,0.0,0.0,0.599258,0.0,0.0,0.120692,0.977821,0.003313,0.744161,0.0,0.0,0.073591,0.0,0.0,0.0,0.0,0.0,0.0,0.0,0.0,0.0,1.0,0.0,1.0,0.0,0.0,0.0,0.0,0.0,0.0,0.0,0.0,1.0,0.0,0.0,0.0,0.0,0.0,0.0,0.0,0.0,0.0,0.0,0.0,0.0,0.0,0.0,0.0,0.0,0.0,0.0,0.0,0.0,0.0,0.0,-3.319705,4,-0.8995767882008879,-0.67415184,-1.0681147476573316,-1.2366527071137754,-1.405190651669058,-1.573728626026663,-1.9108045151372282
Bank,Bank:2:task_6:Tomcat01:2021-03-06 06:20:00,Bank:Tomcat01:2021-03-06 06:20:00,2,task_6,2021_03_06,Tomcat01,servicetest4,26,-0.077521,0,0.0384615384615384,3.295836866004329,0.2488793099392202,0.4147988498987004,0.0,0.0,0.0,0.0,0.0,0.0,1.0,1.0,0.6931471805599453,0.0,0.0,1.0,0.0,0.248879,0.0,0.382504,0.0,1.0,0.057656,0.0,0.0,0.0,0.090944,0.818182,0.028556,0.0,0.0,0.0,0.599258,0.220247,0.07101,0.120692,0.977821,0.065113,0.744161,0.172576,0.0,0.150872,0.0,0.0,0.0,0.0,0.031673,0.0,0.0,0.0,0.0,1.0,0.0,1.0,0.0,0.0,0.0,0.057182,0.025136,0.0,0.074074,0.0,1.0,0.0,0.0,0.0,0.0,0.0,0.0,0.0,0.0,0.0,0.0,1.0,0.0,0.0,0.0,0.0,0.0,0.0,0.0,0.0,0.0,0.0,0.0,-3.4185977,4,-0.9227696266928419,-0.7604953,-1.1128934529581769,-1.303017279223512,-1.4931411352911694,-1.6832649317541821,-2.063512643889497
Bank,Bank:2:task_6:Tomcat01:2021-03-06 06:20:00,Bank:Tomcat01:2021-03-06 06:20:00,2,task_6,2021_03_06,Tomcat01,tomcat02,27,-0.099754,0,0.037037037037037,3.332204510175204,0.9189913215371244,1.0,0.4166666666666667,0.0,0.0,0.0,0.0,0.0,1.0,1.0,0.6931471805599453,0.0,0.0,1.0,-0.0175,0.918991,0.0,0.382504,0.0,1.0,0.135102,0.0,0.0,0.0,0.090944,1.0,0.11196,0.0,0.0,0.0,0.119798,0.530973,0.056784,0.120692,0.977821,0.152301,0.744161,0.159878,0.0,0.137472,0.0,0.0,0.0,0.0,0.116954,0.0,0.0,0.0,0.0,1.0,0.0,1.0,0.0,0.0,0.0,0.111821,0.058899,0.0,0.148149,0.0,0.0,1.0,0.0,0.0,0.0,1.0,0.0,0.0,0.0,0.0,0.0,0.0,0.0,0.0,0.0,0.0,0.0,0.0,0.0,0.0,0.0,0.0,0.0,-1.4303982,4,-1.028935238838531,0.9754073,-0.7850834132436291,-0.541231587648727,-0.2973797769549862,-0.05352793645892295,0.43417568492855874
Bank,Bank:2:task_6:Tomcat01:2021-03-06 06:20:00,Bank:Tomcat01:2021-03-06 06:20:00,2,task_6,2021_03_06,Tomcat01,servicetest2,28,-0.111163,0,0.0357142857142857,3.367295829986474,0.0678445563885113,0.1130742606475189,0.0,0.0,0.0,0.0,0.0,0.0,1.0,1.0,0.6931471805599453,0.0,0.0,1.0,0.0,0.067845,0.0,0.382504,0.0,1.0,0.036734,0.0,0.0,0.0,0.090944,0.818182,0.000693,0.0,0.0,0.0,0.599258,0.060039,0.01929,0.120692,0.977821,0.02016,0.744161,0.046036,0.0,0.094504,0.0,0.0,0.0,0.0,0.008634,0.0,0.0,0.0,0.0,1.0,0.0,1.0,0.0,0.0,0.0,0.058556,0.016014,0.0,0.074074,0.0,1.0,0.0,0.0,0.0,0.0,0.0,0.0,0.0,0.0,0.0,0.0,1.0,0.0,0.0,0.0,0.0,0.0,0.0,0.0,0.0,0.0,0.0,0.0,-3.4185977,4,-1.0834147723684266,-0.7604953,-1.2735385986337617,-1.4636624248990968,-1.6537862809667543,-1.843910077429767,-2.2241577895650817
Bank,Bank:2:task_6:Tomcat01:2021-03-06 06:20:00,Bank:Tomcat01:2021-03-06 06:20:00,2,task_6,2021_03_06,Tomcat01,servicetest9,29,-0.111993,0,0.0344827586206896,3.4011973816621555,0.0633415130048765,0.1055691883414609,0.0,0.0,0.0,0.0,0.0,0.0,1.0,1.0,0.6931471805599453,0.0,0.0,1.0,0.0,0.063342,0.0,0.382504,0.0,1.0,0.036213,0.0,0.0,0.0,0.090944,0.818182,0.0,0.0,0.0,0.0,0.599258,0.056054,0.018008,0.120692,0.977821,0.019042,0.744161,0.042957,0.0,0.093113,0.0,0.0,0.0,0.0,0.008061,0.0,0.0,0.0,0.0,1.0,0.0,1.0,0.0,0.0,0.0,0.05859,0.015787,0.0,0.074074,0.0,1.0,0.0,0.0,0.0,0.0,0.0,0.0,0.0,0.0,0.0,0.0,1.0,0.0,0.0,0.0,0.0,0.0,0.0,0.0,0.0,0.0,0.0,0.0,-3.4185977,4,-1.0873781357508279,-0.7604953,-1.277501962016163,-1.467625788281498,-1.6577496443491555,-1.8478734408121682,-2.228121152947483
Bank,Bank:4:task_6:Tomcat04:2021-03-06 00:53:00,Bank:Tomcat04:2021-03-06 00:53:00,4,task_6,2021_03_06,Tomcat04,ig02,1,0.573427,0,1.0,0.6931471805599453,0.9056603773584906,1.0,0.0,0.0,0.0,0.0,6.0,6.0,0.0,1.0,0.6931471805599453,0.0,4.936721456329277,1.0,0.0,0.90566,0.767736,0.0,1.0,0.0,1.0,0.783084,1.0,1.0,1.0,0.618632,1.0,0.0,0.884421,1.0,0.520645,0.922631,0.996645,0.01345,0.92548,1.0,0.687214,0.771671,1.0,1.0,0.776518,0.0,1.0,0.0,1.0,0.195365,1.0,1.0,0.0,0.0,1.0,0.264893,1.0,0.0,1.0,0.321028,1.0,0.45,0.460935,0.0,0.0,1.0,0.0,0.0,0.0,0.0,0.0,1.0,0.0,0.0,0.0,0.0,0.0,0.0,0.0,0.0,0.0,0.0,0.0,0.0,0.0,0.0,0.0,-1.962178,4,2.859028535838983,0.78640807,3.055630552526376,3.2522325692137692,3.448834615703485,3.6454366025885556,4.038640695567986
Bank,Bank:4:task_6:Tomcat04:2021-03-06 00:53:00,Bank:Tomcat04:2021-03-06 00:53:00,4,task_6,2021_03_06,Tomcat04,mysql02,2,0.360713,0,0.5,1.0986122886681096,0.9056603773584906,1.0,0.0,0.0,0.0,1.0,2.0,3.0,0.0,1.0,0.6931471805599453,0.676205273142004,0.8407239477868438,1.0,0.0,0.90566,0.130746,0.577728,0.324905,0.675095,0.13992,1.0,0.288564,1.0,0.0,0.191397,0.358741,0.084038,0.451851,1.0,1.0,0.727682,0.789568,0.398213,0.87577,0.572075,0.0,0.842562,0.392857,0.695725,1.0,0.0,0.197044,0.0,0.173035,0.121261,0.0,0.6875,0.0,0.0,1.0,0.295918,1.0,0.0,0.333333,0.440654,0.555498,0.45,0.418082,0.0,0.0,0.0,1.0,0.0,0.0,0.0,0.0,0.0,0.0,1.0,0.0,0.0,0.0,0.0,0.0,0.0,0.0,0.0,0.0,0.0,0.0,0.0,0.0,-2.603,4,1.707597169179527,-0.04940194,1.695246684450714,1.6828961997219007,1.6705457149930876,1.6581952302642744,1.633494260806648
Bank,Bank:4:task_6:Tomcat04:2021-03-06 00:53:00,Bank:Tomcat04:2021-03-06 00:53:00,4,task_6,2021_03_06,Tomcat04,servicetest6,3,0.289546,0,0.3333333333333333,1.3862943611198906,0.1653319232367506,0.2755532053945844,0.0,0.0,0.0,2.0,0.0,2.0,0.0,1.0,0.6931471805599453,1.581052401908584,0.0,1.0,0.0,0.165332,0.0,0.977277,0.0,1.0,0.023623,0.0,0.780458,1.0,0.001902,0.0,0.223417,0.196491,0.0,1.0,0.839978,0.141241,0.507637,0.396303,0.851671,0.15422,0.533487,0.31229,0.321429,0.307415,0.0,0.0,0.0,0.0,0.013666,0.0,0.0,0.0,0.0,1.0,0.0,1.0,0.0,0.0,0.0,0.211928,0.010258,0.0,0.268806,0.0,1.0,0.0,0.0,0.0,0.0,0.0,0.0,0.0,0.0,0.0,0.0,1.0,0.0,0.0,0.0,0.0,0.0,0.0,0.0,0.0,0.0,0.0,0.0,-2.9082606,4,1.3223666903626488,-0.44754672,1.2104800102364586,1.0985933301102684,0.9867066499840782,0.874819969857888,0.6510466096055076
Bank,Bank:4:task_6:Tomcat04:2021-03-06 00:53:00,Bank:Tomcat04:2021-03-06 00:53:00,4,task_6,2021_03_06,Tomcat04,apache02,4,0.289126,0,0.25,1.6094379124341005,0.9056603773584906,1.0,0.0,0.0,0.0,5.0,1.0,6.0,0.0,1.0,0.6931471805599453,4.031061078970787,0.9056603773584906,1.0,0.0,0.90566,0.140844,0.0,1.0,0.0,0.620822,0.685409,0.0,1.0,0.022824,0.183771,0.464352,0.500975,0.973503,1.0,0.535299,0.922631,0.902079,0.81281,0.762973,0.681124,0.670622,0.778957,0.821429,0.464809,0.643175,0.0,0.985222,0.0,0.845342,1.0,0.0,0.914966,0.0,0.0,1.0,0.079999,1.0,0.0,1.0,0.49895,0.678544,0.45,0.578609,0.0,0.0,1.0,0.0,0.0,0.0,0.0,0.0,0.0,1.0,0.0,0.0,0.0,0.0,0.0,0.0,0.0,0.0,0.0,0.0,0.0,0.0,0.0,0.0,-2.7500207,4,1.3200932096608755,-0.24115796,1.2598037186928865,1.1995142277248976,1.1392247330316183,1.0789352457889196,0.9583562564023611
Bank,Bank:4:task_6:Tomcat04:2021-03-06 00:53:00,Bank:Tomcat04:2021-03-06 00:53:00,4,task_6,2021_03_06,Tomcat04,servicetest2,5,0.259927,0,0.2,1.791759469228055,0.6753920245500932,1.0,0.0,0.0,0.0,1.0,1.0,2.0,0.0,1.0,0.6931471805599453,0.9056603773584906,0.1653319232367506,1.0,0.0,0.675392,0.025712,0.691362,0.171356,0.828644,0.065878,1.0,0.0,1.0,0.0,0.021931,0.275593,0.112554,0.177717,1.0,0.839978,0.532732,0.661721,0.418636,0.88998,0.350728,0.378053,0.61932,0.357143,0.49206,1.0,0.0,0.098522,0.0,0.08259,0.161681,0.0,1.0,0.0,0.0,1.0,0.218696,1.0,0.0,0.166667,0.541122,0.468742,0.45,0.5274,0.0,1.0,0.0,0.0,0.0,0.0,0.0,0.0,0.0,0.0,0.0,0.0,1.0,0.0,0.0,0.0,0.0,0.0,0.0,0.0,0.0,0.0,0.0,0.0,-2.9019344,4,1.162037583444033,-0.4392956,1.0522136859630684,0.9423897884821038,0.8325658760999779,0.7227419935201744,0.5030941687559227
Bank,Bank:4:task_6:Tomcat04:2021-03-06 00:53:00,Bank:Tomcat04:2021-03-06 00:53:00,4,task_6,2021_03_06,Tomcat04,mysql01,6,0.253762,0,0.1666666666666666,1.9459101490553128,0.9056603773584906,1.0,0.0,0.0,0.0,1.0,5.0,6.0,0.0,1.0,0.6931471805599453,0.9056603773584906,4.031061078970787,1.0,0.0,0.90566,0.626892,0.0,1.0,0.0,0.914846,0.766818,0.0,1.0,0.022824,0.587482,0.805656,0.112554,0.866605,1.0,0.859893,0.922631,1.0,0.653565,0.704571,0.679348,0.804147,0.937613,0.964286,0.637765,0.758466,0.0,1.0,0.0,0.54027,0.13285,0.0,0.571449,0.0,0.0,1.0,0.210512,1.0,0.0,1.0,0.371038,0.932461,0.45,0.512371,0.0,0.0,0.0,1.0,0.0,0.0,0.0,0.0,0.0,0.0,1.0,0.0,0.0,0.0,0.0,0.0,0.0,0.0,0.0,0.0,0.0,0.0,0.0,0.0,-2.0098796,4,1.1286661345715772,0.7241919,1.3097141105885755,1.4907620866055737,1.671810062622572,1.8528580386395703,2.2149539906735667
Bank,Bank:4:task_6:Tomcat04:2021-03-06 00:53:00,Bank:Tomcat04:2021-03-06 00:53:00,4,task_6,2021_03_06,Tomcat04,servicetest1,7,0.164311,0,0.1428571428571428,2.079441541679836,0.6395960064406868,1.0,0.0,0.0,0.0,3.0,3.0,6.0,0.0,1.0,0.6931471805599453,2.716981132075472,2.485804695171609,1.0,0.0,0.639596,0.386581,0.0,1.0,0.0,0.75242,0.732607,0.0,1.0,0.022824,0.457615,0.590782,0.337663,0.890672,1.0,0.839978,0.922631,0.972605,0.750463,0.134422,0.654331,0.870682,0.928067,0.892857,0.518226,0.711928,0.0,1.0,0.0,0.491224,0.209486,0.0,0.766398,0.0,0.0,1.0,0.015886,1.0,0.0,1.0,0.495945,0.764757,0.45,0.627126,0.0,1.0,0.0,0.0,0.0,0.0,0.0,0.0,0.0,0.0,0.0,0.0,1.0,0.0,0.0,0.0,0.0,0.0,0.0,0.0,0.0,0.0,0.0,0.0,-3.1939046,4,0.6444634625375083,-0.820106,0.4394369551598838,0.23441044778225928,0.029383940404634767,-0.17564256697298974,-0.5856955817282388
Bank,Bank:4:task_6:Tomcat04:2021-03-06 00:53:00,Bank:Tomcat04:2021-03-06 00:53:00,4,task_6,2021_03_06,Tomcat04,servicetest10,8,0.163436,0,0.125,2.19722457733622,0.6744839404546279,1.0,0.0,0.0,0.0,4.0,2.0,6.0,0.0,1.0,0.6931471805599453,3.3565771385161587,1.8113207547169807,1.0,0.0,0.674484,0.281688,0.0,1.0,0.0,0.691192,0.714311,0.0,1.0,0.022824,0.340577,0.524675,0.417151,0.973503,1.0,0.839978,0.922631,0.966428,0.804378,0.413859,0.681124,0.786301,0.928067,0.857143,0.509316,0.681216,0.0,1.0,0.0,0.424594,0.254175,0.0,0.665203,0.0,0.0,1.0,0.076277,1.0,0.0,1.0,0.520169,0.73782,0.45,0.650919,0.0,1.0,0.0,0.0,0.0,0.0,0.0,0.0,0.0,0.0,0.0,0.0,1.0,0.0,0.0,0.0,0.0,0.0,0.0,0.0,0.0,0.0,0.0,0.0,-3.023047,4,0.6397270444088142,-0.5972601,0.49041201502610854,0.34109698564340285,0.19178195626069716,0.04246692687799147,-0.2561631318874199
Bank,Bank:4:task_6:Tomcat04:2021-03-06 00:53:00,Bank:Tomcat04:2021-03-06 00:53:00,4,task_6,2021_03_06,Tomcat04,redis01,9,0.163302,0,0.1111111111111111,2.302585092994046,0.9056603773584906,1.0,0.0,0.0,0.0,2.0,4.0,6.0,0.0,1.0,0.6931471805599453,1.8113207547169807,3.125400701612296,1.0,0.0,0.90566,0.486048,0.0,1.0,0.0,0.829675,0.747915,0.0,1.0,0.022824,0.536923,0.702124,0.225109,0.839881,1.0,0.320354,0.922631,0.887626,0.714142,0.273747,0.637902,0.925927,0.671429,0.928571,0.43363,0.737242,0.0,1.0,0.0,0.929895,0.274859,0.455786,0.954504,0.0,0.0,1.0,0.0,1.0,0.0,1.0,0.500212,0.810039,0.45,0.664459,0.0,0.0,1.0,0.0,0.0,0.0,0.0,0.0,0.0,0.0,0.0,1.0,0.0,0.0,0.0,0.0,0.0,0.0,0.0,0.0,0.0,0.0,0.0,0.0,-3.0522776,4,0.6390016958039628,-0.6353849,0.48015546648915874,0.32130923717435467,0.1624630078595506,0.003616778544746513,-0.31407568008486164
Bank,Bank:4:task_6:Tomcat04:2021-03-06 00:53:00,Bank:Tomcat04:2021-03-06 00:53:00,4,task_6,2021_03_06,Tomcat04,ig01,10,0.143328,0,0.1,2.3978952727983707,0.9056603773584906,1.0,0.0,0.0,0.0,6.0,9.0,15.0,0.0,1.0,0.6931471805599453,4.936721456329277,8.046431303055833,1.0,0.0,0.90566,1.0,0.316875,0.785542,0.214458,0.812566,0.972867,0.384106,0.733333,0.022824,0.65576,0.9816,0.613529,0.961021,0.733333,0.78617,0.97421,0.845561,0.877347,0.946749,0.567458,1.0,0.955393,0.785714,0.358871,0.628659,0.0,0.985222,0.0,0.882324,0.117983,0.600671,0.865745,0.0,0.0,1.0,0.158803,1.0,0.0,1.0,0.593818,0.778619,0.45,0.804834,0.0,0.0,1.0,0.0,0.0,0.0,0.0,0.0,1.0,0.0,0.0,0.0,0.0,0.0,0.0,0.0,0.0,0.0,0.0,0.0,0.0,0.0,0.0,0.0,-2.7585328,4,0.5308814492867804,-0.25226,0.46781644940837386,0.40475144952996733,0.3416864422009802,0.2786214497731543,0.15249143511518004
Bank,Bank:4:task_6:Tomcat04:2021-03-06 00:53:00,Bank:Tomcat04:2021-03-06 00:53:00,4,task_6,2021_03_06,Tomcat04,tomcat02,11,0.115548,0,0.0909090909090909,2.4849066497880004,1.0,1.0,0.3773584905660377,0.0,0.0,6.0,4.0,10.0,0.0,1.0,0.6931471805599453,5.046431303055833,3.5818656505004944,1.0,-0.0252777777777777,1.0,0.529574,1.0,0.195395,0.804605,0.429474,0.929364,0.0,1.0,0.068462,0.759146,0.690777,0.627164,0.962545,1.0,0.193494,0.980658,0.7885,0.865817,0.956646,0.693324,0.925927,0.643714,0.571429,0.291809,0.901402,1.0,0.492611,0.0,0.559227,0.155159,0.0,0.860752,0.0,0.0,1.0,0.833691,1.0,1.0,1.0,0.897759,0.881831,1.0,0.99675,0.0,0.0,1.0,0.0,0.0,0.0,1.0,0.0,0.0,0.0,0.0,0.0,0.0,0.0,0.0,0.0,0.0,0.0,0.0,0.0,0.0,0.0,0.0,0.0,-1.8466958,4,0.3805069400123571,0.937029,0.6147641910366033,0.8490214420608495,1.083278722887418,1.317535944109342,1.7860505057624791
Bank,Bank:4:task_6:Tomcat04:2021-03-06 00:53:00,Bank:Tomcat04:2021-03-06 00:53:00,4,task_6,2021_03_06,Tomcat04,mg02,12,0.084047,0,0.0833333333333333,2.5649493574615367,0.9056603773584906,1.0,0.0,0.0,0.0,1.0,9.0,10.0,0.0,1.0,0.6931471805599453,0.9056603773584906,7.816976198839346,1.0,0.0,0.90566,0.964316,0.20362,0.77293,0.22707,0.820926,0.96366,0.0,0.6,0.022824,0.65576,0.948811,0.112554,0.933616,0.6,0.540141,0.97421,0.739994,0.835391,0.670238,0.529583,0.844565,0.821756,0.75,0.27785,0.628659,0.0,0.985222,0.0,0.797655,0.106119,0.600671,0.818396,0.0,0.0,1.0,0.089722,1.0,0.0,1.0,0.529601,0.758917,0.45,0.680841,0.0,0.0,1.0,0.0,0.0,0.0,0.0,1.0,0.0,0.0,0.0,0.0,0.0,0.0,0.0,0.0,0.0,0.0,0.0,0.0,0.0,0.0,0.0,0.0,-2.9706519,4,0.20999047433008175,-0.5289223,0.07775989447702389,-0.05447068537603397,-0.18670126522909183,-0.31893184508214967,-0.5833930047882654
Bank,Bank:4:task_6:Tomcat04:2021-03-06 00:53:00,Bank:Tomcat04:2021-03-06 00:53:00,4,task_6,2021_03_06,Tomcat04,redis02,13,-0.013068,0,0.0769230769230769,2.639057329615259,0.9056603773584906,1.0,0.0,0.0,0.0,2.0,8.0,10.0,0.0,1.0,0.6931471805599453,1.8113207547169807,6.911315821480856,1.0,0.0,0.90566,0.823472,0.25191,0.782046,0.217954,0.735903,0.95945,0.0,0.6,0.022824,0.648894,0.844383,0.225109,0.92863,0.6,0.701012,0.980658,0.756083,0.907904,0.133064,0.496919,0.996548,0.912081,0.714286,0.211978,0.586556,0.0,0.8867,0.0,0.682747,0.101239,0.675755,0.774373,0.0,0.0,1.0,0.03586,1.0,0.0,1.0,0.621086,0.646842,0.45,0.758013,0.0,0.0,1.0,0.0,0.0,0.0,0.0,0.0,0.0,0.0,0.0,1.0,0.0,0.0,0.0,0.0,0.0,0.0,0.0,0.0,0.0,0.0,0.0,0.0,-2.9804015,4,-0.3156978074620571,-0.54163855,-0.451107445747694,-0.5865170840333309,-0.7219267074178066,-0.8573363606046047,-1.1281556073735561
Bank,Bank:4:task_6:Tomcat04:2021-03-06 00:53:00,Bank:Tomcat04:2021-03-06 00:53:00,4,task_6,2021_03_06,Tomcat04,tomcat01,14,-0.044132,0,0.0714285714285714,2.70805020110221,1.0,1.0,0.3773584905660377,0.0,0.0,5.0,5.0,10.0,0.0,1.0,0.6931471805599453,4.046431303055833,4.581865650500495,1.0,-0.0161111111111111,1.0,0.569911,0.851185,0.356316,0.643684,0.523313,0.942236,0.0,0.8,0.053809,0.809704,0.721663,0.502885,0.985018,0.8,0.168928,0.992263,0.717894,0.916944,0.761748,0.611024,0.959582,0.64342,0.607143,0.183206,0.636362,0.537264,0.591133,0.0,0.576753,0.128569,0.0,0.862499,0.0,0.0,1.0,0.601012,1.0,0.992387,1.0,1.0,0.693482,0.995813,0.982189,0.0,0.0,1.0,0.0,0.0,0.0,1.0,0.0,0.0,0.0,0.0,0.0,0.0,0.0,0.0,0.0,0.0,0.0,0.0,0.0,0.0,0.0,0.0,0.0,-1.251524,4,-0.48384877060463033,1.7132986,-0.055524130807419636,0.37280050898979106,0.8011250891823569,1.2294497885842124,2.0860989489693442
Bank,Bank:4:task_6:Tomcat04:2021-03-06 00:53:00,Bank:Tomcat04:2021-03-06 00:53:00,4,task_6,2021_03_06,Tomcat04,servicetest3,15,-0.050449,0,0.0666666666666666,2.772588722239781,0.676205273142004,1.0,0.0,0.0,0.0,9.0,1.0,10.0,0.0,1.0,0.6931471805599453,8.046431303055833,0.9056603773584906,1.0,0.0,0.676205,0.140844,0.0,1.0,0.0,0.165478,0.831507,0.384106,0.6,0.007132,0.183771,0.212476,1.0,0.973503,0.6,0.839978,0.922631,0.682941,1.0,0.999983,0.495689,0.670622,0.937164,0.428571,0.187497,1.0,0.0,0.295567,0.777778,0.233503,0.327405,0.0,0.884259,0.0,0.0,1.0,0.182648,1.0,0.0,0.5,0.734285,0.556862,0.45,0.876552,0.0,1.0,0.0,0.0,0.0,0.0,0.0,0.0,0.0,0.0,0.0,0.0,1.0,0.0,0.0,0.0,0.0,0.0,0.0,0.0,0.0,0.0,0.0,0.0,-3.2029939,4,-0.5180430029691563,-0.8319609,-0.7260332320989475,-0.9340234612287388,-1.14201369035853,-1.3500039194883213,-1.7659843777479038
Bank,Bank:4:task_6:Tomcat04:2021-03-06 00:53:00,Bank:Tomcat04:2021-03-06 00:53:00,4,task_6,2021_03_06,Tomcat04,servicetest8,16,-0.0654,0,0.0625,2.833213344056216,0.6614753522148713,1.0,0.0,0.0,0.0,0.0,0.0,0.0,1.0,1.0,0.6931471805599453,0.0,0.0,1.0,0.0,0.661475,0.0,0.43701,0.0,1.0,0.054557,0.0,0.0,0.0,0.022824,1.0,0.068151,0.0,0.0,0.0,0.839978,0.512573,0.173886,0.0,0.973533,0.139076,0.76886,0.44272,0.0,0.205413,0.0,0.0,0.0,0.0,0.054677,0.0,0.0,0.0,0.0,1.0,0.0,1.0,0.0,0.0,0.0,0.055048,0.023691,0.0,0.072937,0.0,1.0,0.0,0.0,0.0,0.0,0.0,0.0,0.0,0.0,0.0,0.0,1.0,0.0,0.0,0.0,0.0,0.0,0.0,0.0,0.0,0.0,0.0,0.0,-2.946505,4,-0.59897350290299,-0.49742818,-0.7233305475997979,-0.8476875922966057,-0.9720446369934136,-1.0964016816902213,-1.345115771083837
Bank,Bank:4:task_6:Tomcat04:2021-03-06 00:53:00,Bank:Tomcat04:2021-03-06 00:53:00,4,task_6,2021_03_06,Tomcat04,servicetest9,17,-0.06678,0,0.0588235294117647,2.8903717578961645,0.6207962637469354,1.0,0.0,0.0,0.0,0.0,0.0,0.0,1.0,1.0,0.6931471805599453,0.0,0.0,1.0,0.0,0.620796,0.0,0.43701,0.0,1.0,0.052122,0.0,0.0,0.0,0.022824,1.0,0.063045,0.0,0.0,0.0,0.839978,0.512573,0.173886,0.0,0.973533,0.139076,0.76886,0.44272,0.0,0.205413,0.0,0.0,0.0,0.0,0.051314,0.0,0.0,0.0,0.0,1.0,0.0,1.0,0.0,0.0,0.0,0.05518,0.022634,0.0,0.072937,0.0,1.0,0.0,0.0,0.0,0.0,0.0,0.0,0.0,0.0,0.0,0.0,1.0,0.0,0.0,0.0,0.0,0.0,0.0,0.0,0.0,0.0,0.0,0.0,-2.946505,4,-0.6064435109231019,-0.49742818,-0.7308005556199098,-0.8551576003167176,-0.9795146450135255,-1.1038716897103333,-1.352585779103949
Bank,Bank:4:task_6:Tomcat04:2021-03-06 00:53:00,Bank:Tomcat04:2021-03-06 00:53:00,4,task_6,2021_03_06,Tomcat04,servicetest4,18,-0.066968,0,0.0555555555555555,2.9444389791664403,0.6152333621595825,1.0,0.0,0.0,0.0,0.0,0.0,0.0,1.0,1.0,0.6931471805599453,0.0,0.0,1.0,0.0,0.615233,0.0,0.43701,0.0,1.0,0.051789,0.0,0.0,0.0,0.022824,1.0,0.062346,0.0,0.0,0.0,0.839978,0.512573,0.173886,0.0,0.973533,0.139076,0.76886,0.44272,0.0,0.205413,0.0,0.0,0.0,0.0,0.050855,0.0,0.0,0.0,0.0,1.0,0.0,1.0,0.0,0.0,0.0,0.055198,0.022489,0.0,0.072937,0.0,1.0,0.0,0.0,0.0,0.0,0.0,0.0,0.0,0.0,0.0,0.0,1.0,0.0,0.0,0.0,0.0,0.0,0.0,0.0,0.0,0.0,0.0,0.0,-2.946505,4,-0.6074611641896098,-0.49742818,-0.7318182088864177,-0.8561752535832255,-0.9805322982800334,-1.1048893429768412,-1.3536034323704569
Bank,Bank:4:task_6:Tomcat04:2021-03-06 00:53:00,Bank:Tomcat04:2021-03-06 00:53:00,4,task_6,2021_03_06,Tomcat04,servicetest11,19,-0.067233,0,0.0526315789473684,2.995732273553991,0.6074343283079591,1.0,0.0,0.0,0.0,0.0,0.0,0.0,1.0,1.0,0.6931471805599453,0.0,0.0,1.0,0.0,0.607434,0.0,0.43701,0.0,1.0,0.051322,0.0,0.0,0.0,0.022824,1.0,0.061367,0.0,0.0,0.0,0.839978,0.512573,0.173886,0.0,0.973533,0.139076,0.76886,0.44272,0.0,0.205413,0.0,0.0,0.0,0.0,0.05021,0.0,0.0,0.0,0.0,1.0,0.0,1.0,0.0,0.0,0.0,0.055223,0.022286,0.0,0.072937,0.0,1.0,0.0,0.0,0.0,0.0,0.0,0.0,0.0,0.0,0.0,0.0,1.0,0.0,0.0,0.0,0.0,0.0,0.0,0.0,0.0,0.0,0.0,0.0,-2.946505,4,-0.6088956222514428,-0.49742818,-0.7332526669482506,-0.8576097116450585,-0.9819667563418664,-1.1063238010386742,-1.35503789043229
Bank,Bank:4:task_6:Tomcat04:2021-03-06 00:53:00,Bank:Tomcat04:2021-03-06 00:53:00,4,task_6,2021_03_06,Tomcat04,apache01,20,-0.071602,0,0.05,3.044522437723423,0.9056603773584906,1.0,0.0,0.0,0.0,9.0,1.0,10.0,0.0,1.0,0.6931471805599453,8.046431303055833,0.676205273142004,1.0,0.0,0.90566,0.10516,0.332448,0.77465,0.22535,0.162402,0.799616,0.0,0.6,0.006086,0.183771,0.259672,1.0,0.726859,0.6,0.695034,0.922631,0.655424,0.856135,1.0,0.415909,0.670622,0.864261,0.464286,0.23429,1.0,0.0,0.197044,0.777778,0.177833,0.163537,0.0,0.4375,0.0,0.0,1.0,0.098149,1.0,0.0,0.666667,0.752792,0.498464,0.45,0.865105,0.0,0.0,1.0,0.0,0.0,0.0,0.0,0.0,0.0,1.0,0.0,0.0,0.0,0.0,0.0,0.0,0.0,0.0,0.0,0.0,0.0,0.0,0.0,0.0,-3.154001,4,-0.6325452345991734,-0.76806056,-0.8245603758478764,-1.0165755170965793,-1.20859062854296,-1.4006057995939853,-1.7846360224867466
Bank,Bank:4:task_6:Tomcat04:2021-03-06 00:53:00,Bank:Tomcat04:2021-03-06 00:53:00,4,task_6,2021_03_06,Tomcat04,mg01,21,-0.088204,0,0.0476190476190476,3.091042453358316,0.9056603773584906,1.0,0.0,0.0,0.0,0.0,0.0,0.0,1.0,1.0,0.6931471805599453,0.0,0.0,1.0,0.0,0.90566,0.0,0.43701,0.0,1.0,0.069173,0.0,0.0,0.0,0.022824,1.0,0.098805,0.0,0.0,0.0,0.432234,0.512573,0.103933,0.0,0.973533,0.139076,0.76886,0.28345,0.0,0.124683,0.0,0.0,0.0,0.0,0.074861,0.0,0.0,0.0,0.0,1.0,0.0,1.0,0.0,0.0,0.0,0.054257,0.030038,0.0,0.072937,0.0,0.0,1.0,0.0,0.0,0.0,0.0,1.0,0.0,0.0,0.0,0.0,0.0,0.0,0.0,0.0,0.0,0.0,0.0,0.0,0.0,0.0,0.0,0.0,-2.8415883,4,-0.7224126789106917,-0.36058748,-0.812559548331697,-0.9027064177527022,-0.9928532871737075,-1.0830001565947127,-1.2632938954367232
Bank,Bank:4:task_6:Tomcat04:2021-03-06 00:53:00,Bank:Tomcat04:2021-03-06 00:53:00,4,task_6,2021_03_06,Tomcat04,servicetest5,22,-0.095809,0,0.0454545454545454,3.1354942159291497,0.6753353912836503,1.0,0.0,0.0,0.0,3.0,7.0,10.0,0.0,1.0,0.6931471805599453,2.716981132075472,6.2359804301972055,1.0,0.0,0.675335,0.718447,0.0,1.0,0.0,0.65771,0.955615,0.0,0.6,0.022824,0.637512,0.682014,0.337663,0.957588,0.6,0.839978,0.988947,0.775163,0.932237,0.0,0.508534,0.990324,0.991098,0.678571,0.217897,0.533686,0.0,0.788177,0.0,0.619323,0.120307,0.772291,0.783565,0.0,0.0,1.0,0.045782,1.0,0.0,1.0,0.698837,0.552003,0.45,0.818032,0.0,1.0,0.0,0.0,0.0,0.0,0.0,0.0,0.0,0.0,0.0,0.0,1.0,0.0,0.0,0.0,0.0,0.0,0.0,0.0,0.0,0.0,0.0,0.0,-3.2045126,4,-0.7635789187606553,-0.83394176,-0.9720643581804017,-1.1805497976001482,-1.3890352519210558,-1.597520676439641,-2.014491585081456
Bank,Bank:4:task_6:Tomcat04:2021-03-06 00:53:00,Bank:Tomcat04:2021-03-06 00:53:00,4,task_6,2021_03_06,Tomcat04,dockera1,23,-0.112481,0,0.0434782608695652,3.1780538303479458,0.0,0.0,0.0,0.0,0.0,0.0,0.0,0.0,1.0,1.0,0.6931471805599453,0.0,0.0,1.0,0.0,0.0,0.0,0.43701,0.0,1.0,0.0,0.0,0.0,0.0,0.022824,0.777778,0.0,0.0,0.0,0.0,0.839978,0.0,0.0,0.0,0.973533,0.0,0.76886,0.0,0.0,0.0,0.0,0.0,0.0,0.0,0.0,0.0,0.0,0.0,0.0,1.0,0.0,1.0,0.0,0.0,0.0,0.0,0.0,0.0,0.0,0.0,1.0,0.0,0.0,0.0,0.0,0.0,0.0,0.0,0.0,0.0,0.0,0.0,0.0,0.0,0.0,0.0,0.0,0.0,0.0,0.0,0.0,0.0,0.0,-2.8117666,4,-0.853825276522469,-0.32169178,-0.9342482218430752,-1.0146711671636814,-1.0950941199348683,-1.175517057804894,-1.3363629633472676
Bank,Bank:4:task_6:Tomcat04:2021-03-06 00:53:00,Bank:Tomcat04:2021-03-06 00:53:00,4,task_6,2021_03_06,Tomcat04,dockera2,24,-0.112481,0,0.0416666666666666,3.218875824868201,0.0,0.0,0.0,0.0,0.0,0.0,0.0,0.0,1.0,1.0,0.6931471805599453,0.0,0.0,1.0,0.0,0.0,0.0,0.43701,0.0,1.0,0.0,0.0,0.0,0.0,0.022824,0.777778,0.0,0.0,0.0,0.0,0.839978,0.0,0.0,0.0,0.973533,0.0,0.76886,0.0,0.0,0.0,0.0,0.0,0.0,0.0,0.0,0.0,0.0,0.0,0.0,1.0,0.0,1.0,0.0,0.0,0.0,0.0,0.0,0.0,0.0,0.0,1.0,0.0,0.0,0.0,0.0,0.0,0.0,0.0,0.0,0.0,0.0,0.0,0.0,0.0,0.0,0.0,0.0,0.0,0.0,0.0,0.0,0.0,0.0,-2.8288786,4,-0.853825276522469,-0.3440106,-0.9398279243992085,-1.025830572275948,-1.1118332201526875,-1.197835868029427,-1.369841163782906
Bank,Bank:4:task_6:Tomcat04:2021-03-06 00:53:00,Bank:Tomcat04:2021-03-06 00:53:00,4,task_6,2021_03_06,Tomcat04,dockerb2,25,-0.112481,0,0.04,3.258096538021482,0.0,0.0,0.0,0.0,0.0,0.0,0.0,0.0,1.0,1.0,0.6931471805599453,0.0,0.0,1.0,0.0,0.0,0.0,0.43701,0.0,1.0,0.0,0.0,0.0,0.0,0.022824,0.777778,0.0,0.0,0.0,0.0,0.839978,0.0,0.0,0.0,0.973533,0.0,0.76886,0.0,0.0,0.0,0.0,0.0,0.0,0.0,0.0,0.0,0.0,0.0,0.0,1.0,0.0,1.0,0.0,0.0,0.0,0.0,0.0,0.0,0.0,0.0,1.0,0.0,0.0,0.0,0.0,0.0,0.0,0.0,0.0,0.0,0.0,0.0,0.0,0.0,0.0,0.0,0.0,0.0,0.0,0.0,0.0,0.0,0.0,-2.8288786,4,-0.853825276522469,-0.3440106,-0.9398279243992085,-1.025830572275948,-1.1118332201526875,-1.197835868029427,-1.369841163782906
Bank,Bank:4:task_6:Tomcat04:2021-03-06 00:53:00,Bank:Tomcat04:2021-03-06 00:53:00,4,task_6,2021_03_06,Tomcat04,servicetest7,26,-0.115882,0,0.0384615384615384,3.295836866004329,0.6541147796967108,1.0,0.0,0.0,0.0,4.0,6.0,10.0,0.0,1.0,0.6931471805599453,3.3923165233591224,5.581865650500495,1.0,0.0,0.654115,0.616722,0.0,1.0,0.0,0.59493,0.95114,0.0,0.6,0.022824,0.618632,0.603039,0.421593,1.0,0.6,0.839978,1.0,0.770779,0.963958,0.399871,0.525252,0.979192,1.0,0.642857,0.220089,0.465312,0.0,0.689655,0.0,0.520778,0.114488,0.450503,0.729369,0.0,0.0,1.0,0.060249,1.0,0.0,1.0,0.719255,0.454918,0.45,0.786231,0.0,1.0,0.0,0.0,0.0,0.0,0.0,0.0,0.0,0.0,0.0,0.0,1.0,0.0,0.0,0.0,0.0,0.0,0.0,0.0,0.0,0.0,0.0,0.0,-3.2739275,4,-0.8722350571575413,-0.924478,-1.1033545557680378,-1.3344740543785343,-1.5655935380878696,-1.7967130515995273,-2.258952019018198
Bank,Bank:4:task_6:Tomcat04:2021-03-06 00:53:00,Bank:Tomcat04:2021-03-06 00:53:00,4,task_6,2021_03_06,Tomcat04,dockerb1,27,-0.124015,0,0.037037037037037,3.332204510175204,0.9056603773584906,1.0,0.0,0.0,0.0,0.0,0.0,0.0,1.0,1.0,0.6931471805599453,0.0,0.0,1.0,0.0833333333333333,0.90566,0.0,0.43701,0.0,1.0,0.069173,0.0,0.0,0.0,0.022824,1.0,0.098805,0.0,0.0,0.0,0.0,0.512573,0.027814,0.0,0.973533,0.139076,0.76886,0.084718,0.0,0.034264,0.0,0.0,0.0,0.0,0.074861,0.0,0.0,0.0,0.0,1.0,0.0,1.0,0.0,0.0,0.0,0.054257,0.030038,0.0,0.072937,1.0,0.0,0.0,0.0,0.0,0.0,0.0,0.0,0.0,0.0,0.0,0.0,0.0,0.0,0.0,0.0,0.0,0.0,0.0,0.0,0.0,0.0,0.0,0.0,-1.0480771,4,-0.9162593870325912,1.9786499,-0.4215969233675827,0.07306554029742585,0.5677279443577896,1.062390467627443,2.0517152757481707
Bank,Bank:4:task_6:Tomcat04:2021-03-06 00:53:00,Bank:Tomcat04:2021-03-06 00:53:00,4,task_6,2021_03_06,Tomcat04,tomcat03,28,-0.167766,0,0.0357142857142857,3.367295829986474,1.0,1.0,0.3773584905660377,0.0,0.0,7.0,3.0,10.0,0.0,1.0,0.6931471805599453,6.046431303055833,2.5818656505004944,1.0,0.0,1.0,0.40152,0.466324,0.678511,0.321489,0.335663,0.90911,0.0,0.6,0.003511,0.679838,0.482355,0.751443,0.925091,0.6,0.180337,0.961315,0.604712,0.948121,0.993198,0.490526,0.870682,0.618721,0.535714,0.083601,1.0,0.0,0.394089,1.0,0.445501,0.1623,0.0,0.811071,0.0,0.0,1.0,0.137647,1.0,0.0,1.0,0.771606,0.644087,0.45,1.0,0.0,0.0,1.0,0.0,0.0,0.0,1.0,0.0,0.0,0.0,0.0,0.0,0.0,0.0,0.0,0.0,0.0,0.0,0.0,0.0,0.0,0.0,0.0,0.0,-0.3914135,4,-1.1530857065165832,2.8351219,-0.44430523900635976,0.2644752285038636,0.9732556364094422,1.6820361635243104,3.099596979335468
Bank,Bank:4:task_6:Tomcat04:2021-03-06 00:53:00,Bank:Tomcat04:2021-03-06 00:53:00,4,task_6,2021_03_06,Tomcat04,tomcat04,29,-0.173367,1,0.0344827586206896,3.4011973816621555,1.0,1.0,0.3773584905660377,0.0,0.0,8.0,2.0,10.0,0.0,1.0,0.6931471805599453,7.046431303055833,1.5818656505004944,1.0,0.0,1.0,0.246005,0.480836,0.667766,0.332234,0.242169,0.872572,0.0,0.6,0.004891,0.5628,0.374779,0.875721,0.850181,0.6,0.150892,0.922631,0.573197,0.915419,0.999133,0.455799,0.786301,0.578478,0.5,0.080531,1.0,0.0,0.295567,0.875,0.31118,0.162609,0.0,0.717146,0.0,0.0,1.0,0.123066,1.0,0.0,0.833333,0.79387,0.570041,0.45,0.979192,0.0,0.0,1.0,0.0,0.0,0.0,1.0,0.0,0.0,0.0,0.0,0.0,0.0,0.0,0.0,0.0,0.0,0.0,0.0,0.0,0.0,0.0,0.0,0.0,-0.8042063,4,-1.183404195589515,2.296725,-0.6092229369110786,-0.03504167823264237,0.5391395208411491,1.1133208391242302,2.2616832372718134
Bank,Bank:6:task_7:apache02:2021-03-06 18:52:00,Bank:apache02:2021-03-06 18:52:00,6,task_7,2021_03_06,apache02,apache02,1,0.634557,1,1.0,0.6931471805599453,0.9056603773584906,1.0,0.0,0.0,0.0,0.0,1.0,1.0,0.0,1.0,0.6931471805599453,0.0,0.2304111037156619,1.0,0.0,0.90566,0.06258,0.02596,0.934089,0.065911,0.430942,0.677361,0.260041,1.0,1.0,0.017943,0.382491,0.0,0.247955,1.0,0.3003,0.621145,0.830937,0.0,0.85749,0.673838,0.0,0.532219,1.0,1.0,1.0,0.0,0.5,0.0,0.384441,0.723379,0.0,0.801541,0.0,0.0,1.0,0.082991,1.0,0.0,1.0,0.109499,0.578403,0.45,0.0,0.0,0.0,1.0,0.0,0.0,0.0,0.0,0.0,0.0,1.0,0.0,0.0,0.0,0.0,0.0,0.0,0.0,0.0,0.0,0.0,0.0,0.0,0.0,0.0,-2.7520297,4,2.6374943639669426,0.288006,2.7094958658847816,2.7814973678026207,2.8534988697204597,2.925500371638299,3.069503375473977
Bank,Bank:6:task_7:apache02:2021-03-06 18:52:00,Bank:apache02:2021-03-06 18:52:00,6,task_7,2021_03_06,apache02,tomcat02,2,0.579909,0,0.5,1.0986122886681096,1.0,1.0,0.3773584905660377,0.0,0.0,0.0,4.0,4.0,0.0,1.0,0.6931471805599453,0.0,3.716981132075472,1.0,-0.0738888888888888,1.0,0.896645,0.295218,0.237519,0.762481,1.0,0.847486,1.0,1.0,1.0,0.621119,1.0,0.0,1.0,1.0,0.379231,1.0,1.0,0.329933,0.789159,1.0,0.91132,0.87691,1.0,0.797857,0.77285,1.0,1.0,0.0,0.559549,0.249993,0.0,0.606361,0.0,0.0,1.0,0.882706,1.0,0.999698,1.0,0.456726,1.0,0.999834,0.491491,0.0,1.0,0.0,0.0,0.0,0.0,1.0,0.0,0.0,0.0,0.0,0.0,0.0,0.0,0.0,0.0,0.0,0.0,0.0,0.0,0.0,0.0,0.0,0.0,-2.325301,4,2.3790152819836248,0.80478436,2.5802113713705648,2.781407460757505,2.982603565045606,3.183799639531385,3.586191848107587
Bank,Bank:6:task_7:apache02:2021-03-06 18:52:00,Bank:apache02:2021-03-06 18:52:00,6,task_7,2021_03_06,apache02,servicetest5,3,0.316769,0,0.3333333333333333,1.3862943611198906,0.1310651358656009,0.2184418931093349,0.0,0.0,0.0,4.0,0.0,4.0,0.0,1.0,0.6931471805599453,3.6226415094339615,0.0,1.0,0.0,0.131065,0.0,1.0,0.0,1.0,0.037646,0.0,0.925263,1.0,0.075264,0.0,0.302982,0.65529,0.0,1.0,1.0,0.117657,0.551884,0.558931,0.985965,0.139993,0.74848,0.368653,0.464286,0.455142,0.0,0.0,0.0,0.0,0.012901,0.0,0.0,0.0,0.0,1.0,0.0,1.0,0.0,0.0,0.0,0.216876,0.013553,0.0,0.287895,0.0,1.0,0.0,0.0,0.0,0.0,0.0,0.0,0.0,0.0,0.0,0.0,1.0,0.0,0.0,0.0,0.0,0.0,0.0,0.0,0.0,0.0,0.0,0.0,-3.4001386,4,1.134391770911122,-0.49686897,1.0101745289086348,0.8859572869061476,0.7617400449036604,0.6375228029011732,0.3890883188961989
Bank,Bank:6:task_7:apache02:2021-03-06 18:52:00,Bank:apache02:2021-03-06 18:52:00,6,task_7,2021_03_06,apache02,tomcat01,4,0.279648,0,0.25,1.6094379124341005,1.0,1.0,0.3773584905660377,0.0,0.0,1.0,1.0,2.0,0.0,1.0,0.6931471805599453,1.0,0.9056603773584906,1.0,-0.0525,1.0,0.221461,0.463873,0.386191,0.613809,0.55346,0.734445,0.0,1.0,0.060228,0.332176,0.521272,0.180887,0.974619,1.0,0.176216,0.969512,0.884897,0.898831,0.092499,0.651864,0.829429,0.743538,0.928571,0.26996,0.800649,0.937068,0.625,0.0,0.572395,1.0,0.0,1.0,0.0,0.0,1.0,0.919635,1.0,1.0,0.833333,0.682032,0.775143,1.0,0.66083,0.0,0.0,1.0,0.0,0.0,0.0,1.0,0.0,0.0,0.0,0.0,0.0,0.0,0.0,0.0,0.0,0.0,0.0,0.0,0.0,0.0,0.0,0.0,0.0,0.684092,4,0.9588134880407018,4.4492292,2.071120798145072,3.183428108249442,4.295735418353813,5.408042728458183,7.632657348666923
Bank,Bank:6:task_7:apache02:2021-03-06 18:52:00,Bank:apache02:2021-03-06 18:52:00,6,task_7,2021_03_06,apache02,redis02,5,0.223205,0,0.2,1.791759469228055,0.9056603773584906,1.0,0.0,0.0,0.0,5.0,2.0,7.0,0.0,1.0,0.6931471805599453,4.622641509433962,0.9648780280718102,1.0,0.0,0.90566,0.262063,0.29788,0.76912,0.23088,0.529364,0.738569,0.0,0.714286,0.043302,0.156598,0.444655,0.836177,0.519173,0.714286,0.451004,0.714647,0.642413,0.793444,0.997726,0.32129,0.74848,0.681922,0.714286,0.419263,1.0,0.0,0.75,0.313213,0.637987,0.652118,0.0,0.934647,0.0,0.0,1.0,0.073275,1.0,0.0,1.0,0.461359,0.671119,0.45,0.594824,0.0,0.0,1.0,0.0,0.0,0.0,0.0,0.0,0.0,0.0,0.0,1.0,0.0,0.0,0.0,0.0,0.0,0.0,0.0,0.0,0.0,0.0,0.0,0.0,-2.838895,4,0.6918442517578663,0.18280996,0.7375467427134575,0.7832492336690487,0.8289517283499303,0.8746542155802312,0.9660592049419942
Bank,Bank:6:task_7:apache02:2021-03-06 18:52:00,Bank:apache02:2021-03-06 18:52:00,6,task_7,2021_03_06,apache02,mg02,6,0.222492,0,0.1666666666666666,1.9459101490553128,0.9056603773584906,1.0,0.0,0.0,0.0,2.0,2.0,4.0,0.0,1.0,0.6931471805599453,1.8113207547169807,1.0367255132240916,1.0,0.0,0.90566,0.281577,0.57132,0.400651,0.599349,0.263988,1.0,0.0,1.0,0.066607,0.156598,0.45243,0.327645,0.557832,1.0,0.871214,0.748508,0.785999,0.790171,0.543915,0.468375,0.897714,0.90979,0.535714,0.378578,1.0,0.0,0.25,0.0,0.25255,0.221299,0.0,0.855267,0.0,0.0,1.0,0.478686,1.0,0.0,0.333333,0.461815,0.569094,0.45,0.526048,0.0,0.0,1.0,0.0,0.0,0.0,0.0,1.0,0.0,0.0,0.0,0.0,0.0,0.0,0.0,0.0,0.0,0.0,0.0,0.0,0.0,0.0,0.0,0.0,-3.088665,4,0.6884718394929326,-0.11966721,0.6585550370717204,0.6286382346505082,0.5987214303666508,0.5688046298080838,0.5089710212403691
Bank,Bank:6:task_7:apache02:2021-03-06 18:52:00,Bank:apache02:2021-03-06 18:52:00,6,task_7,2021_03_06,apache02,mysql01,7,0.215346,0,0.1428571428571428,2.079441541679836,0.9056603773584906,1.0,0.0,0.0,0.0,3.0,1.0,4.0,0.0,1.0,0.6931471805599453,2.716981132075472,0.1310651358656009,1.0,0.0,0.90566,0.035598,0.880264,0.101302,0.898698,0.125157,1.0,0.0,1.0,0.071329,0.017943,0.42146,0.491468,0.141045,1.0,0.687572,0.527503,0.65638,0.614065,0.920215,0.284886,0.74848,0.62534,0.5,0.491142,1.0,0.0,0.125,0.0,0.103043,0.157051,0.0,0.467488,0.0,0.0,1.0,0.162896,1.0,0.0,0.166667,0.561069,0.400686,0.45,0.563424,0.0,0.0,1.0,0.0,0.0,0.0,0.0,0.0,0.0,0.0,1.0,0.0,0.0,0.0,0.0,0.0,0.0,0.0,0.0,0.0,0.0,0.0,0.0,0.0,-3.2987804,4,0.6546720385879995,-0.37412187,0.5611415699452879,0.4676111013025762,0.3740806401104452,0.28055016401715294,0.09348924163289085
Bank,Bank:6:task_7:apache02:2021-03-06 18:52:00,Bank:apache02:2021-03-06 18:52:00,6,task_7,2021_03_06,apache02,ig02,8,0.213166,0,0.125,2.19722457733622,0.9056603773584906,1.0,0.0,0.0,0.0,4.0,3.0,7.0,0.0,1.0,0.6931471805599453,3.716981132075472,1.870538405430301,1.0,0.0,0.90566,0.508042,0.326421,0.74608,0.25392,0.676318,0.788747,0.0,0.714286,0.032552,0.265883,0.571624,0.672355,0.670988,0.714286,0.366534,0.799602,0.674511,0.853303,0.983354,0.389226,0.947523,0.711735,0.75,0.375591,1.0,0.0,0.875,0.391517,0.787494,0.529928,0.0,0.958697,0.0,0.0,1.0,0.071162,1.0,0.0,1.0,0.431697,0.753435,0.45,0.607596,0.0,0.0,1.0,0.0,0.0,0.0,0.0,0.0,1.0,0.0,0.0,0.0,0.0,0.0,0.0,0.0,0.0,0.0,0.0,0.0,0.0,0.0,0.0,0.0,-2.6954536,4,0.6443608762632367,0.35652086,0.7334910916100499,0.8226213069568631,0.9117515148530957,1.0008817376504895,1.1791421534429547
Bank,Bank:6:task_7:apache02:2021-03-06 18:52:00,Bank:apache02:2021-03-06 18:52:00,6,task_7,2021_03_06,apache02,servicetest11,9,0.207935,0,0.1111111111111111,2.302585092994046,0.2304111037156619,0.3840185061927699,0.0,0.0,0.0,1.0,3.0,4.0,0.0,1.0,0.6931471805599453,0.9056603773584906,2.716981132075472,1.0,0.0,0.230411,0.737937,0.0,1.0,0.0,0.652825,0.857289,0.355399,1.0,0.118552,0.374413,0.474515,0.163823,0.974619,1.0,1.0,0.720678,0.945641,0.838639,0.167783,0.621764,0.855771,0.942632,0.964286,0.364275,1.0,0.0,0.75,0.0,0.449261,0.327625,0.0,0.637015,0.0,0.0,1.0,0.03876,1.0,0.0,1.0,0.356463,0.705902,0.45,0.450003,0.0,1.0,0.0,0.0,0.0,0.0,0.0,0.0,0.0,0.0,0.0,0.0,1.0,0.0,0.0,0.0,0.0,0.0,0.0,0.0,0.0,0.0,0.0,0.0,-3.1490223,4,0.6196188165747809,-0.19276135,0.5714284799003291,0.5232381432258773,0.4750478102767157,0.4268574698769736,0.33047680397865054
Bank,Bank:6:task_7:apache02:2021-03-06 18:52:00,Bank:apache02:2021-03-06 18:52:00,6,task_7,2021_03_06,apache02,apache01,10,0.194338,0,0.1,2.3978952727983707,0.9056603773584906,1.0,0.0,0.0,0.0,4.0,4.0,8.0,0.0,1.0,0.6931471805599453,2.8705384054303007,2.8480462679410725,1.0,0.0,0.90566,0.773535,0.553617,0.550326,0.449674,0.536761,1.0,0.413549,0.75,0.032322,0.344567,0.677829,0.519244,0.766226,0.75,0.822226,0.85901,0.741518,0.915319,0.909779,0.449201,0.980134,1.0,0.607143,0.378909,1.0,0.0,0.5,0.393137,0.551564,0.253423,0.0,0.975423,0.0,0.0,1.0,0.016433,1.0,0.0,0.666667,0.509262,0.597863,0.45,0.617277,0.0,0.0,1.0,0.0,0.0,0.0,0.0,0.0,0.0,1.0,0.0,0.0,0.0,0.0,0.0,0.0,0.0,0.0,0.0,0.0,0.0,0.0,0.0,0.0,-2.9528468,4,0.5553064889923046,0.04481183,0.5665094464734505,0.5777124039545963,0.5889153614357422,0.600118318916888,0.6225242338791798
Bank,Bank:6:task_7:apache02:2021-03-06 18:52:00,Bank:apache02:2021-03-06 18:52:00,6,task_7,2021_03_06,apache02,ig01,11,0.177044,0,0.0909090909090909,2.4849066497880004,0.9056603773584906,1.0,0.0,0.0,0.0,2.0,5.0,7.0,0.0,1.0,0.6931471805599453,1.230411103715662,3.681859160147282,1.0,0.0,0.90566,1.0,0.377596,0.619554,0.380446,0.770955,0.930904,0.0,0.714286,0.004269,0.398381,0.77407,0.222566,0.792441,0.714286,0.786468,0.867566,0.807989,0.879608,0.0,0.443576,1.0,0.988808,0.892857,0.191669,1.0,0.0,0.75,1.0,1.0,0.347932,0.047374,0.98633,0.0,0.0,1.0,0.051919,1.0,0.0,1.0,0.439103,0.752116,0.45,0.618961,0.0,0.0,1.0,0.0,0.0,0.0,0.0,0.0,1.0,0.0,0.0,0.0,0.0,0.0,0.0,0.0,0.0,0.0,0.0,0.0,0.0,0.0,0.0,0.0,-3.0011036,4,0.4735077544765036,-0.013628365,0.4701006633413445,0.46669357220618535,0.46328648083819557,0.4598793899358671,0.4530652071998875
Bank,Bank:6:task_7:apache02:2021-03-06 18:52:00,Bank:apache02:2021-03-06 18:52:00,6,task_7,2021_03_06,apache02,mg01,12,0.165206,0,0.0833333333333333,2.5649493574615367,0.9056603773584906,1.0,0.0,0.0,0.0,1.0,3.0,4.0,0.0,1.0,0.6931471805599453,0.9056603773584906,1.9423858905825824,1.0,0.0,0.90566,0.527556,0.383075,0.500434,0.499566,0.409312,1.0,0.0,1.0,0.060835,0.265883,0.53571,0.163823,0.696761,1.0,0.130066,0.822176,0.719219,0.790929,0.29203,0.56093,0.855771,0.6081,0.571429,0.259004,1.0,0.0,0.375,0.0,0.402057,0.242715,0.0,0.938905,0.0,0.0,1.0,0.032644,1.0,0.0,0.5,0.421629,0.526517,0.45,0.440301,0.0,0.0,1.0,0.0,0.0,0.0,0.0,1.0,0.0,0.0,0.0,0.0,0.0,0.0,0.0,0.0,0.0,0.0,0.0,0.0,0.0,0.0,0.0,0.0,-2.674157,4,0.4175153051184573,0.3823117,0.5130932305621065,0.6086711560057558,0.7042490814494051,0.7998270068930544,0.990982857780353
Bank,Bank:6:task_7:apache02:2021-03-06 18:52:00,Bank:apache02:2021-03-06 18:52:00,6,task_7,2021_03_06,apache02,redis01,13,0.156534,0,0.0769230769230769,2.639057329615259,0.9056603773584906,1.0,0.0,0.0,0.0,4.0,3.0,7.0,0.0,1.0,0.6931471805599453,3.0417318584326427,1.870538405430301,1.0,0.0,0.90566,0.508042,0.536667,0.565923,0.434077,0.477887,0.885822,0.0,0.714286,0.049983,0.265883,0.552058,0.550211,0.670988,0.714286,0.246259,0.799602,0.676803,0.839814,0.936835,0.389226,0.947523,0.649323,0.821429,0.36769,1.0,0.0,0.5,0.5,0.616728,0.403536,0.0,0.793144,0.0,0.0,1.0,0.060487,1.0,0.0,1.0,0.513148,0.589003,0.45,0.61697,1.0,0.0,0.0,0.0,0.0,0.0,0.0,0.0,0.0,0.0,0.0,1.0,0.0,0.0,0.0,0.0,0.0,0.0,0.0,0.0,0.0,0.0,0.0,0.0,-2.9094245,4,0.37649769058619037,0.09739715,0.4008469777384807,0.42519626489077106,0.4495455520430614,0.47389483919535175,0.5225934134999324
Bank,Bank:6:task_7:apache02:2021-03-06 18:52:00,Bank:apache02:2021-03-06 18:52:00,6,task_7,2021_03_06,apache02,mysql02,14,0.139888,0,0.0714285714285714,2.70805020110221,0.9056603773584906,1.0,0.0,0.0,0.0,3.0,4.0,7.0,0.0,1.0,0.6931471805599453,2.1360714810741523,2.7761987827887915,1.0,0.0,0.90566,0.754021,0.455223,0.599443,0.400557,0.624396,0.913907,0.0,0.714286,0.03284,0.344567,0.660934,0.386388,0.746896,0.714286,0.847688,0.842079,0.796467,0.866372,0.660227,0.423195,0.980134,0.99586,0.857143,0.370518,1.0,0.0,0.625,0.666667,0.443278,0.229814,0.0,0.545489,0.0,0.0,1.0,0.149662,1.0,0.0,1.0,0.467044,0.69672,0.45,0.622756,0.0,0.0,0.0,1.0,0.0,0.0,0.0,0.0,0.0,0.0,1.0,0.0,0.0,0.0,0.0,0.0,0.0,0.0,0.0,0.0,0.0,0.0,0.0,0.0,-2.5047503,4,0.2977639254219703,0.5874671,0.4446306940205268,0.5914974626190833,0.7383642312176398,0.8852309998161964,1.1789645370133095
Bank,Bank:6:task_7:apache02:2021-03-06 18:52:00,Bank:apache02:2021-03-06 18:52:00,6,task_7,2021_03_06,apache02,servicetest9,15,0.035832,0,0.0666666666666666,2.772588722239781,0.0592176507133196,0.0986960845221994,0.0,0.0,0.0,6.0,1.0,7.0,0.0,1.0,0.6931471805599453,5.528301886792453,0.9056603773584906,1.0,0.0,0.059218,0.245979,0.0,1.0,0.0,0.424501,0.734445,0.0,0.714286,0.051663,0.150358,0.207462,1.0,0.974619,0.714286,1.0,0.605418,0.701112,1.0,1.0,0.435126,0.829429,0.834744,0.678571,0.35205,1.0,0.0,0.625,0.261011,0.215195,0.510808,0.0,0.624567,0.0,0.0,1.0,0.0,1.0,0.0,0.833333,0.547596,0.582847,0.45,0.664823,0.0,1.0,0.0,0.0,0.0,0.0,0.0,0.0,0.0,0.0,0.0,0.0,1.0,0.0,0.0,0.0,0.0,0.0,0.0,0.0,0.0,0.0,0.0,0.0,-3.275374,4,-0.19440960983743674,-0.34577605,-0.2808536226581574,-0.36729763547887806,-0.45374164084901814,-0.5401856611203194,-0.7130736718605996
Bank,Bank:6:task_7:apache02:2021-03-06 18:52:00,Bank:apache02:2021-03-06 18:52:00,6,task_7,2021_03_06,apache02,dockerb1,16,-0.075016,0,0.0625,2.833213344056216,0.9056603773584906,1.0,0.0,0.0,0.0,0.0,0.0,0.0,1.0,1.0,0.6931471805599453,0.0,0.0,1.0,0.0833333333333333,0.90566,0.0,0.382504,0.0,1.0,0.119297,0.0,0.0,0.0,0.118552,0.818182,0.133816,0.0,0.0,0.0,0.0,0.538618,0.028516,0.268914,0.887769,0.133102,0.887418,0.10775,0.0,0.20179,0.0,0.0,0.0,0.0,0.089147,0.0,0.0,0.0,0.0,1.0,0.0,1.0,0.0,0.0,0.0,0.039581,0.042949,0.0,0.089005,1.0,0.0,0.0,0.0,0.0,0.0,0.0,0.0,0.0,0.0,0.0,0.0,0.0,0.0,0.0,0.0,0.0,0.0,0.0,0.0,0.0,0.0,0.0,0.0,-1.6727988,4,-0.7187085645967466,1.5949796,-0.3199636536413175,0.07878125731411156,0.47752613846721825,0.8762710792249697,1.673760841531183
Bank,Bank:6:task_7:apache02:2021-03-06 18:52:00,Bank:apache02:2021-03-06 18:52:00,6,task_7,2021_03_06,apache02,dockera1,17,-0.083922,0,0.0588235294117647,2.8903717578961645,0.0,0.0,0.0,0.0,0.0,0.0,0.0,0.0,1.0,1.0,0.6931471805599453,0.0,0.0,1.0,0.0,0.0,0.0,0.382504,0.0,1.0,0.0,0.0,0.0,0.0,0.118552,0.636364,0.012604,0.0,0.0,0.0,1.0,0.0,0.0,0.268914,0.887769,0.0,0.887418,0.0,0.0,0.177793,0.0,0.0,0.0,0.0,0.0,0.0,0.0,0.0,0.0,1.0,0.0,1.0,0.0,0.0,0.0,0.0,0.0,0.0,0.036259,0.0,1.0,0.0,0.0,0.0,0.0,0.0,0.0,0.0,0.0,0.0,0.0,0.0,0.0,0.0,0.0,0.0,0.0,0.0,0.0,0.0,0.0,0.0,0.0,-3.5041978,4,-0.7608329736170845,-0.6228871,-0.9165547423539238,-1.072276511090763,-1.2279982649264412,-1.3837200485644416,-1.6951635562357978
Bank,Bank:6:task_7:apache02:2021-03-06 18:52:00,Bank:apache02:2021-03-06 18:52:00,6,task_7,2021_03_06,apache02,dockera2,18,-0.083922,0,0.0555555555555555,2.9444389791664403,0.0,0.0,0.0,0.0,0.0,0.0,0.0,0.0,1.0,1.0,0.6931471805599453,0.0,0.0,1.0,0.0,0.0,0.0,0.382504,0.0,1.0,0.0,0.0,0.0,0.0,0.118552,0.636364,0.012604,0.0,0.0,0.0,1.0,0.0,0.0,0.268914,0.887769,0.0,0.887418,0.0,0.0,0.177793,0.0,0.0,0.0,0.0,0.0,0.0,0.0,0.0,0.0,1.0,0.0,1.0,0.0,0.0,0.0,0.0,0.0,0.0,0.036259,0.0,1.0,0.0,0.0,0.0,0.0,0.0,0.0,0.0,0.0,0.0,0.0,0.0,0.0,0.0,0.0,0.0,0.0,0.0,0.0,0.0,0.0,0.0,0.0,-3.5041978,4,-0.7608329736170845,-0.6228871,-0.9165547423539238,-1.072276511090763,-1.2279982649264412,-1.3837200485644416,-1.6951635562357978
Bank,Bank:6:task_7:apache02:2021-03-06 18:52:00,Bank:apache02:2021-03-06 18:52:00,6,task_7,2021_03_06,apache02,dockerb2,19,-0.083922,0,0.0526315789473684,2.995732273553991,0.0,0.0,0.0,0.0,0.0,0.0,0.0,0.0,1.0,1.0,0.6931471805599453,0.0,0.0,1.0,0.0,0.0,0.0,0.382504,0.0,1.0,0.0,0.0,0.0,0.0,0.118552,0.636364,0.012604,0.0,0.0,0.0,1.0,0.0,0.0,0.268914,0.887769,0.0,0.887418,0.0,0.0,0.177793,0.0,0.0,0.0,0.0,0.0,0.0,0.0,0.0,0.0,1.0,0.0,1.0,0.0,0.0,0.0,0.0,0.0,0.0,0.036259,0.0,1.0,0.0,0.0,0.0,0.0,0.0,0.0,0.0,0.0,0.0,0.0,0.0,0.0,0.0,0.0,0.0,0.0,0.0,0.0,0.0,0.0,0.0,0.0,-3.5041978,4,-0.7608329736170845,-0.6228871,-0.9165547423539238,-1.072276511090763,-1.2279982649264412,-1.3837200485644416,-1.6951635562357978
Bank,Bank:6:task_7:apache02:2021-03-06 18:52:00,Bank:apache02:2021-03-06 18:52:00,6,task_7,2021_03_06,apache02,servicetest7,20,-0.100829,0,0.05,3.044522437723423,0.1849647552641909,0.3082745921069849,0.0,0.0,0.0,0.0,0.0,0.0,1.0,1.0,0.6931471805599453,0.0,0.0,1.0,0.0,0.184965,0.0,0.382504,0.0,1.0,0.044901,0.0,0.0,0.0,0.118552,0.818182,0.022826,0.0,0.0,0.0,1.0,0.166042,0.054542,0.268914,0.887769,0.041032,0.887418,0.16572,0.0,0.221441,0.0,0.0,0.0,0.0,0.018207,0.0,0.0,0.0,0.0,1.0,0.0,1.0,0.0,0.0,0.0,0.043645,0.016165,0.0,0.089005,0.0,1.0,0.0,0.0,0.0,0.0,0.0,0.0,0.0,0.0,0.0,0.0,1.0,0.0,0.0,0.0,0.0,0.0,0.0,0.0,0.0,0.0,0.0,0.0,-3.5226445,4,-0.8408012403256914,-0.6452265,-1.0021078599698563,-1.1634144796140213,-1.3247210992581864,-1.4860277189023514,-1.8086409581906815
Bank,Bank:6:task_7:apache02:2021-03-06 18:52:00,Bank:apache02:2021-03-06 18:52:00,6,task_7,2021_03_06,apache02,servicetest1,21,-0.105522,0,0.0476190476190476,3.091042453358316,0.1588984716693934,0.2648307861156556,0.0,0.0,0.0,0.0,0.0,0.0,1.0,1.0,0.6931471805599453,0.0,0.0,1.0,0.0,0.158898,0.0,0.382504,0.0,1.0,0.04221,0.0,0.0,0.0,0.118552,0.818182,0.018812,0.0,0.0,0.0,1.0,0.142643,0.046832,0.268914,0.887769,0.035249,0.887418,0.141924,0.0,0.215251,0.0,0.0,0.0,0.0,0.015641,0.0,0.0,0.0,0.0,1.0,0.0,1.0,0.0,0.0,0.0,0.043792,0.015196,0.0,0.089005,0.0,1.0,0.0,0.0,0.0,0.0,0.0,0.0,0.0,0.0,0.0,0.0,1.0,0.0,0.0,0.0,0.0,0.0,0.0,0.0,0.0,0.0,0.0,0.0,-3.5226445,4,-0.8629986186697791,-0.6452265,-1.0243052383139442,-1.1856118579581092,-1.3469184776022742,-1.5082250972464393,-1.8308383365347694
Bank,Bank:6:task_7:apache02:2021-03-06 18:52:00,Bank:apache02:2021-03-06 18:52:00,6,task_7,2021_03_06,apache02,tomcat04,22,-0.109402,0,0.0454545454545454,3.1354942159291497,1.0,1.0,0.3773584905660377,0.0,0.0,0.0,0.0,0.0,1.0,1.0,0.6931471805599453,0.0,0.0,1.0,-0.0691666666666666,1.0,0.0,0.382504,0.0,1.0,0.129036,0.0,0.0,0.0,0.118552,1.0,0.1286,0.0,0.0,0.0,0.20886,0.538618,0.060353,0.268914,0.887769,0.133102,0.887418,0.213375,0.0,0.227763,0.0,0.0,0.0,0.0,0.098433,0.0,0.0,0.0,0.0,1.0,0.0,1.0,0.0,0.0,0.0,0.084249,0.046455,0.0,0.141751,0.0,0.0,1.0,0.0,0.0,0.0,1.0,0.0,0.0,0.0,0.0,0.0,0.0,0.0,0.0,0.0,0.0,0.0,0.0,0.0,0.0,0.0,0.0,0.0,-3.2281902,4,-0.8813505956514668,-0.28863543,-0.9535094538315129,-1.0256683120115588,-1.097827170191605,-1.169986028371651,-1.3143037447317432
Bank,Bank:6:task_7:apache02:2021-03-06 18:52:00,Bank:apache02:2021-03-06 18:52:00,6,task_7,2021_03_06,apache02,servicetest4,23,-0.111921,0,0.0434782608695652,3.1780538303479458,0.1232498138040553,0.2054163563400921,0.0,0.0,0.0,0.0,0.0,0.0,1.0,1.0,0.6931471805599453,0.0,0.0,1.0,0.0,0.12325,0.0,0.382504,0.0,1.0,0.03853,0.0,0.0,0.0,0.118552,0.818182,0.013322,0.0,0.0,0.0,1.0,0.110641,0.0363,0.268914,0.887769,0.027341,0.887418,0.109613,0.0,0.206805,0.0,0.0,0.0,0.0,0.012132,0.0,0.0,0.0,0.0,1.0,0.0,1.0,0.0,0.0,0.0,0.043993,0.013871,0.0,0.089005,0.0,1.0,0.0,0.0,0.0,0.0,0.0,0.0,0.0,0.0,0.0,0.0,1.0,0.0,0.0,0.0,0.0,0.0,0.0,0.0,0.0,0.0,0.0,0.0,-3.5226445,4,-0.8932651910166399,-0.6452265,-1.0545718106608049,-1.21587843030497,-1.377185049949135,-1.5384916695933,-1.86110490888163
Bank,Bank:6:task_7:apache02:2021-03-06 18:52:00,Bank:apache02:2021-03-06 18:52:00,6,task_7,2021_03_06,apache02,servicetest3,24,-0.118304,0,0.0416666666666666,3.218875824868201,0.0875625449456233,0.1459375749093723,0.0,0.0,0.0,0.0,0.0,0.0,1.0,1.0,0.6931471805599453,0.0,0.0,1.0,0.0,0.087563,0.0,0.382504,0.0,1.0,0.034846,0.0,0.0,0.0,0.118552,0.818182,0.007826,0.0,0.0,0.0,1.0,0.078605,0.025772,0.268914,0.887769,0.019425,0.887418,0.077538,0.0,0.198374,0.0,0.0,0.0,0.0,0.008619,0.0,0.0,0.0,0.0,1.0,0.0,1.0,0.0,0.0,0.0,0.044194,0.012545,0.0,0.089005,0.0,1.0,0.0,0.0,0.0,0.0,0.0,0.0,0.0,0.0,0.0,0.0,1.0,0.0,0.0,0.0,0.0,0.0,0.0,0.0,0.0,0.0,0.0,0.0,-3.5397565,4,-0.923456085107906,-0.6659495,-1.089943465970142,-1.256430846832378,-1.4229182127934528,-1.58940560855685,-1.9223803404789996
Bank,Bank:6:task_7:apache02:2021-03-06 18:52:00,Bank:apache02:2021-03-06 18:52:00,6,task_7,2021_03_06,apache02,servicetest6,25,-0.12024,0,0.04,3.258096538021482,0.0767170547883344,0.1278617579805575,0.0,0.0,0.0,0.0,0.0,0.0,1.0,1.0,0.6931471805599453,0.0,0.0,1.0,0.0,0.076717,0.0,0.382504,0.0,1.0,0.033727,0.0,0.0,0.0,0.118552,0.818182,0.006156,0.0,0.0,0.0,1.0,0.068869,0.022575,0.268914,0.887769,0.017019,0.887418,0.067845,0.0,0.195817,0.0,0.0,0.0,0.0,0.007552,0.0,0.0,0.0,0.0,1.0,0.0,1.0,0.0,0.0,0.0,0.044255,0.012142,0.0,0.089005,0.0,1.0,0.0,0.0,0.0,0.0,0.0,0.0,0.0,0.0,0.0,0.0,1.0,0.0,0.0,0.0,0.0,0.0,0.0,0.0,0.0,0.0,0.0,0.0,-3.5397565,4,-0.9326131540348512,-0.6659495,-1.0991005348970873,-1.2655879157593233,-1.432075281720398,-1.5985626774837953,-1.931537409405945
Bank,Bank:6:task_7:apache02:2021-03-06 18:52:00,Bank:apache02:2021-03-06 18:52:00,6,task_7,2021_03_06,apache02,servicetest10,26,-0.124297,0,0.0384615384615384,3.295836866004329,0.0539473039862764,0.0899121733104607,0.0,0.0,0.0,0.0,0.0,0.0,1.0,1.0,0.6931471805599453,0.0,0.0,1.0,0.0,0.053947,0.0,0.382504,0.0,1.0,0.031376,0.0,0.0,0.0,0.118552,0.818182,0.002649,0.0,0.0,0.0,1.0,0.048428,0.015868,0.268914,0.887769,0.011967,0.887418,0.047576,0.0,0.190456,0.0,0.0,0.0,0.0,0.00531,0.0,0.0,0.0,0.0,1.0,0.0,1.0,0.0,0.0,0.0,0.044384,0.011296,0.0,0.089005,0.0,1.0,0.0,0.0,0.0,0.0,0.0,0.0,0.0,0.0,0.0,0.0,1.0,0.0,0.0,0.0,0.0,0.0,0.0,0.0,0.0,0.0,0.0,0.0,-3.5397565,4,-0.9518023217190542,-0.6659495,-1.1182897025812903,-1.2847770834435264,-1.4512644494046012,-1.6177518451679984,-1.950726577090148
Bank,Bank:6:task_7:apache02:2021-03-06 18:52:00,Bank:apache02:2021-03-06 18:52:00,6,task_7,2021_03_06,apache02,servicetest8,27,-0.124699,0,0.037037037037037,3.332204510175204,0.051689697096694,0.0861494951611566,0.0,0.0,0.0,0.0,0.0,0.0,1.0,1.0,0.6931471805599453,0.0,0.0,1.0,0.0,0.05169,0.0,0.382504,0.0,1.0,0.031143,0.0,0.0,0.0,0.118552,0.818182,0.002302,0.0,0.0,0.0,1.0,0.046402,0.015203,0.268914,0.887769,0.011467,0.887418,0.045572,0.0,0.189925,0.0,0.0,0.0,0.0,0.005088,0.0,0.0,0.0,0.0,1.0,0.0,1.0,0.0,0.0,0.0,0.044396,0.011212,0.0,0.089005,0.0,1.0,0.0,0.0,0.0,0.0,0.0,0.0,0.0,0.0,0.0,0.0,1.0,0.0,0.0,0.0,0.0,0.0,0.0,0.0,0.0,0.0,0.0,0.0,-3.5397565,4,-0.9537037378908683,-0.6659495,-1.1201911187531044,-1.2866784996153404,-1.4531658655764152,-1.6196532613398125,-1.9526279932619621
Bank,Bank:6:task_7:apache02:2021-03-06 18:52:00,Bank:apache02:2021-03-06 18:52:00,6,task_7,2021_03_06,apache02,servicetest2,28,-0.127356,0,0.0357142857142857,3.367295829986474,0.0367439014185239,0.06123983569754,0.0,0.0,0.0,0.0,0.0,0.0,1.0,1.0,0.6931471805599453,0.0,0.0,1.0,0.0,0.036744,0.0,0.382504,0.0,1.0,0.0296,0.0,0.0,0.0,0.118552,0.818182,0.0,0.0,0.0,0.0,1.0,0.032985,0.010804,0.268914,0.887769,0.008151,0.887418,0.032336,0.0,0.186411,0.0,0.0,0.0,0.0,0.003617,0.0,0.0,0.0,0.0,1.0,0.0,1.0,0.0,0.0,0.0,0.044481,0.010656,0.0,0.089005,0.0,1.0,0.0,0.0,0.0,0.0,0.0,0.0,0.0,0.0,0.0,0.0,1.0,0.0,0.0,0.0,0.0,0.0,0.0,0.0,0.0,0.0,0.0,0.0,-3.5213099,4,-0.9662710582105446,-0.6436101,-1.127173588165455,-1.2880761181203653,-1.4489786480752755,-1.6098811780301858,-1.9316862379400064
Bank,Bank:6:task_7:apache02:2021-03-06 18:52:00,Bank:apache02:2021-03-06 18:52:00,6,task_7,2021_03_06,apache02,tomcat03,29,-0.161421,0,0.0344827586206896,3.4011973816621555,1.0,1.0,0.3773584905660377,0.0,0.0,1.0,4.0,5.0,0.0,1.0,0.6931471805599453,1.0,2.8705384054303007,1.0,-0.0522222222222222,1.0,0.511947,0.481991,0.359829,0.640171,0.656286,0.916058,0.391231,0.2,0.0,0.526386,0.659776,0.180887,0.772277,0.2,0.346266,0.872567,0.541688,0.954395,0.103535,0.210403,0.980134,0.660569,0.964286,0.0,0.469288,0.739596,0.625,0.716584,0.556359,0.263629,1.0,0.792077,0.0,0.0,1.0,0.884004,1.0,0.999788,1.0,1.0,0.616614,0.999883,1.0,1.0,0.0,0.0,0.0,0.0,0.0,1.0,0.0,0.0,0.0,0.0,0.0,0.0,0.0,0.0,0.0,0.0,0.0,0.0,0.0,0.0,0.0,0.0,0.0,-2.861955,4,-1.1273947942623985,0.15488395,-1.0886738065252197,-1.049952818788041,-1.0112318310508621,-0.9725108433136833,-0.8950688678393257
Bank,Bank:10:task_3:Tomcat02:2021-03-07 07:32:00,Bank:Tomcat02:2021-03-07 07:32:00,10,task_3,2021_03_07,Tomcat02,redis02,1,0.556961,0,1.0,0.6931471805599453,0.9056603773584906,1.0,0.0,0.0,0.0,0.0,3.0,3.0,0.0,1.0,0.6931471805599453,0.0,2.2298170703765843,1.0,0.0,0.90566,0.329319,0.054095,0.862593,0.137407,0.676281,0.796257,0.0,1.0,1.0,0.374413,0.556175,0.0,0.820697,1.0,0.124689,1.0,1.0,0.0,0.904779,1.0,0.0,0.653465,1.0,1.0,1.0,0.0,0.777778,0.0,0.559429,0.375992,0.5,0.678434,0.0,0.0,1.0,0.014015,1.0,0.0,1.0,0.303337,0.794866,0.45,0.238997,0.0,0.0,1.0,0.0,0.0,0.0,0.0,0.0,0.0,0.0,0.0,1.0,0.0,0.0,0.0,0.0,0.0,0.0,0.0,0.0,0.0,0.0,0.0,0.0,-1.1301149,5,2.493851361337009,1.2084124,2.795954463544193,3.0980575657513767,3.4001606679585605,3.7022637701657444,4.3064699745801125
Bank,Bank:10:task_3:Tomcat02:2021-03-07 07:32:00,Bank:Tomcat02:2021-03-07 07:32:00,10,task_3,2021_03_07,Tomcat02,tomcat02,2,0.519285,1,0.5,1.0986122886681096,1.0,1.0,0.3773584905660377,0.0,0.0,0.0,3.0,3.0,0.0,1.0,0.6931471805599453,0.0,2.2298170703765843,1.0,-0.0508333333333333,1.0,0.297484,0.300567,0.223205,0.776795,0.684825,0.796257,0.0,1.0,1.0,0.556231,0.658986,0.0,0.820697,1.0,0.00617,1.0,0.93598,0.0,0.904779,1.0,0.0,0.503554,1.0,0.927139,0.806661,1.0,0.777778,0.0,0.515825,0.33341,0.5,0.668281,0.0,0.0,1.0,0.864751,1.0,1.0,1.0,0.79364,0.942932,1.0,0.586344,0.0,0.0,1.0,0.0,0.0,0.0,1.0,0.0,0.0,0.0,0.0,0.0,0.0,0.0,0.0,0.0,0.0,0.0,0.0,0.0,0.0,0.0,0.0,0.0,-0.43264258,5,2.2842021306774525,1.9444048,2.7703033407947926,3.2564045509121327,3.7425058206341175,4.228606971146813,5.200809510590783
Bank,Bank:10:task_3:Tomcat02:2021-03-07 07:32:00,Bank:Tomcat02:2021-03-07 07:32:00,10,task_3,2021_03_07,Tomcat02,apache02,3,0.417936,0,0.3333333333333333,1.3862943611198906,0.9056603773584906,1.0,0.0,0.0,0.0,8.0,0.0,8.0,0.0,1.0,0.6931471805599453,6.770987697568192,0.0,1.0,0.0,0.90566,0.0,1.0,0.0,1.0,0.092905,0.0,1.0,1.0,0.12566,0.0,0.379948,1.0,0.0,1.0,0.399584,0.555556,0.733728,0.444711,1.0,0.262223,0.158106,0.664084,0.357143,0.545485,0.0,0.0,0.0,0.0,0.094601,0.0,0.5,0.0,0.0,1.0,0.0,1.0,0.0,0.0,0.0,0.375892,0.037231,0.0,0.410269,0.0,0.0,1.0,0.0,0.0,0.0,0.0,0.0,0.0,1.0,0.0,0.0,0.0,0.0,0.0,0.0,0.0,0.0,0.0,0.0,0.0,0.0,0.0,0.0,-2.7646604,5,1.7202425840664706,-0.51640624,1.5911410245467028,1.462039465026935,1.3329379204083285,1.2038363459873995,0.9456332567501864
Bank,Bank:10:task_3:Tomcat02:2021-03-07 07:32:00,Bank:Tomcat02:2021-03-07 07:32:00,10,task_3,2021_03_07,Tomcat02,redis01,4,0.304485,0,0.25,1.6094379124341005,0.9056603773584906,1.0,0.0,0.0,0.0,1.0,8.0,9.0,0.0,1.0,0.6931471805599453,0.905657634150934,6.770987697568193,1.0,0.0,0.90566,1.0,0.269245,0.654176,0.345824,1.0,1.0,0.0,1.0,0.12566,0.530913,1.0,0.133756,0.934537,1.0,0.144924,1.0,0.868373,0.830245,0.569759,0.713025,0.725015,0.678758,0.642857,0.395875,1.0,0.0,0.888889,0.0,1.0,0.257817,0.5,0.864333,0.0,0.0,1.0,0.042677,1.0,0.0,1.0,0.501073,0.963212,0.45,0.692712,1.0,0.0,0.0,0.0,0.0,0.0,0.0,0.0,0.0,0.0,0.0,1.0,0.0,0.0,0.0,0.0,0.0,0.0,0.0,0.0,0.0,0.0,0.0,0.0,-1.2347912,5,1.0889410959159955,1.097955,1.363429843035899,1.6379185901558027,1.9124073372757062,2.1868960843956096,2.7358735786354167
Bank,Bank:10:task_3:Tomcat02:2021-03-07 07:32:00,Bank:Tomcat02:2021-03-07 07:32:00,10,task_3,2021_03_07,Tomcat02,ig01,5,0.264093,0,0.2,1.791759469228055,0.9056603773584906,1.0,0.0,0.0,0.0,3.0,4.0,7.0,0.0,1.0,0.6931471805599453,2.2298170703765843,3.106253601099682,1.0,0.0,0.90566,0.458759,0.212443,0.819226,0.180774,0.785498,0.823822,0.0,1.0,0.075396,0.439301,0.622142,0.329319,0.857455,1.0,0.243972,1.0,0.963916,0.812785,0.161539,0.654328,0.881325,0.800154,0.821429,0.455613,1.0,0.0,0.888889,0.0,0.911389,0.46832,0.5,0.919538,0.0,0.0,1.0,0.20549,1.0,0.0,1.0,0.571996,0.927999,0.45,0.77252,0.0,0.0,1.0,0.0,0.0,0.0,0.0,0.0,1.0,0.0,0.0,0.0,0.0,0.0,0.0,0.0,0.0,0.0,0.0,0.0,0.0,0.0,0.0,0.0,-1.7516483,5,0.8641786018932546,0.55255276,1.002316791805097,1.1404549817169394,1.278593186529943,1.416731361540624,1.6930077711666311
Bank,Bank:10:task_3:Tomcat02:2021-03-07 07:32:00,Bank:Tomcat02:2021-03-07 07:32:00,10,task_3,2021_03_07,Tomcat02,ig02,6,0.227292,0,0.1666666666666666,1.9459101490553128,0.905657634150934,1.0,0.0,0.0,0.0,4.0,4.0,8.0,0.0,1.0,0.6931471805599453,3.1062563443072397,3.148346188134231,1.0,0.0,0.905658,0.464976,0.100441,0.923355,0.076645,0.911446,0.793542,0.384106,1.0,0.097735,0.439301,0.666573,0.45876,0.869075,1.0,0.013927,1.0,0.799931,0.854938,0.592477,0.658091,0.881325,0.513416,0.678571,0.295939,1.0,0.0,1.0,0.0,0.970252,0.499247,0.5,0.904359,0.0,0.0,1.0,0.179321,1.0,0.0,1.0,0.556473,1.0,0.45,0.824756,0.0,0.0,1.0,0.0,0.0,0.0,0.0,0.0,1.0,0.0,0.0,0.0,0.0,0.0,0.0,0.0,0.0,0.0,0.0,0.0,0.0,0.0,0.0,0.0,0.8688603,5,0.6593983349460645,3.3177874,1.4888451871532484,2.3182920393604323,3.147738951172261,3.9771857437748,5.636079567398457
Bank,Bank:10:task_3:Tomcat02:2021-03-07 07:32:00,Bank:Tomcat02:2021-03-07 07:32:00,10,task_3,2021_03_07,Tomcat02,mysql01,7,0.221338,0,0.1428571428571428,2.079441541679836,0.9056603773584906,1.0,0.0,0.0,0.0,4.0,3.0,7.0,0.0,1.0,0.6931471805599453,3.135477447735074,2.2005932237411923,1.0,0.0,0.90566,0.325003,0.183963,0.858968,0.141032,0.658699,0.793993,0.0,1.0,0.083773,0.374413,0.504962,0.463075,0.809941,1.0,0.286805,1.0,0.974439,0.794877,0.636581,0.63894,0.779514,0.850968,0.785714,0.527262,1.0,0.0,0.777778,0.0,0.577773,0.402659,0.5,0.716731,0.0,0.0,1.0,0.360143,1.0,0.0,1.0,0.634253,0.895704,0.45,0.83847,0.0,0.0,0.0,1.0,0.0,0.0,0.0,0.0,0.0,0.0,1.0,0.0,0.0,0.0,0.0,0.0,0.0,0.0,0.0,0.0,0.0,0.0,0.0,0.0,-2.4743133,5,0.626267123582146,-0.21002376,0.5737611833832477,0.5212552431843493,0.46874930298545103,0.4162433627865527,0.3112314823887561
Bank,Bank:10:task_3:Tomcat02:2021-03-07 07:32:00,Bank:Tomcat02:2021-03-07 07:32:00,10,task_3,2021_03_07,Tomcat02,servicetest9,8,0.217037,0,0.125,2.19722457733622,0.6475642636537967,1.0,0.0,0.0,0.0,6.0,1.0,7.0,0.0,1.0,0.6931471805599453,4.6885091510300265,0.905657634150934,1.0,0.0,0.647564,0.133756,0.0,1.0,0.0,0.452318,0.728189,0.0,1.0,0.094245,0.150358,0.281499,0.692441,0.999997,1.0,0.226087,1.0,0.930496,0.919904,0.965401,0.700489,0.410828,0.778595,0.714286,0.473017,1.0,0.0,0.555556,0.0,0.495422,1.0,0.5,0.885426,0.0,0.0,1.0,0.112006,1.0,0.0,1.0,0.773215,0.676287,0.45,0.827694,0.0,1.0,0.0,0.0,0.0,0.0,0.0,0.0,0.0,0.0,0.0,0.0,1.0,0.0,0.0,0.0,0.0,0.0,0.0,0.0,0.0,0.0,0.0,0.0,-2.5448847,5,0.6023340802371319,-0.28449273,0.5312108974635418,0.4600877146899517,0.3889645319163616,0.3178413491427715,0.17559498359559134
Bank,Bank:10:task_3:Tomcat02:2021-03-07 07:32:00,Bank:Tomcat02:2021-03-07 07:32:00,10,task_3,2021_03_07,Tomcat02,servicetest8,9,0.191901,0,0.1111111111111111,2.302585092994046,0.6473713259364614,1.0,0.0,0.0,0.0,5.0,2.0,7.0,0.0,1.0,0.6931471805599453,4.041137825093565,1.5532218978047307,1.0,0.0,0.647371,0.229394,0.0,1.0,0.0,0.543115,0.765627,0.0,1.0,0.089757,0.278654,0.352169,0.596831,0.857508,1.0,0.226087,1.0,0.934044,0.830614,0.902425,0.654345,0.624011,0.778595,0.75,0.499858,1.0,0.0,0.666667,0.0,0.594252,0.64232,0.5,0.98275,0.0,0.0,1.0,0.101757,1.0,0.0,1.0,0.742896,0.739164,0.45,0.844417,0.0,1.0,0.0,0.0,0.0,0.0,0.0,0.0,0.0,0.0,0.0,0.0,1.0,0.0,0.0,0.0,0.0,0.0,0.0,0.0,0.0,0.0,0.0,0.0,-2.7819722,5,0.4624640552382305,-0.53467417,0.3287955133299663,0.19512697142170216,0.061458429513437995,-0.07221011239482616,-0.3395471962113545
Bank,Bank:10:task_3:Tomcat02:2021-03-07 07:32:00,Bank:Tomcat02:2021-03-07 07:32:00,10,task_3,2021_03_07,Tomcat02,servicetest10,10,0.164529,0,0.1,2.3978952727983707,0.6553364218085015,1.0,0.0,0.0,0.0,2.0,7.0,9.0,0.0,1.0,0.6931471805599453,1.8113180115094245,6.115651275759691,1.0,0.0,0.655336,0.903214,0.068154,0.933208,0.066792,0.884509,1.0,0.0,1.0,0.12566,0.521601,0.817067,0.267512,0.964671,1.0,0.226087,1.0,0.898415,0.926672,0.0,0.689049,1.0,0.778595,0.607143,0.317344,1.0,0.0,0.777778,0.0,0.86713,0.259689,0.5,0.89461,0.0,0.0,1.0,0.028782,1.0,0.0,1.0,0.607324,0.882914,0.45,0.782428,0.0,1.0,0.0,0.0,0.0,0.0,0.0,0.0,0.0,0.0,0.0,0.0,1.0,0.0,0.0,0.0,0.0,0.0,0.0,0.0,0.0,0.0,0.0,0.0,-3.0025246,5,0.31015174125549966,-0.76740736,0.11829990183232003,-0.0735519375908596,-0.26540376211287803,-0.45725561643721885,-0.8409592654812557
Bank,Bank:10:task_3:Tomcat02:2021-03-07 07:32:00,Bank:Tomcat02:2021-03-07 07:32:00,10,task_3,2021_03_07,Tomcat02,mysql02,11,0.159721,0,0.0909090909090909,2.4849066497880004,0.9056603773584906,1.0,0.0,0.0,0.0,2.0,6.0,8.0,0.0,1.0,0.6931471805599453,1.9056603773584904,4.430413037325334,1.0,0.0,0.90566,0.654323,0.383985,0.612723,0.387277,0.762265,0.940597,0.0,0.75,0.0,0.506153,0.747865,0.281445,0.815319,0.75,0.409334,1.0,0.978704,0.82461,0.181395,0.52149,0.979487,1.0,0.928571,0.480141,1.0,0.0,0.777778,1.0,0.834935,0.307098,0.5,0.820071,0.0,0.0,1.0,0.306483,1.0,0.0,1.0,0.705333,0.920482,0.45,0.979913,0.0,0.0,0.0,1.0,0.0,0.0,0.0,0.0,0.0,0.0,1.0,0.0,0.0,0.0,0.0,0.0,0.0,0.0,0.0,0.0,0.0,0.0,0.0,0.0,-2.0537171,5,0.28339748122229164,0.23380116,0.34184777029289787,0.4002980593635041,0.45874835588469093,0.5171986375047166,0.6340992305470903
Bank,Bank:10:task_3:Tomcat02:2021-03-07 07:32:00,Bank:Tomcat02:2021-03-07 07:32:00,10,task_3,2021_03_07,Tomcat02,servicetest3,12,0.113741,0,0.0833333333333333,2.5649493574615367,0.6816890116087481,1.0,0.0,0.0,0.0,3.0,6.0,9.0,0.0,1.0,0.6931471805599453,2.466654433317926,5.433962264150944,1.0,0.0,0.681689,0.802536,0.082897,0.929988,0.070012,0.791813,1.0,0.0,1.0,0.12566,0.506153,0.738663,0.364298,1.0,1.0,0.226087,1.0,0.889903,0.955503,0.064376,0.70049,0.979487,0.778595,0.571429,0.302577,1.0,0.0,0.666667,0.0,0.737549,0.244707,0.5,0.828089,0.0,0.0,1.0,0.034726,1.0,0.0,1.0,0.682683,0.817935,0.45,0.833101,0.0,1.0,0.0,0.0,0.0,0.0,0.0,0.0,0.0,0.0,0.0,0.0,1.0,0.0,0.0,0.0,0.0,0.0,0.0,0.0,0.0,0.0,0.0,0.0,-3.0691092,5,0.02754039379989028,-0.83766925,-0.18187691953743576,-0.39129423287476184,-0.6007115164097655,-0.8101288595494139,-1.2289634266194212
Bank,Bank:10:task_3:Tomcat02:2021-03-07 07:32:00,Bank:Tomcat02:2021-03-07 07:32:00,10,task_3,2021_03_07,Tomcat02,apache01,13,0.111462,0,0.0769230769230769,2.639057329615259,0.9056603773584906,1.0,0.0,0.0,0.0,4.0,5.0,9.0,0.0,1.0,0.6931471805599453,3.1483434449266743,4.528301886792453,1.0,0.0,0.90566,0.66878,0.382504,0.7,0.3,0.686832,1.0,0.0,1.0,0.12566,0.480667,0.723643,0.464976,1.0,1.0,0.106907,1.0,0.815636,0.964402,0.545278,0.70049,0.943347,0.63114,0.535714,0.26027,1.0,0.0,0.555556,0.0,0.697483,0.265682,0.5,0.884362,0.0,0.0,1.0,0.101086,1.0,0.0,0.833333,0.744267,0.766864,0.45,0.873975,0.0,0.0,1.0,0.0,0.0,0.0,0.0,0.0,0.0,1.0,0.0,0.0,0.0,0.0,0.0,0.0,0.0,0.0,0.0,0.0,0.0,0.0,0.0,0.0,-2.308894,5,0.014858830027910075,-0.035468597,0.0059916807866414405,-0.0028754684546271943,-0.011742618627218404,-0.020609766937164466,-0.038344067282346884
Bank,Bank:10:task_3:Tomcat02:2021-03-07 07:32:00,Bank:Tomcat02:2021-03-07 07:32:00,10,task_3,2021_03_07,Tomcat02,dockerb1,14,0.078707,0,0.0714285714285714,2.70805020110221,0.9056603773584906,1.0,0.0,0.0,0.0,0.0,0.0,0.0,1.0,1.0,0.6931471805599453,0.0,0.0,1.0,0.0166666666666666,0.90566,0.0,0.382504,0.0,1.0,0.102994,0.0,0.0,0.0,0.12566,0.818182,0.105951,0.0,0.0,0.0,1.0,0.555556,0.535743,0.035339,0.963412,0.143031,0.59187,0.625868,0.0,0.537919,0.0,0.0,0.0,0.0,0.094601,0.0,0.5,0.0,0.0,1.0,0.0,1.0,0.0,0.0,0.0,0.063212,0.041274,0.0,0.076756,0.0,0.0,0.0,0.0,1.0,0.0,0.0,0.0,0.0,0.0,0.0,0.0,0.0,0.0,0.0,0.0,0.0,0.0,0.0,0.0,0.0,0.0,0.0,0.0,-3.2805698,5,-0.16740734871329818,-1.0608084,-0.4326094537586168,-0.6978115588039354,-0.963013663849254,-1.2282157688945725,-1.7586199789852097
Bank,Bank:10:task_3:Tomcat02:2021-03-07 07:32:00,Bank:Tomcat02:2021-03-07 07:32:00,10,task_3,2021_03_07,Tomcat02,servicetest1,15,0.069557,0,0.0666666666666666,2.772588722239781,0.9056603773584906,1.0,0.0,0.0,0.0,6.0,2.0,8.0,0.0,1.0,0.6931471805599453,4.959666942851212,1.8113207547169807,1.0,0.0,0.90566,0.267512,0.382504,0.7,0.3,0.313319,1.0,0.0,1.0,0.12566,0.278654,0.40278,0.732488,1.0,1.0,0.226087,1.0,0.849309,0.991101,0.9792,0.70049,0.624011,0.778595,0.428571,0.35297,1.0,0.0,0.222222,0.0,0.340513,0.270926,0.5,0.939673,0.0,0.0,1.0,0.164044,1.0,0.0,0.333333,0.964056,0.54775,0.45,0.967839,0.0,1.0,0.0,0.0,0.0,0.0,0.0,0.0,0.0,0.0,0.0,0.0,1.0,0.0,0.0,0.0,0.0,0.0,0.0,0.0,0.0,0.0,0.0,0.0,-2.7181816,5,-0.21832279781975694,-0.46736056,-0.33516293685116716,-0.4520030758825774,-0.5688432298151488,-0.6856833539453978,-0.9193636618105406
Bank,Bank:10:task_3:Tomcat02:2021-03-07 07:32:00,Bank:Tomcat02:2021-03-07 07:32:00,10,task_3,2021_03_07,Tomcat02,servicetest5,16,0.068973,0,0.0625,2.833213344056216,0.678856690426979,1.0,0.0,0.0,0.0,4.0,4.0,8.0,0.0,1.0,0.6931471805599453,3.4566207573080963,3.1062563443072397,1.0,0.0,0.678857,0.45876,0.150598,0.884798,0.115202,0.555413,0.92099,0.0,0.75,0.06283,0.439301,0.491468,0.510505,0.857456,0.75,0.226087,1.0,0.863071,0.866182,0.748297,0.535136,0.881325,0.78978,0.857143,0.390192,1.0,0.0,0.555556,0.5,0.725778,0.404537,0.5,0.942889,0.0,0.0,1.0,0.080522,1.0,0.0,1.0,0.847994,0.707789,0.45,0.965304,0.0,1.0,0.0,0.0,0.0,0.0,0.0,0.0,0.0,0.0,0.0,0.0,1.0,0.0,0.0,0.0,0.0,0.0,0.0,0.0,0.0,0.0,0.0,0.0,-2.82493,5,-0.22157248331463902,-0.5800044,-0.36657358182824223,-0.5115746803418455,-0.6565757639542875,-0.8015768773690519,-1.091579044593936
Bank,Bank:10:task_3:Tomcat02:2021-03-07 07:32:00,Bank:Tomcat02:2021-03-07 07:32:00,10,task_3,2021_03_07,Tomcat02,servicetest11,17,0.067395,0,0.0588235294117647,2.8903717578961645,0.6453000025911149,1.0,0.0,0.0,0.0,3.0,5.0,8.0,0.0,1.0,0.6931471805599453,2.811320754716981,3.785113034734218,1.0,0.0,0.6453,0.559019,0.127725,0.891928,0.108072,0.647079,0.932425,0.0,0.75,0.041887,0.480667,0.563857,0.415201,0.835879,0.75,0.226087,1.0,0.87222,0.845109,0.443647,0.528148,0.943347,0.78978,0.892857,0.3782,1.0,0.0,0.666667,0.666667,0.824801,0.380557,0.5,1.0,0.0,0.0,1.0,0.0,1.0,0.0,1.0,0.815538,0.74911,0.45,0.960923,0.0,1.0,0.0,0.0,0.0,0.0,0.0,0.0,0.0,0.0,0.0,0.0,1.0,0.0,0.0,0.0,0.0,0.0,0.0,0.0,0.0,0.0,0.0,0.0,-2.8293996,5,-0.23035331158676936,-0.5847209,-0.37653353898564174,-0.5227137663845141,-0.6688940086845476,-0.8150742211822588,-1.107434705782326
Bank,Bank:10:task_3:Tomcat02:2021-03-07 07:32:00,Bank:Tomcat02:2021-03-07 07:32:00,10,task_3,2021_03_07,Tomcat02,mg01,18,0.061525,0,0.0555555555555555,2.9444389791664403,0.9056603773584906,1.0,0.0,0.0,0.0,4.0,4.0,8.0,0.0,1.0,0.6931471805599453,3.148346188134231,3.6226415094339615,1.0,0.0,0.90566,0.535024,0.382504,0.7,0.3,0.565518,1.0,0.0,1.0,0.12566,0.439301,0.615459,0.464976,1.0,1.0,0.089341,1.0,0.796006,0.973302,0.54528,0.70049,0.881325,0.609009,0.5,0.240656,1.0,0.0,0.444444,0.0,0.562628,0.257817,0.5,0.864333,0.0,0.0,1.0,0.065874,1.0,0.0,0.666667,0.816349,0.677588,0.45,0.889993,1.0,0.0,0.0,0.0,0.0,0.0,0.0,1.0,0.0,0.0,0.0,0.0,0.0,0.0,0.0,0.0,0.0,0.0,0.0,0.0,0.0,0.0,0.0,0.0,-2.4414103,5,-0.26301710243430076,-0.17530364,-0.30684301192965446,-0.35066892142500816,-0.39449483092036186,-0.43832074041571556,-0.525972559406423
Bank,Bank:10:task_3:Tomcat02:2021-03-07 07:32:00,Bank:Tomcat02:2021-03-07 07:32:00,10,task_3,2021_03_07,Tomcat02,servicetest6,19,0.05705,0,0.0526315789473684,2.995732273553991,0.9056603773584906,1.0,0.0,0.0,0.0,7.0,1.0,8.0,0.0,1.0,0.6931471805599453,5.865327320209702,0.9056603773584906,1.0,0.0,0.90566,0.133756,0.382504,0.7,0.3,0.200491,1.0,0.0,1.0,0.12566,0.150358,0.306134,0.866244,1.0,1.0,0.226087,1.0,0.83916,1.0,0.996568,0.70049,0.410828,0.778595,0.392857,0.356397,1.0,0.0,0.111111,0.0,0.18186,0.19227,0.5,0.513625,0.0,0.0,1.0,0.352437,1.0,0.0,0.166667,1.0,0.53157,0.45,1.0,0.0,1.0,0.0,0.0,0.0,0.0,0.0,0.0,0.0,0.0,0.0,0.0,1.0,0.0,0.0,0.0,0.0,0.0,0.0,0.0,0.0,0.0,0.0,0.0,-2.8932352,5,-0.2879183739918311,-0.6520821,-0.45093889539419013,-0.6139594167965492,-0.7769799381989082,-0.9400004596012672,-1.2660415024059852
Bank,Bank:10:task_3:Tomcat02:2021-03-07 07:32:00,Bank:Tomcat02:2021-03-07 07:32:00,10,task_3,2021_03_07,Tomcat02,mg02,20,0.018673,0,0.05,3.044522437723423,0.9056603773584906,1.0,0.0,0.0,0.0,5.0,3.0,8.0,0.0,1.0,0.6931471805599453,4.054006565492721,2.716981132075472,1.0,0.0,0.90566,0.401268,0.382504,0.7,0.3,0.439288,1.0,0.0,1.0,0.12566,0.374413,0.507604,0.598732,1.0,1.0,0.07416,1.0,0.777659,0.982201,0.891463,0.70049,0.779514,0.589829,0.464286,0.254873,1.0,0.0,0.333333,0.0,0.403974,0.227228,0.5,0.705529,0.0,0.0,1.0,0.08946,1.0,0.0,0.5,0.90398,0.604669,0.45,0.941312,1.0,0.0,0.0,0.0,0.0,0.0,0.0,1.0,0.0,0.0,0.0,0.0,0.0,0.0,0.0,0.0,0.0,0.0,0.0,0.0,0.0,0.0,0.0,0.0,-2.5127397,5,-0.5014683401512373,-0.25057238,-0.5641114360021818,-0.6267545318531264,-0.6893976277040709,-0.7520407235550154,-0.8773269152569044
Bank,Bank:10:task_3:Tomcat02:2021-03-07 07:32:00,Bank:Tomcat02:2021-03-07 07:32:00,10,task_3,2021_03_07,Tomcat02,dockera2,21,-0.033582,0,0.0476190476190476,3.091042453358316,0.9056603773584906,1.0,0.0,0.0,0.0,0.0,0.0,0.0,1.0,1.0,0.6931471805599453,0.0,0.0,1.0,0.0166666666666666,0.90566,0.0,0.382504,0.0,1.0,0.102994,0.0,0.0,0.0,0.12566,0.818182,0.105951,0.0,0.0,0.0,0.230516,0.555556,0.176978,0.035339,0.963412,0.143031,0.59187,0.375252,0.0,0.196944,0.0,0.0,0.0,0.0,0.094601,0.0,0.5,0.0,0.0,1.0,0.0,1.0,0.0,0.0,0.0,0.063212,0.041274,0.0,0.076756,0.0,0.0,0.0,0.0,1.0,0.0,0.0,0.0,0.0,0.0,0.0,0.0,0.0,0.0,0.0,0.0,0.0,0.0,0.0,0.0,0.0,0.0,0.0,0.0,-2.955323,5,-0.7922428530537509,-0.71759886,-0.9716425669276141,-1.1510422808014773,-1.3304419797741793,-1.5098417085492037,-1.8686411064946078
Bank,Bank:10:task_3:Tomcat02:2021-03-07 07:32:00,Bank:Tomcat02:2021-03-07 07:32:00,10,task_3,2021_03_07,Tomcat02,servicetest2,22,-0.044583,0,0.0454545454545454,3.1354942159291497,0.6597235927352201,1.0,0.0,0.0,0.0,0.0,0.0,0.0,1.0,1.0,0.6931471805599453,0.0,0.0,1.0,0.0,0.659724,0.0,0.382504,0.0,1.0,0.081076,0.0,0.0,0.0,0.12566,0.818182,0.072845,0.0,0.0,0.0,0.226087,0.555556,0.174725,0.035339,0.963412,0.143031,0.59187,0.371416,0.0,0.194544,0.0,0.0,0.0,0.0,0.068911,0.0,0.5,0.0,0.0,1.0,0.0,1.0,0.0,0.0,0.0,0.065245,0.032491,0.0,0.076756,0.0,1.0,0.0,0.0,0.0,0.0,0.0,0.0,0.0,0.0,0.0,0.0,1.0,0.0,0.0,0.0,0.0,0.0,0.0,0.0,0.0,0.0,0.0,0.0,-2.977161,5,-0.8534582471105981,-0.74064285,-1.0386189585182595,-1.223779669925921,-1.4089403962347435,-1.5941010927412438,-1.964422545358889
Bank,Bank:10:task_3:Tomcat02:2021-03-07 07:32:00,Bank:Tomcat02:2021-03-07 07:32:00,10,task_3,2021_03_07,Tomcat02,servicetest4,23,-0.045042,0,0.0434782608695652,3.1780538303479458,0.6485746341401679,1.0,0.0,0.0,0.0,0.0,0.0,0.0,1.0,1.0,0.6931471805599453,0.0,0.0,1.0,0.0,0.648575,0.0,0.382504,0.0,1.0,0.080082,0.0,0.0,0.0,0.12566,0.818182,0.071344,0.0,0.0,0.0,0.226087,0.555556,0.174725,0.035339,0.963412,0.143031,0.59187,0.371416,0.0,0.194544,0.0,0.0,0.0,0.0,0.067747,0.0,0.5,0.0,0.0,1.0,0.0,1.0,0.0,0.0,0.0,0.065337,0.032092,0.0,0.076756,0.0,1.0,0.0,0.0,0.0,0.0,0.0,0.0,0.0,0.0,0.0,0.0,1.0,0.0,0.0,0.0,0.0,0.0,0.0,0.0,0.0,0.0,0.0,0.0,-2.977161,5,-0.8560123663608566,-0.74064285,-1.041173077768518,-1.2263337891761794,-1.411494515485002,-1.5966552119915023,-1.9669766646091476
Bank,Bank:10:task_3:Tomcat02:2021-03-07 07:32:00,Bank:Tomcat02:2021-03-07 07:32:00,10,task_3,2021_03_07,Tomcat02,servicetest7,24,-0.045945,0,0.0416666666666666,3.218875824868201,0.6266177937187221,1.0,0.0,0.0,0.0,0.0,0.0,0.0,1.0,1.0,0.6931471805599453,0.0,0.0,1.0,0.0,0.626618,0.0,0.382504,0.0,1.0,0.078125,0.0,0.0,0.0,0.12566,0.818182,0.068388,0.0,0.0,0.0,0.226087,0.555556,0.174725,0.035339,0.963412,0.143031,0.59187,0.371416,0.0,0.194544,0.0,0.0,0.0,0.0,0.065453,0.0,0.5,0.0,0.0,1.0,0.0,1.0,0.0,0.0,0.0,0.065519,0.031308,0.0,0.076756,0.0,1.0,0.0,0.0,0.0,0.0,0.0,0.0,0.0,0.0,0.0,0.0,1.0,0.0,0.0,0.0,0.0,0.0,0.0,0.0,0.0,0.0,0.0,0.0,-2.977161,5,-0.8610371369120187,-0.74064285,-1.04619784831968,-1.2313585597273415,-1.4165192860361642,-1.6016799825426644,-1.9720014351603097
Bank,Bank:10:task_3:Tomcat02:2021-03-07 07:32:00,Bank:Tomcat02:2021-03-07 07:32:00,10,task_3,2021_03_07,Tomcat02,dockera1,25,-0.099679,0,0.04,3.258096538021482,0.0,0.0,0.0,0.0,0.0,0.0,0.0,0.0,1.0,1.0,0.6931471805599453,0.0,0.0,1.0,0.0,0.0,0.0,0.382504,0.0,1.0,0.0,0.0,0.0,0.0,0.12566,0.636364,0.0,0.0,0.0,0.0,0.226087,0.0,0.0,0.035339,0.963412,0.0,0.59187,0.0,0.0,0.0,0.0,0.0,0.0,0.0,0.0,0.0,0.5,0.0,0.0,1.0,0.0,1.0,0.0,0.0,0.0,0.0,0.0,0.0,0.0,0.0,1.0,0.0,0.0,0.0,0.0,0.0,0.0,0.0,0.0,0.0,0.0,0.0,0.0,0.0,0.0,0.0,0.0,0.0,0.0,0.0,0.0,0.0,0.0,-3.0256052,5,-1.1600415896209206,-0.79176265,-1.3579822521241631,-1.5559229146274056,-1.7538635920318093,-1.9518042396338906,-2.347685594442698
Bank,Bank:10:task_3:Tomcat02:2021-03-07 07:32:00,Bank:Tomcat02:2021-03-07 07:32:00,10,task_3,2021_03_07,Tomcat02,dockerb2,26,-0.099679,0,0.0384615384615384,3.295836866004329,0.0,0.0,0.0,0.0,0.0,0.0,0.0,0.0,1.0,1.0,0.6931471805599453,0.0,0.0,1.0,0.0,0.0,0.0,0.382504,0.0,1.0,0.0,0.0,0.0,0.0,0.12566,0.636364,0.0,0.0,0.0,0.0,0.226087,0.0,0.0,0.035339,0.963412,0.0,0.59187,0.0,0.0,0.0,0.0,0.0,0.0,0.0,0.0,0.0,0.5,0.0,0.0,1.0,0.0,1.0,0.0,0.0,0.0,0.0,0.0,0.0,0.0,0.0,1.0,0.0,0.0,0.0,0.0,0.0,0.0,0.0,0.0,0.0,0.0,0.0,0.0,0.0,0.0,0.0,0.0,0.0,0.0,0.0,0.0,0.0,0.0,-3.0256052,5,-1.1600415896209206,-0.79176265,-1.3579822521241631,-1.5559229146274056,-1.7538635920318093,-1.9518042396338906,-2.347685594442698
Bank,Bank:10:task_3:Tomcat02:2021-03-07 07:32:00,Bank:Tomcat02:2021-03-07 07:32:00,10,task_3,2021_03_07,Tomcat02,tomcat04,27,-0.112802,0,0.037037037037037,3.332204510175204,1.0,1.0,0.3773584905660377,0.0,0.0,0.0,0.0,0.0,1.0,1.0,0.6931471805599453,0.0,0.0,1.0,0.0,1.0,0.0,0.382504,0.0,1.0,0.111401,0.0,0.0,0.0,0.12566,1.0,0.101393,0.0,0.0,0.0,0.097722,0.555556,0.108272,0.035339,0.963412,0.143031,0.59187,0.245703,0.0,0.122329,0.0,0.0,0.0,0.0,0.104455,0.0,0.5,0.0,0.0,1.0,0.0,1.0,0.0,0.0,0.0,0.133975,0.044643,0.0,0.153512,1.0,0.0,0.0,0.0,0.0,0.0,1.0,0.0,0.0,0.0,0.0,0.0,0.0,0.0,0.0,0.0,0.0,0.0,0.0,0.0,0.0,0.0,0.0,0.0,-1.341406,5,-1.2330649162465006,0.98545206,-0.9867019022637278,-0.740338888280955,-0.4939759041005045,-0.2476128603154093,0.24511310804549158
Bank,Bank:10:task_3:Tomcat02:2021-03-07 07:32:00,Bank:Tomcat02:2021-03-07 07:32:00,10,task_3,2021_03_07,Tomcat02,tomcat01,28,-0.120366,0,0.0357142857142857,3.367295829986474,1.0,1.0,0.3773584905660377,0.0,0.0,0.0,0.0,0.0,1.0,1.0,0.6931471805599453,0.0,0.0,1.0,-0.0633333333333333,1.0,0.0,0.382504,0.0,1.0,0.111401,0.0,0.0,0.0,0.12566,1.0,0.101393,0.0,0.0,0.0,0.06395,0.555556,0.090467,0.035339,0.963412,0.143031,0.59187,0.208548,0.0,0.102583,0.0,0.0,0.0,0.0,0.104455,0.0,0.5,0.0,0.0,1.0,0.0,1.0,0.0,0.0,0.0,0.133975,0.044643,0.0,0.153512,0.0,0.0,1.0,0.0,0.0,0.0,1.0,0.0,0.0,0.0,0.0,0.0,0.0,0.0,0.0,0.0,0.0,0.0,0.0,0.0,0.0,0.0,0.0,0.0,-1.2826447,5,-1.2751550208411733,1.0474585,-1.0132903884730855,-0.7514257561049977,-0.48956115353923235,-0.2276964913688222,0.29603271376270857
Bank,Bank:10:task_3:Tomcat02:2021-03-07 07:32:00,Bank:Tomcat02:2021-03-07 07:32:00,10,task_3,2021_03_07,Tomcat02,tomcat03,29,-0.135023,0,0.0344827586206896,3.4011973816621555,1.0,1.0,0.3773584905660377,0.0,0.0,0.0,0.0,0.0,1.0,1.0,0.6931471805599453,0.0,0.0,1.0,-0.0725,1.0,0.0,0.382504,0.0,1.0,0.111401,0.0,0.0,0.0,0.12566,1.0,0.101393,0.0,0.0,0.0,0.0,0.555556,0.056491,0.035339,0.963412,0.143031,0.59187,0.134873,0.0,0.064588,0.0,0.0,0.0,0.0,0.104455,0.0,0.5,0.0,0.0,1.0,0.0,1.0,0.0,0.0,0.0,0.133975,0.044643,0.0,0.153512,0.0,0.0,1.0,0.0,0.0,0.0,1.0,0.0,0.0,0.0,0.0,0.0,0.0,0.0,0.0,0.0,0.0,0.0,0.0,0.0,0.0,0.0,0.0,0.0,-1.2402296,5,-1.3567143364207759,1.0922163,-1.083660273100616,-0.810606209780456,-0.5375521464602961,-0.26449808314013623,0.2816100435001836
Bank,Bank:17:task_6:Tomcat01:2021-03-09 11:20:00,Bank:Tomcat01:2021-03-09 11:20:00,17,task_6,2021_03_09,Tomcat01,ig02,1,0.649702,0,1.0,0.6931471805599453,1.0,1.0,0.0,0.0,0.0,0.0,4.0,4.0,0.0,1.0,0.6931471805599453,0.0,3.999997561124657,1.0,0.0,1.0,1.0,0.046379,0.889,0.111,1.0,0.85,1.0,1.0,1.0,0.536923,1.0,0.0,0.999999,1.0,0.64551,1.0,1.0,0.119454,0.617238,1.0,0.999997,0.860025,1.0,1.0,1.0,0.0,1.0,0.0,1.0,0.502285,0.5,0.81836,0.0,0.0,1.0,0.0,1.0,0.0,1.0,0.221706,1.0,0.45,0.276611,0.0,0.0,1.0,0.0,0.0,0.0,0.0,0.0,1.0,0.0,0.0,0.0,0.0,0.0,0.0,0.0,0.0,0.0,0.0,0.0,0.0,0.0,0.0,0.0,-1.938702,5,2.461055741010727,0.42577195,2.5674987289295808,2.6739417168484345,2.7803847047672883,2.886827692686142,3.0997136685238496
Bank,Bank:17:task_6:Tomcat01:2021-03-09 11:20:00,Bank:Tomcat01:2021-03-09 11:20:00,17,task_6,2021_03_09,Tomcat01,apache02,2,0.539204,0,0.5,1.0986122886681096,1.0,1.0,0.0,0.0,0.0,2.0,0.0,2.0,0.0,1.0,0.6931471805599453,2.0,0.0,1.0,0.0,1.0,0.0,0.907662,0.0,1.0,0.109804,0.0,1.0,1.0,0.071982,0.0,0.468349,0.4,0.0,1.0,0.579147,0.555556,0.74092,0.255973,0.847639,0.240175,0.0,0.524497,0.928571,0.753192,0.0,0.0,0.0,0.0,0.096957,0.0,0.5,0.0,0.0,1.0,0.0,1.0,0.0,0.0,0.0,0.253967,0.04492,0.0,0.285167,1.0,0.0,0.0,0.0,0.0,0.0,0.0,0.0,0.0,1.0,0.0,0.0,0.0,0.0,0.0,0.0,0.0,0.0,0.0,0.0,0.0,0.0,0.0,0.0,-2.1490142,5,1.9912773739811338,0.24067318,2.051445670079843,2.111613966178552,2.171782262277261,2.2319505583759702,2.3522871505733884
Bank,Bank:17:task_6:Tomcat01:2021-03-09 11:20:00,Bank:Tomcat01:2021-03-09 11:20:00,17,task_6,2021_03_09,Tomcat01,apache01,3,0.535411,0,0.3333333333333333,1.3862943611198906,1.0,1.0,0.0,0.0,0.0,3.0,0.0,3.0,0.0,1.0,0.6931471805599453,3.0,0.0,1.0,0.0,1.0,0.0,1.0,0.0,1.0,0.109804,0.0,1.0,1.0,0.031992,0.0,0.47379,0.6,0.0,1.0,1.0,0.555556,0.74886,0.3157,0.971754,0.240175,0.0,0.695044,0.678571,0.79357,0.0,0.0,0.0,0.0,0.096957,0.0,0.5,0.0,0.0,1.0,0.0,1.0,0.0,0.0,0.0,0.273732,0.04492,0.0,0.306574,0.0,0.0,1.0,0.0,0.0,0.0,0.0,0.0,0.0,1.0,0.0,0.0,0.0,0.0,0.0,0.0,0.0,0.0,0.0,0.0,0.0,0.0,0.0,0.0,-2.205261,5,1.9751515676666007,0.19116962,2.022943972556661,2.0707363774467216,2.118528782336782,2.1663211872268424,2.2619059970069633
Bank,Bank:17:task_6:Tomcat01:2021-03-09 11:20:00,Bank:Tomcat01:2021-03-09 11:20:00,17,task_6,2021_03_09,Tomcat01,mg01,4,0.528458,0,0.25,1.6094379124341005,1.0,1.0,0.0,0.0,0.0,0.0,2.0,2.0,0.0,1.0,0.6931471805599453,0.0,2.0,1.0,0.0,1.0,0.5,0.125058,0.7,0.3,0.410341,1.0,1.0,1.0,1.0,0.340577,0.642457,0.0,1.0,1.0,0.262933,1.0,0.9283,0.119454,0.617238,1.0,0.644211,0.657349,1.0,0.921761,1.0,0.0,0.285714,0.0,0.388433,0.324246,0.5,0.913851,0.0,0.0,1.0,0.235486,1.0,0.0,0.333333,0.349219,0.638898,0.45,0.223534,0.0,0.0,1.0,0.0,0.0,0.0,0.0,1.0,0.0,0.0,0.0,0.0,0.0,0.0,0.0,0.0,0.0,0.0,0.0,0.0,0.0,0.0,0.0,0.0,-1.8451926,5,1.945591132310696,0.5080709,2.0726088538444714,2.1996265753782467,2.326644282010861,2.4536620184457973,2.7076974317110256
Bank,Bank:17:task_6:Tomcat01:2021-03-09 11:20:00,Bank:Tomcat01:2021-03-09 11:20:00,17,task_6,2021_03_09,Tomcat01,tomcat02,5,0.413962,0,0.2,1.791759469228055,1.0,1.0,0.4166666666666667,0.0,0.0,0.0,4.0,4.0,0.0,1.0,0.6931471805599453,0.0,4.0,1.0,-0.0736111111111111,1.0,0.863103,0.320997,0.218,0.782,0.801853,0.93,0.0,1.0,1.0,0.759146,0.943147,0.0,1.0,1.0,0.0,1.0,0.878878,0.119454,0.617238,1.0,1.0,0.51581,1.0,0.831589,0.726204,1.0,0.714286,0.0,0.705189,0.338307,0.5,0.928238,0.0,0.0,1.0,0.896749,1.0,1.0,0.833333,0.804061,0.952113,1.0,0.648827,0.0,0.0,1.0,0.0,0.0,0.0,1.0,0.0,0.0,0.0,0.0,0.0,0.0,0.0,0.0,0.0,0.0,0.0,0.0,0.0,0.0,0.0,0.0,0.0,-0.016156327,5,1.458815408664835,2.1178312,1.9882732162057286,2.517731023746622,3.0471888312875155,3.576646638828409,4.635562253910196
Bank,Bank:17:task_6:Tomcat01:2021-03-09 11:20:00,Bank:Tomcat01:2021-03-09 11:20:00,17,task_6,2021_03_09,Tomcat01,tomcat01,6,0.262692,1,0.1666666666666666,1.9459101490553128,1.0,1.0,0.0,0.0,0.0,3.0,1.0,4.0,0.0,1.0,0.6931471805599453,2.999997561124657,1.0,1.0,0.0,1.0,0.25,0.0,1.0,0.0,0.540046,0.7375,0.0,1.0,0.071982,0.183771,0.425153,0.6,1.0,1.0,0.066154,1.0,0.813732,0.861775,0.959436,0.672489,0.34944,0.551443,0.892857,0.49168,1.0,0.0,0.571429,0.0,0.546424,1.0,0.5,0.760265,0.0,0.0,1.0,0.22889,1.0,0.0,0.833333,0.616925,0.767783,0.45,0.705566,1.0,0.0,0.0,0.0,0.0,0.0,1.0,0.0,0.0,0.0,0.0,0.0,0.0,0.0,0.0,0.0,0.0,0.0,0.0,0.0,0.0,0.0,0.0,0.0,0.7781261,5,0.8156963152824513,2.8168905,1.51991893481599,2.224141554349529,2.928364114278423,3.6325867934166065,5.041031913274395
Bank,Bank:17:task_6:Tomcat01:2021-03-09 11:20:00,Bank:Tomcat01:2021-03-09 11:20:00,17,task_6,2021_03_09,Tomcat01,servicetest8,7,0.201068,0,0.1428571428571428,2.079441541679836,0.999997561124657,1.0,0.0,0.0,0.0,2.0,2.0,4.0,0.0,1.0,0.6931471805599453,2.0,2.0,1.0,0.0,0.999998,0.5,0.0,1.0,0.0,0.693431,0.79,0.0,1.0,0.071982,0.340577,0.565241,0.4,1.0,1.0,0.726885,1.0,0.947246,0.853242,0.730761,0.672489,0.644211,0.902025,0.928571,0.572432,1.0,0.0,0.714286,0.0,0.428483,0.3688,0.5,0.479158,0.0,0.0,1.0,0.12789,1.0,0.0,1.0,0.594236,0.837356,0.45,0.735688,0.0,1.0,0.0,0.0,0.0,0.0,0.0,0.0,0.0,0.0,0.0,0.0,1.0,0.0,0.0,0.0,0.0,0.0,0.0,0.0,0.0,0.0,0.0,0.0,-2.6489227,5,0.5537040431161526,-0.19930327,0.5038782257695797,0.45405240842300687,0.404226591076434,0.3544007737298611,0.25474913903671537
Bank,Bank:17:task_6:Tomcat01:2021-03-09 11:20:00,Bank:Tomcat01:2021-03-09 11:20:00,17,task_6,2021_03_09,Tomcat01,mysql01,8,0.162907,0,0.125,2.19722457733622,1.0,1.0,0.0,0.0,0.0,1.0,3.0,4.0,0.0,1.0,0.6931471805599453,1.0,2.999997561124657,1.0,0.0,1.0,0.75,0.040214,0.951999,0.048001,0.84674,0.825,0.0,1.0,0.071982,0.457615,0.720925,0.2,0.999999,1.0,0.574142,1.0,0.928378,0.844709,0.0,0.672489,0.859226,0.822787,0.964286,0.250947,1.0,0.0,0.857143,0.0,0.572381,0.352583,0.5,0.586784,0.0,0.0,1.0,0.078969,1.0,0.0,1.0,0.491134,0.923468,0.45,0.655058,0.0,0.0,0.0,1.0,0.0,0.0,0.0,0.0,0.0,0.0,1.0,0.0,0.0,0.0,0.0,0.0,0.0,0.0,0.0,0.0,0.0,0.0,0.0,0.0,-3.061112,5,0.3914638915820405,-0.5620768,0.2509446898265168,0.11042548807099312,-0.030093713684530565,-0.17061291544005425,-0.4516513189511016
Bank,Bank:17:task_6:Tomcat01:2021-03-09 11:20:00,Bank:Tomcat01:2021-03-09 11:20:00,17,task_6,2021_03_09,Tomcat01,tomcat03,9,0.112249,0,0.1111111111111111,2.302585092994046,1.0,1.0,0.0,0.0,0.0,1.0,1.0,2.0,0.0,1.0,0.6931471805599453,1.0,1.0,1.0,0.0,1.0,0.25,0.248713,0.7,0.3,0.258649,1.0,0.0,1.0,0.071982,0.183771,0.395831,0.2,1.0,1.0,0.134377,1.0,0.845856,0.84471,0.0,0.672489,0.34944,0.588197,0.964286,0.166761,1.0,0.0,0.142857,0.0,0.230878,0.297956,0.5,0.8125,0.0,0.0,1.0,0.161287,1.0,0.0,0.166667,0.750836,0.514272,0.45,0.679283,0.0,0.0,1.0,0.0,0.0,0.0,1.0,0.0,0.0,0.0,0.0,0.0,0.0,0.0,0.0,0.0,0.0,0.0,0.0,0.0,0.0,0.0,0.0,0.0,-0.345492,5,0.17609318336121157,1.8279785,0.6330878063069971,1.0900824292527826,1.5470770223962458,2.0040716751443535,2.9180608614312797
Bank,Bank:17:task_6:Tomcat01:2021-03-09 11:20:00,Bank:Tomcat01:2021-03-09 11:20:00,17,task_6,2021_03_09,Tomcat01,tomcat04,10,0.089116,0,0.1,2.3978952727983707,1.0,1.0,0.0,0.0,0.0,5.0,3.0,8.0,0.0,1.0,0.6931471805599453,4.9999975611246565,3.0,1.0,0.0,1.0,0.75,0.296354,0.784,0.216,0.624436,0.9125,0.391231,0.75,0.0,0.457615,0.702966,1.0,1.0,0.75,0.084204,1.0,0.700732,0.938567,1.0,0.563319,0.859226,0.563873,0.821429,0.311805,1.0,0.0,0.571429,0.4,0.632642,0.397274,0.5,0.909007,0.0,0.0,1.0,0.115426,1.0,0.0,0.666667,0.786419,0.766204,0.45,0.955757,0.0,0.0,1.0,0.0,0.0,0.0,1.0,0.0,0.0,0.0,0.0,0.0,0.0,0.0,0.0,0.0,0.0,0.0,0.0,0.0,0.0,0.0,0.0,0.0,0.1085985,5,0.0777440461415733,2.22763,0.6346515211362327,1.1915589961308921,1.7484665307301963,2.305373946120211,3.4191890153188194
Bank,Bank:17:task_6:Tomcat01:2021-03-09 11:20:00,Bank:Tomcat01:2021-03-09 11:20:00,17,task_6,2021_03_09,Tomcat01,redis01,11,0.014255,0,0.0909090909090909,2.4849066497880004,1.0,1.0,0.0,0.0,0.0,4.0,1.0,5.0,0.0,1.0,0.6931471805599453,4.0,1.0,1.0,0.0,1.0,0.25,0.405881,0.7,0.3,0.240348,1.0,0.0,0.6,0.026993,0.183771,0.398785,0.8,1.0,0.6,0.294166,1.0,0.652606,1.0,0.994894,0.497817,0.34944,0.67253,0.714286,0.264614,1.0,0.0,0.142857,0.5,0.254511,0.350536,0.5,1.0,0.0,0.0,1.0,0.103529,1.0,0.0,0.166667,1.0,0.488408,0.45,0.982867,0.0,0.0,1.0,0.0,0.0,0.0,0.0,0.0,0.0,0.0,0.0,1.0,0.0,0.0,0.0,0.0,0.0,0.0,0.0,0.0,0.0,0.0,0.0,0.0,-2.741812,5,-0.24052486672745968,-0.28105643,-0.31078897520648263,-0.3810530836855056,-0.4513171996151092,-0.5215813006435516,-0.6621095325027587
Bank,Bank:17:task_6:Tomcat01:2021-03-09 11:20:00,Bank:Tomcat01:2021-03-09 11:20:00,17,task_6,2021_03_09,Tomcat01,mysql02,12,0.007691,0,0.0833333333333333,2.5649493574615367,1.0,1.0,0.0,0.0,0.0,3.0,2.0,5.0,0.0,1.0,0.6931471805599453,3.0,2.0,1.0,0.0,1.0,0.5,0.36845,0.7,0.3,0.39204,1.0,0.0,0.6,0.020566,0.340577,0.532089,0.6,1.0,0.6,0.899725,1.0,0.776175,0.991468,0.95786,0.497817,0.644211,1.0,0.75,0.406755,1.0,0.0,0.285714,0.666667,0.270267,0.192795,0.5,0.4375,0.0,0.0,1.0,0.276867,1.0,0.0,0.333333,0.902459,0.644578,0.45,1.0,0.0,0.0,0.0,1.0,0.0,0.0,0.0,0.0,0.0,0.0,1.0,0.0,0.0,0.0,0.0,0.0,0.0,0.0,0.0,0.0,0.0,0.0,0.0,0.0,-2.997203,5,-0.268431482242512,-0.50582975,-0.39488892011539867,-0.5213463579882853,-0.6478037809600108,-0.7742612337340586,-1.0271760796775096
Bank,Bank:17:task_6:Tomcat01:2021-03-09 11:20:00,Bank:Tomcat01:2021-03-09 11:20:00,17,task_6,2021_03_09,Tomcat01,ig01,13,-0.045671,0,0.0769230769230769,2.639057329615259,1.0,1.0,0.0,0.0,0.0,2.0,3.0,5.0,0.0,1.0,0.6931471805599453,2.0,3.0,1.0,0.0,1.0,0.75,0.319343,0.7,0.3,0.544444,1.0,0.0,0.6,0.011997,0.457615,0.668269,0.4,1.0,0.6,0.532545,1.0,0.717031,0.982935,0.712811,0.497817,0.859226,0.805794,0.785714,0.218348,1.0,0.0,0.428571,1.0,0.498721,0.297956,0.5,0.878676,0.0,0.0,1.0,0.071236,1.0,0.0,0.5,0.873217,0.680458,0.45,0.994594,0.0,0.0,1.0,0.0,0.0,0.0,0.0,0.0,1.0,0.0,0.0,0.0,0.0,0.0,0.0,0.0,0.0,0.0,0.0,0.0,0.0,0.0,0.0,0.0,-3.1608813,5,-0.4952981515164643,-0.64988524,-0.6577694608207016,-0.820240770124939,-0.9827120943303376,-1.1451833887334137,-1.4701260371442109
Bank,Bank:17:task_6:Tomcat01:2021-03-09 11:20:00,Bank:Tomcat01:2021-03-09 11:20:00,17,task_6,2021_03_09,Tomcat01,servicetest1,14,-0.064424,0,0.0714285714285714,2.70805020110221,0.999999924817692,1.0,0.0,0.0,0.0,0.0,0.0,0.0,1.0,1.0,0.6931471805599453,0.0,0.0,1.0,0.0,1.0,0.0,0.405881,0.0,1.0,0.122004,0.0,0.0,0.0,0.071982,1.0,0.143367,0.0,0.0,0.0,0.726885,0.555556,0.166137,0.0,0.790124,0.131004,0.599769,0.430297,0.0,0.226204,0.0,0.0,0.0,0.0,0.096957,0.0,0.5,0.0,0.0,1.0,0.0,1.0,0.0,0.0,0.0,0.073516,0.049911,0.0,0.091024,0.0,1.0,0.0,0.0,0.0,0.0,0.0,0.0,0.0,0.0,0.0,0.0,1.0,0.0,0.0,0.0,0.0,0.0,0.0,0.0,0.0,0.0,0.0,0.0,-3.1339078,5,-0.5750258725331883,-0.6261455,-0.7315622430490116,-0.888098613564835,-1.0446349840806584,-1.2011713545964817,-1.5142440956281285
Bank,Bank:17:task_6:Tomcat01:2021-03-09 11:20:00,Bank:Tomcat01:2021-03-09 11:20:00,17,task_6,2021_03_09,Tomcat01,servicetest10,15,-0.064424,0,0.0666666666666666,2.772588722239781,0.9999999999985754,1.0,0.0,0.0,0.0,0.0,0.0,0.0,1.0,1.0,0.6931471805599453,0.0,0.0,1.0,0.0,1.0,0.0,0.405881,0.0,1.0,0.122004,0.0,0.0,0.0,0.071982,1.0,0.143367,0.0,0.0,0.0,0.726885,0.555556,0.166137,0.0,0.790124,0.131004,0.599769,0.430297,0.0,0.226204,0.0,0.0,0.0,0.0,0.096957,0.0,0.5,0.0,0.0,1.0,0.0,1.0,0.0,0.0,0.0,0.073516,0.049911,0.0,0.091024,0.0,1.0,0.0,0.0,0.0,0.0,0.0,0.0,0.0,0.0,0.0,0.0,1.0,0.0,0.0,0.0,0.0,0.0,0.0,0.0,0.0,0.0,0.0,0.0,-3.1339078,5,-0.5750258725331883,-0.6261455,-0.7315622430490116,-0.888098613564835,-1.0446349840806584,-1.2011713545964817,-1.5142440956281285
Bank,Bank:17:task_6:Tomcat01:2021-03-09 11:20:00,Bank:Tomcat01:2021-03-09 11:20:00,17,task_6,2021_03_09,Tomcat01,servicetest2,16,-0.064424,0,0.0625,2.833213344056216,0.9999963447720288,1.0,0.0,0.0,0.0,0.0,0.0,0.0,1.0,1.0,0.6931471805599453,0.0,0.0,1.0,0.0,0.999996,0.0,0.405881,0.0,1.0,0.122004,0.0,0.0,0.0,0.071982,1.0,0.143366,0.0,0.0,0.0,0.726885,0.555556,0.166137,0.0,0.790124,0.131004,0.599769,0.430297,0.0,0.226204,0.0,0.0,0.0,0.0,0.096956,0.0,0.5,0.0,0.0,1.0,0.0,1.0,0.0,0.0,0.0,0.073516,0.049911,0.0,0.091024,0.0,1.0,0.0,0.0,0.0,0.0,0.0,0.0,0.0,0.0,0.0,0.0,1.0,0.0,0.0,0.0,0.0,0.0,0.0,0.0,0.0,0.0,0.0,0.0,-3.1339078,5,-0.5750258725331883,-0.6261455,-0.7315622430490116,-0.888098613564835,-1.0446349840806584,-1.2011713545964817,-1.5142440956281285
Bank,Bank:17:task_6:Tomcat01:2021-03-09 11:20:00,Bank:Tomcat01:2021-03-09 11:20:00,17,task_6,2021_03_09,Tomcat01,servicetest3,17,-0.064424,0,0.0588235294117647,2.8903717578961645,0.9999999999983664,1.0,0.0,0.0,0.0,0.0,0.0,0.0,1.0,1.0,0.6931471805599453,0.0,0.0,1.0,0.0,1.0,0.0,0.405881,0.0,1.0,0.122004,0.0,0.0,0.0,0.071982,1.0,0.143367,0.0,0.0,0.0,0.726885,0.555556,0.166137,0.0,0.790124,0.131004,0.599769,0.430297,0.0,0.226204,0.0,0.0,0.0,0.0,0.096957,0.0,0.5,0.0,0.0,1.0,0.0,1.0,0.0,0.0,0.0,0.073516,0.049911,0.0,0.091024,0.0,1.0,0.0,0.0,0.0,0.0,0.0,0.0,0.0,0.0,0.0,0.0,1.0,0.0,0.0,0.0,0.0,0.0,0.0,0.0,0.0,0.0,0.0,0.0,-3.1339078,5,-0.5750258725331883,-0.6261455,-0.7315622430490116,-0.888098613564835,-1.0446349840806584,-1.2011713545964817,-1.5142440956281285
Bank,Bank:17:task_6:Tomcat01:2021-03-09 11:20:00,Bank:Tomcat01:2021-03-09 11:20:00,17,task_6,2021_03_09,Tomcat01,servicetest5,18,-0.064424,0,0.0555555555555555,2.9444389791664403,0.9999999999999798,1.0,0.0,0.0,0.0,0.0,0.0,0.0,1.0,1.0,0.6931471805599453,0.0,0.0,1.0,0.0,1.0,0.0,0.405881,0.0,1.0,0.122004,0.0,0.0,0.0,0.071982,1.0,0.143367,0.0,0.0,0.0,0.726885,0.555556,0.166137,0.0,0.790124,0.131004,0.599769,0.430297,0.0,0.226204,0.0,0.0,0.0,0.0,0.096957,0.0,0.5,0.0,0.0,1.0,0.0,1.0,0.0,0.0,0.0,0.073516,0.049911,0.0,0.091024,0.0,1.0,0.0,0.0,0.0,0.0,0.0,0.0,0.0,0.0,0.0,0.0,1.0,0.0,0.0,0.0,0.0,0.0,0.0,0.0,0.0,0.0,0.0,0.0,-3.1339078,5,-0.5750258725331883,-0.6261455,-0.7315622430490116,-0.888098613564835,-1.0446349840806584,-1.2011713545964817,-1.5142440956281285
Bank,Bank:17:task_6:Tomcat01:2021-03-09 11:20:00,Bank:Tomcat01:2021-03-09 11:20:00,17,task_6,2021_03_09,Tomcat01,servicetest9,19,-0.064424,0,0.0526315789473684,2.995732273553991,0.9999903828372676,1.0,0.0,0.0,0.0,0.0,0.0,0.0,1.0,1.0,0.6931471805599453,0.0,0.0,1.0,0.0,0.99999,0.0,0.405881,0.0,1.0,0.122003,0.0,0.0,0.0,0.071982,1.0,0.143365,0.0,0.0,0.0,0.726885,0.555556,0.166137,0.0,0.790124,0.131004,0.599769,0.430297,0.0,0.226204,0.0,0.0,0.0,0.0,0.096956,0.0,0.5,0.0,0.0,1.0,0.0,1.0,0.0,0.0,0.0,0.073516,0.04991,0.0,0.091024,0.0,1.0,0.0,0.0,0.0,0.0,0.0,0.0,0.0,0.0,0.0,0.0,1.0,0.0,0.0,0.0,0.0,0.0,0.0,0.0,0.0,0.0,0.0,0.0,-3.1339078,5,-0.5750258725331883,-0.6261455,-0.7315622430490116,-0.888098613564835,-1.0446349840806584,-1.2011713545964817,-1.5142440956281285
Bank,Bank:17:task_6:Tomcat01:2021-03-09 11:20:00,Bank:Tomcat01:2021-03-09 11:20:00,17,task_6,2021_03_09,Tomcat01,servicetest6,20,-0.064425,0,0.05,3.044522437723423,0.9999760318871548,1.0,0.0,0.0,0.0,0.0,0.0,0.0,1.0,1.0,0.6931471805599453,0.0,0.0,1.0,0.0,0.999976,0.0,0.405881,0.0,1.0,0.122002,0.0,0.0,0.0,0.071982,1.0,0.143363,0.0,0.0,0.0,0.726885,0.555556,0.166137,0.0,0.790124,0.131004,0.599769,0.430297,0.0,0.226204,0.0,0.0,0.0,0.0,0.096954,0.0,0.5,0.0,0.0,1.0,0.0,1.0,0.0,0.0,0.0,0.073517,0.04991,0.0,0.091024,0.0,1.0,0.0,0.0,0.0,0.0,0.0,0.0,0.0,0.0,0.0,0.0,1.0,0.0,0.0,0.0,0.0,0.0,0.0,0.0,0.0,0.0,0.0,0.0,-3.1339078,5,-0.5750301239980747,-0.6261455,-0.7315664945138981,-0.8881028650297215,-1.044639235545545,-1.2011756060613683,-1.514248347093015
Bank,Bank:17:task_6:Tomcat01:2021-03-09 11:20:00,Bank:Tomcat01:2021-03-09 11:20:00,17,task_6,2021_03_09,Tomcat01,servicetest11,21,-0.064484,0,0.0476190476190476,3.091042453358316,0.9986632029728948,1.0,0.0,0.0,0.0,0.0,0.0,0.0,1.0,1.0,0.6931471805599453,0.0,0.0,1.0,0.0,0.998663,0.0,0.405881,0.0,1.0,0.121874,0.0,0.0,0.0,0.071982,1.0,0.143149,0.0,0.0,0.0,0.726885,0.555556,0.166137,0.0,0.790124,0.131004,0.599769,0.430297,0.0,0.226204,0.0,0.0,0.0,0.0,0.096827,0.0,0.5,0.0,0.0,1.0,0.0,1.0,0.0,0.0,0.0,0.073529,0.049858,0.0,0.091024,0.0,1.0,0.0,0.0,0.0,0.0,0.0,0.0,0.0,0.0,0.0,0.0,1.0,0.0,0.0,0.0,0.0,0.0,0.0,0.0,0.0,0.0,0.0,0.0,-3.1339078,5,-0.5752809604263789,-0.6261455,-0.7318173309422022,-0.8883537014580256,-1.044890071973849,-1.2014264424896723,-1.514499183521319
Bank,Bank:17:task_6:Tomcat01:2021-03-09 11:20:00,Bank:Tomcat01:2021-03-09 11:20:00,17,task_6,2021_03_09,Tomcat01,servicetest7,22,-0.06457,0,0.0454545454545454,3.1354942159291497,0.9967668982928268,1.0,0.0,0.0,0.0,0.0,0.0,0.0,1.0,1.0,0.6931471805599453,0.0,0.0,1.0,0.0,0.996767,0.0,0.405881,0.0,1.0,0.121689,0.0,0.0,0.0,0.071982,1.0,0.142841,0.0,0.0,0.0,0.726885,0.555556,0.166137,0.0,0.790124,0.131004,0.599769,0.430297,0.0,0.226204,0.0,0.0,0.0,0.0,0.096643,0.0,0.5,0.0,0.0,1.0,0.0,1.0,0.0,0.0,0.0,0.073547,0.049782,0.0,0.091024,0.0,1.0,0.0,0.0,0.0,0.0,0.0,0.0,0.0,0.0,0.0,0.0,1.0,0.0,0.0,0.0,0.0,0.0,0.0,0.0,0.0,0.0,0.0,0.0,-3.1339078,5,-0.5756465864066188,-0.6261455,-0.7321829569224422,-0.8887193274382655,-1.0452556979540888,-1.2017920684699122,-1.5148648095015589
Bank,Bank:17:task_6:Tomcat01:2021-03-09 11:20:00,Bank:Tomcat01:2021-03-09 11:20:00,17,task_6,2021_03_09,Tomcat01,servicetest4,23,-0.068494,0,0.0434782608695652,3.1780538303479458,0.909897879206217,1.0,0.0,0.0,0.0,0.0,0.0,0.0,1.0,1.0,0.6931471805599453,0.0,0.0,1.0,0.0,0.909898,0.0,0.405881,0.0,1.0,0.11321,0.0,0.0,0.0,0.071982,1.0,0.128711,0.0,0.0,0.0,0.726885,0.555556,0.166137,0.0,0.790124,0.131004,0.599769,0.430297,0.0,0.226204,0.0,0.0,0.0,0.0,0.088221,0.0,0.5,0.0,0.0,1.0,0.0,1.0,0.0,0.0,0.0,0.074377,0.046313,0.0,0.091024,0.0,1.0,0.0,0.0,0.0,0.0,0.0,0.0,0.0,0.0,0.0,0.0,1.0,0.0,0.0,0.0,0.0,0.0,0.0,0.0,0.0,0.0,0.0,0.0,-3.1339078,5,-0.5923293346212843,-0.6261455,-0.7488657051371077,-0.9054020756529311,-1.0619384461687544,-1.2184748166845778,-1.5315475577162245
Bank,Bank:17:task_6:Tomcat01:2021-03-09 11:20:00,Bank:Tomcat01:2021-03-09 11:20:00,17,task_6,2021_03_09,Tomcat01,redis02,24,-0.114922,0,0.0416666666666666,3.218875824868201,0.7870124371950072,1.0,0.0,0.0,0.0,0.0,0.0,0.0,1.0,1.0,0.6931471805599453,0.0,0.0,1.0,0.0,0.787012,0.0,0.405881,0.0,1.0,0.101216,0.0,0.0,0.0,0.071982,1.0,0.108723,0.0,0.0,0.0,0.258502,0.555556,0.081428,0.0,0.790124,0.131004,0.599769,0.229709,0.0,0.113025,0.0,0.0,0.0,0.0,0.076306,0.0,0.5,0.0,0.0,1.0,0.0,1.0,0.0,0.0,0.0,0.075551,0.041407,0.0,0.091024,0.0,0.0,0.0,1.0,0.0,0.0,0.0,0.0,0.0,0.0,0.0,1.0,0.0,0.0,0.0,0.0,0.0,0.0,0.0,0.0,0.0,0.0,0.0,0.0,-2.7750673,5,-0.7897163463721757,-0.31032494,-0.8672975806484704,-0.9448788149247651,-1.0224600566516404,-1.1000412834773545,-1.2552037669311051
Bank,Bank:17:task_6:Tomcat01:2021-03-09 11:20:00,Bank:Tomcat01:2021-03-09 11:20:00,17,task_6,2021_03_09,Tomcat01,mg02,25,-0.118079,0,0.04,3.258096538021482,1.0,1.0,0.0,0.0,0.0,0.0,0.0,0.0,1.0,1.0,0.6931471805599453,0.0,0.0,1.0,0.0,1.0,0.0,0.405881,0.0,1.0,0.122004,0.0,0.0,0.0,0.071982,1.0,0.143367,0.0,0.0,0.0,0.121594,0.555556,0.05613,0.0,0.790124,0.131004,0.599769,0.162753,0.0,0.078416,0.0,0.0,0.0,0.0,0.096957,0.0,0.5,0.0,0.0,1.0,0.0,1.0,0.0,0.0,0.0,0.073516,0.049911,0.0,0.091024,0.0,0.0,1.0,0.0,0.0,0.0,0.0,1.0,0.0,0.0,0.0,0.0,0.0,0.0,0.0,0.0,0.0,0.0,0.0,0.0,0.0,0.0,0.0,0.0,-1.3074878,5,-0.803138221018888,0.98131233,-0.5578101373845115,-0.31248205375013494,-0.06715395521459722,0.17817411351861812,0.6688303105896936
Bank,Bank:17:task_6:Tomcat01:2021-03-09 11:20:00,Bank:Tomcat01:2021-03-09 11:20:00,17,task_6,2021_03_09,Tomcat01,dockera1,26,-0.133867,0,0.0384615384615384,3.295836866004329,0.0,0.0,0.0,0.0,0.0,0.0,0.0,0.0,1.0,1.0,0.6931471805599453,0.0,0.0,1.0,0.0,0.0,0.0,0.405881,0.0,1.0,0.0,0.0,0.0,0.0,0.071982,0.777778,0.0,0.0,0.0,0.0,0.726885,0.0,0.0,0.0,0.790124,0.0,0.599769,0.0,0.0,0.0,0.0,0.0,0.0,0.0,0.0,0.0,0.5,0.0,0.0,1.0,0.0,1.0,0.0,0.0,0.0,0.0,0.0,0.0,0.0,0.0,1.0,0.0,0.0,0.0,0.0,0.0,0.0,0.0,0.0,0.0,0.0,0.0,0.0,0.0,0.0,0.0,0.0,0.0,0.0,0.0,0.0,0.0,0.0,-3.16481,5,-0.8702603486471095,-0.6533429,-1.033596074312202,-1.1969317999772944,-1.3602675107412256,-1.5236032513074793,-1.8502746728353419
Bank,Bank:17:task_6:Tomcat01:2021-03-09 11:20:00,Bank:Tomcat01:2021-03-09 11:20:00,17,task_6,2021_03_09,Tomcat01,dockera2,27,-0.133867,0,0.037037037037037,3.332204510175204,0.0,0.0,0.0,0.0,0.0,0.0,0.0,0.0,1.0,1.0,0.6931471805599453,0.0,0.0,1.0,0.0,0.0,0.0,0.405881,0.0,1.0,0.0,0.0,0.0,0.0,0.071982,0.777778,0.0,0.0,0.0,0.0,0.726885,0.0,0.0,0.0,0.790124,0.0,0.599769,0.0,0.0,0.0,0.0,0.0,0.0,0.0,0.0,0.0,0.5,0.0,0.0,1.0,0.0,1.0,0.0,0.0,0.0,0.0,0.0,0.0,0.0,0.0,1.0,0.0,0.0,0.0,0.0,0.0,0.0,0.0,0.0,0.0,0.0,0.0,0.0,0.0,0.0,0.0,0.0,0.0,0.0,0.0,0.0,0.0,0.0,-3.16481,5,-0.8702603486471095,-0.6533429,-1.033596074312202,-1.1969317999772944,-1.3602675107412256,-1.5236032513074793,-1.8502746728353419
Bank,Bank:17:task_6:Tomcat01:2021-03-09 11:20:00,Bank:Tomcat01:2021-03-09 11:20:00,17,task_6,2021_03_09,Tomcat01,dockerb1,28,-0.133867,0,0.0357142857142857,3.367295829986474,0.0,0.0,0.0,0.0,0.0,0.0,0.0,0.0,1.0,1.0,0.6931471805599453,0.0,0.0,1.0,0.0,0.0,0.0,0.405881,0.0,1.0,0.0,0.0,0.0,0.0,0.071982,0.777778,0.0,0.0,0.0,0.0,0.726885,0.0,0.0,0.0,0.790124,0.0,0.599769,0.0,0.0,0.0,0.0,0.0,0.0,0.0,0.0,0.0,0.5,0.0,0.0,1.0,0.0,1.0,0.0,0.0,0.0,0.0,0.0,0.0,0.0,0.0,1.0,0.0,0.0,0.0,0.0,0.0,0.0,0.0,0.0,0.0,0.0,0.0,0.0,0.0,0.0,0.0,0.0,0.0,0.0,0.0,0.0,0.0,0.0,-3.16481,5,-0.8702603486471095,-0.6533429,-1.033596074312202,-1.1969317999772944,-1.3602675107412256,-1.5236032513074793,-1.8502746728353419
Bank,Bank:17:task_6:Tomcat01:2021-03-09 11:20:00,Bank:Tomcat01:2021-03-09 11:20:00,17,task_6,2021_03_09,Tomcat01,dockerb2,29,-0.133867,0,0.0344827586206896,3.4011973816621555,0.0,0.0,0.0,0.0,0.0,0.0,0.0,0.0,1.0,1.0,0.6931471805599453,0.0,0.0,1.0,0.0,0.0,0.0,0.405881,0.0,1.0,0.0,0.0,0.0,0.0,0.071982,0.777778,0.0,0.0,0.0,0.0,0.726885,0.0,0.0,0.0,0.790124,0.0,0.599769,0.0,0.0,0.0,0.0,0.0,0.0,0.0,0.0,0.0,0.5,0.0,0.0,1.0,0.0,1.0,0.0,0.0,0.0,0.0,0.0,0.0,0.0,0.0,1.0,0.0,0.0,0.0,0.0,0.0,0.0,0.0,0.0,0.0,0.0,0.0,0.0,0.0,0.0,0.0,0.0,0.0,0.0,0.0,0.0,0.0,0.0,-3.112579,5,-0.8702603486471095,-0.6073738,-1.022103792160026,-1.1739472356729426,-1.3257906940870203,-1.4776341226987757,-1.7813210395269312
Bank,Bank:19:task_3:MG02:2021-03-09 14:14:00,Bank:MG02:2021-03-09 14:14:00,19,task_3,2021_03_09,MG02,redis02,1,0.651061,0,1.0,0.6931471805599453,1.0,1.0,0.0,0.0,0.0,0.0,3.0,3.0,0.0,1.0,0.6931471805599453,0.0,2.0381396161100134,1.0,0.0,1.0,0.648565,0.10239,0.739539,0.260461,1.0,0.787694,0.043357,1.0,1.0,0.324968,0.903783,0.0,0.67938,1.0,0.299528,0.71817,0.848626,0.0,0.495213,0.842855,0.0,0.50943,1.0,1.0,1.0,0.0,1.0,0.0,0.646871,0.2633,0.5,0.617742,0.0,0.0,1.0,0.0,1.0,0.0,1.0,0.149868,1.0,0.45,0.159449,0.0,0.0,0.0,1.0,0.0,0.0,0.0,0.0,0.0,0.0,0.0,1.0,0.0,0.0,0.0,0.0,0.0,0.0,0.0,0.0,0.0,0.0,0.0,0.0,0.5453145,5,2.405506086406424,3.5477214,3.292436432895377,4.179366779384329,5.0662970066639925,5.953227472362235,7.727087926921561
Bank,Bank:19:task_3:MG02:2021-03-09 14:14:00,Bank:MG02:2021-03-09 14:14:00,19,task_3,2021_03_09,MG02,redis01,2,0.498245,0,0.5,1.0986122886681096,1.0,1.0,0.0,0.0,0.0,0.0,3.0,3.0,0.0,1.0,0.6931471805599453,0.0,3.0,1.0,0.0,1.0,0.954643,0.117855,0.7,0.3,0.767383,1.0,0.0,1.0,1.0,0.457615,0.922657,0.0,1.0,1.0,0.282725,0.918699,0.925,0.181811,0.526651,1.0,0.905321,0.625582,1.0,0.914392,1.0,0.0,0.428571,0.0,0.755605,0.212625,0.5,0.937757,0.0,0.0,1.0,0.008807,1.0,0.0,0.5,0.345932,0.751796,0.45,0.286948,1.0,0.0,0.0,0.0,0.0,0.0,0.0,0.0,0.0,0.0,0.0,1.0,0.0,0.0,0.0,0.0,0.0,0.0,0.0,0.0,0.0,0.0,0.0,0.0,-2.4454694,5,1.8005455296846626,0.28080624,1.8707470905395744,1.9409486513944862,2.0111502122493983,2.08135177310431,2.2217548948141337
Bank,Bank:19:task_3:MG02:2021-03-09 14:14:00,Bank:MG02:2021-03-09 14:14:00,19,task_3,2021_03_09,MG02,tomcat02,3,0.423704,0,0.3333333333333333,1.3862943611198906,1.0,1.0,0.4166666666666667,0.0,0.0,0.0,3.0,3.0,0.0,1.0,0.6931471805599453,0.0,3.0,1.0,-0.0630555555555555,1.0,0.841534,0.309214,0.2,0.8,0.767383,1.0,0.0,1.0,1.0,0.679838,1.0,0.0,1.0,1.0,0.001771,0.918699,0.86356,0.181811,0.526651,1.0,0.905321,0.458385,1.0,0.829094,0.763034,1.0,0.428571,0.0,0.70133,0.193436,0.5,0.937757,0.0,0.0,1.0,0.897269,1.0,1.0,0.5,0.8621,0.883692,1.0,0.637528,0.0,0.0,1.0,0.0,0.0,0.0,1.0,0.0,0.0,0.0,0.0,0.0,0.0,0.0,0.0,0.0,0.0,0.0,0.0,0.0,0.0,0.0,0.0,0.0,-0.2230099,5,1.5054562402215381,2.7084596,2.1825711441483877,2.859686048075237,3.5368008923974417,4.213915855928936,5.568145544573345
Bank,Bank:19:task_3:MG02:2021-03-09 14:14:00,Bank:MG02:2021-03-09 14:14:00,19,task_3,2021_03_09,MG02,tomcat01,4,0.416426,0,0.25,1.6094379124341005,1.0,1.0,0.0,0.0,0.0,4.0,0.0,4.0,0.0,1.0,0.6931471805599453,3.142536931824857,0.0,1.0,0.0,1.0,0.0,1.0,0.0,1.0,0.151374,0.0,0.161605,1.0,0.146465,0.0,0.558982,0.785634,0.0,1.0,0.173951,0.487805,0.600563,0.35193,0.98328,0.237581,0.327441,0.299221,0.75,0.638989,0.0,0.0,0.0,0.0,0.154205,0.0,0.5,0.0,0.0,1.0,0.0,1.0,0.0,0.0,0.0,0.265817,0.061926,0.0,0.295554,1.0,0.0,0.0,0.0,0.0,0.0,1.0,0.0,0.0,0.0,0.0,0.0,0.0,0.0,0.0,0.0,0.0,0.0,0.0,0.0,0.0,0.0,0.0,0.0,-1.5688887,5,1.4766444473999685,1.2383194,1.7862242966431325,2.0958041458862966,2.4053839951294607,2.7149638443726247,3.334123542858953
Bank,Bank:19:task_3:MG02:2021-03-09 14:14:00,Bank:MG02:2021-03-09 14:14:00,19,task_3,2021_03_09,MG02,apache02,5,0.402783,0,0.2,1.791759469228055,1.0,1.0,0.0,0.0,0.0,2.0,1.0,3.0,0.0,1.0,0.6931471805599453,1.0381396161100132,1.0,1.0,0.0,1.0,0.318214,0.0,1.0,0.0,0.780465,0.734489,0.0,1.0,0.146465,0.183771,0.564498,0.259535,1.0,1.0,1.0,0.878049,1.0,0.878487,0.131275,0.665227,0.562461,1.0,0.928571,0.496365,1.0,0.0,0.714286,0.0,1.0,1.0,0.5,1.0,0.0,0.0,1.0,0.038349,1.0,0.0,0.833333,0.484377,0.84447,0.45,0.564803,0.0,0.0,1.0,0.0,0.0,0.0,0.0,0.0,0.0,1.0,0.0,0.0,0.0,0.0,0.0,0.0,0.0,0.0,0.0,0.0,0.0,0.0,0.0,0.0,-1.9109806,5,1.4226352018016344,0.864643,1.638795946230269,1.8549566906589037,2.071117405285216,2.287278179516173,2.7195996087687977
Bank,Bank:19:task_3:MG02:2021-03-09 14:14:00,Bank:MG02:2021-03-09 14:14:00,19,task_3,2021_03_09,MG02,mysql01,6,0.326258,0,0.1666666666666666,1.9459101490553128,1.0,1.0,0.0,0.0,0.0,3.0,4.0,7.0,0.0,1.0,0.6931471805599453,2.038139616110013,3.142536931824857,1.0,0.0,1.0,1.0,0.506033,0.549944,0.450056,0.77903,1.0,0.391231,1.0,0.146465,0.421138,0.981149,0.509535,0.785634,1.0,0.375036,0.780419,0.813745,0.765029,0.788751,0.569842,1.0,0.591015,0.892857,0.515855,1.0,0.0,0.571429,0.0,0.854454,0.215947,0.5,0.940138,0.0,0.0,1.0,0.094625,1.0,0.0,0.666667,0.575355,0.822828,0.45,0.682637,0.0,0.0,1.0,0.0,0.0,0.0,0.0,0.0,0.0,0.0,1.0,0.0,0.0,0.0,0.0,0.0,0.0,0.0,0.0,0.0,0.0,0.0,0.0,0.0,-2.2146769,5,1.1196917495248255,0.53290725,1.2529185614106593,1.386145373296493,1.5193721851823268,1.6525989970681605,1.919052620839828
Bank,Bank:19:task_3:MG02:2021-03-09 14:14:00,Bank:MG02:2021-03-09 14:14:00,19,task_3,2021_03_09,MG02,mysql02,7,0.324069,0,0.1428571428571428,2.079441541679836,1.0,1.0,0.4166666666666667,0.0,0.0,4.0,0.0,4.0,0.0,1.0,0.6931471805599453,4.0,0.0,1.0,0.0,1.0,0.0,1.0,0.0,1.0,0.151374,0.0,1.0,0.5,0.073233,0.222222,0.589008,1.0,0.0,0.5,0.730574,0.487805,0.553036,0.441039,1.0,0.021598,0.327441,0.540473,0.857143,0.568743,0.0,0.0,0.0,0.5,0.154205,0.0,0.5,0.0,0.0,1.0,0.0,1.0,0.0,0.0,0.0,0.476707,0.061926,0.0,0.521305,0.0,0.0,0.0,1.0,0.0,0.0,0.0,0.0,0.0,0.0,1.0,0.0,0.0,0.0,0.0,0.0,0.0,0.0,0.0,0.0,0.0,0.0,0.0,0.0,-3.0281832,5,1.1110260426704128,-0.35570806,1.0220990270082195,0.9331720113460262,0.8442450105849941,0.7553179800216396,0.5774639784995754
Bank,Bank:19:task_3:MG02:2021-03-09 14:14:00,Bank:MG02:2021-03-09 14:14:00,19,task_3,2021_03_09,MG02,ig01,8,0.25515,0,0.125,2.19722457733622,1.0,1.0,0.0,0.0,0.0,1.0,3.0,4.0,0.0,1.0,0.6931471805599453,1.0,2.142536931824857,1.0,0.0,1.0,0.681786,0.383443,0.499925,0.500075,0.585992,1.0,0.0,1.0,0.146465,0.324968,0.776619,0.25,0.714179,1.0,0.966237,0.747876,0.91635,0.73261,0.0,0.538047,0.905321,0.875119,0.857143,0.406588,1.0,0.0,0.428571,0.0,0.603871,0.199336,0.5,0.840036,0.0,0.0,1.0,0.08577,1.0,0.0,0.5,0.588426,0.702079,0.45,0.595526,0.0,0.0,1.0,0.0,0.0,0.0,0.0,0.0,1.0,0.0,0.0,0.0,0.0,0.0,0.0,0.0,0.0,0.0,0.0,0.0,0.0,0.0,0.0,0.0,-2.9067717,5,0.838192853680339,-0.22308688,0.7824211340160038,0.7266494143516685,0.6708776984126236,0.615105975022998,0.5035625431449081
Bank,Bank:19:task_3:MG02:2021-03-09 14:14:00,Bank:MG02:2021-03-09 14:14:00,19,task_3,2021_03_09,MG02,mg01,9,0.237962,0,0.1111111111111111,2.302585092994046,1.0,1.0,0.0,0.0,0.0,2.0,2.0,4.0,0.0,1.0,0.6931471805599453,2.0,1.142536931824857,1.0,0.0,1.0,0.363572,0.571952,0.399888,0.600112,0.376657,1.0,0.0,1.0,0.146465,0.191397,0.647664,0.5,0.571268,1.0,0.355124,0.68279,0.748515,0.659672,0.777788,0.474457,0.760711,0.516163,0.821429,0.520075,1.0,0.0,0.285714,0.0,0.428463,0.20598,0.5,0.932764,0.0,0.0,1.0,0.123433,1.0,0.0,0.333333,0.715473,0.589465,0.45,0.67672,1.0,0.0,0.0,0.0,0.0,0.0,0.0,1.0,0.0,0.0,0.0,0.0,0.0,0.0,0.0,0.0,0.0,0.0,0.0,0.0,0.0,0.0,0.0,0.0,-2.3572545,5,0.77014983430453,0.37716576,0.864441275447089,0.9587327165896481,1.0530241502816264,1.147315598874766,1.335898466258723
Bank,Bank:19:task_3:MG02:2021-03-09 14:14:00,Bank:MG02:2021-03-09 14:14:00,19,task_3,2021_03_09,MG02,servicetest10,10,0.122221,0,0.1,2.3978952727983707,0.0381396161100132,0.063566026850022,0.0,0.0,0.0,1.0,2.0,3.0,0.0,1.0,0.6931471805599453,1.0,2.0,1.0,0.0,0.03814,0.636428,0.0,1.0,0.0,0.851868,0.78612,0.0,1.0,0.146465,0.340577,0.496919,0.25,1.0,1.0,0.68638,0.535451,0.828916,0.870386,0.105209,0.574213,0.760711,0.576511,0.964286,0.242427,1.0,0.0,0.857143,0.0,0.49494,0.310814,0.5,0.640875,0.0,0.0,1.0,0.039892,1.0,0.0,1.0,0.49365,0.913132,0.45,0.641997,0.0,1.0,0.0,0.0,0.0,0.0,0.0,0.0,0.0,0.0,0.0,0.0,1.0,0.0,0.0,0.0,0.0,0.0,0.0,0.0,0.0,0.0,0.0,0.0,-2.855469,5,0.31195998641207473,-0.16704758,0.27019809263303535,0.22843619885399596,0.18667430134966628,0.1449124112959172,0.061388616287257836
Bank,Bank:19:task_3:MG02:2021-03-09 14:14:00,Bank:MG02:2021-03-09 14:14:00,19,task_3,2021_03_09,MG02,servicetest9,11,0.010122,0,0.0909090909090909,2.4849066497880004,0.142536931824857,0.2375615530414284,0.0,0.0,0.0,3.0,1.0,4.0,0.0,1.0,0.6931471805599453,3.0,1.0,1.0,0.0,0.142537,0.318214,0.0,1.0,0.0,0.22597,1.0,0.0,1.0,0.146465,0.183771,0.195192,0.75,1.0,1.0,0.68638,0.599108,0.802476,0.91089,0.970684,0.591124,0.562461,0.624235,0.785714,0.520402,1.0,0.0,0.142857,0.0,0.159801,0.146179,0.5,0.509849,0.0,0.0,1.0,0.060923,1.0,0.0,0.166667,0.91203,0.46897,0.45,0.831236,0.0,1.0,0.0,0.0,0.0,0.0,0.0,0.0,0.0,0.0,0.0,0.0,1.0,0.0,0.0,0.0,0.0,0.0,0.0,0.0,0.0,0.0,0.0,0.0,-3.3805742,5,-0.13181208881534112,-0.7406344,-0.31697068425811303,-0.502129279700885,-0.6872878602424957,-0.8724464705864288,-1.2427636316696502
Bank,Bank:19:task_3:MG02:2021-03-09 14:14:00,Bank:MG02:2021-03-09 14:14:00,19,task_3,2021_03_09,MG02,apache01,12,-0.00504,0,0.0833333333333333,2.5649493574615367,1.0,1.0,0.0,0.0,0.0,2.0,2.0,4.0,0.0,1.0,0.6931471805599453,2.0,2.0,1.0,0.0,1.0,0.636428,0.300951,0.7,0.3,0.548872,1.0,0.0,0.5,0.0,0.340577,0.674011,0.5,1.0,0.5,0.548658,0.939024,0.731209,0.991899,0.769487,0.465443,0.760711,0.795673,0.928571,0.326761,1.0,0.0,0.285714,1.0,0.505022,0.186047,0.5,0.775178,0.0,0.0,1.0,0.017429,1.0,0.0,0.333333,0.927163,0.626188,0.45,0.995459,0.0,0.0,1.0,0.0,0.0,0.0,0.0,0.0,0.0,1.0,0.0,0.0,0.0,0.0,0.0,0.0,0.0,0.0,0.0,0.0,0.0,0.0,0.0,0.0,-2.9215329,5,-0.19183467781790206,-0.23921096,-0.2516374186302037,-0.31144015944250536,-0.371242900254807,-0.43104564106710863,-0.5506511226917119
Bank,Bank:19:task_3:MG02:2021-03-09 14:14:00,Bank:MG02:2021-03-09 14:14:00,19,task_3,2021_03_09,MG02,mg02,13,-0.041919,1,0.0769230769230769,2.639057329615259,1.0,1.0,0.0,0.0,0.0,3.0,1.0,4.0,0.0,1.0,0.6931471805599453,3.0,1.0,1.0,0.0,1.0,0.318214,0.347229,0.7,0.3,0.339751,1.0,0.0,0.5,0.048822,0.183771,0.511674,0.75,1.0,0.5,0.0,1.0,0.619276,1.0,0.969364,0.481641,0.562461,0.476783,0.892857,0.25301,1.0,0.0,0.142857,0.666667,0.292026,0.146179,0.5,0.509849,0.0,0.0,1.0,0.110054,1.0,0.0,0.166667,1.0,0.531149,0.45,1.0,1.0,0.0,0.0,0.0,0.0,0.0,0.0,1.0,0.0,0.0,0.0,0.0,0.0,0.0,0.0,0.0,0.0,0.0,0.0,0.0,0.0,0.0,0.0,0.0,-1.9746438,5,-0.3378294713692439,0.7951019,-0.13905400111243849,0.059721469144366934,0.25849693940117235,0.4572724096579778,0.8548233501715886
Bank,Bank:19:task_3:MG02:2021-03-09 14:14:00,Bank:MG02:2021-03-09 14:14:00,19,task_3,2021_03_09,MG02,dockerb1,14,-0.095884,0,0.0714285714285714,2.70805020110221,1.0,1.0,0.0,0.0,0.0,0.0,0.0,0.0,1.0,1.0,0.6931471805599453,0.0,0.0,1.0,0.0666666666666666,1.0,0.0,0.382504,0.0,1.0,0.168194,0.0,0.0,0.0,0.146465,1.0,0.196681,0.0,0.0,0.0,0.384224,0.487805,0.100506,0.068399,0.679251,0.12959,0.730821,0.260523,0.0,0.137956,0.0,0.0,0.0,0.0,0.154205,0.0,0.5,0.0,0.0,1.0,0.0,1.0,0.0,0.0,0.0,0.073159,0.068807,0.0,0.091181,0.0,0.0,0.0,0.0,1.0,0.0,0.0,0.0,0.0,0.0,0.0,0.0,0.0,0.0,0.0,0.0,0.0,0.0,0.0,0.0,0.0,0.0,0.0,0.0,-3.0749469,5,-0.5514634916517397,-0.40678927,-0.653160809907641,-0.7548581281635424,-0.8565554389688631,-0.958252764675345,-1.1616473862859866
Bank,Bank:19:task_3:MG02:2021-03-09 14:14:00,Bank:MG02:2021-03-09 14:14:00,19,task_3,2021_03_09,MG02,ig02,15,-0.099491,0,0.0666666666666666,2.772588722239781,1.0,1.0,0.0,0.0,0.0,0.0,0.0,0.0,1.0,1.0,0.6931471805599453,0.0,0.0,1.0,0.0,1.0,0.0,0.382504,0.0,1.0,0.168194,0.0,0.0,0.0,0.146465,1.0,0.196681,0.0,0.0,0.0,0.34912,0.487805,0.093055,0.068399,0.679251,0.12959,0.730821,0.242902,0.0,0.127934,0.0,0.0,0.0,0.0,0.154205,0.0,0.5,0.0,0.0,1.0,0.0,1.0,0.0,0.0,0.0,0.073159,0.068807,0.0,0.091181,1.0,0.0,0.0,0.0,0.0,0.0,0.0,0.0,1.0,0.0,0.0,0.0,0.0,0.0,0.0,0.0,0.0,0.0,0.0,0.0,0.0,0.0,0.0,0.0,-3.0749469,5,-0.5657427080171425,-0.40678927,-0.6674400262730439,-0.7691373445289452,-0.870834655334266,-0.9725319810407479,-1.1759266026513893
Bank,Bank:19:task_3:MG02:2021-03-09 14:14:00,Bank:MG02:2021-03-09 14:14:00,19,task_3,2021_03_09,MG02,tomcat03,16,-0.103343,0,0.0625,2.833213344056216,1.0,1.0,0.0,0.0,0.0,0.0,0.0,0.0,1.0,1.0,0.6931471805599453,0.0,0.0,1.0,0.0,1.0,0.0,0.382504,0.0,1.0,0.168194,0.0,0.0,0.0,0.146465,1.0,0.196681,0.0,0.0,0.0,0.311946,0.487805,0.085142,0.068399,0.679251,0.12959,0.730821,0.223913,0.0,0.117258,0.0,0.0,0.0,0.0,0.154205,0.0,0.5,0.0,0.0,1.0,0.0,1.0,0.0,0.0,0.0,0.073159,0.068807,0.0,0.091181,0.0,0.0,1.0,0.0,0.0,0.0,1.0,0.0,0.0,0.0,0.0,0.0,0.0,0.0,0.0,0.0,0.0,0.0,0.0,0.0,0.0,0.0,0.0,0.0,-3.037071,5,-0.5809918184800013,-0.3654164,-0.6723459203762873,-0.7637000222725733,-0.8550541241688593,-0.9464082260651453,-1.1291164298577172
Bank,Bank:19:task_3:MG02:2021-03-09 14:14:00,Bank:MG02:2021-03-09 14:14:00,19,task_3,2021_03_09,MG02,tomcat04,17,-0.112213,0,0.0588235294117647,2.8903717578961645,1.0,1.0,0.0,0.0,0.0,0.0,0.0,0.0,1.0,1.0,0.6931471805599453,0.0,0.0,1.0,0.0,1.0,0.0,0.382504,0.0,1.0,0.168194,0.0,0.0,0.0,0.146465,1.0,0.196681,0.0,0.0,0.0,0.227445,0.487805,0.067077,0.068399,0.679251,0.12959,0.730821,0.179639,0.0,0.092772,0.0,0.0,0.0,0.0,0.154205,0.0,0.5,0.0,0.0,1.0,0.0,1.0,0.0,0.0,0.0,0.073159,0.068807,0.0,0.091181,0.0,0.0,1.0,0.0,0.0,0.0,1.0,0.0,0.0,0.0,0.0,0.0,0.0,0.0,0.0,0.0,0.0,0.0,0.0,0.0,0.0,0.0,0.0,0.0,-3.0568342,5,-0.6161059435593256,-0.38700432,-0.7128570225226053,-0.809608101485885,-0.9063591655480036,-1.0031102594124444,-1.1966123875366814
Bank,Bank:19:task_3:MG02:2021-03-09 14:14:00,Bank:MG02:2021-03-09 14:14:00,19,task_3,2021_03_09,MG02,servicetest6,18,-0.130399,0,0.0555555555555555,2.9444389791664403,0.4106187942097241,0.684364657016207,0.0,0.0,0.0,0.0,0.0,0.0,1.0,1.0,0.6931471805599453,0.0,0.0,1.0,0.0,0.410619,0.0,0.382504,0.0,1.0,0.088889,0.0,0.0,0.0,0.146465,1.0,0.076251,0.0,0.0,0.0,0.68638,0.333836,0.111575,0.068399,0.679251,0.088687,0.730821,0.266145,0.0,0.150345,0.0,0.0,0.0,0.0,0.06332,0.0,0.5,0.0,0.0,1.0,0.0,1.0,0.0,0.0,0.0,0.081358,0.036364,0.0,0.091181,0.0,1.0,0.0,0.0,0.0,0.0,0.0,0.0,0.0,0.0,0.0,0.0,1.0,0.0,0.0,0.0,0.0,0.0,0.0,0.0,0.0,0.0,0.0,0.0,-3.38276,5,-0.688099796850486,-0.743022,-0.873855303008361,-1.059610809166236,-1.2453663302252722,-1.431121821481986,-1.8026328636000586
Bank,Bank:19:task_3:MG02:2021-03-09 14:14:00,Bank:MG02:2021-03-09 14:14:00,19,task_3,2021_03_09,MG02,servicetest7,19,-0.131844,0,0.0526315789473684,2.995732273553991,0.403593067886577,0.6726551131442952,0.0,0.0,0.0,0.0,0.0,0.0,1.0,1.0,0.6931471805599453,0.0,0.0,1.0,0.0,0.403593,0.0,0.382504,0.0,1.0,0.087944,0.0,0.0,0.0,0.146465,1.0,0.074816,0.0,0.0,0.0,0.68638,0.328124,0.109652,0.068399,0.679251,0.087169,0.730821,0.261386,0.0,0.147733,0.0,0.0,0.0,0.0,0.062236,0.0,0.5,0.0,0.0,1.0,0.0,1.0,0.0,0.0,0.0,0.081456,0.035977,0.0,0.091181,0.0,1.0,0.0,0.0,0.0,0.0,0.0,0.0,0.0,0.0,0.0,0.0,1.0,0.0,0.0,0.0,0.0,0.0,0.0,0.0,0.0,0.0,0.0,0.0,-3.38276,5,-0.6938201926497671,-0.743022,-0.8795756988076422,-1.0653312049655173,-1.2510867260245535,-1.4368422172812674,-1.8083532593993399
Bank,Bank:19:task_3:MG02:2021-03-09 14:14:00,Bank:MG02:2021-03-09 14:14:00,19,task_3,2021_03_09,MG02,servicetest8,20,-0.140055,0,0.05,3.044522437723423,0.0283175123355246,0.0471958538925411,0.0,0.0,0.0,0.0,0.0,0.0,1.0,1.0,0.6931471805599453,0.0,0.0,1.0,0.0,0.028318,0.0,0.382504,0.0,1.0,0.037449,0.0,0.0,0.0,0.146465,0.777778,0.024332,0.0,0.0,0.0,0.68638,0.023022,0.007639,0.068399,0.679251,0.006116,0.730821,0.017546,0.0,0.010211,0.0,0.0,0.0,0.0,0.004367,0.0,0.5,0.0,0.0,1.0,0.0,1.0,0.0,0.0,0.0,0.0,0.01532,0.0,0.0,0.0,1.0,0.0,0.0,0.0,0.0,0.0,0.0,0.0,0.0,0.0,0.0,1.0,0.0,0.0,0.0,0.0,0.0,0.0,0.0,0.0,0.0,0.0,0.0,-3.162897,5,-0.7263255005445058,-0.5028597,-0.8520404284562643,-0.9777553563680227,-1.1034702842797812,-1.2291852121915396,-1.4806150680150565
Bank,Bank:19:task_3:MG02:2021-03-09 14:14:00,Bank:MG02:2021-03-09 14:14:00,19,task_3,2021_03_09,MG02,servicetest5,21,-0.141048,0,0.0476190476190476,3.091042453358316,0.0233448481506955,0.0389080802511592,0.0,0.0,0.0,0.0,0.0,0.0,1.0,1.0,0.6931471805599453,0.0,0.0,1.0,0.0,0.023345,0.0,0.382504,0.0,1.0,0.03678,0.0,0.0,0.0,0.146465,0.777778,0.023316,0.0,0.0,0.0,0.68638,0.01898,0.006297,0.068399,0.679251,0.005042,0.730821,0.014456,0.0,0.008416,0.0,0.0,0.0,0.0,0.0036,0.0,0.5,0.0,0.0,1.0,0.0,1.0,0.0,0.0,0.0,6e-05,0.015046,0.0,0.0,0.0,1.0,0.0,0.0,0.0,0.0,0.0,0.0,0.0,0.0,0.0,0.0,1.0,0.0,0.0,0.0,0.0,0.0,0.0,0.0,0.0,0.0,0.0,0.0,-3.162897,5,-0.7302565407027661,-0.5028597,-0.8559714686145246,-0.981686396526283,-1.1074013244380414,-1.2331162523497998,-1.4845461081733167
Bank,Bank:19:task_3:MG02:2021-03-09 14:14:00,Bank:MG02:2021-03-09 14:14:00,19,task_3,2021_03_09,MG02,dockera1,22,-0.149663,0,0.0454545454545454,3.1354942159291497,0.0,0.0,0.0,0.0,0.0,0.0,0.0,0.0,1.0,1.0,0.6931471805599453,0.0,0.0,1.0,0.0,0.0,0.0,0.382504,0.0,1.0,0.0,0.0,0.0,0.0,0.146465,0.777778,0.016581,0.0,0.0,0.0,0.68638,0.0,0.0,0.068399,0.679251,0.0,0.730821,0.0,0.0,0.0,0.0,0.0,0.0,0.0,0.0,0.0,0.5,0.0,0.0,1.0,0.0,1.0,0.0,0.0,0.0,0.003379,0.0,0.0,0.0,0.0,1.0,0.0,0.0,0.0,0.0,0.0,0.0,0.0,0.0,0.0,0.0,0.0,0.0,0.0,0.0,0.0,0.0,0.0,0.0,0.0,0.0,0.0,0.0,-3.162897,5,-0.7643611841704526,-0.5028597,-0.890076112082211,-1.0157910399939696,-1.141505967905728,-1.2672208958174864,-1.5186507516410033
Bank,Bank:19:task_3:MG02:2021-03-09 14:14:00,Bank:MG02:2021-03-09 14:14:00,19,task_3,2021_03_09,MG02,dockera2,23,-0.149663,0,0.0434782608695652,3.1780538303479458,0.0,0.0,0.0,0.0,0.0,0.0,0.0,0.0,1.0,1.0,0.6931471805599453,0.0,0.0,1.0,0.0,0.0,0.0,0.382504,0.0,1.0,0.0,0.0,0.0,0.0,0.146465,0.777778,0.016581,0.0,0.0,0.0,0.68638,0.0,0.0,0.068399,0.679251,0.0,0.730821,0.0,0.0,0.0,0.0,0.0,0.0,0.0,0.0,0.0,0.5,0.0,0.0,1.0,0.0,1.0,0.0,0.0,0.0,0.003379,0.0,0.0,0.0,0.0,1.0,0.0,0.0,0.0,0.0,0.0,0.0,0.0,0.0,0.0,0.0,0.0,0.0,0.0,0.0,0.0,0.0,0.0,0.0,0.0,0.0,0.0,0.0,-3.162897,5,-0.7643611841704526,-0.5028597,-0.890076112082211,-1.0157910399939696,-1.141505967905728,-1.2672208958174864,-1.5186507516410033
Bank,Bank:19:task_3:MG02:2021-03-09 14:14:00,Bank:MG02:2021-03-09 14:14:00,19,task_3,2021_03_09,MG02,dockerb2,24,-0.149663,0,0.0416666666666666,3.218875824868201,0.0,0.0,0.0,0.0,0.0,0.0,0.0,0.0,1.0,1.0,0.6931471805599453,0.0,0.0,1.0,0.0,0.0,0.0,0.382504,0.0,1.0,0.0,0.0,0.0,0.0,0.146465,0.777778,0.016581,0.0,0.0,0.0,0.68638,0.0,0.0,0.068399,0.679251,0.0,0.730821,0.0,0.0,0.0,0.0,0.0,0.0,0.0,0.0,0.0,0.5,0.0,0.0,1.0,0.0,1.0,0.0,0.0,0.0,0.003379,0.0,0.0,0.0,0.0,1.0,0.0,0.0,0.0,0.0,0.0,0.0,0.0,0.0,0.0,0.0,0.0,0.0,0.0,0.0,0.0,0.0,0.0,0.0,0.0,0.0,0.0,0.0,-3.162897,5,-0.7643611841704526,-0.5028597,-0.890076112082211,-1.0157910399939696,-1.141505967905728,-1.2672208958174864,-1.5186507516410033
Bank,Bank:19:task_3:MG02:2021-03-09 14:14:00,Bank:MG02:2021-03-09 14:14:00,19,task_3,2021_03_09,MG02,servicetest1,25,-0.177863,0,0.04,3.258096538021482,0.177910939031432,0.2965182317190534,0.0,0.0,0.0,0.0,0.0,0.0,1.0,1.0,0.6931471805599453,0.0,0.0,1.0,0.0,0.177911,0.0,0.382504,0.0,1.0,0.057577,0.0,0.0,0.0,0.146465,1.0,0.028702,0.0,0.0,0.0,0.68638,0.144643,0.048132,0.068399,0.679251,0.038426,0.730821,0.112256,0.0,0.064546,0.0,0.0,0.0,0.0,0.027435,0.0,0.5,0.0,0.0,1.0,0.0,1.0,0.0,0.0,0.0,0.084595,0.023554,0.0,0.091181,0.0,1.0,0.0,0.0,0.0,0.0,0.0,0.0,0.0,0.0,0.0,0.0,1.0,0.0,0.0,0.0,0.0,0.0,0.0,0.0,0.0,0.0,0.0,0.0,-3.2719927,5,-0.8759979741633439,-0.6220278,-1.0315049277604127,-1.1870118813574815,-1.342518820053389,-1.498025788551619,-1.8090396659434342
Bank,Bank:19:task_3:MG02:2021-03-09 14:14:00,Bank:MG02:2021-03-09 14:14:00,19,task_3,2021_03_09,MG02,servicetest3,26,-0.182287,0,0.0384615384615384,3.295836866004329,0.1560182003651398,0.2600303339418998,0.0,0.0,0.0,0.0,0.0,0.0,1.0,1.0,0.6931471805599453,0.0,0.0,1.0,0.0,0.156018,0.0,0.382504,0.0,1.0,0.054632,0.0,0.0,0.0,0.146465,1.0,0.024229,0.0,0.0,0.0,0.68638,0.126844,0.042191,0.068399,0.679251,0.033697,0.730821,0.098185,0.0,0.056553,0.0,0.0,0.0,0.0,0.024059,0.0,0.5,0.0,0.0,1.0,0.0,1.0,0.0,0.0,0.0,0.0849,0.022349,0.0,0.091181,0.0,1.0,0.0,0.0,0.0,0.0,0.0,0.0,0.0,0.0,0.0,0.0,1.0,0.0,0.0,0.0,0.0,0.0,0.0,0.0,0.0,0.0,0.0,0.0,-3.2719927,5,-0.8935114904374061,-0.6220278,-1.0490184440344748,-1.2045253976315435,-1.3600323363274511,-1.515539304825681,-1.8265531822174963
Bank,Bank:19:task_3:MG02:2021-03-09 14:14:00,Bank:MG02:2021-03-09 14:14:00,19,task_3,2021_03_09,MG02,servicetest2,27,-0.191798,0,0.037037037037037,3.332204510175204,0.1088278449276164,0.1813797415460273,0.0,0.0,0.0,0.0,0.0,0.0,1.0,1.0,0.6931471805599453,0.0,0.0,1.0,0.0,0.108828,0.0,0.382504,0.0,1.0,0.048282,0.0,0.0,0.0,0.146465,1.0,0.014586,0.0,0.0,0.0,0.68638,0.088478,0.029403,0.068399,0.679251,0.023505,0.730821,0.068099,0.0,0.039372,0.0,0.0,0.0,0.0,0.016782,0.0,0.5,0.0,0.0,1.0,0.0,1.0,0.0,0.0,0.0,0.085556,0.019752,0.0,0.091181,0.0,1.0,0.0,0.0,0.0,0.0,0.0,0.0,0.0,0.0,0.0,0.0,1.0,0.0,0.0,0.0,0.0,0.0,0.0,0.0,0.0,0.0,0.0,0.0,-3.2719927,5,-0.9311631751757886,-0.6220278,-1.0866701287728575,-1.2421770823699263,-1.397684021065834,-1.5531909895640639,-1.864204866955879
Bank,Bank:19:task_3:MG02:2021-03-09 14:14:00,Bank:MG02:2021-03-09 14:14:00,19,task_3,2021_03_09,MG02,servicetest11,28,-0.200575,0,0.0357142857142857,3.367295829986474,0.0651280979136698,0.1085468298561163,0.0,0.0,0.0,0.0,0.0,0.0,1.0,1.0,0.6931471805599453,0.0,0.0,1.0,0.0,0.065128,0.0,0.382504,0.0,1.0,0.042402,0.0,0.0,0.0,0.146465,1.0,0.005657,0.0,0.0,0.0,0.68638,0.05295,0.017581,0.068399,0.679251,0.014067,0.730821,0.040538,0.0,0.02352,0.0,0.0,0.0,0.0,0.010043,0.0,0.5,0.0,0.0,1.0,0.0,1.0,0.0,0.0,0.0,0.086164,0.017346,0.0,0.091181,0.0,1.0,0.0,0.0,0.0,0.0,0.0,0.0,0.0,0.0,0.0,0.0,1.0,0.0,0.0,0.0,0.0,0.0,0.0,0.0,0.0,0.0,0.0,0.0,-3.2719927,5,-0.9659091363732216,-0.6220278,-1.1214160899702903,-1.276923043567359,-1.4324299822632667,-1.5879369507614967,-1.8989508281533118
Bank,Bank:19:task_3:MG02:2021-03-09 14:14:00,Bank:MG02:2021-03-09 14:14:00,19,task_3,2021_03_09,MG02,servicetest4,29,-0.20612,0,0.0344827586206896,3.4011973816621555,0.0374434513218728,0.0624057522031214,0.0,0.0,0.0,0.0,0.0,0.0,1.0,1.0,0.6931471805599453,0.0,0.0,1.0,0.0,0.037443,0.0,0.382504,0.0,1.0,0.038677,0.0,0.0,0.0,0.146465,1.0,0.0,0.0,0.0,0.0,0.68638,0.030442,0.010102,0.068399,0.679251,0.008087,0.730821,0.023227,0.0,0.013507,0.0,0.0,0.0,0.0,0.005774,0.0,0.5,0.0,0.0,1.0,0.0,1.0,0.0,0.0,0.0,0.086549,0.015822,0.0,0.091181,0.0,1.0,0.0,0.0,0.0,0.0,0.0,0.0,0.0,0.0,0.0,0.0,1.0,0.0,0.0,0.0,0.0,0.0,0.0,0.0,0.0,0.0,0.0,0.0,-3.2197618,5,-0.987860412987072,-0.56497467,-1.1291040793975182,-1.2703477458079644,-1.4115914122184106,-1.5528350786288567,-1.835322411449749
