system,query_id,fold_key,query_index,task_index,telemetry_date,ground_truth,object_id,base_rank,base_score,label,rank_recip,rank_log,anomaly_score,metric_score,log_score,trace_score,change_score,degree_in,degree_out,degree_total,is_isolated,member_count,member_log,incoming_mass,topological_mass,has_earliest,earliest_offset,noise_local_noise,noise_resonance_mass,noise_source_signal,noise_reverb_mass,noise_unexplained_residual,noise_collapse_gain,noise_collapse_recovery_score,noise_exclusive_explanation,noise_temporal_source_score,noise_multi_lead_consistency,noise_hotspot_bias,noise_root_source_score,structure_upstream_context,structure_downstream_context,structure_temporal_lead,structure_mechanism_focus,structure_propagation_signature,structure_source_likelihood,structure_symptom_likelihood,structure_structural_uniqueness,structure_propagation_role_score,structure_hard_negative_resistance,structure_multi_view_consistency,structure_topological_eccentricity,structure_structural_score,delay_source_time_consistency,delay_average_delay_gain,delay_observer_coverage,delay_reverse_penalty,beam_beamformed_explanation,beam_directional_focus,beam_offbeam_penalty,beam_mechanism_coherence,subspace_local_residual_source_energy,subspace_sector_source_ratio,subspace_sector_reverb_ratio,subspace_residual_distinctiveness,subspace_local_common_mode_alignment,subspace_replaceability,subspace_sector_size,mask_gated_reverb_penalty,mask_source_protection,mask_replaceability_penalty,mask_local_hub_pressure,reason_cpu,reason_memory,reason_disk,reason_db,reason_network,reason_process,prefix_tomcat,prefix_mg,prefix_ig,prefix_apache,prefix_mysql,prefix_redis,prefix_servicetest,prefix_node,prefix_adservice,prefix_frontend,prefix_checkoutservice,prefix_shippingservice,prefix_paymentservice,prefix_recommendationservice,prefix_emailservice,prefix_currencyservice,prefix_productcatalogservice,prefix_cartservice,ltr_score,fold,base_z,ltr_z,blend_a0p25,blend_a0p5,blend_a0p75,blend_a1,blend_a1p5
Bank,Bank:1:task_6:Redis02:2021-03-04 18:09:00,Bank:Redis02:2021-03-04 18:09:00,1,task_6,2021_03_04,Redis02,tomcat02,1,0.684805,0,1.0,0.6931471805599453,1.0,1.0,0.3773584905660377,0.0,0.0,0.0,5.0,5.0,0.0,1.0,0.6931471805599453,0.0,2.248503640106686,1.0,-0.0613888888888888,1.0,0.554296,0.323336,0.16194,0.83806,0.602645,0.892258,1.0,1.0,1.0,0.507988,0.928877,0.0,0.449701,1.0,0.105762,0.658936,0.826663,0.0,0.86272,1.0,0.0,0.487292,1.0,1.0,0.768939,1.0,0.6,0.0,0.497742,0.213084,0.0,0.755726,0.0,0.0,1.0,0.783647,1.0,0.998866,1.0,0.426325,0.785631,0.999376,0.409687,0.0,0.0,1.0,0.0,0.0,0.0,1.0,0.0,0.0,0.0,0.0,0.0,0.0,0.0,0.0,0.0,0.0,0.0,0.0,0.0,0.0,0.0,0.0,0.0,1.5917104,1,2.1133063029535464,3.223692,2.9192292880304507,3.725152273107355,4.531075258184259,5.336998243261164,6.948844213414972
Bank,Bank:1:task_6:Redis02:2021-03-04 18:09:00,Bank:Redis02:2021-03-04 18:09:00,1,task_6,2021_03_04,Redis02,ig01,2,0.64084,0,0.5,1.0986122886681096,0.9056603773584906,1.0,0.0,0.0,0.0,0.0,5.0,5.0,0.0,1.0,0.6931471805599453,0.0,3.072064684169062,1.0,0.0,0.90566,0.600913,0.103835,0.735849,0.264151,1.0,0.813635,0.925263,0.8,0.624914,0.386338,0.932206,0.0,0.614413,0.8,0.647443,0.748387,0.846365,0.126614,0.834287,0.895731,0.511528,0.773387,1.0,0.923056,0.889197,0.0,1.0,0.0,1.0,0.385188,0.8,0.901223,0.0,0.0,1.0,0.187431,1.0,0.0,1.0,0.18579,0.947429,0.45,0.338859,0.0,0.0,1.0,0.0,0.0,0.0,0.0,0.0,1.0,0.0,0.0,0.0,0.0,0.0,0.0,0.0,0.0,0.0,0.0,0.0,0.0,0.0,0.0,0.0,-1.8526713,1,1.9258783144804437,0.5811468,2.071165008649488,2.2164517028185324,2.361738411888738,2.5070250911566214,2.797598509297033
Bank,Bank:1:task_6:Redis02:2021-03-04 18:09:00,Bank:Redis02:2021-03-04 18:09:00,1,task_6,2021_03_04,Redis02,tomcat04,3,0.517473,0,0.3333333333333333,1.3862943611198906,1.0,1.0,0.3773584905660377,0.0,0.0,1.0,0.0,1.0,0.0,1.0,0.6931471805599453,1.0,0.0,1.0,-0.0697222222222222,1.0,0.0,0.706541,0.0,1.0,0.128266,0.0,1.0,1.0,0.087165,0.222222,0.509329,0.256751,0.0,1.0,0.0,0.493482,0.654304,0.303702,0.685379,0.442303,0.664957,0.367462,0.928571,0.682128,0.450891,0.0,0.0,0.0,0.112467,0.0,0.0,0.0,0.0,1.0,0.0,1.0,0.0,0.0,0.0,0.135817,0.284052,0.0,0.29817,0.0,0.0,1.0,0.0,0.0,0.0,1.0,0.0,0.0,0.0,0.0,0.0,0.0,0.0,0.0,0.0,0.0,0.0,0.0,0.0,0.0,0.0,0.0,0.0,-1.1317812,1,1.3999502204519831,1.1342168,1.6835044168097102,1.9670586131674372,2.2506128095251645,2.5341670058828916,3.1012753985983457
Bank,Bank:1:task_6:Redis02:2021-03-04 18:09:00,Bank:Redis02:2021-03-04 18:09:00,1,task_6,2021_03_04,Redis02,tomcat03,4,0.464044,0,0.25,1.6094379124341005,1.0,1.0,0.3773584905660377,0.0,0.0,2.0,3.0,5.0,0.0,1.0,0.6931471805599453,1.8113207547169807,1.1664043068105714,1.0,-0.0333333333333333,1.0,0.290242,0.752411,0.161732,0.838268,0.687523,0.737508,0.0,1.0,0.12276,0.414542,0.78345,0.465058,0.388801,1.0,0.05937,0.61789,0.729391,0.455306,0.355842,0.614717,0.664957,0.448131,0.928571,0.618706,0.929173,0.84041,0.8,0.0,0.837423,0.538715,0.0,0.842763,0.0,0.0,1.0,0.842487,1.0,1.0,1.0,0.465821,1.0,1.0,0.744474,0.0,0.0,1.0,0.0,0.0,0.0,1.0,0.0,0.0,0.0,0.0,0.0,0.0,0.0,0.0,0.0,0.0,0.0,0.0,0.0,0.0,0.0,0.0,0.0,-0.22372608,1,1.1721760820207445,1.8308808,1.6298962723073809,2.087616462594017,2.5453366826829757,3.0030568431672897,3.918497283345207
Bank,Bank:1:task_6:Redis02:2021-03-04 18:09:00,Bank:Redis02:2021-03-04 18:09:00,1,task_6,2021_03_04,Redis02,mg02,5,0.392662,0,0.2,1.791759469228055,0.9056603773584906,1.0,0.0,0.0,0.0,3.0,5.0,8.0,0.0,1.0,0.6931471805599453,1.1664043068105714,3.3222148286539137,1.0,0.0,0.90566,0.883672,0.472245,0.583038,0.416962,0.786107,0.904397,0.0,1.0,0.031142,0.48691,0.902897,0.299475,0.664443,1.0,0.43214,0.801027,0.860785,0.585068,0.0,0.764048,0.977454,0.705207,0.785714,0.573136,1.0,0.0,0.9,0.0,0.847197,0.361875,0.0,0.805491,0.0,0.0,1.0,0.152386,1.0,0.0,1.0,0.240762,0.89085,0.45,0.457779,0.0,0.0,1.0,0.0,0.0,0.0,0.0,1.0,0.0,0.0,0.0,0.0,0.0,0.0,0.0,0.0,0.0,0.0,0.0,0.0,0.0,0.0,0.0,0.0,-3.3779602,1,0.8678661838474925,-0.5890617,0.720600764483517,0.5733353451195414,0.4260699406567271,0.2788045063915904,-0.015726302534038283
Bank,Bank:1:task_6:Redis02:2021-03-04 18:09:00,Bank:Redis02:2021-03-04 18:09:00,1,task_6,2021_03_04,Redis02,apache01,6,0.388181,0,0.1666666666666666,1.9459101490553128,0.8882968885832869,1.0,0.0,0.0,0.0,7.0,1.0,8.0,0.0,1.0,0.6931471805599453,3.776918701587989,0.7290639226516995,1.0,0.0,0.888297,0.193923,0.093452,0.928707,0.071293,0.344804,0.779033,0.0,1.0,0.043599,0.183771,0.363853,0.969726,0.729064,1.0,1.0,0.888268,1.0,0.632547,0.992443,0.811703,0.765531,1.0,0.642857,0.790256,1.0,0.0,0.5,0.0,0.428882,1.0,0.0,0.757446,0.0,0.0,1.0,0.447756,1.0,0.0,0.833333,0.32204,0.691096,0.45,0.536531,0.0,0.0,1.0,0.0,0.0,0.0,0.0,0.0,0.0,1.0,0.0,0.0,0.0,0.0,0.0,0.0,0.0,0.0,0.0,0.0,0.0,0.0,0.0,0.0,-2.258215,1,0.8487631515184131,0.27001187,0.9162661195316997,0.9837690875449863,1.0512720481076923,1.1187750235715594,1.2537809446969714
Bank,Bank:1:task_6:Redis02:2021-03-04 18:09:00,Bank:Redis02:2021-03-04 18:09:00,1,task_6,2021_03_04,Redis02,mg01,7,0.376356,0,0.1428571428571428,2.079441541679836,0.9056603773584906,1.0,0.0,0.0,0.0,3.0,7.0,10.0,0.0,1.0,0.6931471805599453,2.811320754716981,3.759555212812786,1.0,0.0,0.90566,1.0,0.608788,0.444098,0.555902,0.789364,0.943151,0.0,0.9,0.0,0.406452,1.0,0.721809,0.537079,0.9,0.204122,0.710076,0.716055,0.549888,0.817176,0.599341,1.0,0.559066,0.892857,0.603394,1.0,0.0,0.8,0.403904,0.954764,0.268546,0.054225,0.8482,0.0,0.0,1.0,0.073754,1.0,0.0,1.0,0.30152,0.83882,0.45,0.588864,0.0,0.0,1.0,0.0,0.0,0.0,0.0,1.0,0.0,0.0,0.0,0.0,0.0,0.0,0.0,0.0,0.0,0.0,0.0,0.0,0.0,0.0,0.0,0.0,-2.713892,1,0.7983517796613806,-0.07958557,0.7784553878821963,0.7585589961030119,0.7386626043238276,0.7187662125446432,0.6789734289862746
Bank,Bank:1:task_6:Redis02:2021-03-04 18:09:00,Bank:Redis02:2021-03-04 18:09:00,1,task_6,2021_03_04,Redis02,redis02,8,0.341069,1,0.125,2.19722457733622,0.9056603773584906,1.0,0.0,0.0,0.0,5.0,3.0,8.0,0.0,1.0,0.6931471805599453,2.7763637216100063,1.7122554138544783,1.0,0.0,0.90566,0.455441,0.546453,0.556942,0.443058,0.513372,0.852411,0.0,1.0,0.038927,0.324968,0.653785,0.712833,0.570752,1.0,0.203452,0.742866,0.757986,0.559676,0.804378,0.714457,0.912255,0.570674,0.714286,0.62818,1.0,0.0,0.7,0.0,0.610955,0.492185,0.0,0.771311,0.0,0.0,1.0,0.171952,1.0,0.0,1.0,0.311354,0.727597,0.45,0.534148,0.0,0.0,1.0,0.0,0.0,0.0,0.0,0.0,0.0,0.0,0.0,1.0,0.0,0.0,0.0,0.0,0.0,0.0,0.0,0.0,0.0,0.0,0.0,0.0,-3.3081532,1,0.6479191302982421,-0.53550535,0.5140427916971297,0.3801664530960174,0.24629009959374382,0.11241377589379264,-0.15533893111075447
Bank,Bank:1:task_6:Redis02:2021-03-04 18:09:00,Bank:Redis02:2021-03-04 18:09:00,1,task_6,2021_03_04,Redis02,ig02,9,0.331588,0,0.1111111111111111,2.302585092994046,0.7290639226516995,1.0,0.0,0.0,0.0,5.0,4.0,9.0,0.0,1.0,0.6931471805599453,3.498811283360705,1.2485036401066856,1.0,0.0,0.729064,0.332088,0.79382,0.299683,0.700317,0.279292,1.0,0.348769,1.0,0.045297,0.189567,0.602114,0.898322,0.312126,1.0,0.246508,0.57367,0.670997,0.475542,0.978731,0.575097,0.664957,0.508534,0.607143,0.662771,1.0,0.0,0.4,0.0,0.294348,0.203689,0.0,0.649764,0.0,0.0,1.0,0.055324,1.0,0.0,0.666667,0.377084,0.508398,0.45,0.550911,0.0,0.0,1.0,0.0,0.0,0.0,0.0,0.0,1.0,0.0,0.0,0.0,0.0,0.0,0.0,0.0,0.0,0.0,0.0,0.0,0.0,0.0,0.0,0.0,-3.268548,1,0.6075005073319396,-0.50512016,0.4812204677830657,0.3549404282341918,0.2286603886853179,0.102380349136444,-0.1501797299613038
Bank,Bank:1:task_6:Redis02:2021-03-04 18:09:00,Bank:Redis02:2021-03-04 18:09:00,1,task_6,2021_03_04,Redis02,servicetest5,10,0.318967,0,0.1,2.3978952727983707,0.1410210310619817,0.2350350517699695,0.0,0.0,0.0,5.0,0.0,5.0,0.0,1.0,0.6931471805599453,2.836546531696404,0.0,1.0,0.0,0.141021,0.0,1.0,0.0,1.0,0.040332,0.0,0.173704,0.8,0.038058,0.0,0.313765,0.728285,0.0,0.8,0.487579,0.115986,0.354931,0.444076,0.90936,0.146758,0.664957,0.347843,0.428571,0.496523,0.450891,0.0,0.0,0.4,0.01586,0.0,0.0,0.0,0.0,1.0,0.0,1.0,0.0,0.0,0.0,0.158244,0.247323,0.0,0.333853,0.0,1.0,0.0,0.0,0.0,0.0,0.0,0.0,0.0,0.0,0.0,0.0,1.0,0.0,0.0,0.0,0.0,0.0,0.0,0.0,0.0,0.0,0.0,0.0,-3.3680732,1,0.5536956934454611,-0.58147633,0.4083266107561758,0.26295752806689054,0.11758844537760527,-0.027780637311680012,-0.31851880269025057
Bank,Bank:1:task_6:Redis02:2021-03-04 18:09:00,Bank:Redis02:2021-03-04 18:09:00,1,task_6,2021_03_04,Redis02,mysql01,11,0.318185,0,0.0909090909090909,2.4849066497880004,0.9056603773584906,1.0,0.0,0.0,0.0,1.0,4.0,5.0,0.0,1.0,0.6931471805599453,0.9056603773584906,2.166404306810572,1.0,0.0,0.90566,0.360018,0.199969,0.744811,0.255189,0.8463,0.783842,0.0,0.8,0.062284,0.305353,0.687334,0.232529,0.541601,0.8,0.498572,0.713417,0.738314,0.527562,0.282592,0.541207,0.838776,0.689101,0.964286,0.58461,0.875518,0.0,0.9,0.0,0.897127,0.440555,1.0,0.846166,0.0,0.0,1.0,0.309653,1.0,0.0,1.0,0.293095,0.886203,0.45,0.602242,0.0,0.0,1.0,0.0,0.0,0.0,0.0,0.0,0.0,0.0,1.0,0.0,0.0,0.0,0.0,0.0,0.0,0.0,0.0,0.0,0.0,0.0,0.0,0.0,-1.5342494,1,0.5503619350697994,0.8254414,0.7567222900893688,0.9630826451089382,1.1694430150296689,1.375803355148077,1.7885240949895382
Bank,Bank:1:task_6:Redis02:2021-03-04 18:09:00,Bank:Redis02:2021-03-04 18:09:00,1,task_6,2021_03_04,Redis02,redis01,12,0.233577,0,0.0833333333333333,2.5649493574615367,0.7042990374409446,1.0,0.0,0.0,0.0,4.0,4.0,8.0,0.0,1.0,0.6931471805599453,2.072064684169062,2.617915791212969,1.0,0.0,0.704299,0.696337,0.30653,0.762163,0.237837,0.643273,0.886982,0.0,1.0,0.035591,0.421138,0.685743,0.532004,0.654479,1.0,0.134814,0.779217,0.766018,0.586753,0.313041,0.754314,0.952771,0.55529,0.75,0.55402,1.0,0.0,0.8,0.0,0.433643,0.285088,0.0,0.558953,0.0,0.0,1.0,0.0,1.0,0.0,1.0,0.301192,0.753839,0.45,0.525854,0.0,0.0,0.0,1.0,0.0,0.0,0.0,0.0,0.0,0.0,0.0,1.0,0.0,0.0,0.0,0.0,0.0,0.0,0.0,0.0,0.0,0.0,0.0,0.0,-2.3964608,1,0.1896680365429649,0.16394907,0.23065530463321302,0.27164257272346115,0.31262984081370926,0.35361710890395737,0.4355916450844536
Bank,Bank:1:task_6:Redis02:2021-03-04 18:09:00,Bank:Redis02:2021-03-04 18:09:00,1,task_6,2021_03_04,Redis02,servicetest4,13,0.17509,0,0.0769230769230769,2.639057329615259,0.1778478116507089,0.2964130194178483,0.0,0.0,0.0,4.0,6.0,10.0,0.0,1.0,0.6931471805599453,3.716981132075472,3.5817074011620766,1.0,0.0,0.177848,0.952694,0.0,1.0,0.0,0.674321,0.940806,0.0,0.9,0.015571,0.443297,0.616197,0.954337,0.596951,0.9,0.487579,0.480733,0.704904,0.578805,0.989183,0.554965,0.991836,0.560201,0.857143,0.607338,1.0,0.0,0.7,0.302928,0.521842,0.266732,0.0,0.726149,0.0,0.0,1.0,0.032968,1.0,0.0,1.0,0.337119,0.749672,0.45,0.617319,0.0,1.0,0.0,0.0,0.0,0.0,0.0,0.0,0.0,0.0,0.0,0.0,1.0,0.0,0.0,0.0,0.0,0.0,0.0,0.0,0.0,0.0,0.0,0.0,-2.9683647,1,-0.05966895337688872,-0.27481818,-0.128373498874783,-0.19707804437267729,-0.2657825898705716,-0.33448713536846586,-0.47189622636425443
Bank,Bank:1:task_6:Redis02:2021-03-04 18:09:00,Bank:Redis02:2021-03-04 18:09:00,1,task_6,2021_03_04,Redis02,mysql02,14,0.163322,0,0.0714285714285714,2.70805020110221,0.9056603773584906,1.0,0.0,0.0,0.0,2.0,3.0,5.0,0.0,1.0,0.6931471805599453,1.7290639226516995,0.342843262748195,1.0,0.0,0.90566,0.091193,0.801115,0.08833,0.91167,0.166339,1.0,0.0,0.8,0.03079,0.059672,0.530602,0.443938,0.114281,0.8,0.483862,0.468804,0.508375,0.471926,0.545361,0.287701,0.664957,0.54321,0.535714,0.531877,1.0,0.0,0.3,1.0,0.143387,0.169101,0.0,0.4375,0.0,0.0,1.0,0.300723,1.0,0.0,0.5,0.451763,0.513096,0.45,0.728895,0.0,0.0,1.0,0.0,0.0,0.0,0.0,0.0,0.0,0.0,1.0,0.0,0.0,0.0,0.0,0.0,0.0,0.0,0.0,0.0,0.0,0.0,0.0,0.0,-3.307468,1,-0.10983732750065703,-0.5349797,-0.24358225276120085,-0.37732717802174465,-0.5110721032822885,-0.6448170285428323,-0.9123068790639199
Bank,Bank:1:task_6:Redis02:2021-03-04 18:09:00,Bank:Redis02:2021-03-04 18:09:00,1,task_6,2021_03_04,Redis02,servicetest8,15,0.151385,0,0.0666666666666666,2.772588722239781,0.0948946026194919,0.1581576710324865,0.0,0.0,0.0,6.0,2.0,8.0,0.0,1.0,0.6931471805599453,3.6820240989684967,1.6173608112349864,1.0,0.0,0.094895,0.4302,0.0,1.0,0.0,0.401728,0.847524,0.0,1.0,0.041523,0.340577,0.297079,0.945362,0.80868,1.0,0.487579,0.576692,0.777384,0.658021,0.983659,0.750808,0.85037,0.609613,0.678571,0.626202,1.0,0.0,0.6,0.0,0.264303,0.424231,0.0,0.723374,0.0,0.0,1.0,0.067882,1.0,0.0,1.0,0.372326,0.61931,0.45,0.613058,0.0,1.0,0.0,0.0,0.0,0.0,0.0,0.0,0.0,0.0,0.0,0.0,1.0,0.0,0.0,0.0,0.0,0.0,0.0,0.0,0.0,0.0,0.0,0.0,-3.3052545,1,-0.16072616858796349,-0.5332815,-0.2940465448649334,-0.42736692114190333,-0.560687282517712,-0.6940076736958432,-0.9606483964474606
Bank,Bank:1:task_6:Redis02:2021-03-04 18:09:00,Bank:Redis02:2021-03-04 18:09:00,1,task_6,2021_03_04,Redis02,servicetest6,16,0.145343,0,0.0625,2.833213344056216,0.0828961178013718,0.1381601963356197,0.0,0.0,0.0,5.0,5.0,10.0,0.0,1.0,0.6931471805599453,3.894828943726181,3.498811283360705,1.0,0.0,0.082896,0.930645,0.0,1.0,0.0,0.649143,0.939645,0.0,0.9,0.024914,0.48691,0.576206,1.0,0.699762,0.9,0.487579,0.48205,0.700637,0.624464,1.0,0.591543,0.977454,0.56093,0.821429,0.58794,1.0,0.0,0.6,0.242343,0.504308,0.279357,0.0,0.68623,0.0,0.0,1.0,0.007938,1.0,0.0,1.0,0.360029,0.703178,0.45,0.642299,0.0,1.0,0.0,0.0,0.0,0.0,0.0,0.0,0.0,0.0,0.0,0.0,1.0,0.0,0.0,0.0,0.0,0.0,0.0,0.0,0.0,0.0,0.0,0.0,-3.4372077,1,-0.18648392831398386,-0.6345166,-0.34511307751251596,-0.5037422267110481,-0.6623713759095802,-0.8210005251081123,-1.1382588235051765
Bank,Bank:1:task_6:Redis02:2021-03-04 18:09:00,Bank:Redis02:2021-03-04 18:09:00,1,task_6,2021_03_04,Redis02,servicetest3,17,0.101115,0,0.0588235294117647,2.8903717578961645,0.1532763438639277,0.2554605731065463,0.0,0.0,0.0,4.0,1.0,5.0,0.0,1.0,0.6931471805599453,2.683270187832476,0.1410210310619817,1.0,0.0,0.153276,0.03751,0.44861,0.644031,0.355969,0.058001,1.0,0.0,0.8,0.036039,0.021931,0.177239,0.688931,0.141021,0.8,0.487579,0.216334,0.405526,0.493493,0.849623,0.225057,0.664957,0.402814,0.464286,0.497192,1.0,0.0,0.1,0.5,0.048298,0.307456,0.0,1.0,0.0,0.0,1.0,0.377918,1.0,0.0,0.166667,0.447295,0.437231,0.45,0.666355,0.0,1.0,0.0,0.0,0.0,0.0,0.0,0.0,0.0,0.0,0.0,0.0,1.0,0.0,0.0,0.0,0.0,0.0,0.0,0.0,0.0,0.0,0.0,0.0,-3.241466,1,-0.3750331168546046,-0.48434272,-0.49611879787581814,-0.6172044788970317,-0.7382901673688258,-0.8593758409394587,-1.101547217883047
Bank,Bank:1:task_6:Redis02:2021-03-04 18:09:00,Bank:Redis02:2021-03-04 18:09:00,1,task_6,2021_03_04,Redis02,apache02,18,0.065491,0,0.0555555555555555,2.9444389791664403,0.9056603773584906,1.0,0.0,0.0,0.0,0.0,0.0,0.0,1.0,1.0,0.6931471805599453,0.0,0.0,1.0,0.0,0.90566,0.0,0.382504,0.0,1.0,0.124827,0.0,0.0,0.5,0.062284,1.0,0.158385,0.0,0.0,0.5,0.290342,0.493482,0.118912,0.136591,0.923072,0.324928,0.837579,0.385508,0.0,0.501135,0.450891,0.0,0.0,0.0,0.101857,0.0,0.0,0.0,0.0,1.0,0.0,1.0,0.0,0.0,0.0,0.03259,0.282616,0.0,0.078818,1.0,0.0,0.0,0.0,0.0,0.0,0.0,0.0,0.0,1.0,0.0,0.0,0.0,0.0,0.0,0.0,0.0,0.0,0.0,0.0,0.0,0.0,0.0,0.0,-3.5779347,1,-0.5269024370266918,-0.742483,-0.7125231919838909,-0.89814394694109,-1.0837646720959668,-1.2693854568554883,-1.6406269071652417
Bank,Bank:1:task_6:Redis02:2021-03-04 18:09:00,Bank:Redis02:2021-03-04 18:09:00,1,task_6,2021_03_04,Redis02,dockera1,19,0.055666,0,0.0526315789473684,2.995732273553991,0.9056603773584906,1.0,0.0,0.0,0.0,0.0,0.0,0.0,1.0,1.0,0.6931471805599453,0.0,0.0,1.0,0.0666666666666666,0.90566,0.0,0.382504,0.0,1.0,0.124827,0.0,0.0,0.5,0.062284,1.0,0.158385,0.0,0.0,0.5,0.168033,0.493482,0.087649,0.136591,0.923072,0.324928,0.837579,0.333545,0.0,0.481239,0.450891,0.0,0.0,0.0,0.101857,0.0,0.0,0.0,0.0,1.0,0.0,1.0,0.0,0.0,0.0,0.03259,0.282616,0.0,0.078818,0.0,1.0,0.0,0.0,0.0,0.0,0.0,0.0,0.0,0.0,0.0,0.0,0.0,0.0,0.0,0.0,0.0,0.0,0.0,0.0,0.0,0.0,0.0,0.0,-1.6470929,1,-0.5687875726288352,0.7388674,-0.38407072210965487,-0.19935387159047457,-0.014636991268971888,0.17007982944788602,0.5395135900908914
Bank,Bank:1:task_6:Redis02:2021-03-04 18:09:00,Bank:Redis02:2021-03-04 18:09:00,1,task_6,2021_03_04,Redis02,dockera2,20,0.034872,0,0.05,3.044522437723423,0.0,0.0,0.0,0.0,0.0,0.0,0.0,0.0,1.0,1.0,0.6931471805599453,0.0,0.0,1.0,0.0,0.0,0.0,0.382504,0.0,1.0,0.0,0.0,0.0,0.5,0.062284,0.777778,0.01341,0.0,0.0,0.5,0.487579,0.0,0.0,0.136591,0.923072,0.184079,0.837579,0.170231,0.0,0.424029,0.450891,0.0,0.0,0.0,0.0,0.0,0.0,0.0,0.0,1.0,0.0,1.0,0.0,0.0,0.0,0.0,0.230477,0.0,0.0,0.0,1.0,0.0,0.0,0.0,0.0,0.0,0.0,0.0,0.0,0.0,0.0,0.0,0.0,0.0,0.0,0.0,0.0,0.0,0.0,0.0,0.0,0.0,0.0,-3.2334595,1,-0.6574348509709187,-0.47820005,-0.7769848630229779,-0.896534875075037,-1.0160848796765156,-1.1356348991791554,-1.3747349083821125
Bank,Bank:1:task_6:Redis02:2021-03-04 18:09:00,Bank:Redis02:2021-03-04 18:09:00,1,task_6,2021_03_04,Redis02,dockerb1,21,0.034872,0,0.0476190476190476,3.091042453358316,0.0,0.0,0.0,0.0,0.0,0.0,0.0,0.0,1.0,1.0,0.6931471805599453,0.0,0.0,1.0,0.0,0.0,0.0,0.382504,0.0,1.0,0.0,0.0,0.0,0.5,0.062284,0.777778,0.01341,0.0,0.0,0.5,0.487579,0.0,0.0,0.136591,0.923072,0.184079,0.837579,0.170231,0.0,0.424029,0.450891,0.0,0.0,0.0,0.0,0.0,0.0,0.0,0.0,1.0,0.0,1.0,0.0,0.0,0.0,0.0,0.230477,0.0,0.0,0.0,1.0,0.0,0.0,0.0,0.0,0.0,0.0,0.0,0.0,0.0,0.0,0.0,0.0,0.0,0.0,0.0,0.0,0.0,0.0,0.0,0.0,0.0,0.0,-3.2334595,1,-0.6574348509709187,-0.47820005,-0.7769848630229779,-0.896534875075037,-1.0160848796765156,-1.1356348991791554,-1.3747349083821125
Bank,Bank:1:task_6:Redis02:2021-03-04 18:09:00,Bank:Redis02:2021-03-04 18:09:00,1,task_6,2021_03_04,Redis02,dockerb2,22,0.034872,0,0.0454545454545454,3.1354942159291497,0.0,0.0,0.0,0.0,0.0,0.0,0.0,0.0,1.0,1.0,0.6931471805599453,0.0,0.0,1.0,0.0,0.0,0.0,0.382504,0.0,1.0,0.0,0.0,0.0,0.5,0.062284,0.777778,0.01341,0.0,0.0,0.5,0.487579,0.0,0.0,0.136591,0.923072,0.184079,0.837579,0.170231,0.0,0.424029,0.450891,0.0,0.0,0.0,0.0,0.0,0.0,0.0,0.0,1.0,0.0,1.0,0.0,0.0,0.0,0.0,0.230477,0.0,0.0,0.0,1.0,0.0,0.0,0.0,0.0,0.0,0.0,0.0,0.0,0.0,0.0,0.0,0.0,0.0,0.0,0.0,0.0,0.0,0.0,0.0,0.0,0.0,0.0,-3.2334595,1,-0.6574348509709187,-0.47820005,-0.7769848630229779,-0.896534875075037,-1.0160848796765156,-1.1356348991791554,-1.3747349083821125
Bank,Bank:1:task_6:Redis02:2021-03-04 18:09:00,Bank:Redis02:2021-03-04 18:09:00,1,task_6,2021_03_04,Redis02,servicetest9,23,0.012423,0,0.0434782608695652,3.1780538303479458,0.2512781178951139,0.4187968631585231,0.0,0.0,0.0,0.0,0.0,0.0,1.0,1.0,0.6931471805599453,0.0,0.0,1.0,0.0,0.251278,0.0,0.382504,0.0,1.0,0.054145,0.0,0.0,0.5,0.062284,1.0,0.037851,0.0,0.0,0.5,0.487579,0.206669,0.070076,0.136591,0.923072,0.243066,0.837579,0.28687,0.0,0.468636,0.450891,0.0,0.0,0.0,0.02826,0.0,0.0,0.0,0.0,1.0,0.0,1.0,0.0,0.0,0.0,0.035635,0.253093,0.0,0.078818,0.0,1.0,0.0,0.0,0.0,0.0,0.0,0.0,0.0,0.0,0.0,0.0,1.0,0.0,0.0,0.0,0.0,0.0,0.0,0.0,0.0,0.0,0.0,0.0,-3.5959,1,-0.753137589813923,-0.75626606,-0.9422041041867486,-1.1312706185595742,-1.3203371180312387,-1.5094036473052255,-1.8875366462485543
Bank,Bank:1:task_6:Redis02:2021-03-04 18:09:00,Bank:Redis02:2021-03-04 18:09:00,1,task_6,2021_03_04,Redis02,servicetest7,24,0.006373,0,0.0416666666666666,3.218875824868201,0.2106174299007563,0.3510290498345938,0.0,0.0,0.0,0.0,0.0,0.0,1.0,1.0,0.6931471805599453,0.0,0.0,1.0,0.0,0.210617,0.0,0.382504,0.0,1.0,0.049753,0.0,0.0,0.5,0.062284,1.0,0.030361,0.0,0.0,0.5,0.487579,0.173227,0.058691,0.136591,0.923072,0.233521,0.837579,0.26753,0.0,0.461357,0.450891,0.0,0.0,0.0,0.023687,0.0,0.0,0.0,0.0,1.0,0.0,1.0,0.0,0.0,0.0,0.035824,0.251258,0.0,0.078818,0.0,1.0,0.0,0.0,0.0,0.0,0.0,0.0,0.0,0.0,0.0,0.0,1.0,0.0,0.0,0.0,0.0,0.0,0.0,0.0,0.0,0.0,0.0,0.0,-3.5959,1,-0.778929454484963,-0.75626606,-0.9679959688577886,-1.1570624832306142,-1.3461289827022787,-1.5351955119762655,-1.9133285109195943
Bank,Bank:1:task_6:Redis02:2021-03-04 18:09:00,Bank:Redis02:2021-03-04 18:09:00,1,task_6,2021_03_04,Redis02,servicetest11,25,0.000493,0,0.04,3.258096538021482,0.0485458878222855,0.0809098130371425,0.0,0.0,0.0,3.0,2.0,5.0,0.0,1.0,0.6931471805599453,2.6347243000101903,0.2942973749259095,1.0,0.0,0.048546,0.07828,0.0,1.0,0.0,0.067386,1.0,0.0,0.8,0.033653,0.042217,0.051423,0.676467,0.147149,0.8,0.487579,0.157022,0.395583,0.490312,0.834641,0.210286,0.664957,0.370208,0.5,0.489096,1.0,0.0,0.2,0.666667,0.070278,0.307456,0.0,1.0,0.0,0.0,1.0,0.173405,1.0,0.0,0.333333,0.463437,0.402557,0.45,0.67971,0.0,1.0,0.0,0.0,0.0,0.0,0.0,0.0,0.0,0.0,0.0,0.0,1.0,0.0,0.0,0.0,0.0,0.0,0.0,0.0,0.0,0.0,0.0,0.0,-3.1413891,1,-0.8039965890743372,-0.40756327,-0.9058874063589213,-1.0077782236435053,-1.1096690558292506,-1.2115598582126734,-1.415341522584164
Bank,Bank:1:task_6:Redis02:2021-03-04 18:09:00,Bank:Redis02:2021-03-04 18:09:00,1,task_6,2021_03_04,Redis02,servicetest10,26,-0.006613,0,0.0384615384615384,3.295836866004329,0.1229624783589163,0.2049374639315273,0.0,0.0,0.0,0.0,0.0,0.0,1.0,1.0,0.6931471805599453,0.0,0.0,1.0,0.0,0.122962,0.0,0.382504,0.0,1.0,0.040285,0.0,0.0,0.5,0.062284,1.0,0.014216,0.0,0.0,0.5,0.487579,0.101133,0.034207,0.136591,0.923072,0.212944,0.837579,0.226444,0.0,0.445745,0.450891,0.0,0.0,0.0,0.013829,0.0,0.0,0.0,0.0,1.0,0.0,1.0,0.0,0.0,0.0,0.036232,0.247304,0.0,0.078818,0.0,1.0,0.0,0.0,0.0,0.0,0.0,0.0,0.0,0.0,0.0,0.0,1.0,0.0,0.0,0.0,0.0,0.0,0.0,0.0,0.0,0.0,0.0,0.0,-3.5959,1,-0.8342903064879588,-0.75626606,-1.0233568208607844,-1.21242333523361,-1.4014898347052744,-1.5905563639792613,-1.9686893629225901
Bank,Bank:1:task_6:Redis02:2021-03-04 18:09:00,Bank:Redis02:2021-03-04 18:09:00,1,task_6,2021_03_04,Redis02,servicetest2,27,-0.01621,0,0.037037037037037,3.332204510175204,0.0578429608274416,0.0964049347124027,0.0,0.0,0.0,0.0,0.0,0.0,1.0,1.0,0.6931471805599453,0.0,0.0,1.0,0.0,0.057843,0.0,0.382504,0.0,1.0,0.033251,0.0,0.0,0.5,0.062284,1.0,0.002221,0.0,0.0,0.5,0.487579,0.047574,0.016071,0.136591,0.923072,0.197657,0.837579,0.196466,0.0,0.434217,0.450891,0.0,0.0,0.0,0.006505,0.0,0.0,0.0,0.0,1.0,0.0,1.0,0.0,0.0,0.0,0.036535,0.244366,0.0,0.078818,0.0,1.0,0.0,0.0,0.0,0.0,0.0,0.0,0.0,0.0,0.0,0.0,1.0,0.0,0.0,0.0,0.0,0.0,0.0,0.0,0.0,0.0,0.0,0.0,-3.5959,1,-0.8752034511570448,-0.75626606,-1.0642699655298704,-1.253336479902696,-1.4424029793743605,-1.6314695086483473,-2.0096025075916764
Bank,Bank:1:task_6:Redis02:2021-03-04 18:09:00,Bank:Redis02:2021-03-04 18:09:00,1,task_6,2021_03_04,Redis02,servicetest1,28,-0.017982,0,0.0357142857142857,3.367295829986474,0.045785924444327,0.0763098740738784,0.0,0.0,0.0,0.0,0.0,0.0,1.0,1.0,0.6931471805599453,0.0,0.0,1.0,0.0,0.045786,0.0,0.382504,0.0,1.0,0.031949,0.0,0.0,0.5,0.062284,1.0,0.0,0.0,0.0,0.5,0.487579,0.037658,0.012718,0.136591,0.923072,0.194827,0.837579,0.190967,0.0,0.432089,0.450891,0.0,0.0,0.0,0.005149,0.0,0.0,0.0,0.0,1.0,0.0,1.0,0.0,0.0,0.0,0.036591,0.243822,0.0,0.078818,0.0,1.0,0.0,0.0,0.0,0.0,0.0,0.0,0.0,0.0,0.0,0.0,1.0,0.0,0.0,0.0,0.0,0.0,0.0,0.0,0.0,0.0,0.0,0.0,-3.5959,1,-0.8827576964788766,-0.75626606,-1.0718242108517022,-1.2608907252245278,-1.4499572246961923,-1.639023753970179,-2.017156752913508
Bank,Bank:1:task_6:Redis02:2021-03-04 18:09:00,Bank:Redis02:2021-03-04 18:09:00,1,task_6,2021_03_04,Redis02,tomcat01,29,-0.464749,0,0.0344827586206896,3.4011973816621555,1.0,1.0,0.3773584905660377,0.0,0.0,1.0,1.0,2.0,0.0,1.0,0.6931471805599453,1.0,1.0,1.0,-0.0511111111111111,1.0,0.051254,0.0,1.0,0.0,0.286237,1.0,0.391231,0.0,0.000185,0.405993,0.290925,0.256751,1.0,0.0,0.131484,1.0,0.060989,1.0,0.37528,0.0,0.765531,0.0,0.964286,0.0,0.0,0.0,0.1,0.391346,0.125543,0.021998,0.0,1.0,0.0,0.0,1.0,0.738601,1.0,0.997274,0.166667,1.0,0.0,0.998501,1.0,0.0,0.0,1.0,0.0,0.0,0.0,1.0,0.0,0.0,0.0,0.0,0.0,0.0,0.0,0.0,0.0,0.0,0.0,0.0,0.0,0.0,0.0,0.0,0.0,0.4535116,1,-2.787378192922928,2.3504605,-2.19976306059108,-1.612147928259232,-1.0245327959273838,-0.43691766359553563,0.7383126010681607
Bank,Bank:8:task_7:MG01:2021-03-06 23:36:00,Bank:MG01:2021-03-06 23:36:00,8,task_7,2021_03_06,MG01,ig01,1,0.749798,0,1.0,0.6931471805599453,0.9056603773584906,1.0,0.0,0.0,0.0,0.0,10.0,10.0,0.0,1.0,0.6931471805599453,0.0,5.091960352520428,1.0,0.0,0.90566,1.0,0.27209,0.402843,0.597157,1.0,0.978493,0.925263,1.0,1.0,0.313788,1.0,0.0,0.509196,1.0,0.003655,0.70729,0.831589,0.0,0.853412,0.920104,0.0,0.473481,1.0,1.0,1.0,0.5,1.0,0.5,1.0,0.288234,1.0,0.657683,0.0,0.0,1.0,0.091616,1.0,0.0,1.0,0.228787,1.0,0.45,0.520965,0.0,0.0,1.0,0.0,0.0,0.0,0.0,0.0,1.0,0.0,0.0,0.0,0.0,0.0,0.0,0.0,0.0,0.0,0.0,0.0,0.0,0.0,0.0,0.0,0.63566303,1,2.578424661450154,2.8220406,3.283934800915486,3.989444940380818,4.6949550798461495,5.4004652193114815,6.8114854982421456
Bank,Bank:8:task_7:MG01:2021-03-06 23:36:00,Bank:MG01:2021-03-06 23:36:00,8,task_7,2021_03_06,MG01,mysql01,2,0.525023,0,0.5,1.0986122886681096,0.9056603773584906,1.0,0.0,0.0,0.0,2.0,8.0,10.0,0.0,1.0,0.6931471805599453,1.8113207547169807,3.2806395978034475,1.0,0.0,0.90566,0.644278,0.735964,0.328553,0.671447,0.687769,0.967713,0.0,1.0,0.5,0.25146,0.712185,0.317236,0.41008,1.0,0.922084,0.662045,0.944984,0.644075,0.578702,0.487523,0.432903,0.817189,0.928571,0.703274,1.0,0.5,0.8867,0.5,0.67465,0.370208,0.0,0.638393,0.0,0.0,1.0,0.339859,1.0,0.0,1.0,0.299583,0.912314,0.45,0.66503,0.0,0.0,0.0,1.0,0.0,0.0,0.0,0.0,0.0,0.0,1.0,0.0,0.0,0.0,0.0,0.0,0.0,0.0,0.0,0.0,0.0,0.0,0.0,0.0,-2.1886706,1,1.5269176958394264,0.18073358,1.5721010899436687,1.617284484047911,1.6624678818774437,1.7076512722563957,1.798018067915461
Bank,Bank:8:task_7:MG01:2021-03-06 23:36:00,Bank:MG01:2021-03-06 23:36:00,8,task_7,2021_03_06,MG01,tomcat03,3,0.516981,0,0.3333333333333333,1.3862943611198906,1.0,1.0,0.3773584905660377,0.0,0.0,1.0,0.0,1.0,0.0,1.0,0.6931471805599453,1.0,0.0,1.0,-0.0697222222222222,1.0,0.0,0.825992,0.0,1.0,0.130661,0.0,1.0,1.0,0.530685,0.181818,0.381433,0.175141,0.0,1.0,0.0,0.493482,0.674471,0.40208,0.756444,0.2793,0.432903,0.369668,0.964286,0.604292,0.454924,0.5,0.0,0.5,0.144952,0.0,0.0,0.0,0.0,1.0,0.0,1.0,0.0,0.0,0.0,0.204971,0.244511,0.0,0.497598,0.0,0.0,1.0,0.0,0.0,0.0,1.0,0.0,0.0,0.0,0.0,0.0,0.0,0.0,0.0,0.0,0.0,0.0,0.0,0.0,0.0,0.0,0.0,0.0,-0.77149385,1,1.4892968793899037,1.5060723,1.8658149500876882,2.2423330207854724,2.6188511510879016,2.995369162181041,3.7484054227858996
Bank,Bank:8:task_7:MG01:2021-03-06 23:36:00,Bank:MG01:2021-03-06 23:36:00,8,task_7,2021_03_06,MG01,redis02,4,0.4883,0,0.25,1.6094379124341005,0.905509735097233,1.0,0.0,0.0,0.0,2.0,0.0,2.0,0.0,1.0,0.6931471805599453,1.711972610843458,0.0,1.0,0.0,0.90551,0.0,1.0,0.0,1.0,0.115368,0.0,0.84115,1.0,0.5,0.0,0.382179,0.299836,0.0,1.0,0.218258,0.493482,0.583607,0.51613,0.763605,0.2793,0.432903,0.454538,0.464286,0.490188,0.454924,0.5,0.0,0.5,0.131256,0.0,0.0,0.0,0.0,1.0,0.0,1.0,0.0,0.0,0.0,0.188944,0.237624,0.0,0.456871,0.0,0.0,0.0,1.0,0.0,0.0,0.0,0.0,0.0,0.0,0.0,1.0,0.0,0.0,0.0,0.0,0.0,0.0,0.0,0.0,0.0,0.0,0.0,0.0,-3.1162572,1,1.3551259472102517,-0.6867421,1.1834404154748315,1.0117548837394112,0.8400693371028298,0.6683838202685708,0.32501272699540795
Bank,Bank:8:task_7:MG01:2021-03-06 23:36:00,Bank:MG01:2021-03-06 23:36:00,8,task_7,2021_03_06,MG01,mg01,5,0.454117,1,0.2,1.791759469228055,0.9056603773584906,1.0,0.0,0.0,0.0,1.0,9.0,10.0,0.0,1.0,0.6931471805599453,0.9056603773584906,4.186299975161938,1.0,0.0,0.90566,0.822139,0.555475,0.369825,0.630175,0.843849,0.974183,0.0,1.0,0.5,0.286277,0.808639,0.158618,0.465144,1.0,0.130783,0.687181,0.795962,0.602773,0.519928,0.552185,0.235133,0.518339,0.964286,0.571907,1.0,0.5,0.985222,0.5,0.842463,0.302631,0.649832,0.608617,0.0,0.0,1.0,0.146927,1.0,0.0,1.0,0.321658,0.944609,0.45,0.768226,1.0,0.0,0.0,0.0,0.0,0.0,0.0,1.0,0.0,0.0,0.0,0.0,0.0,0.0,0.0,0.0,0.0,0.0,0.0,0.0,0.0,0.0,0.0,0.0,-0.16097197,1,1.1952164261092775,2.0770304,1.7144740311851137,2.23373163626095,2.752989300941431,3.272246846412622,4.310762175773585
Bank,Bank:8:task_7:MG01:2021-03-06 23:36:00,Bank:MG01:2021-03-06 23:36:00,8,task_7,2021_03_06,MG01,mysql02,6,0.453473,0,0.1666666666666666,1.9459101490553128,0.9056603773584906,1.0,0.0,0.0,0.0,1.0,1.0,2.0,0.0,1.0,0.6931471805599453,0.3333845557389153,0.9056603773584906,1.0,0.0,0.90566,0.177861,0.0,1.0,0.0,0.457417,0.771102,0.355399,1.0,0.5,0.150358,0.318952,0.058389,0.90566,1.0,1.0,0.888268,1.0,0.551979,0.665586,1.0,0.409617,1.0,0.571429,0.839125,1.0,0.5,0.295567,0.5,0.407726,0.67411,0.0,0.643811,0.0,0.0,1.0,0.522782,1.0,0.0,0.5,0.29652,0.695147,0.45,0.464451,0.0,0.0,0.0,1.0,0.0,0.0,0.0,0.0,0.0,0.0,1.0,0.0,0.0,0.0,0.0,0.0,0.0,0.0,0.0,0.0,0.0,0.0,0.0,0.0,-2.1896746,1,1.192203766846222,0.17979467,1.2371524341340485,1.282101101421875,1.3270497687097016,1.3719984359975281,1.4618957705731812
Bank,Bank:8:task_7:MG01:2021-03-06 23:36:00,Bank:MG01:2021-03-06 23:36:00,8,task_7,2021_03_06,MG01,servicetest10,7,0.356107,0,0.1428571428571428,2.079441541679836,0.1826765923439595,0.3044609872399326,0.0,0.0,0.0,3.0,7.0,10.0,0.0,1.0,0.6931471805599453,2.716981132075472,3.097963005459488,1.0,0.0,0.182677,0.608403,0.0,1.0,0.0,0.570157,0.965995,0.0,1.0,0.5,0.269536,0.400019,0.475854,0.442566,1.0,0.569752,0.423786,0.778064,0.670747,0.875102,0.426341,0.432903,0.54434,0.892857,0.61139,1.0,0.5,0.788177,0.5,0.696014,0.525092,0.0,0.910971,0.0,0.0,1.0,0.446365,1.0,0.0,1.0,0.333386,0.867069,0.45,0.725969,0.0,1.0,0.0,0.0,0.0,0.0,0.0,0.0,0.0,0.0,0.0,0.0,1.0,0.0,0.0,0.0,0.0,0.0,0.0,0.0,0.0,0.0,0.0,0.0,-1.6526273,1,0.7367214969600954,0.6820394,0.9072313419784822,1.0777411869968692,1.2482510618175784,1.4187608770336428,1.7597806266750613
Bank,Bank:8:task_7:MG01:2021-03-06 23:36:00,Bank:MG01:2021-03-06 23:36:00,8,task_7,2021_03_06,MG01,ig02,8,0.272616,0,0.125,2.19722457733622,0.905660309416809,1.0,0.0,0.0,0.0,9.0,2.0,11.0,0.0,1.0,0.6931471805599453,4.804031610013934,0.6213133661870918,1.0,0.0,0.90566,0.122019,0.860724,0.366112,0.633888,0.290642,0.792412,0.0,1.0,0.5,0.156598,0.388322,0.841382,0.310657,1.0,0.12338,0.638393,0.686173,0.644404,0.998046,0.442354,0.432903,0.490831,0.678571,0.580423,1.0,0.5,0.295567,0.5,0.319656,0.400627,0.0,0.476585,0.0,0.0,1.0,0.094662,1.0,0.0,0.666667,0.544408,0.470057,0.45,0.941202,1.0,0.0,0.0,0.0,0.0,0.0,0.0,0.0,1.0,0.0,0.0,0.0,0.0,0.0,0.0,0.0,0.0,0.0,0.0,0.0,0.0,0.0,0.0,0.0,-1.8030331,1,0.3461470644573472,0.54138047,0.48149218071501476,0.6168372969726823,0.752182428131511,0.8875275294880174,1.1582177918056749
Bank,Bank:8:task_7:MG01:2021-03-06 23:36:00,Bank:MG01:2021-03-06 23:36:00,8,task_7,2021_03_06,MG01,servicetest5,9,0.236628,0,0.1111111111111111,2.302585092994046,0.3824995779488534,0.6374992965814225,0.0,0.0,0.0,6.0,4.0,10.0,0.0,1.0,0.6931471805599453,3.217147722979762,2.397973428950304,1.0,0.0,0.3825,0.470933,0.0,1.0,0.0,0.473296,0.95728,0.0,1.0,0.5,0.249834,0.344523,0.563454,0.599493,1.0,0.569752,0.629247,0.826347,0.784675,0.943274,0.549538,0.932227,0.666161,0.785714,0.582965,1.0,0.5,0.492611,0.5,0.627683,0.583157,0.0,0.827079,0.0,0.0,1.0,0.126358,1.0,0.0,1.0,0.446201,0.622593,0.45,0.820476,0.0,1.0,0.0,0.0,0.0,0.0,0.0,0.0,0.0,0.0,0.0,0.0,1.0,0.0,0.0,0.0,0.0,0.0,0.0,0.0,0.0,0.0,0.0,0.0,-3.2186632,1,0.17779367694361628,-0.7825119,-0.01783429554001867,-0.21346226802365362,-0.4090902256061274,-0.6047182129909235,-0.995974128155871
Bank,Bank:8:task_7:MG01:2021-03-06 23:36:00,Bank:MG01:2021-03-06 23:36:00,8,task_7,2021_03_06,MG01,tomcat01,10,0.233952,0,0.1,2.3978952727983707,1.0,1.0,0.3773584905660377,0.0,0.0,8.0,2.0,10.0,0.0,1.0,0.6931471805599453,3.8040316100139338,1.1935891198649853,1.0,0.0,1.0,0.234407,0.757023,0.459763,0.540237,0.34007,0.923584,0.0,1.0,0.5,0.338416,0.424649,0.666241,0.596795,1.0,0.142636,0.753517,0.753099,0.799429,0.981752,0.586874,0.754573,0.556509,0.714286,0.532509,1.0,0.5,0.295567,0.5,0.449416,0.517044,0.0,0.60052,0.0,0.0,1.0,0.252518,1.0,0.0,0.666667,0.538906,0.547618,0.45,1.0,0.0,0.0,1.0,0.0,0.0,0.0,1.0,0.0,0.0,0.0,0.0,0.0,0.0,0.0,0.0,0.0,0.0,0.0,0.0,0.0,0.0,0.0,0.0,0.0,-0.95898175,1,0.16527523565800034,1.3307344,0.4979588286927446,0.8306424217274888,1.1633260445645555,1.4960096077969773,2.161376853471111
Bank,Bank:8:task_7:MG01:2021-03-06 23:36:00,Bank:MG01:2021-03-06 23:36:00,8,task_7,2021_03_06,MG01,servicetest2,11,0.230845,0,0.0909090909090909,2.4849066497880004,0.0937065964222952,0.1561776607038254,0.0,0.0,0.0,4.0,6.0,10.0,0.0,1.0,0.6931471805599453,2.8996577244194315,3.0042564090371924,1.0,0.0,0.093707,0.59,0.0,1.0,0.0,0.543327,0.96504,0.0,1.0,0.5,0.29097,0.3701,0.507848,0.500709,1.0,0.569752,0.407267,0.765405,0.71205,0.904709,0.443387,1.0,0.534588,0.857143,0.537151,1.0,0.5,0.689655,0.5,0.757924,0.565061,0.0,0.881027,0.0,0.0,1.0,0.0,1.0,0.0,1.0,0.409739,0.669036,0.45,0.761947,0.0,1.0,0.0,0.0,0.0,0.0,0.0,0.0,0.0,0.0,0.0,0.0,1.0,0.0,0.0,0.0,0.0,0.0,0.0,0.0,0.0,0.0,0.0,0.0,-3.0038664,1,0.15074055812645756,-0.5816347,0.005331883051880232,-0.1400767920226971,-0.2854854521961132,-0.43089414217185174,-0.721711462518684
Bank,Bank:8:task_7:MG01:2021-03-06 23:36:00,Bank:MG01:2021-03-06 23:36:00,8,task_7,2021_03_06,MG01,apache02,12,0.221171,0,0.0833333333333333,2.5649493574615367,0.9056603773584906,1.0,0.0,0.0,0.0,1.0,2.0,3.0,0.0,1.0,0.6931471805599453,0.9056603773584906,1.7118219685822005,1.0,0.0,0.90566,0.336181,0.308238,0.661548,0.338452,0.398337,1.0,0.355399,1.0,0.5,0.278654,0.433018,0.158618,0.855911,1.0,0.339518,0.888268,0.810715,0.923366,0.251563,0.763093,0.556804,0.714184,0.535714,0.347161,1.0,0.5,0.197044,0.5,0.425722,0.370208,0.0,0.665179,0.0,0.0,1.0,0.21825,1.0,0.0,0.333333,0.466491,0.532274,0.45,0.793841,0.0,0.0,1.0,0.0,0.0,0.0,0.0,0.0,0.0,1.0,0.0,0.0,0.0,0.0,0.0,0.0,0.0,0.0,0.0,0.0,0.0,0.0,0.0,0.0,-2.9601355,1,0.10548517658794944,-0.5407376,-0.029699230646242455,-0.16488363788043436,-0.30006804511462626,-0.43525245234881815,-0.7056212668172019
Bank,Bank:8:task_7:MG01:2021-03-06 23:36:00,Bank:MG01:2021-03-06 23:36:00,8,task_7,2021_03_06,MG01,servicetest3,13,0.220129,0,0.0769230769230769,2.639057329615259,0.2237834021380355,0.3729723368967258,0.0,0.0,0.0,5.0,5.0,10.0,0.0,1.0,0.6931471805599453,2.9933643208417267,2.780473006899157,1.0,0.0,0.223783,0.546052,0.0,1.0,0.0,0.520272,0.962527,0.0,1.0,0.5,0.316094,0.360766,0.52426,0.556095,1.0,0.569752,0.518747,0.796334,0.75178,0.916323,0.498896,0.975049,0.600562,0.821429,0.555803,1.0,0.5,0.591133,0.5,0.713254,0.572299,0.0,0.859038,0.0,0.0,1.0,0.016049,1.0,0.0,1.0,0.437357,0.634691,0.45,0.807275,0.0,1.0,0.0,0.0,0.0,0.0,0.0,0.0,0.0,0.0,0.0,0.0,1.0,0.0,0.0,0.0,0.0,0.0,0.0,0.0,0.0,0.0,0.0,0.0,-3.4246917,1,0.10061065647598684,-0.975189,-0.14318658616546215,-0.3869838288069111,-0.63078107144836,-0.874578314089809,-1.362172799372707
Bank,Bank:8:task_7:MG01:2021-03-06 23:36:00,Bank:MG01:2021-03-06 23:36:00,8,task_7,2021_03_06,MG01,servicetest1,14,0.217986,0,0.0714285714285714,2.70805020110221,0.2879288104481764,0.4798813507469606,0.0,0.0,0.0,10.0,1.0,11.0,0.0,1.0,0.6931471805599453,5.709691919430743,0.3333845557389153,1.0,0.0,0.287929,0.065473,0.0,1.0,0.0,0.183838,0.744173,0.0,1.0,0.5,0.150358,0.084247,1.0,0.333385,1.0,0.569752,0.465519,0.717364,0.665511,1.0,0.397642,0.432903,0.569017,0.642857,0.604621,1.0,0.5,0.197044,0.5,0.3325,1.0,0.0,0.819277,0.0,0.0,1.0,0.246015,1.0,0.0,0.5,0.526218,0.44539,0.45,0.872511,0.0,1.0,0.0,0.0,0.0,0.0,0.0,0.0,0.0,0.0,0.0,0.0,1.0,0.0,0.0,0.0,0.0,0.0,0.0,0.0,0.0,0.0,0.0,0.0,-2.4181237,1,0.09058561175435959,-0.033850145,0.08212307560563264,0.0736605394569057,0.06519800423950134,0.056735467159451825,0.03981039672464309
Bank,Bank:8:task_7:MG01:2021-03-06 23:36:00,Bank:MG01:2021-03-06 23:36:00,8,task_7,2021_03_06,MG01,servicetest6,15,0.185421,0,0.0666666666666666,2.772588722239781,0.2043843090853182,0.3406405151421971,0.0,0.0,0.0,7.0,3.0,10.0,0.0,1.0,0.6931471805599453,3.5996473009286154,2.1935891198649853,1.0,0.0,0.204384,0.430795,0.0,1.0,0.0,0.416639,0.953824,0.0,1.0,0.5,0.265883,0.285003,0.630445,0.731196,1.0,0.569752,0.591641,0.810155,0.867925,0.971163,0.58809,0.861935,0.643832,0.75,0.542045,1.0,0.5,0.394089,0.5,0.543847,0.601253,0.0,0.776377,0.0,0.0,1.0,0.105063,1.0,0.0,0.833333,0.493717,0.560032,0.45,0.891289,0.0,1.0,0.0,0.0,0.0,0.0,0.0,0.0,0.0,0.0,0.0,0.0,1.0,0.0,0.0,0.0,0.0,0.0,0.0,0.0,0.0,0.0,0.0,0.0,-3.202802,1,-0.061754836850304404,-0.7676785,-0.25367446165575486,-0.4455940864612053,-0.6375137112666557,-0.8294333360721061,-1.213272585683007
Bank,Bank:8:task_7:MG01:2021-03-06 23:36:00,Bank:MG01:2021-03-06 23:36:00,8,task_7,2021_03_06,MG01,servicetest9,16,0.168748,0,0.0625,2.833213344056216,0.3333845557389153,0.5556409262315255,0.0,0.0,0.0,2.0,1.0,3.0,0.0,1.0,0.6931471805599453,1.1935891198649853,0.9056603773584906,1.0,0.0,0.333385,0.177861,0.0,1.0,0.0,0.297228,0.825,0.355399,1.0,0.5,0.150358,0.191633,0.209046,0.90566,1.0,0.569752,0.723806,0.824341,1.0,0.0,0.695338,0.607387,0.72222,0.607143,0.245848,1.0,0.5,0.197044,0.5,0.360886,0.756256,0.0,0.601841,0.0,0.0,1.0,0.420791,1.0,0.0,0.666667,0.471477,0.557686,0.45,0.829694,0.0,1.0,0.0,0.0,0.0,0.0,0.0,0.0,0.0,0.0,0.0,0.0,1.0,0.0,0.0,0.0,0.0,0.0,0.0,0.0,0.0,0.0,0.0,0.0,-2.7476006,1,-0.13975183668403882,-0.34197572,-0.22524576636820096,-0.31073969605236307,-0.3962336331871058,-0.48172755542068735,-0.6527154296901728
Bank,Bank:8:task_7:MG01:2021-03-06 23:36:00,Bank:MG01:2021-03-06 23:36:00,8,task_7,2021_03_06,MG01,apache01,17,0.113174,0,0.0588235294117647,2.8903717578961645,0.9056603773584906,1.0,0.0,0.0,0.0,0.0,0.0,0.0,1.0,1.0,0.6931471805599453,0.0,0.0,1.0,0.0,0.90566,0.0,0.447171,0.0,1.0,0.127157,0.0,0.0,0.5,0.5,0.818182,0.112624,0.0,0.0,0.5,0.68775,0.493482,0.196037,0.165832,0.916127,0.152346,0.732382,0.506097,0.0,0.375377,0.454924,0.5,0.0,0.5,0.131278,0.0,0.0,0.0,0.0,1.0,0.0,1.0,0.0,0.0,0.0,0.031903,0.242933,0.0,0.090276,0.0,0.0,1.0,0.0,0.0,0.0,0.0,0.0,0.0,1.0,0.0,0.0,0.0,0.0,0.0,0.0,0.0,0.0,0.0,0.0,0.0,0.0,0.0,0.0,-3.3359025,1,-0.39972936135026316,-0.8921536,-0.6227677665302406,-0.845806171710218,-1.0688445470878731,-1.291882982070173,-1.737959732825483
Bank,Bank:8:task_7:MG01:2021-03-06 23:36:00,Bank:MG01:2021-03-06 23:36:00,8,task_7,2021_03_06,MG01,redis01,18,0.109902,0,0.0555555555555555,2.9444389791664403,0.8063122334849672,1.0,0.0,0.0,0.0,1.0,1.0,2.0,0.0,1.0,0.6931471805599453,0.9056603773584906,0.905509735097233,1.0,0.0,0.806312,0.177831,0.19639,0.786118,0.213882,0.254978,1.0,0.0,1.0,0.5,0.150358,0.278738,0.158618,0.90551,1.0,0.150625,0.888268,0.760328,0.959797,0.222968,0.781983,0.409617,0.62636,0.5,0.284994,1.0,0.5,0.098522,0.5,0.237953,0.290878,0.0,0.4375,0.0,0.0,1.0,0.090692,1.0,0.0,0.166667,0.537643,0.393438,0.45,0.856341,1.0,0.0,0.0,0.0,0.0,0.0,0.0,0.0,0.0,0.0,0.0,1.0,0.0,0.0,0.0,0.0,0.0,0.0,0.0,0.0,0.0,0.0,0.0,0.0,-2.3273544,1,-0.4150359158669056,0.05103698,-0.40227667086612595,-0.3895174258653463,-0.37675818179588927,-0.36399893586378707,-0.33848044772487296
Bank,Bank:8:task_7:MG01:2021-03-06 23:36:00,Bank:MG01:2021-03-06 23:36:00,8,task_7,2021_03_06,MG01,dockera2,19,0.079396,0,0.0526315789473684,2.995732273553991,0.9056603773584906,1.0,0.0,0.0,0.0,0.0,0.0,0.0,1.0,1.0,0.6931471805599453,0.0,0.0,1.0,0.0166666666666666,0.90566,0.0,0.447171,0.0,1.0,0.127157,0.0,0.0,0.5,0.5,0.818182,0.112624,0.0,0.0,0.5,0.267437,0.493482,0.105014,0.165832,0.916127,0.152346,0.732382,0.361008,0.0,0.286658,0.454924,0.5,0.0,0.5,0.131278,0.0,0.0,0.0,0.0,1.0,0.0,1.0,0.0,0.0,0.0,0.031903,0.242933,0.0,0.090276,0.0,1.0,0.0,0.0,0.0,0.0,0.0,0.0,0.0,0.0,0.0,0.0,0.0,0.0,0.0,0.0,0.0,0.0,0.0,0.0,0.0,0.0,0.0,0.0,-3.3296888,1,-0.5577442753059929,-0.88634264,-0.7793299364788597,-1.0009155976517266,-1.2225012886269158,-1.4440869199974602,-1.8872583019478386
Bank,Bank:8:task_7:MG01:2021-03-06 23:36:00,Bank:MG01:2021-03-06 23:36:00,8,task_7,2021_03_06,MG01,mg02,20,0.063599,0,0.05,3.044522437723423,0.9056603773584906,1.0,0.0,0.0,0.0,0.0,0.0,0.0,1.0,1.0,0.6931471805599453,0.0,0.0,1.0,0.0,0.90566,0.0,0.447171,0.0,1.0,0.127157,0.0,0.0,0.5,0.5,0.818182,0.112624,0.0,0.0,0.5,0.087004,0.493482,0.064806,0.165832,0.916127,0.152346,0.732382,0.286124,0.0,0.246196,0.454924,0.5,0.0,0.5,0.131278,0.0,0.0,0.0,0.0,1.0,0.0,1.0,0.0,0.0,0.0,0.031903,0.242933,0.0,0.090276,1.0,0.0,0.0,0.0,0.0,0.0,0.0,1.0,0.0,0.0,0.0,0.0,0.0,0.0,0.0,0.0,0.0,0.0,0.0,0.0,0.0,0.0,0.0,0.0,-1.6753209,1,-0.6316433100551982,0.6608165,-0.466439187392654,-0.30123506473010975,-0.1360309271664043,0.029173180594978754,0.35958145572238964
Bank,Bank:8:task_7:MG01:2021-03-06 23:36:00,Bank:MG01:2021-03-06 23:36:00,8,task_7,2021_03_06,MG01,dockera1,21,0.035391,0,0.0476190476190476,3.091042453358316,0.0,0.0,0.0,0.0,0.0,0.0,0.0,0.0,1.0,1.0,0.6931471805599453,0.0,0.0,1.0,0.0,0.0,0.0,0.447171,0.0,1.0,0.0,0.0,0.0,0.5,0.5,0.636364,0.002333,0.0,0.0,0.5,0.569752,0.0,0.0,0.165832,0.916127,0.0,0.732382,0.152282,0.0,0.179428,0.454924,0.5,0.0,0.5,0.0,0.0,0.0,0.0,0.0,1.0,0.0,1.0,0.0,0.0,0.0,0.0,0.185662,0.0,0.0,0.0,1.0,0.0,0.0,0.0,0.0,0.0,0.0,0.0,0.0,0.0,0.0,0.0,0.0,0.0,0.0,0.0,0.0,0.0,0.0,0.0,0.0,0.0,0.0,-3.0344703,1,-0.763601528210898,-0.61025536,-0.9161653683617311,-1.0687292085125644,-1.2212930486633975,-1.3738568888142306,-1.6789845691158969
Bank,Bank:8:task_7:MG01:2021-03-06 23:36:00,Bank:MG01:2021-03-06 23:36:00,8,task_7,2021_03_06,MG01,dockerb1,22,0.035391,0,0.0454545454545454,3.1354942159291497,0.0,0.0,0.0,0.0,0.0,0.0,0.0,0.0,1.0,1.0,0.6931471805599453,0.0,0.0,1.0,0.0,0.0,0.0,0.447171,0.0,1.0,0.0,0.0,0.0,0.5,0.5,0.636364,0.002333,0.0,0.0,0.5,0.569752,0.0,0.0,0.165832,0.916127,0.0,0.732382,0.152282,0.0,0.179428,0.454924,0.5,0.0,0.5,0.0,0.0,0.0,0.0,0.0,1.0,0.0,1.0,0.0,0.0,0.0,0.0,0.185662,0.0,0.0,0.0,1.0,0.0,0.0,0.0,0.0,0.0,0.0,0.0,0.0,0.0,0.0,0.0,0.0,0.0,0.0,0.0,0.0,0.0,0.0,0.0,0.0,0.0,0.0,-3.0344703,1,-0.763601528210898,-0.61025536,-0.9161653683617311,-1.0687292085125644,-1.2212930486633975,-1.3738568888142306,-1.6789845691158969
Bank,Bank:8:task_7:MG01:2021-03-06 23:36:00,Bank:MG01:2021-03-06 23:36:00,8,task_7,2021_03_06,MG01,dockerb2,23,0.035391,0,0.0434782608695652,3.1780538303479458,0.0,0.0,0.0,0.0,0.0,0.0,0.0,0.0,1.0,1.0,0.6931471805599453,0.0,0.0,1.0,0.0,0.0,0.0,0.447171,0.0,1.0,0.0,0.0,0.0,0.5,0.5,0.636364,0.002333,0.0,0.0,0.5,0.569752,0.0,0.0,0.165832,0.916127,0.0,0.732382,0.152282,0.0,0.179428,0.454924,0.5,0.0,0.5,0.0,0.0,0.0,0.0,0.0,1.0,0.0,1.0,0.0,0.0,0.0,0.0,0.185662,0.0,0.0,0.0,1.0,0.0,0.0,0.0,0.0,0.0,0.0,0.0,0.0,0.0,0.0,0.0,0.0,0.0,0.0,0.0,0.0,0.0,0.0,0.0,0.0,0.0,0.0,-3.0344703,1,-0.763601528210898,-0.61025536,-0.9161653683617311,-1.0687292085125644,-1.2212930486633975,-1.3738568888142306,-1.6789845691158969
Bank,Bank:8:task_7:MG01:2021-03-06 23:36:00,Bank:MG01:2021-03-06 23:36:00,8,task_7,2021_03_06,MG01,servicetest7,24,0.02459,0,0.0416666666666666,3.218875824868201,0.2247803372132392,0.3746338953553987,0.0,0.0,0.0,0.0,0.0,0.0,1.0,1.0,0.6931471805599453,0.0,0.0,1.0,0.0,0.22478,0.0,0.447171,0.0,1.0,0.05224,0.0,0.0,0.5,0.5,0.818182,0.017213,0.0,0.0,0.5,0.569752,0.184875,0.063596,0.165832,0.916127,0.057074,0.732382,0.266545,0.0,0.242935,0.454924,0.5,0.0,0.5,0.032582,0.0,0.0,0.0,0.0,1.0,0.0,1.0,0.0,0.0,0.0,0.036243,0.209191,0.0,0.090276,0.0,1.0,0.0,0.0,0.0,0.0,0.0,0.0,0.0,0.0,0.0,0.0,1.0,0.0,0.0,0.0,0.0,0.0,0.0,0.0,0.0,0.0,0.0,0.0,-3.3643284,1,-0.8141290634597534,-0.9187375,-1.0438134312356704,-1.2734977990115874,-1.5031821816886657,-1.7328665345634215,-2.192235299917578
Bank,Bank:8:task_7:MG01:2021-03-06 23:36:00,Bank:MG01:2021-03-06 23:36:00,8,task_7,2021_03_06,MG01,servicetest4,25,0.022707,0,0.04,3.258096538021482,0.2137078224175789,0.3561797040292982,0.0,0.0,0.0,0.0,0.0,0.0,1.0,1.0,0.6931471805599453,0.0,0.0,1.0,0.0,0.213708,0.0,0.447171,0.0,1.0,0.051022,0.0,0.0,0.5,0.5,0.818182,0.015662,0.0,0.0,0.5,0.569752,0.175768,0.060451,0.165832,0.916127,0.054262,0.732382,0.260775,0.0,0.239779,0.454924,0.5,0.0,0.5,0.030977,0.0,0.0,0.0,0.0,1.0,0.0,1.0,0.0,0.0,0.0,0.036313,0.208642,0.0,0.090276,0.0,1.0,0.0,0.0,0.0,0.0,0.0,0.0,0.0,0.0,0.0,0.0,1.0,0.0,0.0,0.0,0.0,0.0,0.0,0.0,0.0,0.0,0.0,0.0,-3.3643284,1,-0.822937817174557,-0.9187375,-1.052622184950474,-1.282306552726391,-1.5119909354034693,-1.7416752882782252,-2.2010440536323816
Bank,Bank:8:task_7:MG01:2021-03-06 23:36:00,Bank:MG01:2021-03-06 23:36:00,8,task_7,2021_03_06,MG01,tomcat04,26,0.017164,0,0.0384615384615384,3.295836866004329,1.0,1.0,0.3773584905660377,0.0,0.0,0.0,0.0,0.0,1.0,1.0,0.6931471805599453,0.0,0.0,1.0,-0.0522222222222222,1.0,0.0,0.447171,0.0,1.0,0.137537,0.0,0.0,0.5,0.5,1.0,0.107879,0.0,0.0,0.5,0.095485,0.493482,0.066707,0.165832,0.916127,0.152346,0.732382,0.28976,0.0,0.248119,0.454924,0.5,0.0,0.5,0.144952,0.0,0.0,0.0,0.0,1.0,0.0,1.0,0.0,0.0,0.0,0.069659,0.247608,0.0,0.180552,0.0,0.0,1.0,0.0,0.0,0.0,1.0,0.0,0.0,0.0,0.0,0.0,0.0,0.0,0.0,0.0,0.0,0.0,0.0,0.0,0.0,0.0,0.0,0.0,-1.494387,1,-0.8488682058315707,0.8300252,-0.6413619068127109,-0.433855607793851,-0.22634930877499115,-0.01884300975613129,0.39616958828158844
Bank,Bank:8:task_7:MG01:2021-03-06 23:36:00,Bank:MG01:2021-03-06 23:36:00,8,task_7,2021_03_06,MG01,servicetest8,27,0.005234,0,0.037037037037037,3.332204510175204,0.1105281400592566,0.1842135667654276,0.0,0.0,0.0,0.0,0.0,0.0,1.0,1.0,0.6931471805599453,0.0,0.0,1.0,0.0,0.110528,0.0,0.447171,0.0,1.0,0.039669,0.0,0.0,0.5,0.5,0.818182,0.001204,0.0,0.0,0.5,0.569752,0.090906,0.031203,0.165832,0.916127,0.028064,0.732382,0.207706,0.0,0.210511,0.454924,0.5,0.0,0.5,0.016021,0.0,0.0,0.0,0.0,1.0,0.0,1.0,0.0,0.0,0.0,0.036971,0.203529,0.0,0.090276,0.0,1.0,0.0,0.0,0.0,0.0,0.0,0.0,0.0,0.0,0.0,0.0,1.0,0.0,0.0,0.0,0.0,0.0,0.0,0.0,0.0,0.0,0.0,0.0,-3.3643284,1,-0.9046772508754414,-0.9187375,-1.1343616186513583,-1.3640459864272754,-1.5937303691043536,-1.8234147219791095,-2.282783487333266
Bank,Bank:8:task_7:MG01:2021-03-06 23:36:00,Bank:MG01:2021-03-06 23:36:00,8,task_7,2021_03_06,MG01,servicetest11,28,0.003785,0,0.0357142857142857,3.367295829986474,0.1019394498624055,0.1698990831040092,0.0,0.0,0.0,0.0,0.0,0.0,1.0,1.0,0.6931471805599453,0.0,0.0,1.0,0.0,0.101939,0.0,0.447171,0.0,1.0,0.038724,0.0,0.0,0.5,0.5,0.818182,0.0,0.0,0.0,0.5,0.569752,0.083842,0.028773,0.165832,0.916127,0.025883,0.732382,0.203346,0.0,0.208086,0.454924,0.5,0.0,0.5,0.014776,0.0,0.0,0.0,0.0,1.0,0.0,1.0,0.0,0.0,0.0,0.037026,0.203103,0.0,0.090276,0.0,1.0,0.0,0.0,0.0,0.0,0.0,0.0,0.0,0.0,0.0,0.0,1.0,0.0,0.0,0.0,0.0,0.0,0.0,0.0,0.0,0.0,0.0,0.0,-3.3643284,1,-0.9114557342173162,-0.9187375,-1.1411401019932332,-1.3708244697691503,-1.6005088524462285,-1.8301932053209844,-2.289561970675141
Bank,Bank:8:task_7:MG01:2021-03-06 23:36:00,Bank:MG01:2021-03-06 23:36:00,8,task_7,2021_03_06,MG01,tomcat02,29,-0.316981,0,0.0344827586206896,3.4011973816621555,1.0,1.0,0.3773584905660377,0.0,0.0,0.0,1.0,1.0,0.0,1.0,0.6931471805599453,0.0,1.0,1.0,-0.0380555555555555,1.0,0.036867,0.0,1.0,0.0,0.298456,1.0,1.0,0.0,0.0,0.332176,0.197661,0.0,1.0,0.0,0.262794,1.0,0.145489,0.736085,0.86702,0.181761,0.607387,0.0,1.0,0.0,0.0,0.5,0.098522,0.5,0.160535,0.034988,0.0,1.0,0.0,0.0,1.0,0.911677,1.0,1.0,0.166667,1.0,0.0,1.0,0.897044,0.0,0.0,1.0,0.0,0.0,0.0,1.0,0.0,0.0,0.0,0.0,0.0,0.0,0.0,0.0,0.0,0.0,0.0,0.0,0.0,0.0,0.0,0.0,0.0,-1.1706015,1,-2.412012661505007,1.1328284,-2.1288055727961295,-1.845598484087252,-1.562391365576052,-1.2791843066694968,-0.7127700696470969
Bank,Bank:11:task_1:MG01:2021-03-07 16:08:00,Bank:MG01:2021-03-07 16:08:00,11,task_1,2021_03_07,MG01,mg01,1,0.649801,1,1.0,0.6931471805599453,0.9056603773584906,1.0,0.0,0.0,0.0,0.0,5.0,5.0,0.0,1.0,0.6931471805599453,0.0,4.489710342149651,1.0,0.0,0.90566,1.0,0.06994,0.822278,0.177722,1.0,0.881286,0.627493,1.0,1.0,0.587482,1.0,0.0,0.927096,1.0,0.044847,0.922631,0.905648,0.052444,0.791076,0.997982,0.657281,0.534395,1.0,0.944607,1.0,0.0,1.0,0.0,0.995172,0.594136,0.5,0.818967,0.0,0.0,1.0,0.132605,1.0,0.0,1.0,0.126567,1.0,0.45,0.211307,1.0,0.0,0.0,0.0,0.0,0.0,0.0,1.0,0.0,0.0,0.0,0.0,0.0,0.0,0.0,0.0,0.0,0.0,0.0,0.0,0.0,0.0,0.0,0.0,0.05026223,1,2.607151311608346,2.012535,3.1102850854120567,3.6134188592157677,4.116552633019479,4.61968640682319,5.625953954430612
Bank,Bank:11:task_1:MG01:2021-03-07 16:08:00,Bank:MG01:2021-03-07 16:08:00,11,task_1,2021_03_07,MG01,tomcat02,2,0.540734,0,0.5,1.0986122886681096,1.0,1.0,0.3773584905660377,0.0,0.0,0.0,2.0,2.0,0.0,1.0,0.6931471805599453,0.0,1.8113207547169807,1.0,-0.0825,1.0,0.342073,0.297322,0.231891,0.768109,0.523978,0.846804,0.0,1.0,1.0,0.5628,0.646969,0.0,0.935065,1.0,0.130102,0.922631,0.951897,0.056577,0.790113,1.0,0.248137,0.653,1.0,1.0,0.695787,1.0,0.5,0.0,0.540426,0.726716,0.5,0.904525,0.0,0.0,1.0,0.87966,1.0,0.999426,0.833333,0.557237,0.724628,0.999684,0.396256,0.0,0.0,1.0,0.0,0.0,0.0,1.0,0.0,0.0,0.0,0.0,0.0,0.0,0.0,0.0,0.0,0.0,0.0,0.0,0.0,0.0,0.0,0.0,0.0,0.19168481,1,2.0468526636943003,2.1278114,2.5788055216654917,3.110758379636683,3.6427112376078745,4.174664095579066,5.238569811521449
Bank,Bank:11:task_1:MG01:2021-03-07 16:08:00,Bank:MG01:2021-03-07 16:08:00,11,task_1,2021_03_07,MG01,mysql01,3,0.404009,0,0.3333333333333333,1.3862943611198906,0.9056603773584906,1.0,0.0,0.0,0.0,4.0,4.0,8.0,0.0,1.0,0.6931471805599453,3.584049964791161,3.2101255589225333,1.0,0.0,0.90566,0.714996,0.326162,0.74629,0.25371,0.739414,0.873749,0.0,1.0,0.126104,0.536923,0.714153,0.798281,0.828588,1.0,0.410112,0.898668,1.0,0.674501,0.957578,0.706762,1.0,1.0,0.857143,0.790125,1.0,0.0,0.75,0.0,0.963494,0.738175,0.5,0.886875,0.0,0.0,1.0,0.331034,1.0,0.0,1.0,0.342587,0.892871,0.45,0.578336,0.0,0.0,1.0,0.0,0.0,0.0,0.0,0.0,0.0,0.0,1.0,0.0,0.0,0.0,0.0,0.0,0.0,0.0,0.0,0.0,0.0,0.0,0.0,0.0,-1.9071661,1,1.3444694255374985,0.41699517,1.4487182174705582,1.5529670094036179,1.6572158013366776,1.7614645932697373,1.9699621771358566
Bank,Bank:11:task_1:MG01:2021-03-07 16:08:00,Bank:MG01:2021-03-07 16:08:00,11,task_1,2021_03_07,MG01,mg02,4,0.363597,0,0.25,1.6094379124341005,0.9056603773584906,1.0,0.0,0.0,0.0,1.0,4.0,5.0,0.0,1.0,0.6931471805599453,0.9056603773584906,3.584049964791161,1.0,0.0,0.90566,0.798281,0.115912,0.852847,0.147153,0.860364,0.863028,0.0,1.0,0.126104,0.536923,0.756299,0.201719,0.925104,1.0,0.148784,0.922631,0.90733,0.64099,0.146952,0.760745,0.603926,0.678799,0.964286,0.59641,1.0,0.0,0.875,0.0,0.890904,0.658701,0.5,0.76939,0.0,0.0,1.0,0.097242,1.0,0.0,1.0,0.271622,0.901682,0.45,0.442505,1.0,0.0,0.0,0.0,0.0,0.0,0.0,1.0,0.0,0.0,0.0,0.0,0.0,0.0,0.0,0.0,0.0,0.0,0.0,0.0,0.0,0.0,0.0,0.0,-0.9709649,1,1.136865026777998,1.180112,1.4318930278480206,1.7269210289180432,2.021949059790388,2.316977031058088,2.907033092802778
Bank,Bank:11:task_1:MG01:2021-03-07 16:08:00,Bank:MG01:2021-03-07 16:08:00,11,task_1,2021_03_07,MG01,redis02,5,0.358517,0,0.2,1.791759469228055,0.9056603773584906,1.0,0.0,0.0,0.0,2.0,3.0,5.0,0.0,1.0,0.6931471805599453,1.8113207547169807,2.67838958743267,1.0,0.0,0.90566,0.596562,0.098071,0.903796,0.096204,0.7207,0.838132,0.0,1.0,0.126104,0.457615,0.617733,0.403438,0.921783,1.0,0.211288,0.922631,0.92634,0.707535,0.064411,0.735245,0.859226,0.764229,0.928571,0.563812,1.0,0.0,0.75,0.0,1.0,1.0,0.5,0.92186,0.0,0.0,1.0,0.193997,1.0,0.0,1.0,0.311166,0.843688,0.45,0.476926,0.0,0.0,1.0,0.0,0.0,0.0,0.0,0.0,0.0,0.0,0.0,1.0,0.0,0.0,0.0,0.0,0.0,0.0,0.0,0.0,0.0,0.0,0.0,0.0,-2.0786054,1,1.110768066823077,0.27725148,1.180080937325549,1.249393807828021,1.3187066783304928,1.3880195488329647,1.5266452898379086
Bank,Bank:11:task_1:MG01:2021-03-07 16:08:00,Bank:MG01:2021-03-07 16:08:00,11,task_1,2021_03_07,MG01,mysql02,6,0.336565,0,0.1666666666666666,1.9459101490553128,0.9056603773584906,1.0,0.0,0.0,0.0,5.0,3.0,8.0,0.0,1.0,0.6931471805599453,4.489710342149651,2.304465181564043,1.0,0.0,0.90566,0.513277,0.30708,0.76172,0.23828,0.599794,0.845968,0.0,1.0,0.126104,0.457615,0.581944,1.0,0.793095,1.0,0.243566,0.890681,0.89805,0.663743,0.997686,0.696147,0.859226,0.78575,0.821429,0.719482,1.0,0.0,0.625,0.0,0.79609,0.804483,0.5,0.842667,0.0,0.0,1.0,0.267875,1.0,0.0,1.0,0.396532,0.786073,0.45,0.596047,0.0,0.0,1.0,0.0,0.0,0.0,0.0,0.0,0.0,0.0,1.0,0.0,0.0,0.0,0.0,0.0,0.0,0.0,0.0,0.0,0.0,0.0,0.0,0.0,-2.9921205,1,0.9979963217580334,-0.4673734,0.8811529715263859,0.7643096212947385,0.6474662636125104,0.5306229208314435,0.2969362054669873
Bank,Bank:11:task_1:MG01:2021-03-07 16:08:00,Bank:MG01:2021-03-07 16:08:00,11,task_1,2021_03_07,MG01,ig02,7,0.27975,0,0.1428571428571428,2.079441541679836,0.9056603773584906,1.0,0.0,0.0,0.0,2.0,4.0,6.0,0.0,1.0,0.6931471805599453,1.8113207547169807,3.2101255589225333,1.0,0.0,0.90566,0.714996,0.283117,0.718371,0.281629,0.710352,0.893187,0.0,1.0,0.126104,0.536923,0.704359,0.403438,0.828588,1.0,0.236071,0.898668,0.888577,0.6898,0.158542,0.706762,1.0,0.781328,0.785714,0.557106,1.0,0.0,0.75,0.0,0.762943,0.582677,0.5,0.783935,0.0,0.0,1.0,0.226989,1.0,0.0,1.0,0.337285,0.849699,0.45,0.532654,0.0,0.0,1.0,0.0,0.0,0.0,0.0,0.0,1.0,0.0,0.0,0.0,0.0,0.0,0.0,0.0,0.0,0.0,0.0,0.0,0.0,0.0,0.0,0.0,-2.940996,1,0.706126483207083,-0.42570072,0.5997013021758559,0.4932761211446288,0.3868509252122405,0.2804257590821746,0.06757536721739799
Bank,Bank:11:task_1:MG01:2021-03-07 16:08:00,Bank:MG01:2021-03-07 16:08:00,11,task_1,2021_03_07,MG01,servicetest3,8,0.271108,0,0.125,2.19722457733622,0.8670688327156892,1.0,0.0,0.0,0.0,3.0,2.0,5.0,0.0,1.0,0.6931471805599453,2.716981132075472,1.8113207547169807,1.0,0.0,0.867069,0.403438,0.0,1.0,0.0,0.582847,0.804032,0.0,1.0,0.126104,0.340577,0.464763,0.605157,0.935065,1.0,0.254954,0.922631,0.940583,0.722073,0.752174,0.738607,0.644211,0.822814,0.892857,0.69405,1.0,0.0,0.625,0.0,0.49341,0.686684,0.5,0.623908,0.0,0.0,1.0,0.145485,1.0,0.0,1.0,0.397426,0.742055,0.45,0.563373,0.0,1.0,0.0,0.0,0.0,0.0,0.0,0.0,0.0,0.0,0.0,0.0,1.0,0.0,0.0,0.0,0.0,0.0,0.0,0.0,0.0,0.0,0.0,0.0,-2.109512,1,0.6617308281026686,0.2520588,0.7247455291114653,0.787760230120262,0.8507749311290587,0.9137896321378554,1.0398190341554487
Bank,Bank:11:task_1:MG01:2021-03-07 16:08:00,Bank:MG01:2021-03-07 16:08:00,11,task_1,2021_03_07,MG01,redis01,9,0.190853,0,0.1111111111111111,2.302585092994046,0.9056603773584906,1.0,0.0,0.0,0.0,3.0,3.0,6.0,0.0,1.0,0.6931471805599453,2.716981132075472,2.304465181564043,1.0,0.0,0.90566,0.513277,0.320065,0.724494,0.275506,0.570801,0.867143,0.0,1.0,0.126104,0.457615,0.579004,0.605157,0.793095,1.0,0.06958,0.890681,0.785477,0.679042,0.775014,0.696147,0.859226,0.55063,0.75,0.579572,1.0,0.0,0.625,0.0,0.484347,0.483634,0.5,0.620841,0.0,0.0,1.0,0.089469,1.0,0.0,1.0,0.421431,0.720225,0.45,0.590713,0.0,0.0,0.0,1.0,0.0,0.0,0.0,0.0,0.0,0.0,0.0,1.0,0.0,0.0,0.0,0.0,0.0,0.0,0.0,0.0,0.0,0.0,0.0,0.0,-2.6234198,1,0.2494450955864927,-0.16683787,0.20773562781782356,0.16602616004915444,0.12431669228048531,0.08260722451181618,-0.0008117110255220772
Bank,Bank:11:task_1:MG01:2021-03-07 16:08:00,Bank:MG01:2021-03-07 16:08:00,11,task_1,2021_03_07,MG01,tomcat03,10,0.186175,0,0.1,2.3978952727983707,1.0,1.0,0.3773584905660377,0.0,0.0,1.0,2.0,3.0,0.0,1.0,0.6931471805599453,1.0,1.9056603773584904,1.0,-0.0808333333333333,1.0,0.387876,0.593118,0.190566,0.809434,0.392936,1.0,0.0,1.0,0.1372,0.5628,0.59312,0.222732,0.983766,1.0,0.02364,0.980658,0.856183,0.732031,0.0,0.762774,0.644211,0.53604,0.964286,0.484085,0.82171,0.609718,0.25,0.0,0.411453,0.46675,0.5,0.996268,0.0,0.0,1.0,0.900865,1.0,0.999888,0.333333,0.781931,0.691131,0.999938,0.76992,0.0,0.0,1.0,0.0,0.0,0.0,1.0,0.0,0.0,0.0,0.0,0.0,0.0,0.0,0.0,0.0,0.0,0.0,0.0,0.0,0.0,0.0,0.0,0.0,-0.8309847,1,0.22541328876186287,1.2942127,0.5489664634959784,0.872519638230094,1.1960727831618874,1.5196259876983254,2.166732277561912
Bank,Bank:11:task_1:MG01:2021-03-07 16:08:00,Bank:MG01:2021-03-07 16:08:00,11,task_1,2021_03_07,MG01,servicetest5,11,0.184337,0,0.0909090909090909,2.4849066497880004,0.4931444268470616,0.8219073780784361,0.0,0.0,0.0,4.0,2.0,6.0,0.0,1.0,0.6931471805599453,3.6226415094339615,1.8113207547169807,1.0,0.0,0.493144,0.403438,0.0,1.0,0.0,0.450805,0.846804,0.0,1.0,0.126104,0.340577,0.355692,0.806876,0.935065,1.0,0.254954,0.854167,0.86992,0.760319,0.958948,0.724642,0.644211,0.775256,0.714286,0.659162,1.0,0.0,0.5,0.0,0.399235,0.598779,0.5,0.731462,0.0,0.0,1.0,0.065324,1.0,0.0,0.833333,0.471139,0.633041,0.45,0.613383,0.0,1.0,0.0,0.0,0.0,0.0,0.0,0.0,0.0,0.0,0.0,0.0,1.0,0.0,0.0,0.0,0.0,0.0,0.0,0.0,0.0,0.0,0.0,0.0,-3.3424456,1,0.21597112096714935,-0.7529306,0.02773847557473144,-0.16049416981768647,-0.3487268003089432,-0.5369594606025223,-0.9134247215850357
Bank,Bank:11:task_1:MG01:2021-03-07 16:08:00,Bank:MG01:2021-03-07 16:08:00,11,task_1,2021_03_07,MG01,ig01,12,0.183222,0,0.0833333333333333,2.5649493574615367,0.9056603773584906,1.0,0.0,0.0,0.0,4.0,3.0,7.0,0.0,1.0,0.6931471805599453,3.304465181564043,2.315626030875212,1.0,0.0,0.90566,0.515763,0.405687,0.680595,0.319405,0.518862,0.901598,0.0,0.785714,0.089134,0.457615,0.573409,0.736009,0.796936,0.785714,0.340805,0.897423,0.792157,0.765177,0.923222,0.598917,0.859226,0.927713,0.642857,0.601855,1.0,0.0,0.5,0.44613,0.486261,0.448906,0.5,0.783615,0.0,0.0,1.0,0.486704,1.0,0.0,0.666667,0.458026,0.788403,0.45,0.714293,0.0,0.0,1.0,0.0,0.0,0.0,0.0,0.0,1.0,0.0,0.0,0.0,0.0,0.0,0.0,0.0,0.0,0.0,0.0,0.0,0.0,0.0,0.0,0.0,-3.0843284,1,0.2102431464888547,-0.54253393,0.07460966295976382,-0.061023820569327064,-0.19665731899957914,-0.33229078762750885,-0.603557784488013
Bank,Bank:11:task_1:MG01:2021-03-07 16:08:00,Bank:MG01:2021-03-07 16:08:00,11,task_1,2021_03_07,MG01,servicetest9,13,0.167195,0,0.0769230769230769,2.639057329615259,0.8942730719541195,1.0,0.0,0.0,0.0,3.0,1.0,4.0,0.0,1.0,0.6931471805599453,2.3270133362795837,0.9056603773584906,1.0,0.0,0.894273,0.201719,0.337379,0.708914,0.291086,0.227771,1.0,0.0,1.0,0.085026,0.183771,0.350865,0.518299,0.935065,1.0,0.254954,0.922631,0.843303,0.798566,0.519842,0.738607,0.34944,0.822814,0.535714,0.567017,1.0,0.0,0.125,0.0,0.190636,0.296589,0.5,0.47457,0.0,0.0,1.0,0.10885,1.0,0.0,0.166667,0.556611,0.46065,0.45,0.632233,0.0,1.0,0.0,0.0,0.0,0.0,0.0,0.0,0.0,0.0,0.0,0.0,1.0,0.0,0.0,0.0,0.0,0.0,0.0,0.0,0.0,0.0,0.0,0.0,-3.0296133,1,0.1279092927098161,-0.49793452,0.0034256626486665054,-0.12105796741248309,-0.2455415825724715,-0.3700252275347823,-0.6189924578547591
Bank,Bank:11:task_1:MG01:2021-03-07 16:08:00,Bank:MG01:2021-03-07 16:08:00,11,task_1,2021_03_07,MG01,apache01,14,0.152981,0,0.0714285714285714,2.70805020110221,0.9056603773584906,1.0,0.0,0.0,0.0,5.0,0.0,5.0,0.0,1.0,0.6931471805599453,4.409965653516721,0.0,1.0,0.0,0.90566,0.0,1.0,0.0,1.0,0.102391,0.0,1.0,0.1,0.0,0.0,0.46785,0.982238,0.0,0.1,0.138065,0.512573,0.081471,0.601241,1.0,0.0,0.0,0.192699,0.392857,0.171881,0.0,0.0,0.0,1.0,0.099819,0.0,0.5,0.0,0.0,1.0,0.0,1.0,0.0,0.0,0.0,0.367676,0.040191,0.0,0.500328,1.0,0.0,0.0,0.0,0.0,0.0,0.0,0.0,0.0,1.0,0.0,0.0,0.0,0.0,0.0,0.0,0.0,0.0,0.0,0.0,0.0,0.0,0.0,0.0,-1.4831164,1,0.05488917680445289,0.7626468,0.24555087538424109,0.4362125739640293,0.6268743023461399,0.8175359711236058,1.1988594278878268
Bank,Bank:11:task_1:MG01:2021-03-07 16:08:00,Bank:MG01:2021-03-07 16:08:00,11,task_1,2021_03_07,MG01,tomcat01,15,0.147119,0,0.0666666666666666,2.772588722239781,1.0,1.0,0.3773584905660377,0.0,0.0,0.0,3.0,3.0,0.0,1.0,0.6931471805599453,0.0,2.9056603773584904,1.0,-0.0744444444444444,1.0,0.436845,0.210725,0.460377,0.539623,0.546263,1.0,0.678178,0.5,0.417403,0.679838,0.656394,0.0,1.0,0.5,0.0,1.0,0.643922,0.233041,0.774062,0.799873,0.727202,0.463306,1.0,0.674889,0.29425,0.357691,0.375,0.0,0.428143,0.328003,0.5,1.0,0.0,0.0,1.0,0.852806,1.0,0.999476,0.5,0.782588,0.447287,0.999712,0.536838,0.0,0.0,1.0,0.0,0.0,0.0,1.0,0.0,0.0,0.0,0.0,0.0,0.0,0.0,0.0,0.0,0.0,0.0,0.0,0.0,0.0,0.0,0.0,0.0,0.11239925,1,0.024774928919463486,2.0631843,0.5405709942499689,1.0563670595804742,1.5721631249109795,2.087959190241485,3.1195513209024957
Bank,Bank:11:task_1:MG01:2021-03-07 16:08:00,Bank:MG01:2021-03-07 16:08:00,11,task_1,2021_03_07,MG01,servicetest7,16,0.091399,0,0.0625,2.833213344056216,0.5156925815626021,0.8594876359376702,0.0,0.0,0.0,2.0,2.0,4.0,0.0,1.0,0.6931471805599453,1.8113207547169807,1.79993344931261,1.0,0.0,0.515693,0.400902,0.0,1.0,0.0,0.3237,1.0,0.0,1.0,0.079891,0.340577,0.309466,0.403438,0.929186,1.0,0.254954,0.868613,0.835378,0.787868,0.056985,0.7261,0.644211,0.785324,0.571429,0.475219,1.0,0.0,0.25,0.0,0.314903,0.417921,0.5,0.868222,0.0,0.0,1.0,0.0,1.0,0.0,0.333333,0.505547,0.497784,0.45,0.57517,0.0,1.0,0.0,0.0,0.0,0.0,0.0,0.0,0.0,0.0,0.0,0.0,1.0,0.0,0.0,0.0,0.0,0.0,0.0,0.0,0.0,0.0,0.0,0.0,-3.3748183,1,-0.2614696790900227,-0.7793182,-0.4562992324557301,-0.6511287858214375,-0.8459583093848225,-1.0407878925528524,-1.4304469396796224
Bank,Bank:11:task_1:MG01:2021-03-07 16:08:00,Bank:MG01:2021-03-07 16:08:00,11,task_1,2021_03_07,MG01,dockera2,17,0.084731,0,0.0588235294117647,2.8903717578961645,0.9056603773584906,1.0,0.0,0.0,0.0,0.0,0.0,0.0,1.0,1.0,0.6931471805599453,0.0,0.0,1.0,0.0833333333333333,0.90566,0.0,0.382504,0.0,1.0,0.11351,0.0,0.0,0.25,0.126104,1.0,0.123991,0.0,0.0,0.25,1.0,0.512573,0.513545,0.0,0.919363,0.331098,0.599769,0.661413,0.0,0.732257,0.0,0.0,0.0,0.0,0.099819,0.0,0.5,0.0,0.0,1.0,0.0,1.0,0.0,0.0,0.0,0.048937,0.044556,0.0,0.074206,0.0,0.0,0.0,0.0,1.0,0.0,0.0,0.0,0.0,0.0,0.0,0.0,0.0,0.0,0.0,0.0,0.0,0.0,0.0,0.0,0.0,0.0,0.0,0.0,-3.453773,1,-0.29572450762927704,-0.84367585,-0.5066434705847519,-0.7175624335402268,-0.9284813964957016,-1.1394003594511766,-1.5612382853621263
Bank,Bank:11:task_1:MG01:2021-03-07 16:08:00,Bank:MG01:2021-03-07 16:08:00,11,task_1,2021_03_07,MG01,dockerb1,18,0.084731,0,0.0555555555555555,2.9444389791664403,0.9056603773584906,1.0,0.0,0.0,0.0,0.0,0.0,0.0,1.0,1.0,0.6931471805599453,0.0,0.0,1.0,0.0833333333333333,0.90566,0.0,0.382504,0.0,1.0,0.11351,0.0,0.0,0.25,0.126104,1.0,0.123991,0.0,0.0,0.25,1.0,0.512573,0.513545,0.0,0.919363,0.331098,0.599769,0.661413,0.0,0.732257,0.0,0.0,0.0,0.0,0.099819,0.0,0.5,0.0,0.0,1.0,0.0,1.0,0.0,0.0,0.0,0.048937,0.044556,0.0,0.074206,0.0,0.0,0.0,0.0,1.0,0.0,0.0,0.0,0.0,0.0,0.0,0.0,0.0,0.0,0.0,0.0,0.0,0.0,0.0,0.0,0.0,0.0,0.0,0.0,-3.453773,1,-0.29572450762927704,-0.84367585,-0.5066434705847519,-0.7175624335402268,-0.9284813964957016,-1.1394003594511766,-1.5612382853621263
Bank,Bank:11:task_1:MG01:2021-03-07 16:08:00,Bank:MG01:2021-03-07 16:08:00,11,task_1,2021_03_07,MG01,apache02,19,0.084291,0,0.0526315789473684,2.995732273553991,0.9056603773584906,1.0,0.0,0.0,0.0,5.0,2.0,7.0,0.0,1.0,0.6931471805599453,4.210125558922534,1.4099656535167218,1.0,0.0,0.90566,0.314044,0.417175,0.670893,0.329107,0.379499,0.863112,0.0,0.785714,0.092495,0.340577,0.451888,0.937728,0.727872,0.785714,0.09457,0.884819,0.643259,0.737009,0.991824,0.57886,0.644211,0.585484,0.607143,0.503745,1.0,0.0,0.375,0.356904,0.318856,0.403732,0.5,0.58252,0.0,0.0,1.0,0.09497,1.0,0.0,0.5,0.558932,0.581392,0.45,0.725004,0.0,0.0,1.0,0.0,0.0,0.0,0.0,0.0,0.0,1.0,0.0,0.0,0.0,0.0,0.0,0.0,0.0,0.0,0.0,0.0,0.0,0.0,0.0,0.0,-1.7759513,1,-0.2979848742395458,0.52395105,-0.1669971108346996,-0.0360093474298534,0.09497841597499279,0.22596617937983898,0.48794170618953137
Bank,Bank:11:task_1:MG01:2021-03-07 16:08:00,Bank:MG01:2021-03-07 16:08:00,11,task_1,2021_03_07,MG01,servicetest6,20,-0.04423,0,0.05,3.044522437723423,0.4948541028096865,0.8247568380161443,0.0,0.0,0.0,0.0,0.0,0.0,1.0,1.0,0.6931471805599453,0.0,0.0,1.0,0.0,0.494854,0.0,0.382504,0.0,1.0,0.073161,0.0,0.0,0.25,0.126104,1.0,0.059275,0.0,0.0,0.25,0.254954,0.422748,0.13788,0.0,0.919363,0.312775,0.599769,0.32016,0.0,0.446629,0.0,0.0,0.0,0.0,0.054541,0.0,0.5,0.0,0.0,1.0,0.0,1.0,0.0,0.0,0.0,0.051537,0.028718,0.0,0.074206,0.0,1.0,0.0,0.0,0.0,0.0,0.0,0.0,0.0,0.0,0.0,0.0,1.0,0.0,0.0,0.0,0.0,0.0,0.0,0.0,0.0,0.0,0.0,0.0,-3.477157,1,-0.9582225495085187,-0.8627367,-1.1739067249998518,-1.3895909004911848,-1.6052750759825178,-1.8209592514738508,-2.252327602456517
Bank,Bank:11:task_1:MG01:2021-03-07 16:08:00,Bank:MG01:2021-03-07 16:08:00,11,task_1,2021_03_07,MG01,servicetest1,21,-0.056447,0,0.0476190476190476,3.091042453358316,0.4212451187342627,0.7020751978904378,0.0,0.0,0.0,0.0,0.0,0.0,1.0,1.0,0.6931471805599453,0.0,0.0,1.0,0.0,0.421245,0.0,0.382504,0.0,1.0,0.065931,0.0,0.0,0.25,0.126104,1.0,0.047679,0.0,0.0,0.25,0.254954,0.359864,0.117215,0.0,0.919363,0.299947,0.599769,0.270348,0.0,0.428382,0.0,0.0,0.0,0.0,0.046428,0.0,0.5,0.0,0.0,1.0,0.0,1.0,0.0,0.0,0.0,0.052002,0.02588,0.0,0.074206,0.0,1.0,0.0,0.0,0.0,0.0,0.0,0.0,0.0,0.0,0.0,0.0,1.0,0.0,0.0,0.0,0.0,0.0,0.0,0.0,0.0,0.0,0.0,0.0,-3.477157,1,-1.0209836833213668,-0.8627367,-1.2366678588126998,-1.4523520343040328,-1.6680362097953658,-1.8837203852866988,-2.315088736269365
Bank,Bank:11:task_1:MG01:2021-03-07 16:08:00,Bank:MG01:2021-03-07 16:08:00,11,task_1,2021_03_07,MG01,servicetest11,22,-0.060085,0,0.0454545454545454,3.1354942159291497,0.3992469110787077,0.665411518464513,0.0,0.0,0.0,0.0,0.0,0.0,1.0,1.0,0.6931471805599453,0.0,0.0,1.0,0.0,0.399247,0.0,0.382504,0.0,1.0,0.06377,0.0,0.0,0.25,0.126104,1.0,0.044213,0.0,0.0,0.25,0.254954,0.341072,0.111049,0.0,0.919363,0.296114,0.599769,0.255603,0.0,0.422947,0.0,0.0,0.0,0.0,0.044004,0.0,0.5,0.0,0.0,1.0,0.0,1.0,0.0,0.0,0.0,0.052142,0.025032,0.0,0.074206,0.0,1.0,0.0,0.0,0.0,0.0,0.0,0.0,0.0,0.0,0.0,0.0,1.0,0.0,0.0,0.0,0.0,0.0,0.0,0.0,0.0,0.0,0.0,0.0,-3.477157,1,-1.039672805430816,-0.8627367,-1.255356980922149,-1.471041156413482,-1.686725331904815,-1.902409507396148,-2.333777858378814
Bank,Bank:11:task_1:MG01:2021-03-07 16:08:00,Bank:MG01:2021-03-07 16:08:00,11,task_1,2021_03_07,MG01,servicetest10,23,-0.062946,0,0.0434782608695652,3.1780538303479458,0.3819227512258182,0.6365379187096971,0.0,0.0,0.0,0.0,0.0,0.0,1.0,1.0,0.6931471805599453,0.0,0.0,1.0,0.0,0.381923,0.0,0.382504,0.0,1.0,0.062068,0.0,0.0,0.25,0.126104,1.0,0.041484,0.0,0.0,0.25,0.254954,0.326272,0.106196,0.0,0.919363,0.293095,0.599769,0.244037,0.0,0.418673,0.0,0.0,0.0,0.0,0.042094,0.0,0.5,0.0,0.0,1.0,0.0,1.0,0.0,0.0,0.0,0.052251,0.024363,0.0,0.074206,0.0,1.0,0.0,0.0,0.0,0.0,0.0,0.0,0.0,0.0,0.0,0.0,1.0,0.0,0.0,0.0,0.0,0.0,0.0,0.0,0.0,0.0,0.0,0.0,-3.477157,1,-1.0543703255944044,-0.8627367,-1.2700545010857374,-1.4857386765770704,-1.7014228520684034,-1.9171070275597364,-2.3484753785424024
Bank,Bank:11:task_1:MG01:2021-03-07 16:08:00,Bank:MG01:2021-03-07 16:08:00,11,task_1,2021_03_07,MG01,dockera1,24,-0.063835,0,0.0416666666666666,3.218875824868201,0.0,0.0,0.0,0.0,0.0,0.0,0.0,0.0,1.0,1.0,0.6931471805599453,0.0,0.0,1.0,0.0,0.0,0.0,0.382504,0.0,1.0,0.0,0.0,0.0,0.25,0.126104,0.777778,0.0,0.0,0.0,0.25,0.254954,0.0,0.0,0.0,0.919363,0.22654,0.599769,0.0,0.0,0.32588,0.0,0.0,0.0,0.0,0.0,0.0,0.5,0.0,0.0,1.0,0.0,1.0,0.0,0.0,0.0,0.0,0.0,0.0,0.0,0.0,1.0,0.0,0.0,0.0,0.0,0.0,0.0,0.0,0.0,0.0,0.0,0.0,0.0,0.0,0.0,0.0,0.0,0.0,0.0,0.0,0.0,0.0,0.0,-3.1147165,1,-1.0589372935865156,-0.56730396,-1.200763282475256,-1.3425892713639966,-1.4844152751538984,-1.6262412491414777,-1.9098932567212812
Bank,Bank:11:task_1:MG01:2021-03-07 16:08:00,Bank:MG01:2021-03-07 16:08:00,11,task_1,2021_03_07,MG01,dockerb2,25,-0.063835,0,0.04,3.258096538021482,0.0,0.0,0.0,0.0,0.0,0.0,0.0,0.0,1.0,1.0,0.6931471805599453,0.0,0.0,1.0,0.0,0.0,0.0,0.382504,0.0,1.0,0.0,0.0,0.0,0.25,0.126104,0.777778,0.0,0.0,0.0,0.25,0.254954,0.0,0.0,0.0,0.919363,0.22654,0.599769,0.0,0.0,0.32588,0.0,0.0,0.0,0.0,0.0,0.0,0.5,0.0,0.0,1.0,0.0,1.0,0.0,0.0,0.0,0.0,0.0,0.0,0.0,0.0,1.0,0.0,0.0,0.0,0.0,0.0,0.0,0.0,0.0,0.0,0.0,0.0,0.0,0.0,0.0,0.0,0.0,0.0,0.0,0.0,0.0,0.0,0.0,-3.1147165,1,-1.0589372935865156,-0.56730396,-1.200763282475256,-1.3425892713639966,-1.4844152751538984,-1.6262412491414777,-1.9098932567212812
Bank,Bank:11:task_1:MG01:2021-03-07 16:08:00,Bank:MG01:2021-03-07 16:08:00,11,task_1,2021_03_07,MG01,servicetest2,26,-0.064829,0,0.0384615384615384,3.295836866004329,0.3705095706501029,0.617515951083505,0.0,0.0,0.0,0.0,0.0,0.0,1.0,1.0,0.6931471805599453,0.0,0.0,1.0,0.0,0.37051,0.0,0.382504,0.0,1.0,0.060947,0.0,0.0,0.25,0.126104,1.0,0.039686,0.0,0.0,0.25,0.254954,0.316522,0.103001,0.0,0.919363,0.291106,0.599769,0.23644,0.0,0.41586,0.0,0.0,0.0,0.0,0.040836,0.0,0.5,0.0,0.0,1.0,0.0,1.0,0.0,0.0,0.0,0.052324,0.023923,0.0,0.074206,0.0,1.0,0.0,0.0,0.0,0.0,0.0,0.0,0.0,0.0,0.0,0.0,1.0,0.0,0.0,0.0,0.0,0.0,0.0,0.0,0.0,0.0,0.0,0.0,-3.477157,1,-1.0640436672469862,-0.8627367,-1.2797278427383192,-1.4954120182296522,-1.7110961937209852,-1.9267803692123182,-2.3581487201949844
Bank,Bank:11:task_1:MG01:2021-03-07 16:08:00,Bank:MG01:2021-03-07 16:08:00,11,task_1,2021_03_07,MG01,servicetest4,27,-0.068545,0,0.037037037037037,3.332204510175204,0.3479518623526189,0.5799197705876982,0.0,0.0,0.0,0.0,0.0,0.0,1.0,1.0,0.6931471805599453,0.0,0.0,1.0,0.0,0.347952,0.0,0.382504,0.0,1.0,0.058732,0.0,0.0,0.25,0.126104,1.0,0.036133,0.0,0.0,0.25,0.254954,0.297251,0.096689,0.0,0.919363,0.287175,0.599769,0.221477,0.0,0.410308,0.0,0.0,0.0,0.0,0.03835,0.0,0.5,0.0,0.0,1.0,0.0,1.0,0.0,0.0,0.0,0.052466,0.023054,0.0,0.074206,0.0,1.0,0.0,0.0,0.0,0.0,0.0,0.0,0.0,0.0,0.0,0.0,1.0,0.0,0.0,0.0,0.0,0.0,0.0,0.0,0.0,0.0,0.0,0.0,-3.477157,1,-1.083133490710074,-0.8627367,-1.298817666201407,-1.51450184169274,-1.730186017184073,-1.945870192675406,-2.377238543658072
Bank,Bank:11:task_1:MG01:2021-03-07 16:08:00,Bank:MG01:2021-03-07 16:08:00,11,task_1,2021_03_07,MG01,servicetest8,28,-0.074658,0,0.0357142857142857,3.367295829986474,0.3107605406660922,0.5179342344434872,0.0,0.0,0.0,0.0,0.0,0.0,1.0,1.0,0.6931471805599453,0.0,0.0,1.0,0.0,0.310761,0.0,0.382504,0.0,1.0,0.055079,0.0,0.0,0.25,0.126104,1.0,0.030274,0.0,0.0,0.25,0.254954,0.265479,0.086295,0.0,0.919363,0.280694,0.599769,0.196964,0.0,0.401174,0.0,0.0,0.0,0.0,0.034251,0.0,0.5,0.0,0.0,1.0,0.0,1.0,0.0,0.0,0.0,0.052702,0.02162,0.0,0.074206,0.0,1.0,0.0,0.0,0.0,0.0,0.0,0.0,0.0,0.0,0.0,0.0,1.0,0.0,0.0,0.0,0.0,0.0,0.0,0.0,0.0,0.0,0.0,0.0,-3.477157,1,-1.1145371750022848,-0.8627367,-1.3302213504936178,-1.5459055259849508,-1.7615897014762838,-1.9772738769676168,-2.408642227950283
Bank,Bank:11:task_1:MG01:2021-03-07 16:08:00,Bank:MG01:2021-03-07 16:08:00,11,task_1,2021_03_07,MG01,tomcat04,29,-0.075111,0,0.0344827586206896,3.4011973816621555,1.0,1.0,0.3773584905660377,0.0,0.0,2.0,1.0,3.0,0.0,1.0,0.6931471805599453,2.0,0.9056603773584906,1.0,-0.0661111111111111,1.0,0.176735,0.738988,0.181132,0.818868,0.240403,1.0,0.0,0.0,0.061643,0.405993,0.47461,0.445463,0.935065,0.0,0.002754,0.922631,0.271133,1.0,0.311462,0.273909,0.34944,0.184728,0.928571,0.0,0.752293,0.871833,0.125,0.323415,0.239077,0.415092,0.5,0.881344,0.0,0.0,1.0,0.90335,1.0,1.0,0.166667,1.0,0.556919,1.0,1.0,0.0,0.0,1.0,0.0,0.0,0.0,1.0,0.0,0.0,0.0,0.0,0.0,0.0,0.0,0.0,0.0,0.0,0.0,0.0,0.0,0.0,0.0,0.0,0.0,-0.47671637,1,-1.1168643251714934,1.5829841,-0.7211183027086485,-0.32537228024580367,0.07037377201936357,0.46611976467988603,1.2576118692102205
Bank,Bank:12:task_3:MG01:2021-03-07 16:08:00,Bank:MG01:2021-03-07 16:08:00,12,task_3,2021_03_07,MG01,mg01,1,0.649801,1,1.0,0.6931471805599453,0.9056603773584906,1.0,0.0,0.0,0.0,0.0,5.0,5.0,0.0,1.0,0.6931471805599453,0.0,4.489710342149651,1.0,0.0,0.90566,1.0,0.06994,0.822278,0.177722,1.0,0.881286,0.627493,1.0,1.0,0.587482,1.0,0.0,0.927096,1.0,0.044847,0.922631,0.905648,0.052444,0.791076,0.997982,0.657281,0.534395,1.0,0.944607,1.0,0.0,1.0,0.0,0.995172,0.594136,0.5,0.818967,0.0,0.0,1.0,0.132605,1.0,0.0,1.0,0.126567,1.0,0.45,0.211307,1.0,0.0,0.0,0.0,0.0,0.0,0.0,1.0,0.0,0.0,0.0,0.0,0.0,0.0,0.0,0.0,0.0,0.0,0.0,0.0,0.0,0.0,0.0,0.0,0.05026223,1,2.607151311608346,2.012535,3.1102850854120567,3.6134188592157677,4.116552633019479,4.61968640682319,5.625953954430612
Bank,Bank:12:task_3:MG01:2021-03-07 16:08:00,Bank:MG01:2021-03-07 16:08:00,12,task_3,2021_03_07,MG01,tomcat02,2,0.540734,0,0.5,1.0986122886681096,1.0,1.0,0.3773584905660377,0.0,0.0,0.0,2.0,2.0,0.0,1.0,0.6931471805599453,0.0,1.8113207547169807,1.0,-0.0825,1.0,0.342073,0.297322,0.231891,0.768109,0.523978,0.846804,0.0,1.0,1.0,0.5628,0.646969,0.0,0.935065,1.0,0.130102,0.922631,0.951897,0.056577,0.790113,1.0,0.248137,0.653,1.0,1.0,0.695787,1.0,0.5,0.0,0.540426,0.726716,0.5,0.904525,0.0,0.0,1.0,0.87966,1.0,0.999426,0.833333,0.557237,0.724628,0.999684,0.396256,0.0,0.0,1.0,0.0,0.0,0.0,1.0,0.0,0.0,0.0,0.0,0.0,0.0,0.0,0.0,0.0,0.0,0.0,0.0,0.0,0.0,0.0,0.0,0.0,0.19168481,1,2.0468526636943003,2.1278114,2.5788055216654917,3.110758379636683,3.6427112376078745,4.174664095579066,5.238569811521449
Bank,Bank:12:task_3:MG01:2021-03-07 16:08:00,Bank:MG01:2021-03-07 16:08:00,12,task_3,2021_03_07,MG01,mysql01,3,0.404009,0,0.3333333333333333,1.3862943611198906,0.9056603773584906,1.0,0.0,0.0,0.0,4.0,4.0,8.0,0.0,1.0,0.6931471805599453,3.584049964791161,3.2101255589225333,1.0,0.0,0.90566,0.714996,0.326162,0.74629,0.25371,0.739414,0.873749,0.0,1.0,0.126104,0.536923,0.714153,0.798281,0.828588,1.0,0.410112,0.898668,1.0,0.674501,0.957578,0.706762,1.0,1.0,0.857143,0.790125,1.0,0.0,0.75,0.0,0.963494,0.738175,0.5,0.886875,0.0,0.0,1.0,0.331034,1.0,0.0,1.0,0.342587,0.892871,0.45,0.578336,0.0,0.0,1.0,0.0,0.0,0.0,0.0,0.0,0.0,0.0,1.0,0.0,0.0,0.0,0.0,0.0,0.0,0.0,0.0,0.0,0.0,0.0,0.0,0.0,-1.9071661,1,1.3444694255374985,0.41699517,1.4487182174705582,1.5529670094036179,1.6572158013366776,1.7614645932697373,1.9699621771358566
Bank,Bank:12:task_3:MG01:2021-03-07 16:08:00,Bank:MG01:2021-03-07 16:08:00,12,task_3,2021_03_07,MG01,mg02,4,0.363597,0,0.25,1.6094379124341005,0.9056603773584906,1.0,0.0,0.0,0.0,1.0,4.0,5.0,0.0,1.0,0.6931471805599453,0.9056603773584906,3.584049964791161,1.0,0.0,0.90566,0.798281,0.115912,0.852847,0.147153,0.860364,0.863028,0.0,1.0,0.126104,0.536923,0.756299,0.201719,0.925104,1.0,0.148784,0.922631,0.90733,0.64099,0.146952,0.760745,0.603926,0.678799,0.964286,0.59641,1.0,0.0,0.875,0.0,0.890904,0.658701,0.5,0.76939,0.0,0.0,1.0,0.097242,1.0,0.0,1.0,0.271622,0.901682,0.45,0.442505,1.0,0.0,0.0,0.0,0.0,0.0,0.0,1.0,0.0,0.0,0.0,0.0,0.0,0.0,0.0,0.0,0.0,0.0,0.0,0.0,0.0,0.0,0.0,0.0,-0.9709649,1,1.136865026777998,1.180112,1.4318930278480206,1.7269210289180432,2.021949059790388,2.316977031058088,2.907033092802778
Bank,Bank:12:task_3:MG01:2021-03-07 16:08:00,Bank:MG01:2021-03-07 16:08:00,12,task_3,2021_03_07,MG01,redis02,5,0.358517,0,0.2,1.791759469228055,0.9056603773584906,1.0,0.0,0.0,0.0,2.0,3.0,5.0,0.0,1.0,0.6931471805599453,1.8113207547169807,2.67838958743267,1.0,0.0,0.90566,0.596562,0.098071,0.903796,0.096204,0.7207,0.838132,0.0,1.0,0.126104,0.457615,0.617733,0.403438,0.921783,1.0,0.211288,0.922631,0.92634,0.707535,0.064411,0.735245,0.859226,0.764229,0.928571,0.563812,1.0,0.0,0.75,0.0,1.0,1.0,0.5,0.92186,0.0,0.0,1.0,0.193997,1.0,0.0,1.0,0.311166,0.843688,0.45,0.476926,0.0,0.0,1.0,0.0,0.0,0.0,0.0,0.0,0.0,0.0,0.0,1.0,0.0,0.0,0.0,0.0,0.0,0.0,0.0,0.0,0.0,0.0,0.0,0.0,-2.0786054,1,1.110768066823077,0.27725148,1.180080937325549,1.249393807828021,1.3187066783304928,1.3880195488329647,1.5266452898379086
Bank,Bank:12:task_3:MG01:2021-03-07 16:08:00,Bank:MG01:2021-03-07 16:08:00,12,task_3,2021_03_07,MG01,mysql02,6,0.336565,0,0.1666666666666666,1.9459101490553128,0.9056603773584906,1.0,0.0,0.0,0.0,5.0,3.0,8.0,0.0,1.0,0.6931471805599453,4.489710342149651,2.304465181564043,1.0,0.0,0.90566,0.513277,0.30708,0.76172,0.23828,0.599794,0.845968,0.0,1.0,0.126104,0.457615,0.581944,1.0,0.793095,1.0,0.243566,0.890681,0.89805,0.663743,0.997686,0.696147,0.859226,0.78575,0.821429,0.719482,1.0,0.0,0.625,0.0,0.79609,0.804483,0.5,0.842667,0.0,0.0,1.0,0.267875,1.0,0.0,1.0,0.396532,0.786073,0.45,0.596047,0.0,0.0,1.0,0.0,0.0,0.0,0.0,0.0,0.0,0.0,1.0,0.0,0.0,0.0,0.0,0.0,0.0,0.0,0.0,0.0,0.0,0.0,0.0,0.0,-2.9921205,1,0.9979963217580334,-0.4673734,0.8811529715263859,0.7643096212947385,0.6474662636125104,0.5306229208314435,0.2969362054669873
Bank,Bank:12:task_3:MG01:2021-03-07 16:08:00,Bank:MG01:2021-03-07 16:08:00,12,task_3,2021_03_07,MG01,ig02,7,0.27975,0,0.1428571428571428,2.079441541679836,0.9056603773584906,1.0,0.0,0.0,0.0,2.0,4.0,6.0,0.0,1.0,0.6931471805599453,1.8113207547169807,3.2101255589225333,1.0,0.0,0.90566,0.714996,0.283117,0.718371,0.281629,0.710352,0.893187,0.0,1.0,0.126104,0.536923,0.704359,0.403438,0.828588,1.0,0.236071,0.898668,0.888577,0.6898,0.158542,0.706762,1.0,0.781328,0.785714,0.557106,1.0,0.0,0.75,0.0,0.762943,0.582677,0.5,0.783935,0.0,0.0,1.0,0.226989,1.0,0.0,1.0,0.337285,0.849699,0.45,0.532654,0.0,0.0,1.0,0.0,0.0,0.0,0.0,0.0,1.0,0.0,0.0,0.0,0.0,0.0,0.0,0.0,0.0,0.0,0.0,0.0,0.0,0.0,0.0,0.0,-2.940996,1,0.706126483207083,-0.42570072,0.5997013021758559,0.4932761211446288,0.3868509252122405,0.2804257590821746,0.06757536721739799
Bank,Bank:12:task_3:MG01:2021-03-07 16:08:00,Bank:MG01:2021-03-07 16:08:00,12,task_3,2021_03_07,MG01,servicetest3,8,0.271108,0,0.125,2.19722457733622,0.8670688327156892,1.0,0.0,0.0,0.0,3.0,2.0,5.0,0.0,1.0,0.6931471805599453,2.716981132075472,1.8113207547169807,1.0,0.0,0.867069,0.403438,0.0,1.0,0.0,0.582847,0.804032,0.0,1.0,0.126104,0.340577,0.464763,0.605157,0.935065,1.0,0.254954,0.922631,0.940583,0.722073,0.752174,0.738607,0.644211,0.822814,0.892857,0.69405,1.0,0.0,0.625,0.0,0.49341,0.686684,0.5,0.623908,0.0,0.0,1.0,0.145485,1.0,0.0,1.0,0.397426,0.742055,0.45,0.563373,0.0,1.0,0.0,0.0,0.0,0.0,0.0,0.0,0.0,0.0,0.0,0.0,1.0,0.0,0.0,0.0,0.0,0.0,0.0,0.0,0.0,0.0,0.0,0.0,-2.109512,1,0.6617308281026686,0.2520588,0.7247455291114653,0.787760230120262,0.8507749311290587,0.9137896321378554,1.0398190341554487
Bank,Bank:12:task_3:MG01:2021-03-07 16:08:00,Bank:MG01:2021-03-07 16:08:00,12,task_3,2021_03_07,MG01,redis01,9,0.190853,0,0.1111111111111111,2.302585092994046,0.9056603773584906,1.0,0.0,0.0,0.0,3.0,3.0,6.0,0.0,1.0,0.6931471805599453,2.716981132075472,2.304465181564043,1.0,0.0,0.90566,0.513277,0.320065,0.724494,0.275506,0.570801,0.867143,0.0,1.0,0.126104,0.457615,0.579004,0.605157,0.793095,1.0,0.06958,0.890681,0.785477,0.679042,0.775014,0.696147,0.859226,0.55063,0.75,0.579572,1.0,0.0,0.625,0.0,0.484347,0.483634,0.5,0.620841,0.0,0.0,1.0,0.089469,1.0,0.0,1.0,0.421431,0.720225,0.45,0.590713,0.0,0.0,0.0,1.0,0.0,0.0,0.0,0.0,0.0,0.0,0.0,1.0,0.0,0.0,0.0,0.0,0.0,0.0,0.0,0.0,0.0,0.0,0.0,0.0,-2.6234198,1,0.2494450955864927,-0.16683787,0.20773562781782356,0.16602616004915444,0.12431669228048531,0.08260722451181618,-0.0008117110255220772
Bank,Bank:12:task_3:MG01:2021-03-07 16:08:00,Bank:MG01:2021-03-07 16:08:00,12,task_3,2021_03_07,MG01,tomcat03,10,0.186175,0,0.1,2.3978952727983707,1.0,1.0,0.3773584905660377,0.0,0.0,1.0,2.0,3.0,0.0,1.0,0.6931471805599453,1.0,1.9056603773584904,1.0,-0.0808333333333333,1.0,0.387876,0.593118,0.190566,0.809434,0.392936,1.0,0.0,1.0,0.1372,0.5628,0.59312,0.222732,0.983766,1.0,0.02364,0.980658,0.856183,0.732031,0.0,0.762774,0.644211,0.53604,0.964286,0.484085,0.82171,0.609718,0.25,0.0,0.411453,0.46675,0.5,0.996268,0.0,0.0,1.0,0.900865,1.0,0.999888,0.333333,0.781931,0.691131,0.999938,0.76992,0.0,0.0,1.0,0.0,0.0,0.0,1.0,0.0,0.0,0.0,0.0,0.0,0.0,0.0,0.0,0.0,0.0,0.0,0.0,0.0,0.0,0.0,0.0,0.0,-0.8309847,1,0.22541328876186287,1.2942127,0.5489664634959784,0.872519638230094,1.1960727831618874,1.5196259876983254,2.166732277561912
Bank,Bank:12:task_3:MG01:2021-03-07 16:08:00,Bank:MG01:2021-03-07 16:08:00,12,task_3,2021_03_07,MG01,servicetest5,11,0.184337,0,0.0909090909090909,2.4849066497880004,0.4931444268470616,0.8219073780784361,0.0,0.0,0.0,4.0,2.0,6.0,0.0,1.0,0.6931471805599453,3.6226415094339615,1.8113207547169807,1.0,0.0,0.493144,0.403438,0.0,1.0,0.0,0.450805,0.846804,0.0,1.0,0.126104,0.340577,0.355692,0.806876,0.935065,1.0,0.254954,0.854167,0.86992,0.760319,0.958948,0.724642,0.644211,0.775256,0.714286,0.659162,1.0,0.0,0.5,0.0,0.399235,0.598779,0.5,0.731462,0.0,0.0,1.0,0.065324,1.0,0.0,0.833333,0.471139,0.633041,0.45,0.613383,0.0,1.0,0.0,0.0,0.0,0.0,0.0,0.0,0.0,0.0,0.0,0.0,1.0,0.0,0.0,0.0,0.0,0.0,0.0,0.0,0.0,0.0,0.0,0.0,-3.3424456,1,0.21597112096714935,-0.7529306,0.02773847557473144,-0.16049416981768647,-0.3487268003089432,-0.5369594606025223,-0.9134247215850357
Bank,Bank:12:task_3:MG01:2021-03-07 16:08:00,Bank:MG01:2021-03-07 16:08:00,12,task_3,2021_03_07,MG01,ig01,12,0.183222,0,0.0833333333333333,2.5649493574615367,0.9056603773584906,1.0,0.0,0.0,0.0,4.0,3.0,7.0,0.0,1.0,0.6931471805599453,3.304465181564043,2.315626030875212,1.0,0.0,0.90566,0.515763,0.405687,0.680595,0.319405,0.518862,0.901598,0.0,0.785714,0.089134,0.457615,0.573409,0.736009,0.796936,0.785714,0.340805,0.897423,0.792157,0.765177,0.923222,0.598917,0.859226,0.927713,0.642857,0.601855,1.0,0.0,0.5,0.44613,0.486261,0.448906,0.5,0.783615,0.0,0.0,1.0,0.486704,1.0,0.0,0.666667,0.458026,0.788403,0.45,0.714293,0.0,0.0,1.0,0.0,0.0,0.0,0.0,0.0,1.0,0.0,0.0,0.0,0.0,0.0,0.0,0.0,0.0,0.0,0.0,0.0,0.0,0.0,0.0,0.0,-3.0843284,1,0.2102431464888547,-0.54253393,0.07460966295976382,-0.061023820569327064,-0.19665731899957914,-0.33229078762750885,-0.603557784488013
Bank,Bank:12:task_3:MG01:2021-03-07 16:08:00,Bank:MG01:2021-03-07 16:08:00,12,task_3,2021_03_07,MG01,servicetest9,13,0.167195,0,0.0769230769230769,2.639057329615259,0.8942730719541195,1.0,0.0,0.0,0.0,3.0,1.0,4.0,0.0,1.0,0.6931471805599453,2.3270133362795837,0.9056603773584906,1.0,0.0,0.894273,0.201719,0.337379,0.708914,0.291086,0.227771,1.0,0.0,1.0,0.085026,0.183771,0.350865,0.518299,0.935065,1.0,0.254954,0.922631,0.843303,0.798566,0.519842,0.738607,0.34944,0.822814,0.535714,0.567017,1.0,0.0,0.125,0.0,0.190636,0.296589,0.5,0.47457,0.0,0.0,1.0,0.10885,1.0,0.0,0.166667,0.556611,0.46065,0.45,0.632233,0.0,1.0,0.0,0.0,0.0,0.0,0.0,0.0,0.0,0.0,0.0,0.0,1.0,0.0,0.0,0.0,0.0,0.0,0.0,0.0,0.0,0.0,0.0,0.0,-3.0296133,1,0.1279092927098161,-0.49793452,0.0034256626486665054,-0.12105796741248309,-0.2455415825724715,-0.3700252275347823,-0.6189924578547591
Bank,Bank:12:task_3:MG01:2021-03-07 16:08:00,Bank:MG01:2021-03-07 16:08:00,12,task_3,2021_03_07,MG01,apache01,14,0.152981,0,0.0714285714285714,2.70805020110221,0.9056603773584906,1.0,0.0,0.0,0.0,5.0,0.0,5.0,0.0,1.0,0.6931471805599453,4.409965653516721,0.0,1.0,0.0,0.90566,0.0,1.0,0.0,1.0,0.102391,0.0,1.0,0.1,0.0,0.0,0.46785,0.982238,0.0,0.1,0.138065,0.512573,0.081471,0.601241,1.0,0.0,0.0,0.192699,0.392857,0.171881,0.0,0.0,0.0,1.0,0.099819,0.0,0.5,0.0,0.0,1.0,0.0,1.0,0.0,0.0,0.0,0.367676,0.040191,0.0,0.500328,1.0,0.0,0.0,0.0,0.0,0.0,0.0,0.0,0.0,1.0,0.0,0.0,0.0,0.0,0.0,0.0,0.0,0.0,0.0,0.0,0.0,0.0,0.0,0.0,-1.4831164,1,0.05488917680445289,0.7626468,0.24555087538424109,0.4362125739640293,0.6268743023461399,0.8175359711236058,1.1988594278878268
Bank,Bank:12:task_3:MG01:2021-03-07 16:08:00,Bank:MG01:2021-03-07 16:08:00,12,task_3,2021_03_07,MG01,tomcat01,15,0.147119,0,0.0666666666666666,2.772588722239781,1.0,1.0,0.3773584905660377,0.0,0.0,0.0,3.0,3.0,0.0,1.0,0.6931471805599453,0.0,2.9056603773584904,1.0,-0.0744444444444444,1.0,0.436845,0.210725,0.460377,0.539623,0.546263,1.0,0.678178,0.5,0.417403,0.679838,0.656394,0.0,1.0,0.5,0.0,1.0,0.643922,0.233041,0.774062,0.799873,0.727202,0.463306,1.0,0.674889,0.29425,0.357691,0.375,0.0,0.428143,0.328003,0.5,1.0,0.0,0.0,1.0,0.852806,1.0,0.999476,0.5,0.782588,0.447287,0.999712,0.536838,0.0,0.0,1.0,0.0,0.0,0.0,1.0,0.0,0.0,0.0,0.0,0.0,0.0,0.0,0.0,0.0,0.0,0.0,0.0,0.0,0.0,0.0,0.0,0.0,0.11239925,1,0.024774928919463486,2.0631843,0.5405709942499689,1.0563670595804742,1.5721631249109795,2.087959190241485,3.1195513209024957
Bank,Bank:12:task_3:MG01:2021-03-07 16:08:00,Bank:MG01:2021-03-07 16:08:00,12,task_3,2021_03_07,MG01,servicetest7,16,0.091399,0,0.0625,2.833213344056216,0.5156925815626021,0.8594876359376702,0.0,0.0,0.0,2.0,2.0,4.0,0.0,1.0,0.6931471805599453,1.8113207547169807,1.79993344931261,1.0,0.0,0.515693,0.400902,0.0,1.0,0.0,0.3237,1.0,0.0,1.0,0.079891,0.340577,0.309466,0.403438,0.929186,1.0,0.254954,0.868613,0.835378,0.787868,0.056985,0.7261,0.644211,0.785324,0.571429,0.475219,1.0,0.0,0.25,0.0,0.314903,0.417921,0.5,0.868222,0.0,0.0,1.0,0.0,1.0,0.0,0.333333,0.505547,0.497784,0.45,0.57517,0.0,1.0,0.0,0.0,0.0,0.0,0.0,0.0,0.0,0.0,0.0,0.0,1.0,0.0,0.0,0.0,0.0,0.0,0.0,0.0,0.0,0.0,0.0,0.0,-3.3748183,1,-0.2614696790900227,-0.7793182,-0.4562992324557301,-0.6511287858214375,-0.8459583093848225,-1.0407878925528524,-1.4304469396796224
Bank,Bank:12:task_3:MG01:2021-03-07 16:08:00,Bank:MG01:2021-03-07 16:08:00,12,task_3,2021_03_07,MG01,dockera2,17,0.084731,0,0.0588235294117647,2.8903717578961645,0.9056603773584906,1.0,0.0,0.0,0.0,0.0,0.0,0.0,1.0,1.0,0.6931471805599453,0.0,0.0,1.0,0.0833333333333333,0.90566,0.0,0.382504,0.0,1.0,0.11351,0.0,0.0,0.25,0.126104,1.0,0.123991,0.0,0.0,0.25,1.0,0.512573,0.513545,0.0,0.919363,0.331098,0.599769,0.661413,0.0,0.732257,0.0,0.0,0.0,0.0,0.099819,0.0,0.5,0.0,0.0,1.0,0.0,1.0,0.0,0.0,0.0,0.048937,0.044556,0.0,0.074206,0.0,0.0,0.0,0.0,1.0,0.0,0.0,0.0,0.0,0.0,0.0,0.0,0.0,0.0,0.0,0.0,0.0,0.0,0.0,0.0,0.0,0.0,0.0,0.0,-3.453773,1,-0.29572450762927704,-0.84367585,-0.5066434705847519,-0.7175624335402268,-0.9284813964957016,-1.1394003594511766,-1.5612382853621263
Bank,Bank:12:task_3:MG01:2021-03-07 16:08:00,Bank:MG01:2021-03-07 16:08:00,12,task_3,2021_03_07,MG01,dockerb1,18,0.084731,0,0.0555555555555555,2.9444389791664403,0.9056603773584906,1.0,0.0,0.0,0.0,0.0,0.0,0.0,1.0,1.0,0.6931471805599453,0.0,0.0,1.0,0.0833333333333333,0.90566,0.0,0.382504,0.0,1.0,0.11351,0.0,0.0,0.25,0.126104,1.0,0.123991,0.0,0.0,0.25,1.0,0.512573,0.513545,0.0,0.919363,0.331098,0.599769,0.661413,0.0,0.732257,0.0,0.0,0.0,0.0,0.099819,0.0,0.5,0.0,0.0,1.0,0.0,1.0,0.0,0.0,0.0,0.048937,0.044556,0.0,0.074206,0.0,0.0,0.0,0.0,1.0,0.0,0.0,0.0,0.0,0.0,0.0,0.0,0.0,0.0,0.0,0.0,0.0,0.0,0.0,0.0,0.0,0.0,0.0,0.0,-3.453773,1,-0.29572450762927704,-0.84367585,-0.5066434705847519,-0.7175624335402268,-0.9284813964957016,-1.1394003594511766,-1.5612382853621263
Bank,Bank:12:task_3:MG01:2021-03-07 16:08:00,Bank:MG01:2021-03-07 16:08:00,12,task_3,2021_03_07,MG01,apache02,19,0.084291,0,0.0526315789473684,2.995732273553991,0.9056603773584906,1.0,0.0,0.0,0.0,5.0,2.0,7.0,0.0,1.0,0.6931471805599453,4.210125558922534,1.4099656535167218,1.0,0.0,0.90566,0.314044,0.417175,0.670893,0.329107,0.379499,0.863112,0.0,0.785714,0.092495,0.340577,0.451888,0.937728,0.727872,0.785714,0.09457,0.884819,0.643259,0.737009,0.991824,0.57886,0.644211,0.585484,0.607143,0.503745,1.0,0.0,0.375,0.356904,0.318856,0.403732,0.5,0.58252,0.0,0.0,1.0,0.09497,1.0,0.0,0.5,0.558932,0.581392,0.45,0.725004,0.0,0.0,1.0,0.0,0.0,0.0,0.0,0.0,0.0,1.0,0.0,0.0,0.0,0.0,0.0,0.0,0.0,0.0,0.0,0.0,0.0,0.0,0.0,0.0,-1.7759513,1,-0.2979848742395458,0.52395105,-0.1669971108346996,-0.0360093474298534,0.09497841597499279,0.22596617937983898,0.48794170618953137
Bank,Bank:12:task_3:MG01:2021-03-07 16:08:00,Bank:MG01:2021-03-07 16:08:00,12,task_3,2021_03_07,MG01,servicetest6,20,-0.04423,0,0.05,3.044522437723423,0.4948541028096865,0.8247568380161443,0.0,0.0,0.0,0.0,0.0,0.0,1.0,1.0,0.6931471805599453,0.0,0.0,1.0,0.0,0.494854,0.0,0.382504,0.0,1.0,0.073161,0.0,0.0,0.25,0.126104,1.0,0.059275,0.0,0.0,0.25,0.254954,0.422748,0.13788,0.0,0.919363,0.312775,0.599769,0.32016,0.0,0.446629,0.0,0.0,0.0,0.0,0.054541,0.0,0.5,0.0,0.0,1.0,0.0,1.0,0.0,0.0,0.0,0.051537,0.028718,0.0,0.074206,0.0,1.0,0.0,0.0,0.0,0.0,0.0,0.0,0.0,0.0,0.0,0.0,1.0,0.0,0.0,0.0,0.0,0.0,0.0,0.0,0.0,0.0,0.0,0.0,-3.477157,1,-0.9582225495085187,-0.8627367,-1.1739067249998518,-1.3895909004911848,-1.6052750759825178,-1.8209592514738508,-2.252327602456517
Bank,Bank:12:task_3:MG01:2021-03-07 16:08:00,Bank:MG01:2021-03-07 16:08:00,12,task_3,2021_03_07,MG01,servicetest1,21,-0.056447,0,0.0476190476190476,3.091042453358316,0.4212451187342627,0.7020751978904378,0.0,0.0,0.0,0.0,0.0,0.0,1.0,1.0,0.6931471805599453,0.0,0.0,1.0,0.0,0.421245,0.0,0.382504,0.0,1.0,0.065931,0.0,0.0,0.25,0.126104,1.0,0.047679,0.0,0.0,0.25,0.254954,0.359864,0.117215,0.0,0.919363,0.299947,0.599769,0.270348,0.0,0.428382,0.0,0.0,0.0,0.0,0.046428,0.0,0.5,0.0,0.0,1.0,0.0,1.0,0.0,0.0,0.0,0.052002,0.02588,0.0,0.074206,0.0,1.0,0.0,0.0,0.0,0.0,0.0,0.0,0.0,0.0,0.0,0.0,1.0,0.0,0.0,0.0,0.0,0.0,0.0,0.0,0.0,0.0,0.0,0.0,-3.477157,1,-1.0209836833213668,-0.8627367,-1.2366678588126998,-1.4523520343040328,-1.6680362097953658,-1.8837203852866988,-2.315088736269365
Bank,Bank:12:task_3:MG01:2021-03-07 16:08:00,Bank:MG01:2021-03-07 16:08:00,12,task_3,2021_03_07,MG01,servicetest11,22,-0.060085,0,0.0454545454545454,3.1354942159291497,0.3992469110787077,0.665411518464513,0.0,0.0,0.0,0.0,0.0,0.0,1.0,1.0,0.6931471805599453,0.0,0.0,1.0,0.0,0.399247,0.0,0.382504,0.0,1.0,0.06377,0.0,0.0,0.25,0.126104,1.0,0.044213,0.0,0.0,0.25,0.254954,0.341072,0.111049,0.0,0.919363,0.296114,0.599769,0.255603,0.0,0.422947,0.0,0.0,0.0,0.0,0.044004,0.0,0.5,0.0,0.0,1.0,0.0,1.0,0.0,0.0,0.0,0.052142,0.025032,0.0,0.074206,0.0,1.0,0.0,0.0,0.0,0.0,0.0,0.0,0.0,0.0,0.0,0.0,1.0,0.0,0.0,0.0,0.0,0.0,0.0,0.0,0.0,0.0,0.0,0.0,-3.477157,1,-1.039672805430816,-0.8627367,-1.255356980922149,-1.471041156413482,-1.686725331904815,-1.902409507396148,-2.333777858378814
Bank,Bank:12:task_3:MG01:2021-03-07 16:08:00,Bank:MG01:2021-03-07 16:08:00,12,task_3,2021_03_07,MG01,servicetest10,23,-0.062946,0,0.0434782608695652,3.1780538303479458,0.3819227512258182,0.6365379187096971,0.0,0.0,0.0,0.0,0.0,0.0,1.0,1.0,0.6931471805599453,0.0,0.0,1.0,0.0,0.381923,0.0,0.382504,0.0,1.0,0.062068,0.0,0.0,0.25,0.126104,1.0,0.041484,0.0,0.0,0.25,0.254954,0.326272,0.106196,0.0,0.919363,0.293095,0.599769,0.244037,0.0,0.418673,0.0,0.0,0.0,0.0,0.042094,0.0,0.5,0.0,0.0,1.0,0.0,1.0,0.0,0.0,0.0,0.052251,0.024363,0.0,0.074206,0.0,1.0,0.0,0.0,0.0,0.0,0.0,0.0,0.0,0.0,0.0,0.0,1.0,0.0,0.0,0.0,0.0,0.0,0.0,0.0,0.0,0.0,0.0,0.0,-3.477157,1,-1.0543703255944044,-0.8627367,-1.2700545010857374,-1.4857386765770704,-1.7014228520684034,-1.9171070275597364,-2.3484753785424024
Bank,Bank:12:task_3:MG01:2021-03-07 16:08:00,Bank:MG01:2021-03-07 16:08:00,12,task_3,2021_03_07,MG01,dockera1,24,-0.063835,0,0.0416666666666666,3.218875824868201,0.0,0.0,0.0,0.0,0.0,0.0,0.0,0.0,1.0,1.0,0.6931471805599453,0.0,0.0,1.0,0.0,0.0,0.0,0.382504,0.0,1.0,0.0,0.0,0.0,0.25,0.126104,0.777778,0.0,0.0,0.0,0.25,0.254954,0.0,0.0,0.0,0.919363,0.22654,0.599769,0.0,0.0,0.32588,0.0,0.0,0.0,0.0,0.0,0.0,0.5,0.0,0.0,1.0,0.0,1.0,0.0,0.0,0.0,0.0,0.0,0.0,0.0,0.0,1.0,0.0,0.0,0.0,0.0,0.0,0.0,0.0,0.0,0.0,0.0,0.0,0.0,0.0,0.0,0.0,0.0,0.0,0.0,0.0,0.0,0.0,0.0,-3.1147165,1,-1.0589372935865156,-0.56730396,-1.200763282475256,-1.3425892713639966,-1.4844152751538984,-1.6262412491414777,-1.9098932567212812
Bank,Bank:12:task_3:MG01:2021-03-07 16:08:00,Bank:MG01:2021-03-07 16:08:00,12,task_3,2021_03_07,MG01,dockerb2,25,-0.063835,0,0.04,3.258096538021482,0.0,0.0,0.0,0.0,0.0,0.0,0.0,0.0,1.0,1.0,0.6931471805599453,0.0,0.0,1.0,0.0,0.0,0.0,0.382504,0.0,1.0,0.0,0.0,0.0,0.25,0.126104,0.777778,0.0,0.0,0.0,0.25,0.254954,0.0,0.0,0.0,0.919363,0.22654,0.599769,0.0,0.0,0.32588,0.0,0.0,0.0,0.0,0.0,0.0,0.5,0.0,0.0,1.0,0.0,1.0,0.0,0.0,0.0,0.0,0.0,0.0,0.0,0.0,1.0,0.0,0.0,0.0,0.0,0.0,0.0,0.0,0.0,0.0,0.0,0.0,0.0,0.0,0.0,0.0,0.0,0.0,0.0,0.0,0.0,0.0,0.0,-3.1147165,1,-1.0589372935865156,-0.56730396,-1.200763282475256,-1.3425892713639966,-1.4844152751538984,-1.6262412491414777,-1.9098932567212812
Bank,Bank:12:task_3:MG01:2021-03-07 16:08:00,Bank:MG01:2021-03-07 16:08:00,12,task_3,2021_03_07,MG01,servicetest2,26,-0.064829,0,0.0384615384615384,3.295836866004329,0.3705095706501029,0.617515951083505,0.0,0.0,0.0,0.0,0.0,0.0,1.0,1.0,0.6931471805599453,0.0,0.0,1.0,0.0,0.37051,0.0,0.382504,0.0,1.0,0.060947,0.0,0.0,0.25,0.126104,1.0,0.039686,0.0,0.0,0.25,0.254954,0.316522,0.103001,0.0,0.919363,0.291106,0.599769,0.23644,0.0,0.41586,0.0,0.0,0.0,0.0,0.040836,0.0,0.5,0.0,0.0,1.0,0.0,1.0,0.0,0.0,0.0,0.052324,0.023923,0.0,0.074206,0.0,1.0,0.0,0.0,0.0,0.0,0.0,0.0,0.0,0.0,0.0,0.0,1.0,0.0,0.0,0.0,0.0,0.0,0.0,0.0,0.0,0.0,0.0,0.0,-3.477157,1,-1.0640436672469862,-0.8627367,-1.2797278427383192,-1.4954120182296522,-1.7110961937209852,-1.9267803692123182,-2.3581487201949844
Bank,Bank:12:task_3:MG01:2021-03-07 16:08:00,Bank:MG01:2021-03-07 16:08:00,12,task_3,2021_03_07,MG01,servicetest4,27,-0.068545,0,0.037037037037037,3.332204510175204,0.3479518623526189,0.5799197705876982,0.0,0.0,0.0,0.0,0.0,0.0,1.0,1.0,0.6931471805599453,0.0,0.0,1.0,0.0,0.347952,0.0,0.382504,0.0,1.0,0.058732,0.0,0.0,0.25,0.126104,1.0,0.036133,0.0,0.0,0.25,0.254954,0.297251,0.096689,0.0,0.919363,0.287175,0.599769,0.221477,0.0,0.410308,0.0,0.0,0.0,0.0,0.03835,0.0,0.5,0.0,0.0,1.0,0.0,1.0,0.0,0.0,0.0,0.052466,0.023054,0.0,0.074206,0.0,1.0,0.0,0.0,0.0,0.0,0.0,0.0,0.0,0.0,0.0,0.0,1.0,0.0,0.0,0.0,0.0,0.0,0.0,0.0,0.0,0.0,0.0,0.0,-3.477157,1,-1.083133490710074,-0.8627367,-1.298817666201407,-1.51450184169274,-1.730186017184073,-1.945870192675406,-2.377238543658072
Bank,Bank:12:task_3:MG01:2021-03-07 16:08:00,Bank:MG01:2021-03-07 16:08:00,12,task_3,2021_03_07,MG01,servicetest8,28,-0.074658,0,0.0357142857142857,3.367295829986474,0.3107605406660922,0.5179342344434872,0.0,0.0,0.0,0.0,0.0,0.0,1.0,1.0,0.6931471805599453,0.0,0.0,1.0,0.0,0.310761,0.0,0.382504,0.0,1.0,0.055079,0.0,0.0,0.25,0.126104,1.0,0.030274,0.0,0.0,0.25,0.254954,0.265479,0.086295,0.0,0.919363,0.280694,0.599769,0.196964,0.0,0.401174,0.0,0.0,0.0,0.0,0.034251,0.0,0.5,0.0,0.0,1.0,0.0,1.0,0.0,0.0,0.0,0.052702,0.02162,0.0,0.074206,0.0,1.0,0.0,0.0,0.0,0.0,0.0,0.0,0.0,0.0,0.0,0.0,1.0,0.0,0.0,0.0,0.0,0.0,0.0,0.0,0.0,0.0,0.0,0.0,-3.477157,1,-1.1145371750022848,-0.8627367,-1.3302213504936178,-1.5459055259849508,-1.7615897014762838,-1.9772738769676168,-2.408642227950283
Bank,Bank:12:task_3:MG01:2021-03-07 16:08:00,Bank:MG01:2021-03-07 16:08:00,12,task_3,2021_03_07,MG01,tomcat04,29,-0.075111,0,0.0344827586206896,3.4011973816621555,1.0,1.0,0.3773584905660377,0.0,0.0,2.0,1.0,3.0,0.0,1.0,0.6931471805599453,2.0,0.9056603773584906,1.0,-0.0661111111111111,1.0,0.176735,0.738988,0.181132,0.818868,0.240403,1.0,0.0,0.0,0.061643,0.405993,0.47461,0.445463,0.935065,0.0,0.002754,0.922631,0.271133,1.0,0.311462,0.273909,0.34944,0.184728,0.928571,0.0,0.752293,0.871833,0.125,0.323415,0.239077,0.415092,0.5,0.881344,0.0,0.0,1.0,0.90335,1.0,1.0,0.166667,1.0,0.556919,1.0,1.0,0.0,0.0,1.0,0.0,0.0,0.0,1.0,0.0,0.0,0.0,0.0,0.0,0.0,0.0,0.0,0.0,0.0,0.0,0.0,0.0,0.0,0.0,0.0,0.0,-0.47671637,1,-1.1168643251714934,1.5829841,-0.7211183027086485,-0.32537228024580367,0.07037377201936357,0.46611976467988603,1.2576118692102205
Bank,Bank:16:task_1:IG02:2021-03-09 09:18:00,Bank:IG02:2021-03-09 09:18:00,16,task_1,2021_03_09,IG02,mysql01,1,0.544598,0,1.0,0.6931471805599453,1.0,1.0,0.4166666666666667,0.0,0.0,0.0,6.0,6.0,0.0,1.0,0.6931471805599453,0.0,6.0,1.0,-0.0144444444444444,1.0,1.0,0.304746,0.212,0.788,1.0,0.95,1.0,1.0,1.0,0.687971,1.0,0.0,1.0,1.0,0.368342,1.0,1.0,0.125,0.777123,1.0,1.0,1.0,1.0,1.0,0.943049,1.0,0.875,0.0,0.652515,0.179243,0.5,0.616006,0.0,0.0,1.0,0.327566,1.0,1.0,1.0,0.867613,1.0,1.0,0.73633,0.0,0.0,0.0,1.0,0.0,0.0,0.0,0.0,0.0,0.0,1.0,0.0,0.0,0.0,0.0,0.0,0.0,0.0,0.0,0.0,0.0,0.0,0.0,0.0,-1.3671354,1,3.358779342096475,1.2333114,3.667107195776132,3.975435049455789,4.283762903135446,4.592090756815103,5.208746464174417
Bank,Bank:16:task_1:IG02:2021-03-09 09:18:00,Bank:IG02:2021-03-09 09:18:00,16,task_1,2021_03_09,IG02,apache02,2,0.400693,0,0.5,1.0986122886681096,1.0,1.0,0.0,0.0,0.0,4.0,0.0,4.0,0.0,1.0,0.6931471805599453,3.1213944572459185,0.0,1.0,0.0,1.0,0.0,1.0,0.0,1.0,0.100208,0.0,1.0,1.0,0.076441,0.0,0.366445,0.520232,0.0,1.0,0.059205,0.555556,0.53722,0.348214,0.973806,0.240175,0.0,0.31841,0.607143,0.469185,0.0,0.0,0.0,0.0,0.088246,0.0,0.5,0.0,0.0,1.0,0.0,1.0,0.0,0.0,0.0,0.373139,0.03965,0.0,0.393415,0.0,0.0,1.0,0.0,0.0,0.0,0.0,0.0,0.0,1.0,0.0,0.0,0.0,0.0,0.0,0.0,0.0,0.0,0.0,0.0,0.0,0.0,0.0,0.0,-1.6056978,1,2.4662151606790923,0.96820176,2.7082655997984313,2.9503160389177703,3.1923665078394317,3.4344169171564483,3.918517854999771
Bank,Bank:16:task_1:IG02:2021-03-09 09:18:00,Bank:IG02:2021-03-09 09:18:00,16,task_1,2021_03_09,IG02,ig01,3,0.178293,0,0.3333333333333333,1.3862943611198906,1.0,1.0,0.0,0.0,0.0,3.0,4.0,7.0,0.0,1.0,0.6931471805599453,3.0,4.0,1.0,0.0,1.0,0.686207,0.12218,0.896648,0.103352,0.906907,0.846591,0.0,0.714286,0.056057,0.439301,0.664812,0.5,1.0,0.714286,0.265178,1.0,0.773677,0.973214,0.937704,0.547723,0.880491,0.873196,0.892857,0.380496,1.0,0.0,1.0,0.333333,0.979244,0.439369,0.5,0.948112,0.0,0.0,1.0,0.065671,1.0,0.0,1.0,0.679854,0.950593,0.45,0.939116,0.0,0.0,1.0,0.0,0.0,0.0,0.0,0.0,1.0,0.0,0.0,0.0,0.0,0.0,0.0,0.0,0.0,0.0,0.0,0.0,0.0,0.0,0.0,0.0,-2.4909968,1,1.0867893315054995,-0.015613763,1.0828858908400458,1.0789824501745922,1.0750790099747998,1.0711755688436848,1.0633686884441
Bank,Bank:16:task_1:IG02:2021-03-09 09:18:00,Bank:IG02:2021-03-09 09:18:00,16,task_1,2021_03_09,IG02,apache01,4,0.160312,0,0.25,1.6094379124341005,1.0,1.0,0.0,0.0,0.0,6.0,1.0,7.0,0.0,1.0,0.6931471805599453,6.0,1.0,1.0,0.0,1.0,0.171552,0.0,1.0,0.0,0.487125,0.734923,0.0,0.714286,0.070071,0.150358,0.321767,1.0,1.0,0.714286,0.183787,1.0,0.705846,1.0,1.0,0.547723,0.307679,0.754843,0.785714,0.34301,1.0,0.0,0.625,0.166667,0.570555,1.0,0.5,0.908862,0.0,0.0,1.0,0.093462,1.0,0.0,0.833333,0.861752,0.694127,0.45,0.929108,0.0,0.0,1.0,0.0,0.0,0.0,0.0,0.0,0.0,1.0,0.0,0.0,0.0,0.0,0.0,0.0,0.0,0.0,0.0,0.0,0.0,0.0,0.0,0.0,-2.5662317,1,0.9752630013149853,-0.09922082,0.9504577963721629,0.9256525914293404,0.9008473846238728,0.8760421815436955,0.8264317679327603
Bank,Bank:16:task_1:IG02:2021-03-09 09:18:00,Bank:IG02:2021-03-09 09:18:00,16,task_1,2021_03_09,IG02,tomcat01,5,0.129956,0,0.2,1.791759469228055,1.0,1.0,0.0,0.0,0.0,4.0,4.0,8.0,0.0,1.0,0.6931471805599453,4.0,3.1213944572459185,1.0,0.0,1.0,0.535481,0.558016,0.546244,0.453756,0.501961,1.0,0.391231,1.0,0.072073,0.344567,0.577863,0.666667,0.780349,1.0,0.020696,0.883672,0.677311,0.800218,0.991987,0.57312,0.880491,0.448119,0.75,0.345578,1.0,0.0,0.5,0.0,0.486963,0.215947,0.5,0.854456,0.0,0.0,1.0,0.107473,1.0,0.0,0.666667,0.835002,0.671335,0.45,0.86946,0.0,0.0,1.0,0.0,0.0,0.0,1.0,0.0,0.0,0.0,0.0,0.0,0.0,0.0,0.0,0.0,0.0,0.0,0.0,0.0,0.0,0.0,0.0,0.0,-1.1391484,1,0.7869812995596184,1.486669,1.1586485356493248,1.5303157717390312,1.9019829780264152,2.273650243918444,3.016984656493212
Bank,Bank:16:task_1:IG02:2021-03-09 09:18:00,Bank:IG02:2021-03-09 09:18:00,16,task_1,2021_03_09,IG02,ig02,6,0.108191,1,0.1666666666666666,1.9459101490553128,1.0,1.0,0.0,0.0,0.0,4.0,3.0,7.0,0.0,1.0,0.6931471805599453,4.0,3.0,1.0,0.0,1.0,0.514655,0.049613,0.962197,0.037803,0.767033,0.82153,0.0,0.714286,0.063064,0.374413,0.541673,0.666667,1.0,0.714286,0.071224,1.0,0.667023,0.982143,0.991447,0.547723,0.756541,0.585551,0.857143,0.262711,1.0,0.0,0.875,0.25,0.835844,0.497231,0.5,0.928326,0.0,0.0,1.0,0.15289,1.0,0.0,1.0,0.741309,0.889116,0.45,0.96402,0.0,0.0,1.0,0.0,0.0,0.0,0.0,0.0,1.0,0.0,0.0,0.0,0.0,0.0,0.0,0.0,0.0,0.0,0.0,0.0,0.0,0.0,0.0,0.0,-0.123229146,1,0.6519848824194958,2.61564,1.3058948636702588,1.9598048449210217,2.6137148857764294,3.2676248074225476,4.5754448891333634
Bank,Bank:16:task_1:IG02:2021-03-09 09:18:00,Bank:IG02:2021-03-09 09:18:00,16,task_1,2021_03_09,IG02,dockerb1,7,0.089758,0,0.1428571428571428,2.079441541679836,1.0,1.0,0.0,0.0,0.0,0.0,0.0,0.0,1.0,1.0,0.6931471805599453,0.0,0.0,1.0,0.0666666666666666,1.0,0.0,0.382504,0.0,1.0,0.111342,0.0,0.0,0.0,0.084086,0.818182,0.114076,0.0,0.0,0.0,1.0,0.555556,0.475132,0.0,0.901096,0.131004,0.528091,0.6874,0.0,0.565949,0.0,0.0,0.0,0.0,0.088246,0.0,0.5,0.0,0.0,1.0,0.0,1.0,0.0,0.0,0.0,0.067712,0.044056,0.0,0.077892,0.0,0.0,0.0,0.0,1.0,0.0,0.0,0.0,0.0,0.0,0.0,0.0,0.0,0.0,0.0,0.0,0.0,0.0,0.0,0.0,0.0,0.0,0.0,0.0,-3.3147018,1,0.5376550428999057,-0.9309809,0.30490981270199924,0.07216458250409274,-0.16058064769381375,-0.39332587789172024,-0.8588163382875332
Bank,Bank:16:task_1:IG02:2021-03-09 09:18:00,Bank:IG02:2021-03-09 09:18:00,16,task_1,2021_03_09,IG02,mg01,8,0.077802,0,0.125,2.19722457733622,1.0,1.0,0.0,0.0,0.0,1.0,3.0,4.0,0.0,1.0,0.6931471805599453,1.0,2.1213944572459185,1.0,0.0,1.0,0.363929,0.387004,0.494992,0.505008,0.3851,1.0,0.0,1.0,0.073575,0.265883,0.456973,0.166667,0.707131,1.0,0.161048,0.844896,0.724306,0.763386,0.345313,0.539997,0.756541,0.619395,0.714286,0.18871,1.0,0.0,0.375,0.0,0.365073,0.212625,0.5,0.852291,0.0,0.0,1.0,0.020533,1.0,0.0,0.5,0.774992,0.565367,0.45,0.693251,1.0,0.0,0.0,0.0,0.0,0.0,0.0,1.0,0.0,0.0,0.0,0.0,0.0,0.0,0.0,0.0,0.0,0.0,0.0,0.0,0.0,0.0,0.0,0.0,-2.189248,1,0.4634984996732893,0.3197137,0.543426927607936,0.6233553555425826,0.7032837834772292,0.7832122114118758,0.943069067281169
Bank,Bank:16:task_1:IG02:2021-03-09 09:18:00,Bank:IG02:2021-03-09 09:18:00,16,task_1,2021_03_09,IG02,redis02,9,0.069965,0,0.1111111111111111,2.302585092994046,1.0,1.0,0.0,0.0,0.0,2.0,4.0,6.0,0.0,1.0,0.6931471805599453,2.0,4.0,1.0,0.0,1.0,0.686207,0.239346,0.763,0.237,0.720644,0.93,0.0,0.666667,0.042043,0.439301,0.62898,0.333333,1.0,0.666667,0.102559,1.0,0.683443,0.97619,0.606596,0.526929,0.880491,0.630821,0.928571,0.130736,1.0,0.0,0.625,0.5,1.0,0.422468,0.5,1.0,0.0,0.0,1.0,0.012449,1.0,0.0,1.0,0.811242,0.761594,0.45,0.927647,0.0,0.0,1.0,0.0,0.0,0.0,0.0,0.0,0.0,0.0,0.0,1.0,0.0,0.0,0.0,0.0,0.0,0.0,0.0,0.0,0.0,0.0,0.0,0.0,-1.8733319,1,0.41488986557601665,0.6707852,0.5825861627447484,0.7502824599134801,0.9179787570822118,1.0856750542509435,1.4210676485884068
Bank,Bank:16:task_1:IG02:2021-03-09 09:18:00,Bank:IG02:2021-03-09 09:18:00,16,task_1,2021_03_09,IG02,redis01,10,0.064661,0,0.1,2.3978952727983707,1.0,1.0,0.0,0.0,0.0,5.0,2.0,7.0,0.0,1.0,0.6931471805599453,5.0,2.0,1.0,0.0,1.0,0.343103,0.0,1.0,0.0,0.627115,0.786682,0.0,0.714286,0.067269,0.278654,0.426244,0.833333,1.0,0.714286,0.0,1.0,0.621997,0.991071,0.998973,0.547723,0.567222,0.477331,0.821429,0.214303,1.0,0.0,0.75,0.2,0.635639,0.552359,0.5,0.891634,0.0,0.0,1.0,0.140685,1.0,0.0,1.0,0.8232,0.797024,0.45,0.983278,1.0,0.0,0.0,0.0,0.0,0.0,0.0,0.0,0.0,0.0,0.0,1.0,0.0,0.0,0.0,0.0,0.0,0.0,0.0,0.0,0.0,0.0,0.0,0.0,-0.67973465,1,0.38199204813925075,1.9972063,0.881293630714095,1.3805952132889394,1.8798968256661062,2.379198378438628,3.3778016031929616
Bank,Bank:16:task_1:IG02:2021-03-09 09:18:00,Bank:IG02:2021-03-09 09:18:00,16,task_1,2021_03_09,IG02,tomcat04,11,0.031495,0,0.0909090909090909,2.4849066497880004,1.0,1.0,0.0,0.0,0.0,3.0,1.0,4.0,0.0,1.0,0.6931471805599453,2.1213944572459185,1.0,1.0,0.0,1.0,0.171552,0.347229,0.7,0.3,0.229803,1.0,0.0,1.0,0.075677,0.150358,0.307859,0.353566,1.0,1.0,0.005921,1.0,0.683723,0.964286,0.701139,0.672489,0.307679,0.487099,0.642857,0.193477,1.0,0.0,0.125,0.0,0.210136,0.225914,0.5,0.860566,0.0,0.0,1.0,0.17054,1.0,0.0,0.166667,1.0,0.484137,0.45,0.90932,1.0,0.0,0.0,0.0,0.0,0.0,1.0,0.0,0.0,0.0,0.0,0.0,0.0,0.0,0.0,0.0,0.0,0.0,0.0,0.0,0.0,0.0,0.0,0.0,-1.0022234,1,0.17628144989117805,1.638831,0.5859892047415656,0.9956969595919531,1.4054046846400183,1.8151124692927283,2.6345279193888587
Bank,Bank:16:task_1:IG02:2021-03-09 09:18:00,Bank:IG02:2021-03-09 09:18:00,16,task_1,2021_03_09,IG02,mg02,12,-0.033588,0,0.0833333333333333,2.5649493574615367,1.0,1.0,0.0,0.0,0.0,0.0,0.0,0.0,1.0,1.0,0.6931471805599453,0.0,0.0,1.0,0.0,1.0,0.0,0.382504,0.0,1.0,0.111342,0.0,0.0,0.0,0.084086,0.818182,0.114076,0.0,0.0,0.0,0.217583,0.555556,0.134295,0.0,0.901096,0.131004,0.528091,0.362451,0.0,0.178364,0.0,0.0,0.0,0.0,0.088246,0.0,0.5,0.0,0.0,1.0,0.0,1.0,0.0,0.0,0.0,0.067712,0.044056,0.0,0.077892,0.0,0.0,1.0,0.0,0.0,0.0,0.0,1.0,0.0,0.0,0.0,0.0,0.0,0.0,0.0,0.0,0.0,0.0,0.0,0.0,0.0,0.0,0.0,0.0,-3.241813,1,-0.22739288122440177,-0.849981,-0.4398881337144454,-0.652383386204489,-0.8648786237933714,-1.0773738911845763,-1.5023643663623412
Bank,Bank:16:task_1:IG02:2021-03-09 09:18:00,Bank:IG02:2021-03-09 09:18:00,16,task_1,2021_03_09,IG02,mysql02,13,-0.050753,0,0.0769230769230769,2.639057329615259,1.0,1.0,0.0,0.0,0.0,1.0,5.0,6.0,0.0,1.0,0.6931471805599453,1.0,5.0,1.0,0.0,1.0,0.857759,0.195655,0.7504,0.2496,0.860314,0.941667,0.0,0.666667,0.0,0.480667,0.736268,0.166667,1.0,0.666667,0.274655,1.0,0.779071,0.967262,0.0,0.526929,0.956002,0.885722,0.964286,0.021987,1.0,0.0,0.75,1.0,0.537041,0.172685,0.5,0.474738,0.0,0.0,1.0,0.123715,1.0,0.0,1.0,0.768437,0.884074,0.45,1.0,0.0,0.0,0.0,1.0,0.0,0.0,0.0,0.0,0.0,0.0,1.0,0.0,0.0,0.0,0.0,0.0,0.0,0.0,0.0,0.0,0.0,0.0,0.0,0.0,-2.2962089,1,-0.3338580087323367,0.20085031,-0.2836454317469775,-0.2334328547616183,-0.1832202777762591,-0.1330077007908999,-0.032582546820181524
Bank,Bank:16:task_1:IG02:2021-03-09 09:18:00,Bank:IG02:2021-03-09 09:18:00,16,task_1,2021_03_09,IG02,tomcat02,14,-0.069038,0,0.0714285714285714,2.70805020110221,1.0,1.0,0.4166666666666667,0.0,0.0,0.0,0.0,0.0,1.0,1.0,0.6931471805599453,0.0,0.0,1.0,-0.0833333333333333,1.0,0.0,0.382504,0.0,1.0,0.111342,0.0,0.0,0.0,0.084086,1.0,0.0985,0.0,0.0,0.0,0.309404,0.555556,0.177679,0.0,0.901096,0.131004,0.528091,0.453829,0.0,0.23317,0.0,0.0,0.0,0.0,0.088246,0.0,0.5,0.0,0.0,1.0,0.0,1.0,0.0,0.0,0.0,0.142721,0.044056,0.0,0.155784,0.0,1.0,0.0,0.0,0.0,0.0,1.0,0.0,0.0,0.0,0.0,0.0,0.0,0.0,0.0,0.0,0.0,0.0,0.0,0.0,0.0,0.0,0.0,0.0,-3.2707868,1,-0.4472698850202825,-0.882179,-0.6678146404791143,-0.8883593959379461,-1.108904151396778,-1.3294489068556097,-1.7705384177732733
Bank,Bank:16:task_1:IG02:2021-03-09 09:18:00,Bank:IG02:2021-03-09 09:18:00,16,task_1,2021_03_09,IG02,tomcat03,15,-0.075197,0,0.0666666666666666,2.772588722239781,1.0,1.0,0.0,0.0,0.0,0.0,0.0,0.0,1.0,1.0,0.6931471805599453,0.0,0.0,1.0,0.0,1.0,0.0,0.382504,0.0,1.0,0.111342,0.0,0.0,0.0,0.084086,0.818182,0.114076,0.0,0.0,0.0,0.043301,0.555556,0.049195,0.0,0.901096,0.131004,0.528091,0.145655,0.0,0.066748,0.0,0.0,0.0,0.0,0.088246,0.0,0.5,0.0,0.0,1.0,0.0,1.0,0.0,0.0,0.0,0.067712,0.044056,0.0,0.077892,0.0,0.0,1.0,0.0,0.0,0.0,1.0,0.0,0.0,0.0,0.0,0.0,0.0,0.0,0.0,0.0,0.0,0.0,0.0,0.0,0.0,0.0,0.0,0.0,-1.557823,1,-0.4854708008560745,1.0214041,-0.23011976406904144,0.025231272717991637,0.28058227970270233,0.5359333462920578,1.046635360261479
Bank,Bank:16:task_1:IG02:2021-03-09 09:18:00,Bank:IG02:2021-03-09 09:18:00,16,task_1,2021_03_09,IG02,servicetest6,16,-0.084439,0,0.0625,2.833213344056216,0.022200780357897,0.037001300596495,0.0,0.0,0.0,0.0,0.0,0.0,1.0,1.0,0.6931471805599453,0.0,0.0,1.0,0.0,0.022201,0.0,0.382504,0.0,1.0,0.024246,0.0,0.0,0.0,0.084086,0.636364,0.010855,0.0,0.0,0.0,0.261011,0.020556,0.005672,0.0,0.901096,0.004847,0.528091,0.014129,0.0,0.007405,0.0,0.0,0.0,0.0,0.001959,0.0,0.5,0.0,0.0,1.0,0.0,1.0,0.0,0.0,0.0,0.0,0.009594,0.0,0.0,0.0,1.0,0.0,0.0,0.0,0.0,0.0,0.0,0.0,0.0,0.0,0.0,1.0,0.0,0.0,0.0,0.0,0.0,0.0,0.0,0.0,0.0,0.0,0.0,-2.8103,1,-0.5427938831997002,-0.37044924,-0.6354061944437112,-0.7280185056877221,-0.8206308020305718,-0.9132431281757439,-1.0984677208614433
Bank,Bank:16:task_1:IG02:2021-03-09 09:18:00,Bank:IG02:2021-03-09 09:18:00,16,task_1,2021_03_09,IG02,dockera1,17,-0.090779,0,0.0588235294117647,2.8903717578961645,0.0,0.0,0.0,0.0,0.0,0.0,0.0,0.0,1.0,1.0,0.6931471805599453,0.0,0.0,1.0,0.0,0.0,0.0,0.382504,0.0,1.0,0.0,0.0,0.0,0.0,0.084086,0.636364,0.00699,0.0,0.0,0.0,0.261011,0.0,0.0,0.0,0.901096,0.0,0.528091,0.0,0.0,0.0,0.0,0.0,0.0,0.0,0.0,0.0,0.5,0.0,0.0,1.0,0.0,1.0,0.0,0.0,0.0,0.002032,0.0,0.0,0.0,0.0,1.0,0.0,0.0,0.0,0.0,0.0,0.0,0.0,0.0,0.0,0.0,0.0,0.0,0.0,0.0,0.0,0.0,0.0,0.0,0.0,0.0,0.0,0.0,-2.8103,1,-0.5821174432579762,-0.37044924,-0.6747297545019871,-0.7673420657459981,-0.8599543620888478,-0.9525666882340199,-1.1377912809197195
Bank,Bank:16:task_1:IG02:2021-03-09 09:18:00,Bank:IG02:2021-03-09 09:18:00,16,task_1,2021_03_09,IG02,dockera2,18,-0.090779,0,0.0555555555555555,2.9444389791664403,0.0,0.0,0.0,0.0,0.0,0.0,0.0,0.0,1.0,1.0,0.6931471805599453,0.0,0.0,1.0,0.0,0.0,0.0,0.382504,0.0,1.0,0.0,0.0,0.0,0.0,0.084086,0.636364,0.00699,0.0,0.0,0.0,0.261011,0.0,0.0,0.0,0.901096,0.0,0.528091,0.0,0.0,0.0,0.0,0.0,0.0,0.0,0.0,0.0,0.5,0.0,0.0,1.0,0.0,1.0,0.0,0.0,0.0,0.002032,0.0,0.0,0.0,0.0,1.0,0.0,0.0,0.0,0.0,0.0,0.0,0.0,0.0,0.0,0.0,0.0,0.0,0.0,0.0,0.0,0.0,0.0,0.0,0.0,0.0,0.0,0.0,-2.8103,1,-0.5821174432579762,-0.37044924,-0.6747297545019871,-0.7673420657459981,-0.8599543620888478,-0.9525666882340199,-1.1377912809197195
Bank,Bank:16:task_1:IG02:2021-03-09 09:18:00,Bank:IG02:2021-03-09 09:18:00,16,task_1,2021_03_09,IG02,dockerb2,19,-0.090779,0,0.0526315789473684,2.995732273553991,0.0,0.0,0.0,0.0,0.0,0.0,0.0,0.0,1.0,1.0,0.6931471805599453,0.0,0.0,1.0,0.0,0.0,0.0,0.382504,0.0,1.0,0.0,0.0,0.0,0.0,0.084086,0.636364,0.00699,0.0,0.0,0.0,0.261011,0.0,0.0,0.0,0.901096,0.0,0.528091,0.0,0.0,0.0,0.0,0.0,0.0,0.0,0.0,0.0,0.5,0.0,0.0,1.0,0.0,1.0,0.0,0.0,0.0,0.002032,0.0,0.0,0.0,0.0,1.0,0.0,0.0,0.0,0.0,0.0,0.0,0.0,0.0,0.0,0.0,0.0,0.0,0.0,0.0,0.0,0.0,0.0,0.0,0.0,0.0,0.0,0.0,-2.8103,1,-0.5821174432579762,-0.37044924,-0.6747297545019871,-0.7673420657459981,-0.8599543620888478,-0.9525666882340199,-1.1377912809197195
Bank,Bank:16:task_1:IG02:2021-03-09 09:18:00,Bank:IG02:2021-03-09 09:18:00,16,task_1,2021_03_09,IG02,servicetest4,20,-0.094612,0,0.05,3.044522437723423,0.1213944572459183,0.2023240954098638,0.0,0.0,0.0,2.0,2.0,4.0,0.0,1.0,0.6931471805599453,2.0,2.0,1.0,0.0,0.121394,0.343103,0.0,1.0,0.0,0.282934,1.0,0.0,1.0,0.074743,0.278654,0.210802,0.333333,1.0,1.0,0.261011,0.667635,0.72911,0.955357,0.635551,0.594115,0.567222,0.63169,0.678571,0.21938,1.0,0.0,0.25,0.0,0.168452,0.146179,0.5,0.463382,0.0,0.0,1.0,0.0,1.0,0.0,0.333333,0.973547,0.485649,0.45,0.877551,0.0,1.0,0.0,0.0,0.0,0.0,0.0,0.0,0.0,0.0,0.0,0.0,1.0,0.0,0.0,0.0,0.0,0.0,0.0,0.0,0.0,0.0,0.0,0.0,-3.3172882,1,-0.6058914504667099,-0.9338551,-0.8393552295585449,-1.07281900865038,-1.3062828026433762,-1.53974656683405,-2.0066741548200424
Bank,Bank:16:task_1:IG02:2021-03-09 09:18:00,Bank:IG02:2021-03-09 09:18:00,16,task_1,2021_03_09,IG02,servicetest8,21,-0.107738,0,0.0476190476190476,3.091042453358316,0.2085046568345193,0.3475077613908655,0.0,0.0,0.0,0.0,0.0,0.0,1.0,1.0,0.6931471805599453,0.0,0.0,1.0,0.0,0.208505,0.0,0.382504,0.0,1.0,0.040841,0.0,0.0,0.0,0.084086,0.818182,0.017914,0.0,0.0,0.0,0.261011,0.19306,0.053465,0.0,0.901096,0.045525,0.528091,0.135717,0.0,0.07007,0.0,0.0,0.0,0.0,0.0184,0.0,0.5,0.0,0.0,1.0,0.0,1.0,0.0,0.0,0.0,0.07443,0.01616,0.0,0.077892,0.0,1.0,0.0,0.0,0.0,0.0,0.0,0.0,0.0,0.0,0.0,0.0,1.0,0.0,0.0,0.0,0.0,0.0,0.0,0.0,0.0,0.0,0.0,0.0,-3.1727407,1,-0.6873048651867305,-0.7732224,-0.8806104618959819,-1.0739160586052332,-1.2672216404133234,-1.460527252023736,-1.8471384156399164
Bank,Bank:16:task_1:IG02:2021-03-09 09:18:00,Bank:IG02:2021-03-09 09:18:00,16,task_1,2021_03_09,IG02,servicetest9,22,-0.109114,0,0.0454545454545454,3.1354942159291497,0.2005415923781663,0.334235987296944,0.0,0.0,0.0,0.0,0.0,0.0,1.0,1.0,0.6931471805599453,0.0,0.0,1.0,0.0,0.200542,0.0,0.382504,0.0,1.0,0.040131,0.0,0.0,0.0,0.084086,0.818182,0.016947,0.0,0.0,0.0,0.261011,0.185687,0.051415,0.0,0.901096,0.043786,0.528091,0.13041,0.0,0.067373,0.0,0.0,0.0,0.0,0.017697,0.0,0.5,0.0,0.0,1.0,0.0,1.0,0.0,0.0,0.0,0.074498,0.015879,0.0,0.077892,0.0,1.0,0.0,0.0,0.0,0.0,0.0,0.0,0.0,0.0,0.0,0.0,1.0,0.0,0.0,0.0,0.0,0.0,0.0,0.0,0.0,0.0,0.0,0.0,-3.1727407,1,-0.6958394422593154,-0.7732224,-0.8891450389685668,-1.082450635677818,-1.2757562174859083,-1.4690618290963209,-1.8556729927125013
Bank,Bank:16:task_1:IG02:2021-03-09 09:18:00,Bank:IG02:2021-03-09 09:18:00,16,task_1,2021_03_09,IG02,servicetest5,23,-0.117381,0,0.0434782608695652,3.1780538303479458,0.1525730160771576,0.254288360128596,0.0,0.0,0.0,0.0,0.0,0.0,1.0,1.0,0.6931471805599453,0.0,0.0,1.0,0.0,0.152573,0.0,0.382504,0.0,1.0,0.035859,0.0,0.0,0.0,0.084086,0.818182,0.011119,0.0,0.0,0.0,0.261011,0.141271,0.039081,0.0,0.901096,0.033313,0.528091,0.098651,0.0,0.051159,0.0,0.0,0.0,0.0,0.013464,0.0,0.5,0.0,0.0,1.0,0.0,1.0,0.0,0.0,0.0,0.074905,0.014189,0.0,0.077892,0.0,1.0,0.0,0.0,0.0,0.0,0.0,0.0,0.0,0.0,0.0,0.0,1.0,0.0,0.0,0.0,0.0,0.0,0.0,0.0,0.0,0.0,0.0,0.0,-3.1727407,1,-0.7471151316917708,-0.7732224,-0.9404207284010222,-1.1337263251102736,-1.3270319069183638,-1.5203375185287764,-1.9069486821449568
Bank,Bank:16:task_1:IG02:2021-03-09 09:18:00,Bank:IG02:2021-03-09 09:18:00,16,task_1,2021_03_09,IG02,servicetest3,24,-0.120087,0,0.0416666666666666,3.218875824868201,0.1368298214554982,0.2280497024258304,0.0,0.0,0.0,0.0,0.0,0.0,1.0,1.0,0.6931471805599453,0.0,0.0,1.0,0.0,0.13683,0.0,0.382504,0.0,1.0,0.034456,0.0,0.0,0.0,0.084086,0.818182,0.009206,0.0,0.0,0.0,0.261011,0.126694,0.035038,0.0,0.901096,0.029876,0.528091,0.088305,0.0,0.045851,0.0,0.0,0.0,0.0,0.012075,0.0,0.5,0.0,0.0,1.0,0.0,1.0,0.0,0.0,0.0,0.075039,0.013634,0.0,0.077892,0.0,1.0,0.0,0.0,0.0,0.0,0.0,0.0,0.0,0.0,0.0,0.0,1.0,0.0,0.0,0.0,0.0,0.0,0.0,0.0,0.0,0.0,0.0,0.0,-3.1727407,1,-0.7638989729406185,-0.7732224,-0.9572045696498699,-1.1505101663591213,-1.3438157481672115,-1.537121359777624,-1.9237325233938045
Bank,Bank:16:task_1:IG02:2021-03-09 09:18:00,Bank:IG02:2021-03-09 09:18:00,16,task_1,2021_03_09,IG02,servicetest1,25,-0.121387,0,0.04,3.258096538021482,0.1292568372154384,0.2154280620257306,0.0,0.0,0.0,0.0,0.0,0.0,1.0,1.0,0.6931471805599453,0.0,0.0,1.0,0.0,0.129257,0.0,0.382504,0.0,1.0,0.033782,0.0,0.0,0.0,0.084086,0.818182,0.008286,0.0,0.0,0.0,0.261011,0.119682,0.033094,0.0,0.901096,0.028222,0.528091,0.083341,0.0,0.0433,0.0,0.0,0.0,0.0,0.011406,0.0,0.5,0.0,0.0,1.0,0.0,1.0,0.0,0.0,0.0,0.075103,0.013367,0.0,0.077892,0.0,1.0,0.0,0.0,0.0,0.0,0.0,0.0,0.0,0.0,0.0,0.0,1.0,0.0,0.0,0.0,0.0,0.0,0.0,0.0,0.0,0.0,0.0,0.0,-3.1727407,1,-0.7719621634888454,-0.7732224,-0.9652677601980968,-1.1585733569073482,-1.3518789387154384,-1.545184550325851,-1.9317957139420314
Bank,Bank:16:task_1:IG02:2021-03-09 09:18:00,Bank:IG02:2021-03-09 09:18:00,16,task_1,2021_03_09,IG02,servicetest2,26,-0.123337,0,0.0384615384615384,3.295836866004329,0.1178897103367736,0.1964828505612894,0.0,0.0,0.0,0.0,0.0,0.0,1.0,1.0,0.6931471805599453,0.0,0.0,1.0,0.0,0.11789,0.0,0.382504,0.0,1.0,0.032769,0.0,0.0,0.0,0.084086,0.818182,0.006905,0.0,0.0,0.0,0.261011,0.109157,0.030177,0.0,0.901096,0.02574,0.528091,0.075908,0.0,0.039473,0.0,0.0,0.0,0.0,0.010403,0.0,0.5,0.0,0.0,1.0,0.0,1.0,0.0,0.0,0.0,0.075199,0.012966,0.0,0.077892,0.0,1.0,0.0,0.0,0.0,0.0,0.0,0.0,0.0,0.0,0.0,0.0,1.0,0.0,0.0,0.0,0.0,0.0,0.0,0.0,0.0,0.0,0.0,0.0,-3.1727407,1,-0.7840569493111857,-0.7732224,-0.9773625460204372,-1.1706681427296886,-1.3639737245377788,-1.5572793361481914,-1.9438904997643718
Bank,Bank:16:task_1:IG02:2021-03-09 09:18:00,Bank:IG02:2021-03-09 09:18:00,16,task_1,2021_03_09,IG02,servicetest11,27,-0.124492,0,0.037037037037037,3.332204510175204,0.1111551368333603,0.1852585613889338,0.0,0.0,0.0,0.0,0.0,0.0,1.0,1.0,0.6931471805599453,0.0,0.0,1.0,0.0,0.111155,0.0,0.382504,0.0,1.0,0.032169,0.0,0.0,0.0,0.084086,0.818182,0.006087,0.0,0.0,0.0,0.261011,0.102921,0.028449,0.0,0.901096,0.02427,0.528091,0.071513,0.0,0.037208,0.0,0.0,0.0,0.0,0.009809,0.0,0.5,0.0,0.0,1.0,0.0,1.0,0.0,0.0,0.0,0.075257,0.012729,0.0,0.077892,0.0,1.0,0.0,0.0,0.0,0.0,0.0,0.0,0.0,0.0,0.0,0.0,1.0,0.0,0.0,0.0,0.0,0.0,0.0,0.0,0.0,0.0,0.0,0.0,-3.1727407,1,-0.7912207839905722,-0.7732224,-0.9845263806998236,-1.1778319774090749,-1.371137559217165,-1.5644431708275777,-1.951054334443758
Bank,Bank:16:task_1:IG02:2021-03-09 09:18:00,Bank:IG02:2021-03-09 09:18:00,16,task_1,2021_03_09,IG02,servicetest10,28,-0.130027,0,0.0357142857142857,3.367295829986474,0.0788098103487463,0.1313496839145773,0.0,0.0,0.0,0.0,0.0,0.0,1.0,1.0,0.6931471805599453,0.0,0.0,1.0,0.0,0.07881,0.0,0.382504,0.0,1.0,0.029288,0.0,0.0,0.0,0.084086,0.818182,0.002157,0.0,0.0,0.0,0.261011,0.072972,0.020158,0.0,0.901096,0.017207,0.528091,0.050505,0.0,0.026346,0.0,0.0,0.0,0.0,0.006955,0.0,0.5,0.0,0.0,1.0,0.0,1.0,0.0,0.0,0.0,0.075531,0.011589,0.0,0.077892,0.0,1.0,0.0,0.0,0.0,0.0,0.0,0.0,0.0,0.0,0.0,0.0,1.0,0.0,0.0,0.0,0.0,0.0,0.0,0.0,0.0,0.0,0.0,0.0,-3.1727407,1,-0.8255513683632152,-0.7732224,-1.0188569650724666,-1.212162561781718,-1.4054681435898082,-1.5987737552002208,-1.9853849188164012
Bank,Bank:16:task_1:IG02:2021-03-09 09:18:00,Bank:IG02:2021-03-09 09:18:00,16,task_1,2021_03_09,IG02,servicetest7,29,-0.133058,0,0.0344827586206896,3.4011973816621555,0.061056688349161,0.1017611472486017,0.0,0.0,0.0,0.0,0.0,0.0,1.0,1.0,0.6931471805599453,0.0,0.0,1.0,0.0,0.061057,0.0,0.382504,0.0,1.0,0.027707,0.0,0.0,0.0,0.084086,0.818182,0.0,0.0,0.0,0.0,0.261011,0.056534,0.015612,0.0,0.901096,0.013331,0.528091,0.039043,0.0,0.020396,0.0,0.0,0.0,0.0,0.005388,0.0,0.5,0.0,0.0,1.0,0.0,1.0,0.0,0.0,0.0,0.075682,0.010963,0.0,0.077892,0.0,1.0,0.0,0.0,0.0,0.0,0.0,0.0,0.0,0.0,0.0,0.0,1.0,0.0,0.0,0.0,0.0,0.0,0.0,0.0,0.0,0.0,0.0,0.0,-3.1727407,1,-0.8443510072491197,-0.7732224,-1.037656603958371,-1.2309622006676224,-1.4242677824757126,-1.6175733940861252,-2.0041845577023056
Bank,Bank:5:task_5:Tomcat03:2021-03-06 14:46:00,Bank:Tomcat03:2021-03-06 14:46:00,5,task_5,2021_03_06,Tomcat03,ig01,1,0.673811,0,1.0,0.6931471805599453,0.9056603773584906,1.0,0.0,0.0,0.0,0.0,7.0,7.0,0.0,1.0,0.6931471805599453,0.0,6.339526533874458,1.0,0.0,0.90566,1.0,0.0,0.999879,0.000121,1.0,1.0,0.925263,1.0,1.0,0.521601,1.0,0.0,0.966428,1.0,0.214363,0.959759,0.933882,0.060421,0.783207,0.979591,0.707304,0.605235,1.0,1.0,1.0,0.0,1.0,0.0,1.0,0.721429,0.5,0.689975,0.0,0.0,1.0,0.033314,1.0,0.0,1.0,0.194309,1.0,0.45,0.271388,1.0,0.0,0.0,0.0,0.0,0.0,0.0,0.0,1.0,0.0,0.0,0.0,0.0,0.0,0.0,0.0,0.0,0.0,0.0,0.0,0.0,0.0,0.0,0.0,-1.2431784,2,2.5279676639456063,1.0190008,2.782717856110981,3.037468048276356,3.2922182404417306,3.5469684326071054,4.056468816937855
Bank,Bank:5:task_5:Tomcat03:2021-03-06 14:46:00,Bank:Tomcat03:2021-03-06 14:46:00,5,task_5,2021_03_06,Tomcat03,tomcat01,2,0.520069,0,0.5,1.0986122886681096,1.0,1.0,0.3773584905660377,0.0,0.0,0.0,3.0,3.0,0.0,1.0,0.6931471805599453,0.0,2.811320754716981,1.0,-0.0772222222222222,1.0,0.401087,0.213056,0.298764,0.701236,0.59569,0.914721,1.0,1.0,1.0,0.556231,0.688402,0.0,1.0,1.0,0.087798,1.0,0.924065,0.078413,0.78053,1.0,0.548167,0.562273,1.0,0.985545,0.783787,0.788463,0.571429,0.0,0.474404,0.660683,0.5,0.521752,0.0,0.0,1.0,0.85219,1.0,0.999468,0.666667,0.695161,0.84235,0.999707,0.555074,0.0,1.0,0.0,0.0,0.0,0.0,1.0,0.0,0.0,0.0,0.0,0.0,0.0,0.0,0.0,0.0,0.0,0.0,0.0,0.0,0.0,0.0,0.0,0.0,-0.89675456,2,1.8050922207987177,1.3444527,2.141205405489193,2.4773185901796686,2.8134317450678217,3.1495449595606195,3.8217712693369257
Bank,Bank:5:task_5:Tomcat03:2021-03-06 14:46:00,Bank:Tomcat03:2021-03-06 14:46:00,5,task_5,2021_03_06,Tomcat03,mg02,3,0.514711,0,0.3333333333333333,1.3862943611198906,0.9056603773584906,1.0,0.0,0.0,0.0,2.0,0.0,2.0,0.0,1.0,0.6931471805599453,1.8113207547169807,0.0,1.0,0.0,0.90566,0.0,0.836063,0.0,1.0,0.098085,0.0,0.925263,1.0,0.141019,0.0,0.349697,0.24679,0.0,1.0,0.610984,0.533199,0.738702,0.261446,0.816227,0.242775,0.0,0.511477,0.857143,0.762473,0.0,0.0,0.0,0.0,0.105605,0.0,0.5,0.0,0.0,1.0,0.0,1.0,0.0,0.0,0.0,0.257407,0.039705,0.0,0.342463,0.0,0.0,1.0,0.0,0.0,0.0,0.0,1.0,0.0,0.0,0.0,0.0,0.0,0.0,0.0,0.0,0.0,0.0,0.0,0.0,0.0,0.0,0.0,0.0,-2.0812676,2,1.7798995823239936,0.23164791,1.8378115594958915,1.8957235366677894,1.9536355138396873,2.0115474910115854,2.127371445355381
Bank,Bank:5:task_5:Tomcat03:2021-03-06 14:46:00,Bank:Tomcat03:2021-03-06 14:46:00,5,task_5,2021_03_06,Tomcat03,tomcat03,4,0.499695,1,0.25,1.6094379124341005,1.0,1.0,0.3773584905660377,0.0,0.0,0.0,2.0,2.0,0.0,1.0,0.6931471805599453,0.0,1.8113207547169807,1.0,-0.0683333333333333,1.0,0.249221,0.224868,0.258733,0.741267,0.369018,1.0,0.0,1.0,1.0,0.460472,0.508957,0.0,0.966443,1.0,0.019042,0.959759,0.897361,0.060429,0.783205,0.979595,0.228538,0.504008,1.0,0.984564,0.744522,0.962496,0.285714,0.0,0.436316,0.902578,0.5,1.0,0.0,0.0,1.0,0.809608,1.0,0.999004,0.333333,0.771337,0.635357,0.999452,0.472754,0.0,0.0,1.0,0.0,0.0,0.0,1.0,0.0,0.0,0.0,0.0,0.0,0.0,0.0,0.0,0.0,0.0,0.0,0.0,0.0,0.0,0.0,0.0,0.0,-0.42630503,2,1.7092962491145018,1.7864221,2.1559017824759366,2.6025073158373715,3.049112819396484,3.4957183825602414,4.3889293896784665
Bank,Bank:5:task_5:Tomcat03:2021-03-06 14:46:00,Bank:Tomcat03:2021-03-06 14:46:00,5,task_5,2021_03_06,Tomcat03,redis02,5,0.443215,0,0.2,1.791759469228055,0.9056603773584906,1.0,0.0,0.0,0.0,8.0,0.0,8.0,0.0,1.0,0.6931471805599453,7.339526533874458,0.0,1.0,0.0,0.90566,0.0,1.0,0.0,1.0,0.098085,0.0,0.925263,0.75,0.2492,0.0,0.367887,1.0,0.0,0.75,0.443666,0.533199,0.568527,0.351318,1.0,0.132423,0.0,0.441777,0.714286,0.617944,0.0,0.0,0.0,0.117985,0.105605,0.0,0.5,0.0,0.0,1.0,0.0,1.0,0.0,0.0,0.0,0.300479,0.039705,0.0,0.398414,0.0,0.0,1.0,0.0,0.0,0.0,0.0,0.0,0.0,0.0,0.0,1.0,0.0,0.0,0.0,0.0,0.0,0.0,0.0,0.0,0.0,0.0,0.0,0.0,-2.6197155,2,1.443734431075604,-0.2742033,1.3751836059565854,1.3066327808375668,1.2380819557185483,1.1695311305995297,1.0324294803614926
Bank,Bank:5:task_5:Tomcat03:2021-03-06 14:46:00,Bank:Tomcat03:2021-03-06 14:46:00,5,task_5,2021_03_06,Tomcat03,ig02,6,0.327722,0,0.1666666666666666,1.9459101490553128,0.9056603773584906,1.0,0.0,0.0,0.0,1.0,6.0,7.0,0.0,1.0,0.6931471805599453,0.9056603773584906,5.433866156515967,1.0,0.0,0.90566,0.857141,0.132109,0.999876,0.000124,0.866467,1.0,0.0,1.0,0.282038,0.506153,0.80547,0.123395,0.966426,1.0,0.119982,0.959759,0.860895,0.69014,0.209992,0.679765,0.681234,0.55632,0.964286,0.412565,1.0,0.0,0.857143,0.0,0.929156,0.775,0.5,0.800403,0.0,0.0,1.0,0.096098,1.0,0.0,1.0,0.365204,0.927161,0.45,0.553538,0.0,0.0,1.0,0.0,0.0,0.0,0.0,0.0,1.0,0.0,0.0,0.0,0.0,0.0,0.0,0.0,0.0,0.0,0.0,0.0,0.0,0.0,0.0,0.0,-0.0013734661,2,0.9007009492985776,2.1856291,1.447108231651025,1.9935155140034726,2.539922855960565,3.0863300787083676,4.179144762622553
Bank,Bank:5:task_5:Tomcat03:2021-03-06 14:46:00,Bank:Tomcat03:2021-03-06 14:46:00,5,task_5,2021_03_06,Tomcat03,mysql02,7,0.301661,0,0.1428571428571428,2.079441541679836,0.9056603773584906,1.0,0.0,0.0,0.0,3.0,4.0,7.0,0.0,1.0,0.6931471805599453,2.716981132075472,3.622545401798986,1.0,0.0,0.90566,0.571422,0.260038,0.999867,0.000133,0.599577,1.0,0.0,1.0,0.282038,0.439301,0.59782,0.370185,0.966417,1.0,1.0,0.959759,1.0,0.771221,0.873318,0.64853,0.921014,1.0,0.892857,0.734786,1.0,0.0,0.571429,0.0,0.610357,0.7125,0.5,0.700658,0.0,0.0,1.0,0.291861,1.0,0.0,0.666667,0.506052,0.803654,0.45,0.709923,0.0,0.0,0.0,1.0,0.0,0.0,0.0,0.0,0.0,0.0,1.0,0.0,0.0,0.0,0.0,0.0,0.0,0.0,0.0,0.0,0.0,0.0,0.0,0.0,-1.4893178,2,0.7781654227420669,0.78776217,0.9751059640094619,1.172046505276857,1.368987046544252,1.565927587811647,1.959808670346437
Bank,Bank:5:task_5:Tomcat03:2021-03-06 14:46:00,Bank:Tomcat03:2021-03-06 14:46:00,5,task_5,2021_03_06,Tomcat03,mg01,8,0.260842,0,0.125,2.19722457733622,0.9056603773584906,1.0,0.0,0.0,0.0,2.0,5.0,7.0,0.0,1.0,0.6931471805599453,1.8113207547169807,4.528205779157477,1.0,0.0,0.90566,0.714281,0.20757,0.999873,0.000127,0.732983,1.0,0.0,1.0,0.282038,0.480667,0.701654,0.24679,0.966422,1.0,0.62032,0.959759,0.939639,0.763054,0.434367,0.648532,1.0,0.813544,0.928571,0.522398,1.0,0.0,0.714286,0.0,0.752047,0.73,0.5,0.745719,0.0,0.0,1.0,0.000819,1.0,0.0,0.833333,0.472031,0.804576,0.45,0.64857,0.0,0.0,1.0,0.0,0.0,0.0,0.0,1.0,0.0,0.0,0.0,0.0,0.0,0.0,0.0,0.0,0.0,0.0,0.0,0.0,0.0,0.0,0.0,0.0,-2.6994007,2,0.5862396463516671,-0.34906453,0.4989735141161401,0.41170738188061307,0.3244412645462472,0.237175117409559,0.0626428827408273
Bank,Bank:5:task_5:Tomcat03:2021-03-06 14:46:00,Bank:Tomcat03:2021-03-06 14:46:00,5,task_5,2021_03_06,Tomcat03,apache02,9,0.213491,0,0.1111111111111111,2.302585092994046,0.9056603773584906,1.0,0.0,0.0,0.0,7.0,1.0,8.0,0.0,1.0,0.6931471805599453,6.433866156515967,0.9056603773584906,1.0,0.0,0.90566,0.142859,0.300003,0.999894,0.000106,0.211671,1.0,0.0,0.75,0.244509,0.150358,0.29566,0.876605,0.966443,0.75,0.603149,0.959759,0.78718,0.861107,0.999925,0.538186,0.32184,0.815447,0.75,0.556365,1.0,0.0,0.142857,0.13484,0.282715,1.0,0.5,1.0,0.0,0.0,1.0,0.202028,1.0,0.0,0.166667,0.734242,0.502689,0.45,0.835683,0.0,0.0,1.0,0.0,0.0,0.0,0.0,0.0,0.0,1.0,0.0,0.0,0.0,0.0,0.0,0.0,0.0,0.0,0.0,0.0,0.0,0.0,0.0,0.0,-2.5358973,2,0.3636012319401964,-0.1954593,0.31473640538017594,0.2658715788201555,0.21700675226013505,0.1681419257001146,0.07041227258007371
Bank,Bank:5:task_5:Tomcat03:2021-03-06 14:46:00,Bank:Tomcat03:2021-03-06 14:46:00,5,task_5,2021_03_06,Tomcat03,servicetest3,10,0.190835,0,0.1,2.3978952727983707,0.9055642697235144,1.0,0.0,0.0,0.0,5.0,2.0,7.0,0.0,1.0,0.6931471805599453,4.528301886792453,1.8113207547169807,1.0,0.0,0.905564,0.285719,0.299901,1.0,0.0,0.333318,1.0,0.0,1.0,0.282038,0.278654,0.393245,0.616975,0.966443,1.0,0.791909,0.959759,0.941676,0.787575,0.996255,0.648538,0.593328,0.899268,0.821429,0.722848,1.0,0.0,0.285714,0.0,0.300414,0.55,0.5,0.4375,0.0,0.0,1.0,0.001665,1.0,0.0,0.333333,0.711558,0.527401,0.45,0.820392,0.0,1.0,0.0,0.0,0.0,0.0,0.0,0.0,0.0,0.0,0.0,0.0,1.0,0.0,0.0,0.0,0.0,0.0,0.0,0.0,0.0,0.0,0.0,0.0,-3.0595186,2,0.257075584817511,-0.68738157,0.0852301934248032,-0.08661519796790462,-0.25846060426177364,-0.43030598075332027,-0.7739967933410583
Bank,Bank:5:task_5:Tomcat03:2021-03-06 14:46:00,Bank:Tomcat03:2021-03-06 14:46:00,5,task_5,2021_03_06,Tomcat03,redis01,11,0.165526,0,0.0909090909090909,2.4849066497880004,0.9056603773584906,1.0,0.0,0.0,0.0,4.0,3.0,7.0,0.0,1.0,0.6931471805599453,3.6226415094339615,2.7168850244404954,1.0,0.0,0.90566,0.428563,0.300036,0.999859,0.000141,0.466308,1.0,0.0,1.0,0.282038,0.374413,0.495388,0.49358,0.966409,1.0,0.238344,0.959759,0.848462,0.779387,0.977621,0.648528,0.79136,0.617654,0.857143,0.60121,1.0,0.0,0.428571,0.0,0.433248,0.616667,0.5,0.538851,0.0,0.0,1.0,0.0,1.0,0.0,0.5,0.635237,0.619263,0.45,0.773654,0.0,0.0,0.0,1.0,0.0,0.0,0.0,0.0,0.0,0.0,0.0,1.0,0.0,0.0,0.0,0.0,0.0,0.0,0.0,0.0,0.0,0.0,0.0,0.0,-2.2772229,2,0.1380758671697336,0.04755541,0.14996471951269683,0.16185357185566004,0.17374242233597811,0.18563127654158648,0.20940897750222262
Bank,Bank:5:task_5:Tomcat03:2021-03-06 14:46:00,Bank:Tomcat03:2021-03-06 14:46:00,5,task_5,2021_03_06,Tomcat03,tomcat04,12,0.06352,0,0.0833333333333333,2.5649493574615367,1.0,1.0,0.3773584905660377,0.0,0.0,1.0,2.0,3.0,0.0,1.0,0.6931471805599453,1.0,1.8113207547169807,1.0,-0.0725,1.0,0.247153,0.522142,0.305305,0.694695,0.448278,0.883333,0.0,0.333333,0.259788,0.460472,0.49612,0.136249,0.966443,0.333333,0.17387,0.959759,0.595786,0.907405,0.0,0.354266,0.593328,0.537276,0.964286,0.0,0.730045,1.0,0.428571,0.079147,0.441957,0.918504,0.5,0.771124,0.0,0.0,1.0,0.909048,1.0,1.0,0.5,1.0,0.728186,1.0,0.968706,0.0,0.0,1.0,0.0,0.0,0.0,1.0,0.0,0.0,0.0,0.0,0.0,0.0,0.0,0.0,0.0,0.0,0.0,0.0,0.0,0.0,0.0,0.0,0.0,-1.0669569,2,-0.3415434460539887,1.1845541,-0.0454049210448334,0.25073360396432187,0.5468721289734771,0.8430106539826324,1.435287704000943
Bank,Bank:5:task_5:Tomcat03:2021-03-06 14:46:00,Bank:Tomcat03:2021-03-06 14:46:00,5,task_5,2021_03_06,Tomcat03,servicetest1,13,0.021331,0,0.0769230769230769,2.639057329615259,0.9056602527174008,1.0,0.0,0.0,0.0,0.0,0.0,0.0,1.0,1.0,0.6931471805599453,0.0,0.0,1.0,0.0,0.90566,0.0,0.300003,0.0,1.0,0.108737,0.0,0.0,0.0,0.282038,0.818182,0.103213,0.0,0.0,0.0,0.791909,0.533199,0.171222,0.0,0.903506,0.132423,0.552396,0.428982,0.0,0.39447,0.0,0.0,0.0,0.0,0.105605,0.0,0.5,0.0,0.0,1.0,0.0,1.0,0.0,0.0,0.0,0.04991,0.044017,0.0,0.073915,0.0,1.0,0.0,0.0,0.0,0.0,0.0,0.0,0.0,0.0,0.0,0.0,1.0,0.0,0.0,0.0,0.0,0.0,0.0,0.0,0.0,0.0,0.0,0.0,-3.2860281,2,-0.5399107892063093,-0.9001787,-0.764955456927104,-0.9900001246478987,-1.2150447923686933,-1.440089460089488,-1.8901787955310774
Bank,Bank:5:task_5:Tomcat03:2021-03-06 14:46:00,Bank:Tomcat03:2021-03-06 14:46:00,5,task_5,2021_03_06,Tomcat03,servicetest10,14,0.021331,0,0.0714285714285714,2.70805020110221,0.9056603773584888,1.0,0.0,0.0,0.0,0.0,0.0,0.0,1.0,1.0,0.6931471805599453,0.0,0.0,1.0,0.0,0.90566,0.0,0.300003,0.0,1.0,0.108737,0.0,0.0,0.0,0.282038,0.818182,0.103213,0.0,0.0,0.0,0.791909,0.533199,0.171222,0.0,0.903506,0.132423,0.552396,0.428982,0.0,0.39447,0.0,0.0,0.0,0.0,0.105605,0.0,0.5,0.0,0.0,1.0,0.0,1.0,0.0,0.0,0.0,0.04991,0.044017,0.0,0.073915,0.0,1.0,0.0,0.0,0.0,0.0,0.0,0.0,0.0,0.0,0.0,0.0,1.0,0.0,0.0,0.0,0.0,0.0,0.0,0.0,0.0,0.0,0.0,0.0,-3.1798842,2,-0.5399107892063093,-0.80046046,-0.740025903656764,-0.9401410181072187,-1.1402561623599958,-1.3403712470081282,-1.7406015355136824
Bank,Bank:5:task_5:Tomcat03:2021-03-06 14:46:00,Bank:Tomcat03:2021-03-06 14:46:00,5,task_5,2021_03_06,Tomcat03,servicetest11,15,0.021331,0,0.0666666666666666,2.772588722239781,0.9056603679368562,1.0,0.0,0.0,0.0,0.0,0.0,0.0,1.0,1.0,0.6931471805599453,0.0,0.0,1.0,0.0,0.90566,0.0,0.300003,0.0,1.0,0.108737,0.0,0.0,0.0,0.282038,0.818182,0.103213,0.0,0.0,0.0,0.791909,0.533199,0.171222,0.0,0.903506,0.132423,0.552396,0.428982,0.0,0.39447,0.0,0.0,0.0,0.0,0.105605,0.0,0.5,0.0,0.0,1.0,0.0,1.0,0.0,0.0,0.0,0.04991,0.044017,0.0,0.073915,0.0,1.0,0.0,0.0,0.0,0.0,0.0,0.0,0.0,0.0,0.0,0.0,1.0,0.0,0.0,0.0,0.0,0.0,0.0,0.0,0.0,0.0,0.0,0.0,-3.1798842,2,-0.5399107892063093,-0.80046046,-0.740025903656764,-0.9401410181072187,-1.1402561623599958,-1.3403712470081282,-1.7406015355136824
Bank,Bank:5:task_5:Tomcat03:2021-03-06 14:46:00,Bank:Tomcat03:2021-03-06 14:46:00,5,task_5,2021_03_06,Tomcat03,servicetest5,16,0.021331,0,0.0625,2.833213344056216,0.905660374865668,1.0,0.0,0.0,0.0,0.0,0.0,0.0,1.0,1.0,0.6931471805599453,0.0,0.0,1.0,0.0,0.90566,0.0,0.300003,0.0,1.0,0.108737,0.0,0.0,0.0,0.282038,0.818182,0.103213,0.0,0.0,0.0,0.791909,0.533199,0.171222,0.0,0.903506,0.132423,0.552396,0.428982,0.0,0.39447,0.0,0.0,0.0,0.0,0.105605,0.0,0.5,0.0,0.0,1.0,0.0,1.0,0.0,0.0,0.0,0.04991,0.044017,0.0,0.073915,0.0,1.0,0.0,0.0,0.0,0.0,0.0,0.0,0.0,0.0,0.0,0.0,1.0,0.0,0.0,0.0,0.0,0.0,0.0,0.0,0.0,0.0,0.0,0.0,-3.1798842,2,-0.5399107892063093,-0.80046046,-0.740025903656764,-0.9401410181072187,-1.1402561623599958,-1.3403712470081282,-1.7406015355136824
Bank,Bank:5:task_5:Tomcat03:2021-03-06 14:46:00,Bank:Tomcat03:2021-03-06 14:46:00,5,task_5,2021_03_06,Tomcat03,servicetest9,17,0.021328,0,0.0588235294117647,2.8903717578961645,0.9055881895881612,1.0,0.0,0.0,0.0,0.0,0.0,0.0,1.0,1.0,0.6931471805599453,0.0,0.0,1.0,0.0,0.905588,0.0,0.300003,0.0,1.0,0.10873,0.0,0.0,0.0,0.282038,0.818182,0.103204,0.0,0.0,0.0,0.791909,0.533199,0.171222,0.0,0.903506,0.132423,0.552396,0.428982,0.0,0.39447,0.0,0.0,0.0,0.0,0.105597,0.0,0.5,0.0,0.0,1.0,0.0,1.0,0.0,0.0,0.0,0.04991,0.044014,0.0,0.073915,0.0,1.0,0.0,0.0,0.0,0.0,0.0,0.0,0.0,0.0,0.0,0.0,1.0,0.0,0.0,0.0,0.0,0.0,0.0,0.0,0.0,0.0,0.0,0.0,-3.319117,2,-0.5399248948269558,-0.93126446,-0.7727410098486615,-1.005557124870367,-1.2383732547932338,-1.4711893549137782,-1.9368216147595119
Bank,Bank:5:task_5:Tomcat03:2021-03-06 14:46:00,Bank:Tomcat03:2021-03-06 14:46:00,5,task_5,2021_03_06,Tomcat03,servicetest8,18,0.021277,0,0.0555555555555555,2.9444389791664403,0.904384515946216,1.0,0.0,0.0,0.0,0.0,0.0,0.0,1.0,1.0,0.6931471805599453,0.0,0.0,1.0,0.0,0.904385,0.0,0.300003,0.0,1.0,0.108617,0.0,0.0,0.0,0.282038,0.818182,0.103046,0.0,0.0,0.0,0.791909,0.533199,0.171222,0.0,0.903506,0.132423,0.552396,0.428982,0.0,0.39447,0.0,0.0,0.0,0.0,0.105457,0.0,0.5,0.0,0.0,1.0,0.0,1.0,0.0,0.0,0.0,0.049918,0.043968,0.0,0.073915,0.0,1.0,0.0,0.0,0.0,0.0,0.0,0.0,0.0,0.0,0.0,0.0,1.0,0.0,0.0,0.0,0.0,0.0,0.0,0.0,0.0,0.0,0.0,0.0,-3.319117,2,-0.540164690377947,-0.93126446,-0.7729808053996526,-1.0057969204213584,-1.2386130503442252,-1.4714291504647696,-1.9370614103105033
Bank,Bank:5:task_5:Tomcat03:2021-03-06 14:46:00,Bank:Tomcat03:2021-03-06 14:46:00,5,task_5,2021_03_06,Tomcat03,servicetest2,19,0.021242,0,0.0526315789473684,2.995732273553991,0.9035526556574728,1.0,0.0,0.0,0.0,0.0,0.0,0.0,1.0,1.0,0.6931471805599453,0.0,0.0,1.0,0.0,0.903553,0.0,0.300003,0.0,1.0,0.108539,0.0,0.0,0.0,0.282038,0.818182,0.102937,0.0,0.0,0.0,0.791909,0.533199,0.171222,0.0,0.903506,0.132423,0.552396,0.428982,0.0,0.39447,0.0,0.0,0.0,0.0,0.10536,0.0,0.5,0.0,0.0,1.0,0.0,1.0,0.0,0.0,0.0,0.049924,0.043937,0.0,0.073915,0.0,1.0,0.0,0.0,0.0,0.0,0.0,0.0,0.0,0.0,0.0,0.0,1.0,0.0,0.0,0.0,0.0,0.0,0.0,0.0,0.0,0.0,0.0,0.0,-3.319117,2,-0.5403292559521568,-0.93126446,-0.7731453709738624,-1.005961485995568,-1.2387776159184347,-1.4715937160389791,-1.9372259758847128
Bank,Bank:5:task_5:Tomcat03:2021-03-06 14:46:00,Bank:Tomcat03:2021-03-06 14:46:00,5,task_5,2021_03_06,Tomcat03,servicetest6,20,0.020944,0,0.05,3.044522437723423,0.8965460548407493,1.0,0.0,0.0,0.0,0.0,0.0,0.0,1.0,1.0,0.6931471805599453,0.0,0.0,1.0,0.0,0.896546,0.0,0.300003,0.0,1.0,0.10788,0.0,0.0,0.0,0.282038,0.818182,0.102018,0.0,0.0,0.0,0.791909,0.533199,0.171222,0.0,0.903506,0.132423,0.552396,0.428982,0.0,0.39447,0.0,0.0,0.0,0.0,0.104543,0.0,0.5,0.0,0.0,1.0,0.0,1.0,0.0,0.0,0.0,0.049972,0.04367,0.0,0.073915,0.0,1.0,0.0,0.0,0.0,0.0,0.0,0.0,0.0,0.0,0.0,0.0,1.0,0.0,0.0,0.0,0.0,0.0,0.0,0.0,0.0,0.0,0.0,0.0,-3.319117,2,-0.5417304142697132,-0.93126446,-0.7745465292914189,-1.0073626443131245,-1.2401787742359913,-1.4729948743565358,-1.9386271342022694
Bank,Bank:5:task_5:Tomcat03:2021-03-06 14:46:00,Bank:Tomcat03:2021-03-06 14:46:00,5,task_5,2021_03_06,Tomcat03,servicetest7,21,0.020661,0,0.0476190476190476,3.091042453358316,0.889886813179111,1.0,0.0,0.0,0.0,0.0,0.0,0.0,1.0,1.0,0.6931471805599453,0.0,0.0,1.0,0.0,0.889887,0.0,0.300003,0.0,1.0,0.107253,0.0,0.0,0.0,0.282038,0.818182,0.101145,0.0,0.0,0.0,0.791909,0.533199,0.171222,0.0,0.903506,0.132423,0.552396,0.428982,0.0,0.39447,0.0,0.0,0.0,0.0,0.103766,0.0,0.5,0.0,0.0,1.0,0.0,1.0,0.0,0.0,0.0,0.050017,0.043416,0.0,0.073915,0.0,1.0,0.0,0.0,0.0,0.0,0.0,0.0,0.0,0.0,0.0,0.0,1.0,0.0,0.0,0.0,0.0,0.0,0.0,0.0,0.0,0.0,0.0,0.0,-3.319117,2,-0.543061044484037,-0.93126446,-0.7758771595057427,-1.0086932745274484,-1.2415094044503152,-1.4743255045708596,-1.9399577644165933
Bank,Bank:5:task_5:Tomcat03:2021-03-06 14:46:00,Bank:Tomcat03:2021-03-06 14:46:00,5,task_5,2021_03_06,Tomcat03,servicetest4,22,0.008918,0,0.0454545454545454,3.1354942159291497,0.6133273641804948,1.0,0.0,0.0,0.0,0.0,0.0,0.0,1.0,1.0,0.6931471805599453,0.0,0.0,1.0,0.0,0.613327,0.0,0.300003,0.0,1.0,0.081231,0.0,0.0,0.0,0.282038,0.818182,0.064878,0.0,0.0,0.0,0.791909,0.533199,0.171222,0.0,0.903506,0.132423,0.552396,0.428982,0.0,0.39447,0.0,0.0,0.0,0.0,0.071518,0.0,0.5,0.0,0.0,1.0,0.0,1.0,0.0,0.0,0.0,0.051894,0.032882,0.0,0.073915,0.0,1.0,0.0,0.0,0.0,0.0,0.0,0.0,0.0,0.0,0.0,0.0,1.0,0.0,0.0,0.0,0.0,0.0,0.0,0.0,0.0,0.0,0.0,0.0,-3.319117,2,-0.5982751455681513,-0.93126446,-0.8310912605898569,-1.0639073756115627,-1.2967235055344295,-1.529539605654974,-1.9951718655007076
Bank,Bank:5:task_5:Tomcat03:2021-03-06 14:46:00,Bank:Tomcat03:2021-03-06 14:46:00,5,task_5,2021_03_06,Tomcat03,dockerb1,23,-0.042623,0,0.0434782608695652,3.1780538303479458,0.9056603773584906,1.0,0.0,0.0,0.0,0.0,0.0,0.0,1.0,1.0,0.6931471805599453,0.0,0.0,1.0,0.0833333333333333,0.90566,0.0,0.300003,0.0,1.0,0.108737,0.0,0.0,0.0,0.282038,0.818182,0.103213,0.0,0.0,0.0,0.0,0.533199,0.027388,0.0,0.903506,0.132423,0.552396,0.082089,0.0,0.234706,0.0,0.0,0.0,0.0,0.105605,0.0,0.5,0.0,0.0,1.0,0.0,1.0,0.0,0.0,0.0,0.04991,0.044017,0.0,0.073915,1.0,0.0,0.0,0.0,0.0,0.0,0.0,0.0,0.0,0.0,0.0,0.0,0.0,0.0,0.0,0.0,0.0,0.0,0.0,0.0,0.0,0.0,0.0,0.0,-1.7851454,2,-0.8406144101492924,0.5098434,-0.7131535578839344,-0.5856927056185764,-0.4582318384520573,-0.3307710010878605,-0.07584926675482218
Bank,Bank:5:task_5:Tomcat03:2021-03-06 14:46:00,Bank:Tomcat03:2021-03-06 14:46:00,5,task_5,2021_03_06,Tomcat03,apache01,24,-0.042909,0,0.0416666666666666,3.218875824868201,0.9056603773584906,1.0,0.0,0.0,0.0,3.0,1.0,4.0,0.0,1.0,0.6931471805599453,2.9056603773584904,0.9056603773584906,1.0,0.0,0.90566,0.142859,0.260015,0.999894,0.000106,0.215888,1.0,0.0,0.0,0.094013,0.150358,0.284253,0.395892,0.966443,0.0,0.200877,0.959759,0.441128,1.0,0.907706,0.207129,0.32184,0.459082,0.892857,0.114882,1.0,0.0,0.142857,0.666667,0.256148,0.85,0.5,0.8125,0.0,0.0,1.0,0.176512,1.0,0.0,0.166667,0.815497,0.496362,0.45,0.958012,1.0,0.0,0.0,0.0,0.0,0.0,0.0,0.0,0.0,1.0,0.0,0.0,0.0,0.0,0.0,0.0,0.0,0.0,0.0,0.0,0.0,0.0,0.0,0.0,0.18389024,2,-0.8419591459842627,2.3596773,-0.2520398172946875,0.3378795113948877,0.9277988400844629,1.5177181687740382,2.6975568261531886
Bank,Bank:5:task_5:Tomcat03:2021-03-06 14:46:00,Bank:Tomcat03:2021-03-06 14:46:00,5,task_5,2021_03_06,Tomcat03,dockera1,25,-0.048918,0,0.04,3.258096538021482,0.0,0.0,0.0,0.0,0.0,0.0,0.0,0.0,1.0,1.0,0.6931471805599453,0.0,0.0,1.0,0.0,0.0,0.0,0.300003,0.0,1.0,0.0,0.0,0.0,0.0,0.282038,0.636364,0.0,0.0,0.0,0.0,0.791909,0.0,0.0,0.0,0.903506,0.0,0.552396,0.0,0.0,0.202721,0.0,0.0,0.0,0.0,0.0,0.0,0.5,0.0,0.0,1.0,0.0,1.0,0.0,0.0,0.0,0.0,0.0,0.0,0.0,0.0,1.0,0.0,0.0,0.0,0.0,0.0,0.0,0.0,0.0,0.0,0.0,0.0,0.0,0.0,0.0,0.0,0.0,0.0,0.0,0.0,0.0,0.0,0.0,-3.01485,2,-0.8702127041392864,-0.64541703,-1.0315669627957882,-1.19292122145229,-1.354275495009953,-1.5156297387652935,-1.8383382858806194
Bank,Bank:5:task_5:Tomcat03:2021-03-06 14:46:00,Bank:Tomcat03:2021-03-06 14:46:00,5,task_5,2021_03_06,Tomcat03,dockera2,26,-0.048918,0,0.0384615384615384,3.295836866004329,0.0,0.0,0.0,0.0,0.0,0.0,0.0,0.0,1.0,1.0,0.6931471805599453,0.0,0.0,1.0,0.0,0.0,0.0,0.300003,0.0,1.0,0.0,0.0,0.0,0.0,0.282038,0.636364,0.0,0.0,0.0,0.0,0.791909,0.0,0.0,0.0,0.903506,0.0,0.552396,0.0,0.0,0.202721,0.0,0.0,0.0,0.0,0.0,0.0,0.5,0.0,0.0,1.0,0.0,1.0,0.0,0.0,0.0,0.0,0.0,0.0,0.0,0.0,1.0,0.0,0.0,0.0,0.0,0.0,0.0,0.0,0.0,0.0,0.0,0.0,0.0,0.0,0.0,0.0,0.0,0.0,0.0,0.0,0.0,0.0,0.0,-3.01485,2,-0.8702127041392864,-0.64541703,-1.0315669627957882,-1.19292122145229,-1.354275495009953,-1.5156297387652935,-1.8383382858806194
Bank,Bank:5:task_5:Tomcat03:2021-03-06 14:46:00,Bank:Tomcat03:2021-03-06 14:46:00,5,task_5,2021_03_06,Tomcat03,dockerb2,27,-0.048918,0,0.037037037037037,3.332204510175204,0.0,0.0,0.0,0.0,0.0,0.0,0.0,0.0,1.0,1.0,0.6931471805599453,0.0,0.0,1.0,0.0,0.0,0.0,0.300003,0.0,1.0,0.0,0.0,0.0,0.0,0.282038,0.636364,0.0,0.0,0.0,0.0,0.791909,0.0,0.0,0.0,0.903506,0.0,0.552396,0.0,0.0,0.202721,0.0,0.0,0.0,0.0,0.0,0.0,0.5,0.0,0.0,1.0,0.0,1.0,0.0,0.0,0.0,0.0,0.0,0.0,0.0,0.0,1.0,0.0,0.0,0.0,0.0,0.0,0.0,0.0,0.0,0.0,0.0,0.0,0.0,0.0,0.0,0.0,0.0,0.0,0.0,0.0,0.0,0.0,0.0,-3.01485,2,-0.8702127041392864,-0.64541703,-1.0315669627957882,-1.19292122145229,-1.354275495009953,-1.5156297387652935,-1.8383382858806194
Bank,Bank:5:task_5:Tomcat03:2021-03-06 14:46:00,Bank:Tomcat03:2021-03-06 14:46:00,5,task_5,2021_03_06,Tomcat03,tomcat02,28,-0.086149,0,0.0357142857142857,3.367295829986474,1.0,1.0,0.3773584905660377,0.0,0.0,0.0,0.0,0.0,1.0,1.0,0.6931471805599453,0.0,0.0,1.0,-0.0816666666666666,1.0,0.0,0.300003,0.0,1.0,0.117614,0.0,0.0,0.0,0.282038,1.0,0.098772,0.0,0.0,0.0,0.069412,0.533199,0.040238,0.0,0.903506,0.132423,0.552396,0.116123,0.0,0.249275,0.0,0.0,0.0,0.0,0.116606,0.0,0.5,0.0,0.0,1.0,0.0,1.0,0.0,0.0,0.0,0.105999,0.04761,0.0,0.14783,0.0,0.0,1.0,0.0,0.0,0.0,1.0,0.0,0.0,0.0,0.0,0.0,0.0,0.0,0.0,0.0,0.0,0.0,0.0,0.0,0.0,0.0,0.0,0.0,-1.8947905,2,-1.0452681582364218,0.406836,-0.9435591574701445,-0.8418501567038672,-0.7401411633881705,-0.6384321551713126,-0.43501416853991914
Bank,Bank:5:task_5:Tomcat03:2021-03-06 14:46:00,Bank:Tomcat03:2021-03-06 14:46:00,5,task_5,2021_03_06,Tomcat03,mysql01,29,-0.107721,0,0.0344827586206896,3.4011973816621555,0.9056603773584906,1.0,0.0,0.0,0.0,2.0,2.0,4.0,0.0,1.0,0.6931471805599453,2.0,1.8113207547169807,1.0,0.0,0.90566,0.285719,0.207553,0.999894,0.000106,0.348196,1.0,0.0,0.0,0.0,0.278654,0.373237,0.272497,0.966443,0.0,0.86641,0.959759,0.577668,0.99183,0.54048,0.207129,0.593328,0.836182,0.928571,0.142323,1.0,0.0,0.285714,1.0,0.300426,0.55,0.5,0.4375,0.0,0.0,1.0,0.158256,1.0,0.0,0.333333,0.792378,0.582725,0.45,1.0,0.0,0.0,0.0,1.0,0.0,0.0,0.0,0.0,0.0,0.0,1.0,0.0,0.0,0.0,0.0,0.0,0.0,0.0,0.0,0.0,0.0,0.0,0.0,0.0,-1.8295549,2,-1.1466969744321567,0.46812236,-1.029666383659528,-0.9126357928868991,-0.7956052021142703,-0.6785746113416415,-0.444513429796384
Bank,Bank:7:task_3:Tomcat01:2021-03-06 23:18:00,Bank:Tomcat01:2021-03-06 23:18:00,7,task_3,2021_03_06,Tomcat01,ig01,1,0.715251,0,1.0,0.6931471805599453,0.9056603773584906,1.0,0.0,0.0,0.0,0.0,4.0,4.0,0.0,1.0,0.6931471805599453,0.0,3.2020002360776925,1.0,0.0,0.90566,0.741249,0.100361,0.74472,0.25528,0.790262,0.873544,0.745306,1.0,1.0,0.439301,0.741488,0.0,0.861452,1.0,0.472156,0.952096,0.943962,0.000299,0.815632,0.95448,0.162423,0.708008,1.0,1.0,1.0,0.0,0.857143,0.0,0.935945,0.785005,0.5,0.75114,0.0,0.0,1.0,0.145965,1.0,0.0,1.0,0.195404,0.805684,0.45,0.16963,0.0,0.0,1.0,0.0,0.0,0.0,0.0,0.0,1.0,0.0,0.0,0.0,0.0,0.0,0.0,0.0,0.0,0.0,0.0,0.0,0.0,0.0,0.0,0.0,0.07167138,2,2.4527798098866223,3.3085816,3.2799252075497387,4.107070605212855,4.934216062480616,5.761361400539088,7.4156523150746105
Bank,Bank:7:task_3:Tomcat01:2021-03-06 23:18:00,Bank:Tomcat01:2021-03-06 23:18:00,7,task_3,2021_03_06,Tomcat01,tomcat04,2,0.689644,0,0.5,1.0986122886681096,1.0,1.0,0.3773584905660377,0.0,0.0,0.0,5.0,5.0,0.0,1.0,0.6931471805599453,0.0,4.501871258280953,1.0,-0.0805555555555555,1.0,0.944099,0.306922,0.206158,0.793842,1.0,0.899581,1.0,1.0,1.0,0.662485,1.0,0.0,0.968931,1.0,0.463307,1.0,0.960887,0.060021,0.803561,1.0,0.667492,0.731515,1.0,0.9652,0.776575,0.915818,1.0,0.0,1.0,0.63432,0.5,0.812719,0.0,0.0,1.0,0.899334,1.0,0.99986,1.0,0.544471,1.0,0.999923,0.488626,0.0,0.0,1.0,0.0,0.0,0.0,1.0,0.0,0.0,0.0,0.0,0.0,0.0,0.0,0.0,0.0,0.0,0.0,0.0,0.0,0.0,0.0,0.0,0.0,-1.5792646,2,2.343748231368786,1.0781955,2.613297094541317,2.8828459577138483,3.152394791084057,3.4219436840589106,3.961041350799328
Bank,Bank:7:task_3:Tomcat01:2021-03-06 23:18:00,Bank:Tomcat01:2021-03-06 23:18:00,7,task_3,2021_03_06,Tomcat01,ig02,3,0.58733,0,0.3333333333333333,1.3862943611198906,0.9056603773584906,1.0,0.0,0.0,0.0,0.0,5.0,5.0,0.0,1.0,0.6931471805599453,0.0,4.319739198496888,1.0,0.0,0.90566,1.0,0.130441,0.66776,0.33224,0.77496,1.0,0.925263,1.0,1.0,0.480667,0.848732,0.0,0.929731,1.0,0.20783,0.952096,0.88585,0.038239,0.807806,0.975701,0.51456,0.550675,1.0,0.905122,1.0,0.0,0.714286,0.0,0.680619,0.422854,0.5,0.689286,0.0,0.0,1.0,0.0,1.0,0.0,0.833333,0.274103,0.725556,0.45,0.239762,0.0,0.0,1.0,0.0,0.0,0.0,0.0,0.0,1.0,0.0,0.0,0.0,0.0,0.0,0.0,0.0,0.0,0.0,0.0,0.0,0.0,0.0,0.0,0.0,-1.9994875,2,1.90810731581937,0.5104816,2.0357277148176305,2.163348113815891,2.2909685128141515,2.418588911812412,2.673829709808933
Bank,Bank:7:task_3:Tomcat01:2021-03-06 23:18:00,Bank:Tomcat01:2021-03-06 23:18:00,7,task_3,2021_03_06,Tomcat01,servicetest6,4,0.504984,0,0.25,1.6094379124341005,0.6970976890629256,1.0,0.0,0.0,0.0,5.0,0.0,5.0,0.0,1.0,0.6931471805599453,4.528301886792453,0.0,1.0,0.0,0.697098,0.0,1.0,0.0,1.0,0.087805,0.0,0.925263,1.0,0.139909,0.0,0.374145,0.730136,0.0,1.0,0.62208,0.528942,0.718759,0.2819,0.994974,0.245267,0.0,0.516806,0.821429,0.718436,0.0,0.0,0.0,0.0,0.077874,0.0,0.5,0.0,0.0,1.0,0.0,1.0,0.0,0.0,0.0,0.267166,0.0314,0.0,0.286804,0.0,1.0,0.0,0.0,0.0,0.0,0.0,0.0,0.0,0.0,0.0,0.0,1.0,0.0,0.0,0.0,0.0,0.0,0.0,0.0,0.0,0.0,0.0,0.0,-2.5748165,2,1.5574877834793945,-0.26677784,1.4907933226701637,1.424098861860933,1.3574044085022827,1.2907099402424713,1.157321033525171
Bank,Bank:7:task_3:Tomcat01:2021-03-06 23:18:00,Bank:Tomcat01:2021-03-06 23:18:00,7,task_3,2021_03_06,Tomcat01,servicetest5,5,0.440174,0,0.2,1.791759469228055,0.7058515555159591,1.0,0.0,0.0,0.0,3.0,0.0,3.0,0.0,1.0,0.6931471805599453,2.48970623968565,0.0,1.0,0.0,0.705852,0.0,0.942405,0.0,1.0,0.088587,0.0,0.72495,1.0,0.050876,0.0,0.354598,0.401436,0.0,1.0,0.62208,0.528942,0.662417,0.333154,0.862362,0.245267,0.0,0.516806,0.607143,0.626505,0.0,0.0,0.0,0.0,0.078852,0.0,0.5,0.0,0.0,1.0,0.0,1.0,0.0,0.0,0.0,0.281303,0.031679,0.0,0.301755,0.0,1.0,0.0,0.0,0.0,0.0,0.0,0.0,0.0,0.0,0.0,0.0,1.0,0.0,0.0,0.0,0.0,0.0,0.0,0.0,0.0,0.0,0.0,0.0,-2.637903,2,1.2815344658810437,-0.3520066,1.1935328123289883,1.105531158776933,1.0175295201260388,0.9295278516728223,0.7535245743710339
Bank,Bank:7:task_3:Tomcat01:2021-03-06 23:18:00,Bank:Tomcat01:2021-03-06 23:18:00,7,task_3,2021_03_06,Tomcat01,mysql01,6,0.288118,0,0.1666666666666666,1.9459101490553128,0.9056603773584906,1.0,0.0,0.0,0.0,1.0,4.0,5.0,0.0,1.0,0.6931471805599453,0.9056603773584906,3.414078821138397,1.0,0.0,0.90566,0.790344,0.265063,0.6597,0.3403,0.630221,1.0,0.0,1.0,0.139909,0.439301,0.638794,0.146027,0.918509,1.0,0.742258,0.952096,0.956244,0.690414,0.22725,0.66931,0.603926,0.862829,0.964286,0.593838,1.0,0.0,0.571429,0.0,0.565088,0.430405,0.5,0.700658,0.0,0.0,1.0,0.039448,1.0,0.0,0.666667,0.489774,0.650711,0.45,0.502639,0.0,0.0,0.0,1.0,0.0,0.0,0.0,0.0,0.0,0.0,1.0,0.0,0.0,0.0,0.0,0.0,0.0,0.0,0.0,0.0,0.0,0.0,0.0,0.0,-2.7304075,2,0.6340979952633174,-0.4769786,0.5148533452570232,0.39560869525072895,0.2763640303432735,0.15711939523814045,-0.08136993457677044
Bank,Bank:7:task_3:Tomcat01:2021-03-06 23:18:00,Bank:Tomcat01:2021-03-06 23:18:00,7,task_3,2021_03_06,Tomcat01,servicetest1,7,0.285722,0,0.1428571428571428,2.079441541679836,0.7001289777967398,1.0,0.0,0.0,0.0,1.0,3.0,4.0,0.0,1.0,0.6931471805599453,0.9056603773584906,2.501871258280953,1.0,0.0,0.700129,0.579172,0.0,1.0,0.0,0.655381,0.853018,0.0,1.0,0.139909,0.374413,0.469138,0.146027,0.897456,1.0,0.62208,0.952096,0.927797,0.678716,0.243564,0.662767,0.463152,0.795014,0.964286,0.578976,1.0,0.0,0.714286,0.0,0.662635,0.747151,0.5,0.691504,0.0,0.0,1.0,0.009444,1.0,0.0,1.0,0.443036,0.685421,0.45,0.461385,0.0,1.0,0.0,0.0,0.0,0.0,0.0,0.0,0.0,0.0,0.0,0.0,1.0,0.0,0.0,0.0,0.0,0.0,0.0,0.0,0.0,0.0,0.0,0.0,-2.643097,2,0.623896110539268,-0.35902354,0.5341402252362475,0.444384339933227,0.35462846208078713,0.26487256932718606,0.0853608136223063
Bank,Bank:7:task_3:Tomcat01:2021-03-06 23:18:00,Bank:Tomcat01:2021-03-06 23:18:00,7,task_3,2021_03_06,Tomcat01,mysql02,8,0.227644,0,0.125,2.19722457733622,0.9056603773584906,1.0,0.0,0.0,0.0,2.0,3.0,5.0,0.0,1.0,0.6931471805599453,1.8113207547169807,2.508418443779907,1.0,0.0,0.90566,0.580687,0.352424,0.646266,0.353734,0.485653,1.0,0.0,1.0,0.139909,0.374413,0.531927,0.292054,0.899805,1.0,1.0,0.952096,1.0,0.756258,0.081226,0.631945,0.859226,1.0,0.928571,0.574844,1.0,0.0,0.428571,0.0,0.395413,0.372515,0.5,0.538851,0.0,0.0,1.0,0.282855,1.0,0.0,0.5,0.564525,0.632656,0.45,0.59482,0.0,0.0,0.0,1.0,0.0,0.0,0.0,0.0,0.0,0.0,1.0,0.0,0.0,0.0,0.0,0.0,0.0,0.0,0.0,0.0,0.0,0.0,0.0,0.0,-2.254278,2,0.3766068530253502,0.16626415,0.41817288966694793,0.4597389263085457,0.5013049629501434,0.5428709995917411,0.6260030728749366
Bank,Bank:7:task_3:Tomcat01:2021-03-06 23:18:00,Bank:Tomcat01:2021-03-06 23:18:00,7,task_3,2021_03_06,Tomcat01,servicetest2,9,0.205975,0,0.1111111111111111,2.302585092994046,0.6783854849686689,1.0,0.0,0.0,0.0,2.0,1.0,3.0,0.0,1.0,0.6931471805599453,1.8113207547169807,0.7058515555159591,1.0,0.0,0.678385,0.163401,0.273391,0.728341,0.271659,0.187233,1.0,0.0,1.0,0.041973,0.150358,0.247605,0.292054,0.759597,1.0,0.62208,0.952096,0.832755,0.746689,0.225808,0.588369,0.34944,0.795014,0.642857,0.474917,1.0,0.0,0.142857,0.0,0.220347,0.604078,0.5,1.0,0.0,0.0,1.0,0.449008,1.0,0.0,0.166667,0.651969,0.504037,0.45,0.613515,0.0,1.0,0.0,0.0,0.0,0.0,0.0,0.0,0.0,0.0,0.0,0.0,1.0,0.0,0.0,0.0,0.0,0.0,0.0,0.0,0.0,0.0,0.0,0.0,-3.0387661,2,0.2843428129229174,-0.89356583,0.06095135453077416,-0.1624401038613691,-0.38583154735235115,-0.6092230206456556,-1.0560059076276196
Bank,Bank:7:task_3:Tomcat01:2021-03-06 23:18:00,Bank:Tomcat01:2021-03-06 23:18:00,7,task_3,2021_03_06,Tomcat01,redis02,10,0.192356,0,0.1,2.3978952727983707,0.9056603773584906,1.0,0.0,0.0,0.0,4.0,1.0,5.0,0.0,1.0,0.6931471805599453,3.6226415094339615,0.6970976890629256,1.0,0.0,0.90566,0.161375,0.566001,0.538798,0.461202,0.200865,1.0,0.0,1.0,0.139909,0.150358,0.346415,0.584109,0.750176,1.0,0.290862,0.952096,0.812286,0.6902,0.953358,0.585441,0.34944,0.600436,0.857143,0.598861,1.0,0.0,0.142857,0.0,0.180078,0.332243,0.5,0.4375,0.0,0.0,1.0,0.116838,1.0,0.0,0.166667,0.755805,0.416523,0.45,0.680627,0.0,0.0,1.0,0.0,0.0,0.0,0.0,0.0,0.0,0.0,0.0,1.0,0.0,0.0,0.0,0.0,0.0,0.0,0.0,0.0,0.0,0.0,0.0,0.0,-1.7853936,2,0.2263547210794991,0.7997188,0.4262844203812188,0.6262141196829385,0.826143804083497,1.0260735182863778,1.4259328870874948
Bank,Bank:7:task_3:Tomcat01:2021-03-06 23:18:00,Bank:Tomcat01:2021-03-06 23:18:00,7,task_3,2021_03_06,Tomcat01,redis01,11,0.155146,0,0.0909090909090909,2.4849066497880004,0.9056603773584906,1.0,0.0,0.0,0.0,3.0,2.0,5.0,0.0,1.0,0.6931471805599453,2.716981132075472,1.602758066421416,1.0,0.0,0.90566,0.371031,0.434277,0.619399,0.380601,0.341445,1.0,0.0,1.0,0.139909,0.278654,0.430191,0.438081,0.862398,1.0,0.123703,0.952096,0.787905,0.744015,0.741794,0.620319,0.644211,0.500124,0.892857,0.494368,1.0,0.0,0.285714,0.0,0.324302,0.422854,0.5,0.665179,0.0,0.0,1.0,0.06096,1.0,0.0,0.333333,0.683388,0.485311,0.45,0.6404,1.0,0.0,0.0,0.0,0.0,0.0,0.0,0.0,0.0,0.0,0.0,1.0,0.0,0.0,0.0,0.0,0.0,0.0,0.0,0.0,0.0,0.0,0.0,0.0,-1.4612378,2,0.06791894036919774,1.2376477,0.37733085352570717,0.6867427666822166,0.9961547096410484,1.3055665929952354,1.924390478912899
Bank,Bank:7:task_3:Tomcat01:2021-03-06 23:18:00,Bank:Tomcat01:2021-03-06 23:18:00,7,task_3,2021_03_06,Tomcat01,apache01,12,0.135086,0,0.0833333333333333,2.5649493574615367,0.9056603773584906,1.0,0.0,0.0,0.0,3.0,2.0,5.0,0.0,1.0,0.6931471805599453,2.6057893551552302,1.5962108809224622,1.0,0.0,0.90566,0.369516,0.154747,0.868869,0.131131,0.52652,0.813953,0.0,0.6,0.02078,0.278654,0.416449,0.420153,0.858875,0.6,0.576467,0.952096,0.741418,0.837732,0.676003,0.440848,0.644211,0.775688,0.892857,0.430141,1.0,0.0,0.571429,0.747307,0.63266,1.0,0.5,0.726084,0.0,0.0,1.0,0.172906,1.0,0.0,1.0,0.639297,0.650747,0.45,0.716469,1.0,0.0,0.0,0.0,0.0,0.0,0.0,0.0,0.0,1.0,0.0,0.0,0.0,0.0,0.0,0.0,0.0,0.0,0.0,0.0,0.0,0.0,0.0,0.0,-1.6170609,2,-0.017494167963203373,1.0271333,0.23928916843778233,0.4960725048387681,0.7528558114374314,1.0096391776407394,1.523205790838066
Bank,Bank:7:task_3:Tomcat01:2021-03-06 23:18:00,Bank:Tomcat01:2021-03-06 23:18:00,7,task_3,2021_03_06,Tomcat01,tomcat01,13,0.071813,1,0.0769230769230769,2.639057329615259,1.0,1.0,0.3773584905660377,0.0,0.0,1.0,4.0,5.0,0.0,1.0,0.6931471805599453,1.0,3.716981132075472,1.0,-0.075,1.0,0.766012,0.580351,0.210765,0.789235,0.828669,0.905026,0.0,0.6,0.108636,0.621119,0.794533,0.161238,1.0,0.6,0.006452,0.982036,0.642051,0.899065,0.0,0.492281,1.0,0.433868,0.964286,0.151316,0.76033,1.0,0.857143,0.199723,0.566152,0.416634,0.5,0.589728,0.0,0.0,1.0,0.919809,1.0,1.0,1.0,0.841266,0.901332,1.0,0.868469,0.0,1.0,0.0,0.0,0.0,0.0,1.0,0.0,0.0,0.0,0.0,0.0,0.0,0.0,0.0,0.0,0.0,0.0,0.0,0.0,0.0,0.0,0.0,0.0,-1.6520634,2,-0.2869031212790567,0.9798456,-0.04194172541933838,0.20301967044037994,0.44798108120125946,0.6929424621598166,1.1828652836815756
Bank,Bank:7:task_3:Tomcat01:2021-03-06 23:18:00,Bank:Tomcat01:2021-03-06 23:18:00,7,task_3,2021_03_06,Tomcat01,servicetest7,14,0.060358,0,0.0714285714285714,2.70805020110221,0.6905505035639717,1.0,0.0,0.0,0.0,4.0,3.0,7.0,0.0,1.0,0.6931471805599453,3.5114497325137206,2.716981132075472,1.0,0.0,0.690551,0.628969,0.0,1.0,0.0,0.626716,0.881869,0.0,0.714286,0.050562,0.374413,0.469557,0.56618,0.974619,0.714286,0.62208,0.952096,0.791181,0.883254,0.934279,0.527785,0.859226,0.806286,0.857143,0.49096,1.0,0.0,0.714286,0.56048,0.49066,0.520514,0.5,0.640957,0.0,0.0,1.0,0.067664,1.0,0.0,0.833333,0.648653,0.691363,0.45,0.76699,0.0,1.0,0.0,0.0,0.0,0.0,0.0,0.0,0.0,0.0,0.0,0.0,1.0,0.0,0.0,0.0,0.0,0.0,0.0,0.0,0.0,0.0,0.0,0.0,-2.5949044,2,-0.33567715696936856,-0.2939163,-0.40915623567944776,-0.48263531438952695,-0.5561143856490256,-0.6295934718096854,-0.7765516143286826
Bank,Bank:7:task_3:Tomcat01:2021-03-06 23:18:00,Bank:Tomcat01:2021-03-06 23:18:00,7,task_3,2021_03_06,Tomcat01,apache02,15,0.017584,0,0.0666666666666666,2.772588722239781,0.9056603773584906,1.0,0.0,0.0,0.0,7.0,2.0,9.0,0.0,1.0,0.6931471805599453,6.2020002360776925,1.8113207547169807,1.0,0.0,0.90566,0.419313,0.140504,0.892582,0.107418,0.492628,0.848389,0.0,0.333333,0.0,0.278654,0.415627,1.0,0.974619,0.333333,0.668274,0.952096,0.627334,1.0,1.0,0.357902,0.644211,0.804067,0.75,0.330119,1.0,0.0,0.571429,0.891703,0.548625,0.841178,0.5,0.753927,0.0,0.0,1.0,0.117647,1.0,0.0,0.666667,0.766704,0.623257,0.45,0.871833,0.0,0.0,1.0,0.0,0.0,0.0,0.0,0.0,0.0,1.0,0.0,0.0,0.0,0.0,0.0,0.0,0.0,0.0,0.0,0.0,0.0,0.0,0.0,0.0,-2.3038266,2,-0.5178037918552173,0.099324815,-0.4929725881114019,-0.46814138436758646,-0.4433101824864162,-0.4184789768799556,-0.36881657311761507
Bank,Bank:7:task_3:Tomcat01:2021-03-06 23:18:00,Bank:Tomcat01:2021-03-06 23:18:00,7,task_3,2021_03_06,Tomcat01,servicetest8,16,-0.009263,0,0.0625,2.833213344056216,0.6950320525799017,1.0,0.0,0.0,0.0,0.0,0.0,0.0,1.0,1.0,0.6931471805599453,0.0,0.0,1.0,0.0,0.695032,0.0,0.382504,0.0,1.0,0.096491,0.0,0.0,0.0,0.139909,0.818182,0.083752,0.0,0.0,0.0,0.62208,0.528942,0.161674,0.0,0.92033,0.133782,0.599769,0.379249,0.0,0.344128,0.0,0.0,0.0,0.0,0.077643,0.0,0.5,0.0,0.0,1.0,0.0,1.0,0.0,0.0,0.0,0.051386,0.034506,0.0,0.060614,0.0,1.0,0.0,0.0,0.0,0.0,0.0,0.0,0.0,0.0,0.0,0.0,1.0,0.0,0.0,0.0,0.0,0.0,0.0,0.0,0.0,0.0,0.0,0.0,-3.0748386,2,-0.6321151437694732,-0.9422991,-0.867689925664157,-1.1032647075588409,-1.3388394894535247,-1.5744142713482085,-2.0455638351375764
Bank,Bank:7:task_3:Tomcat01:2021-03-06 23:18:00,Bank:Tomcat01:2021-03-06 23:18:00,7,task_3,2021_03_06,Tomcat01,servicetest9,17,-0.010852,0,0.0588235294117647,2.8903717578961645,0.6593130397861705,1.0,0.0,0.0,0.0,0.0,0.0,0.0,1.0,1.0,0.6931471805599453,0.0,0.0,1.0,0.0,0.659313,0.0,0.382504,0.0,1.0,0.092844,0.0,0.0,0.0,0.139909,0.818182,0.078562,0.0,0.0,0.0,0.62208,0.528942,0.161674,0.0,0.92033,0.133782,0.599769,0.379249,0.0,0.344128,0.0,0.0,0.0,0.0,0.073653,0.0,0.5,0.0,0.0,1.0,0.0,1.0,0.0,0.0,0.0,0.051652,0.033202,0.0,0.060614,0.0,1.0,0.0,0.0,0.0,0.0,0.0,0.0,0.0,0.0,0.0,0.0,1.0,0.0,0.0,0.0,0.0,0.0,0.0,0.0,0.0,0.0,0.0,0.0,-3.0748386,2,-0.6388809179040786,-0.9422991,-0.8744556997987625,-1.1100304816934463,-1.3456052635881302,-1.581180045482814,-2.0523296092721814
Bank,Bank:7:task_3:Tomcat01:2021-03-06 23:18:00,Bank:Tomcat01:2021-03-06 23:18:00,7,task_3,2021_03_06,Tomcat01,servicetest11,18,-0.011253,0,0.0555555555555555,2.9444389791664403,0.6502870844805143,1.0,0.0,0.0,0.0,0.0,0.0,0.0,1.0,1.0,0.6931471805599453,0.0,0.0,1.0,0.0,0.650287,0.0,0.382504,0.0,1.0,0.091923,0.0,0.0,0.0,0.139909,0.818182,0.077251,0.0,0.0,0.0,0.62208,0.528942,0.161674,0.0,0.92033,0.133782,0.599769,0.379249,0.0,0.344128,0.0,0.0,0.0,0.0,0.072645,0.0,0.5,0.0,0.0,1.0,0.0,1.0,0.0,0.0,0.0,0.051719,0.032872,0.0,0.060614,0.0,1.0,0.0,0.0,0.0,0.0,0.0,0.0,0.0,0.0,0.0,0.0,1.0,0.0,0.0,0.0,0.0,0.0,0.0,0.0,0.0,0.0,0.0,0.0,-3.0748386,2,-0.6405883284943724,-0.9422991,-0.8761631103890563,-1.11173789228374,-1.3473126741784238,-1.5828874560731077,-2.0540370198624753
Bank,Bank:7:task_3:Tomcat01:2021-03-06 23:18:00,Bank:Tomcat01:2021-03-06 23:18:00,7,task_3,2021_03_06,Tomcat01,servicetest4,19,-0.011916,0,0.0526315789473684,2.995732273553991,0.6353951284371703,1.0,0.0,0.0,0.0,0.0,0.0,0.0,1.0,1.0,0.6931471805599453,0.0,0.0,1.0,0.0,0.635395,0.0,0.382504,0.0,1.0,0.090402,0.0,0.0,0.0,0.139909,0.818182,0.075087,0.0,0.0,0.0,0.62208,0.528942,0.161674,0.0,0.92033,0.133782,0.599769,0.379249,0.0,0.344128,0.0,0.0,0.0,0.0,0.070981,0.0,0.5,0.0,0.0,1.0,0.0,1.0,0.0,0.0,0.0,0.05183,0.032328,0.0,0.060614,0.0,1.0,0.0,0.0,0.0,0.0,0.0,0.0,0.0,0.0,0.0,0.0,1.0,0.0,0.0,0.0,0.0,0.0,0.0,0.0,0.0,0.0,0.0,0.0,-3.0748386,2,-0.6434113041087485,-0.9422991,-0.8789860860034323,-1.114560867898116,-1.3501356497927999,-1.5857104316874837,-2.0568599954768514
Bank,Bank:7:task_3:Tomcat01:2021-03-06 23:18:00,Bank:Tomcat01:2021-03-06 23:18:00,7,task_3,2021_03_06,Tomcat01,servicetest10,20,-0.012779,0,0.05,3.044522437723423,0.6159901495792047,1.0,0.0,0.0,0.0,0.0,0.0,0.0,1.0,1.0,0.6931471805599453,0.0,0.0,1.0,0.0,0.61599,0.0,0.382504,0.0,1.0,0.088421,0.0,0.0,0.0,0.139909,0.818182,0.072268,0.0,0.0,0.0,0.62208,0.528942,0.161674,0.0,0.92033,0.133782,0.599769,0.379249,0.0,0.344128,0.0,0.0,0.0,0.0,0.068813,0.0,0.5,0.0,0.0,1.0,0.0,1.0,0.0,0.0,0.0,0.051975,0.03162,0.0,0.060614,0.0,1.0,0.0,0.0,0.0,0.0,0.0,0.0,0.0,0.0,0.0,0.0,1.0,0.0,0.0,0.0,0.0,0.0,0.0,0.0,0.0,0.0,0.0,0.0,-3.0748386,2,-0.6470858560773857,-0.9422991,-0.8826606379720695,-1.1182354198667532,-1.353810201761437,-1.589384983656121,-2.0605345474454886
Bank,Bank:7:task_3:Tomcat01:2021-03-06 23:18:00,Bank:Tomcat01:2021-03-06 23:18:00,7,task_3,2021_03_06,Tomcat01,servicetest3,21,-0.012838,0,0.0476190476190476,3.091042453358316,0.6146543706227144,1.0,0.0,0.0,0.0,0.0,0.0,0.0,1.0,1.0,0.6931471805599453,0.0,0.0,1.0,0.0,0.614654,0.0,0.382504,0.0,1.0,0.088284,0.0,0.0,0.0,0.139909,0.818182,0.072073,0.0,0.0,0.0,0.62208,0.528942,0.161674,0.0,0.92033,0.133782,0.599769,0.379249,0.0,0.344128,0.0,0.0,0.0,0.0,0.068664,0.0,0.5,0.0,0.0,1.0,0.0,1.0,0.0,0.0,0.0,0.051985,0.031571,0.0,0.060614,0.0,1.0,0.0,0.0,0.0,0.0,0.0,0.0,0.0,0.0,0.0,0.0,1.0,0.0,0.0,0.0,0.0,0.0,0.0,0.0,0.0,0.0,0.0,0.0,-3.0748386,2,-0.6473370711018925,-0.9422991,-0.8829118529965764,-1.1184866348912603,-1.3540614167859442,-1.589636198680628,-2.0607857624699957
Bank,Bank:7:task_3:Tomcat01:2021-03-06 23:18:00,Bank:Tomcat01:2021-03-06 23:18:00,7,task_3,2021_03_06,Tomcat01,tomcat03,22,-0.013687,0,0.0454545454545454,3.1354942159291497,1.0,1.0,0.3773584905660377,0.0,0.0,2.0,3.0,5.0,0.0,1.0,0.6931471805599453,2.0,2.716981132075472,1.0,-0.06,1.0,0.557845,0.715469,0.214354,0.785646,0.668523,0.881869,0.0,0.2,0.043912,0.556231,0.678503,0.322477,0.974619,0.2,0.024739,0.952096,0.470787,0.98918,0.139797,0.298444,0.859226,0.361802,0.928571,0.0,0.773841,0.993622,0.714286,0.629855,0.665218,0.681738,0.5,0.827226,0.0,0.0,1.0,0.906246,1.0,0.999882,0.833333,1.0,0.813748,0.999935,1.0,0.0,0.0,1.0,0.0,0.0,0.0,1.0,0.0,0.0,0.0,0.0,0.0,0.0,0.0,0.0,0.0,0.0,0.0,0.0,0.0,0.0,0.0,0.0,0.0,-1.3476375,2,-0.6509520127257316,1.3911196,-0.303172112890145,0.04460778694544154,0.3923877165833505,0.7401675866166146,1.4357274458924325
Bank,Bank:7:task_3:Tomcat01:2021-03-06 23:18:00,Bank:Tomcat01:2021-03-06 23:18:00,7,task_3,2021_03_06,Tomcat01,mg02,23,-0.049326,0,0.0434782608695652,3.1780538303479458,0.9056603773584906,1.0,0.0,0.0,0.0,5.0,2.0,7.0,0.0,1.0,0.6931471805599453,4.501871258280953,1.384237040484628,1.0,0.0,0.90566,0.320445,0.570108,0.53495,0.46505,0.296755,1.0,0.0,0.428571,0.031091,0.278654,0.415712,0.725874,0.744818,0.428571,0.385216,0.952096,0.569535,0.866614,0.991463,0.328953,0.644211,0.642244,0.678571,0.325572,1.0,0.0,0.285714,0.8,0.258295,0.332243,0.5,0.4375,0.0,0.0,1.0,0.114826,1.0,0.0,0.333333,0.865805,0.484312,0.45,0.877458,0.0,0.0,1.0,0.0,0.0,0.0,0.0,1.0,0.0,0.0,0.0,0.0,0.0,0.0,0.0,0.0,0.0,0.0,0.0,0.0,0.0,0.0,0.0,0.0,-2.3847363,2,-0.802698661173311,-0.009982825,-0.805194367487532,-0.8076900738017531,-0.8101857803488047,-0.8126814864301951,-0.8176728995242984
Bank,Bank:7:task_3:Tomcat01:2021-03-06 23:18:00,Bank:Tomcat01:2021-03-06 23:18:00,7,task_3,2021_03_06,Tomcat01,mg01,24,-0.054413,0,0.0416666666666666,3.218875824868201,0.9056603773584906,1.0,0.0,0.0,0.0,4.0,3.0,7.0,0.0,1.0,0.6931471805599453,3.596210880922462,2.2898974178431186,1.0,0.0,0.90566,0.530101,0.510116,0.589967,0.410033,0.440818,1.0,0.0,0.428571,0.017489,0.374413,0.513538,0.579847,0.821418,0.428571,0.323103,0.952096,0.56773,0.900635,0.947646,0.35276,0.859226,0.602425,0.714286,0.28793,1.0,0.0,0.428571,1.0,0.402518,0.392651,0.5,0.600962,0.0,0.0,1.0,0.253476,1.0,0.0,0.5,0.783354,0.608451,0.45,0.880973,1.0,0.0,0.0,0.0,0.0,0.0,0.0,1.0,0.0,0.0,0.0,0.0,0.0,0.0,0.0,0.0,0.0,0.0,0.0,0.0,0.0,0.0,0.0,0.0,-2.5173967,2,-0.8243585057439453,-0.18920471,-0.8716596826793797,-0.918960859614814,-0.9662620402755386,-1.0135632134856827,-1.108165574807132
Bank,Bank:7:task_3:Tomcat01:2021-03-06 23:18:00,Bank:Tomcat01:2021-03-06 23:18:00,7,task_3,2021_03_06,Tomcat01,dockera2,25,-0.056646,0,0.04,3.258096538021482,0.9056603773584906,1.0,0.0,0.0,0.0,0.0,0.0,0.0,1.0,1.0,0.6931471805599453,0.0,0.0,1.0,0.0166666666666666,0.90566,0.0,0.382504,0.0,1.0,0.117997,0.0,0.0,0.0,0.139909,0.818182,0.114354,0.0,0.0,0.0,0.018444,0.528942,0.025861,0.0,0.92033,0.133782,0.599769,0.072572,0.0,0.206511,0.0,0.0,0.0,0.0,0.101173,0.0,0.5,0.0,0.0,1.0,0.0,1.0,0.0,0.0,0.0,0.049816,0.042196,0.0,0.060614,1.0,0.0,0.0,0.0,0.0,0.0,0.0,0.0,0.0,0.0,0.0,0.0,0.0,0.0,0.0,0.0,0.0,0.0,0.0,0.0,0.0,0.0,0.0,0.0,-1.9726869,2,-0.8338663557392719,0.5466888,-0.6971941569668415,-0.5605219581944111,-0.42384975942198067,-0.28717756064955025,-0.013833163104689405
Bank,Bank:7:task_3:Tomcat01:2021-03-06 23:18:00,Bank:Tomcat01:2021-03-06 23:18:00,7,task_3,2021_03_06,Tomcat01,dockera1,26,-0.06316,0,0.0384615384615384,3.295836866004329,0.0,0.0,0.0,0.0,0.0,0.0,0.0,0.0,1.0,1.0,0.6931471805599453,0.0,0.0,1.0,0.0,0.0,0.0,0.382504,0.0,1.0,0.0,0.0,0.0,0.0,0.139909,0.636364,0.0,0.0,0.0,0.0,0.62208,0.0,0.0,0.0,0.92033,0.0,0.599769,0.0,0.0,0.17896,0.0,0.0,0.0,0.0,0.0,0.0,0.5,0.0,0.0,1.0,0.0,1.0,0.0,0.0,0.0,0.0,0.0,0.0,0.0,0.0,1.0,0.0,0.0,0.0,0.0,0.0,0.0,0.0,0.0,0.0,0.0,0.0,0.0,0.0,0.0,0.0,0.0,0.0,0.0,0.0,0.0,0.0,0.0,-3.1394067,2,-0.8616021975975601,-1.0295295,-1.1189845606785385,-1.3763669237595169,-1.6337492570381729,-1.8911316499214736,-2.4058963164787857
Bank,Bank:7:task_3:Tomcat01:2021-03-06 23:18:00,Bank:Tomcat01:2021-03-06 23:18:00,7,task_3,2021_03_06,Tomcat01,dockerb1,27,-0.06316,0,0.037037037037037,3.332204510175204,0.0,0.0,0.0,0.0,0.0,0.0,0.0,0.0,1.0,1.0,0.6931471805599453,0.0,0.0,1.0,0.0,0.0,0.0,0.382504,0.0,1.0,0.0,0.0,0.0,0.0,0.139909,0.636364,0.0,0.0,0.0,0.0,0.62208,0.0,0.0,0.0,0.92033,0.0,0.599769,0.0,0.0,0.17896,0.0,0.0,0.0,0.0,0.0,0.0,0.5,0.0,0.0,1.0,0.0,1.0,0.0,0.0,0.0,0.0,0.0,0.0,0.0,0.0,1.0,0.0,0.0,0.0,0.0,0.0,0.0,0.0,0.0,0.0,0.0,0.0,0.0,0.0,0.0,0.0,0.0,0.0,0.0,0.0,0.0,0.0,0.0,-3.1394067,2,-0.8616021975975601,-1.0295295,-1.1189845606785385,-1.3763669237595169,-1.6337492570381729,-1.8911316499214736,-2.4058963164787857
Bank,Bank:7:task_3:Tomcat01:2021-03-06 23:18:00,Bank:Tomcat01:2021-03-06 23:18:00,7,task_3,2021_03_06,Tomcat01,dockerb2,28,-0.06316,0,0.0357142857142857,3.367295829986474,0.0,0.0,0.0,0.0,0.0,0.0,0.0,0.0,1.0,1.0,0.6931471805599453,0.0,0.0,1.0,0.0,0.0,0.0,0.382504,0.0,1.0,0.0,0.0,0.0,0.0,0.139909,0.636364,0.0,0.0,0.0,0.0,0.62208,0.0,0.0,0.0,0.92033,0.0,0.599769,0.0,0.0,0.17896,0.0,0.0,0.0,0.0,0.0,0.0,0.5,0.0,0.0,1.0,0.0,1.0,0.0,0.0,0.0,0.0,0.0,0.0,0.0,0.0,1.0,0.0,0.0,0.0,0.0,0.0,0.0,0.0,0.0,0.0,0.0,0.0,0.0,0.0,0.0,0.0,0.0,0.0,0.0,0.0,0.0,0.0,0.0,-3.1394067,2,-0.8616021975975601,-1.0295295,-1.1189845606785385,-1.3763669237595169,-1.6337492570381729,-1.8911316499214736,-2.4058963164787857
Bank,Bank:7:task_3:Tomcat01:2021-03-06 23:18:00,Bank:Tomcat01:2021-03-06 23:18:00,7,task_3,2021_03_06,Tomcat01,tomcat02,29,-0.108087,0,0.0344827586206896,3.4011973816621555,1.0,1.0,0.3773584905660377,0.0,0.0,0.0,0.0,0.0,1.0,1.0,0.6931471805599453,0.0,0.0,1.0,-0.0591666666666666,1.0,0.0,0.382504,0.0,1.0,0.12763,0.0,0.0,0.0,0.139909,1.0,0.109434,0.0,0.0,0.0,0.0,0.528942,0.021627,0.0,0.92033,0.133782,0.599769,0.062023,0.0,0.202127,0.0,0.0,0.0,0.0,0.111712,0.0,0.5,0.0,0.0,1.0,0.0,1.0,0.0,0.0,0.0,0.106417,0.045641,0.0,0.121228,0.0,0.0,1.0,0.0,0.0,0.0,1.0,0.0,0.0,0.0,0.0,0.0,0.0,0.0,0.0,0.0,0.0,0.0,0.0,0.0,0.0,0.0,0.0,0.0,-2.0525103,2,-1.052896051937031,0.4388488,-0.9431838535603754,-0.8334716551837198,-0.723759441905903,-0.6140472584304086,-0.3946228318747751
Bank,Bank:14:task_2:Tomcat01:2021-03-07 21:36:00,Bank:Tomcat01:2021-03-07 21:36:00,14,task_2,2021_03_07,Tomcat01,mg02,1,0.635813,0,1.0,0.6931471805599453,0.9056603773584906,1.0,0.0,0.0,0.0,0.0,6.0,6.0,0.0,1.0,0.6931471805599453,0.0,5.433962264149647,1.0,0.0,0.90566,1.0,0.051979,0.867974,0.132026,1.0,0.860013,0.925263,1.0,1.0,0.506153,1.0,0.0,0.90566,1.0,0.023511,0.888268,0.861312,0.071477,0.739291,1.0,0.694361,0.568686,1.0,0.846347,1.0,0.0,1.0,0.0,1.0,0.48844,0.5,0.727462,0.0,0.0,1.0,0.074891,1.0,0.0,1.0,0.177296,1.0,0.45,0.271229,1.0,0.0,0.0,0.0,0.0,0.0,0.0,1.0,0.0,0.0,0.0,0.0,0.0,0.0,0.0,0.0,0.0,0.0,0.0,0.0,0.0,0.0,0.0,0.0,-0.73456866,2,1.8925299028893996,1.8748634,2.361245749427943,2.8299615959664868,3.2986773829003857,3.767393289043574,4.704824862911372
Bank,Bank:14:task_2:Tomcat01:2021-03-07 21:36:00,Bank:Tomcat01:2021-03-07 21:36:00,14,task_2,2021_03_07,Tomcat01,tomcat04,2,0.610703,0,0.5,1.0986122886681096,1.0,1.0,0.3773584905660377,0.0,0.0,0.0,2.0,2.0,0.0,1.0,0.6931471805599453,0.0,1.8113207547169807,1.0,-0.0541666666666666,1.0,0.299109,0.267405,0.311527,0.688473,0.585327,0.766679,0.0,1.0,1.0,0.460472,0.615107,0.0,0.90566,1.0,0.114509,0.888268,0.883203,0.071477,0.739291,1.0,0.260308,0.610167,1.0,0.88766,0.886868,1.0,0.6,0.0,0.722854,1.0,0.5,0.815185,0.0,0.0,1.0,0.905786,1.0,1.0,1.0,0.454207,0.914962,1.0,0.411514,0.0,0.0,1.0,0.0,0.0,0.0,1.0,0.0,0.0,0.0,0.0,0.0,0.0,0.0,0.0,0.0,0.0,0.0,0.0,0.0,0.0,0.0,0.0,0.0,-0.10527519,2,1.77888119853259,2.680706,2.4490577045750705,3.119234210617551,3.7894107166600315,4.4595872227025115,5.7999402347874724
Bank,Bank:14:task_2:Tomcat01:2021-03-07 21:36:00,Bank:Tomcat01:2021-03-07 21:36:00,14,task_2,2021_03_07,Tomcat01,ig01,3,0.585579,0,0.3333333333333333,1.3862943611198906,0.9056603773584906,1.0,0.0,0.0,0.0,2.0,0.0,2.0,0.0,1.0,0.6931471805599453,1.8113207547169032,0.0,1.0,0.0,0.90566,0.0,0.855385,0.0,1.0,0.080529,0.0,0.925263,1.0,0.5,0.0,0.366664,0.281525,0.0,1.0,0.166631,0.493482,0.658705,0.289918,0.758345,0.247832,0.041181,0.462764,0.928571,0.638589,0.449057,0.0,0.0,0.0,0.095883,0.0,0.5,0.0,0.0,1.0,0.0,1.0,0.0,0.0,0.0,0.168819,0.305569,0.0,0.314003,0.0,0.0,1.0,0.0,0.0,0.0,0.0,0.0,1.0,0.0,0.0,0.0,0.0,0.0,0.0,0.0,0.0,0.0,0.0,0.0,0.0,0.0,0.0,0.0,-1.0808583,2,1.6651691297050117,1.4314216,2.0230245390887855,2.3808799484725593,2.7387353280540108,3.096590767240107,3.81230152640301
Bank,Bank:14:task_2:Tomcat01:2021-03-07 21:36:00,Bank:Tomcat01:2021-03-07 21:36:00,14,task_2,2021_03_07,Tomcat01,servicetest4,4,0.579279,0,0.25,1.6094379124341005,0.9051026673445564,1.0,0.0,0.0,0.0,5.0,0.0,5.0,0.0,1.0,0.6931471805599453,4.528301886792453,0.0,1.0,0.0,0.905103,0.0,1.0,0.0,1.0,0.080491,0.0,0.925263,1.0,0.486223,0.0,0.376219,0.703812,0.0,1.0,0.60143,0.493482,0.673568,0.376894,0.996182,0.247832,0.041181,0.622088,0.607143,0.680845,0.449057,0.0,0.0,0.0,0.095824,0.0,0.5,0.0,0.0,1.0,0.0,1.0,0.0,0.0,0.0,0.183953,0.305554,0.0,0.341556,0.0,1.0,0.0,0.0,0.0,0.0,0.0,0.0,0.0,0.0,0.0,0.0,1.0,0.0,0.0,0.0,0.0,0.0,0.0,0.0,0.0,0.0,0.0,0.0,-2.6516178,2,1.6366551178592172,-0.5800162,1.4916510689156977,1.346647019972178,1.2016429561274973,1.0566389220851389,0.7666307943957773
Bank,Bank:14:task_2:Tomcat01:2021-03-07 21:36:00,Bank:Tomcat01:2021-03-07 21:36:00,14,task_2,2021_03_07,Tomcat01,tomcat03,5,0.54283,0,0.2,1.791759469228055,1.0,1.0,0.3773584905660377,0.0,0.0,1.0,0.0,1.0,0.0,1.0,0.6931471805599453,1.0,0.0,1.0,-0.0741666666666666,1.0,0.0,0.706541,0.0,1.0,0.091734,0.0,1.0,1.0,0.512887,0.181818,0.360234,0.155425,0.0,1.0,0.169904,0.493482,0.669016,0.280254,0.725263,0.247832,0.041181,0.464004,0.964286,0.643761,0.449057,0.0,0.0,0.0,0.105871,0.0,0.5,0.0,0.0,1.0,0.0,1.0,0.0,0.0,0.0,0.202387,0.310083,0.0,0.376768,0.0,0.0,1.0,0.0,0.0,0.0,1.0,0.0,0.0,0.0,0.0,0.0,0.0,0.0,0.0,0.0,0.0,0.0,0.0,0.0,0.0,0.0,0.0,0.0,-1.8354633,2,1.471685718213604,0.4651114,1.587963569377945,1.704241420542286,1.8205192791572076,1.936797122870968,2.169352840100811
Bank,Bank:14:task_2:Tomcat01:2021-03-07 21:36:00,Bank:Tomcat01:2021-03-07 21:36:00,14,task_2,2021_03_07,Tomcat01,servicetest9,6,0.530204,0,0.1666666666666666,1.9459101490553128,0.9056603773584126,1.0,0.0,0.0,0.0,0.0,2.0,2.0,0.0,1.0,0.6931471805599453,0.0,1.8113207547169807,1.0,0.0,0.90566,0.333333,0.117855,0.7,0.3,0.295528,1.0,0.925263,1.0,1.0,0.278654,0.486256,0.0,0.90566,1.0,0.60143,0.888268,1.0,0.071477,0.739291,1.0,0.260308,0.828652,1.0,1.0,1.0,0.0,0.2,0.0,0.272767,0.286679,0.5,0.4375,0.0,0.0,1.0,0.038917,1.0,0.0,0.333333,0.285692,0.49003,0.45,0.216257,0.0,1.0,0.0,0.0,0.0,0.0,0.0,0.0,0.0,0.0,0.0,0.0,1.0,0.0,0.0,0.0,0.0,0.0,0.0,0.0,0.0,0.0,0.0,0.0,-1.6164603,2,1.4145400176477305,0.74555594,1.6009290019702784,1.7873179862928263,1.9737069855165355,2.160095954937922,2.5328739533853404
Bank,Bank:14:task_2:Tomcat01:2021-03-07 21:36:00,Bank:Tomcat01:2021-03-07 21:36:00,14,task_2,2021_03_07,Tomcat01,mysql01,7,0.336303,0,0.1428571428571428,2.079441541679836,0.9056603773584906,1.0,0.0,0.0,0.0,1.0,5.0,6.0,0.0,1.0,0.6931471805599453,0.9056603773584906,4.528301886791157,1.0,0.0,0.90566,0.833333,0.077646,0.901569,0.098431,0.890149,0.844458,0.0,1.0,0.5,0.480667,0.789562,0.140762,0.90566,1.0,0.582879,0.888268,0.942442,0.81633,0.0,0.69393,0.650233,0.820585,0.964286,0.530848,1.0,0.0,0.9,0.0,0.828862,0.475196,0.5,0.681625,0.0,0.0,1.0,0.01352,1.0,0.0,1.0,0.325574,0.909652,0.45,0.575184,0.0,0.0,0.0,1.0,0.0,0.0,0.0,0.0,0.0,0.0,1.0,0.0,0.0,0.0,0.0,0.0,0.0,0.0,0.0,0.0,0.0,0.0,0.0,0.0,-2.7250834,2,0.5369375714713168,-0.67409265,0.3684144088679385,0.19989124626456023,0.03136811346350432,-0.13715507894219636,-0.4742013445443082
Bank,Bank:14:task_2:Tomcat01:2021-03-07 21:36:00,Bank:Tomcat01:2021-03-07 21:36:00,14,task_2,2021_03_07,Tomcat01,apache01,8,0.305774,0,0.125,2.19722457733622,0.9056603773584906,1.0,0.0,0.0,0.0,1.0,1.0,2.0,0.0,1.0,0.6931471805599453,0.9056603773584126,0.9056603773584906,1.0,0.0,0.90566,0.166667,0.234388,0.7,0.3,0.186902,1.0,0.0,1.0,0.5,0.150358,0.298849,0.140762,0.90566,1.0,0.699016,0.888268,0.970087,0.81633,0.0,0.69393,0.0,0.870519,0.964286,0.587474,1.0,0.0,0.1,0.0,0.232566,0.443049,0.5,0.8125,0.0,0.0,1.0,0.169078,1.0,0.0,0.166667,0.495745,0.460193,0.45,0.610814,1.0,0.0,0.0,0.0,0.0,0.0,0.0,0.0,0.0,1.0,0.0,0.0,0.0,0.0,0.0,0.0,0.0,0.0,0.0,0.0,0.0,0.0,0.0,0.0,-1.3165842,2,0.39876229089349735,1.1295626,0.681152944980564,0.9635435990676307,1.2459342531546973,1.528324907241764,2.0931062154158973
Bank,Bank:14:task_2:Tomcat01:2021-03-07 21:36:00,Bank:Tomcat01:2021-03-07 21:36:00,14,task_2,2021_03_07,Tomcat01,mysql02,9,0.275231,0,0.1111111111111111,2.302585092994046,0.9056603773584906,1.0,0.0,0.0,0.0,2.0,4.0,6.0,0.0,1.0,0.6931471805599453,1.8113207547169807,3.622641509432666,1.0,0.0,0.90566,0.666667,0.04904,0.951961,0.048039,0.780276,0.825013,0.0,1.0,0.5,0.439301,0.669098,0.281525,0.90566,1.0,0.725015,0.888268,0.962168,0.902576,0.140168,0.662047,0.924267,0.881496,0.928571,0.534384,1.0,0.0,0.8,0.0,0.709405,0.497192,0.5,0.581731,0.0,0.0,1.0,0.269465,1.0,0.0,1.0,0.356956,0.918729,0.45,0.659969,0.0,0.0,0.0,1.0,0.0,0.0,0.0,0.0,0.0,0.0,1.0,0.0,0.0,0.0,0.0,0.0,0.0,0.0,0.0,0.0,0.0,0.0,0.0,0.0,-1.6886832,2,0.26052364584490967,0.65307087,0.4237913626103134,0.5870590793757171,0.7503267812399597,0.9135945129065246,1.2401299166350097
Bank,Bank:14:task_2:Tomcat01:2021-03-07 21:36:00,Bank:Tomcat01:2021-03-07 21:36:00,14,task_2,2021_03_07,Tomcat01,servicetest10,10,0.265564,0,0.1,2.3978952727983707,0.9056603773584906,1.0,0.0,0.0,0.0,3.0,3.0,6.0,0.0,1.0,0.6931471805599453,2.716981132075472,2.7169811320741752,1.0,0.0,0.90566,0.5,0.0,1.0,0.0,0.670373,0.800013,0.0,1.0,0.5,0.374413,0.549447,0.422287,0.90566,1.0,0.60143,0.888268,0.92323,0.91224,0.796021,0.662047,0.799952,0.828652,0.892857,0.622517,1.0,0.0,0.7,0.0,0.666583,0.616663,0.5,0.744167,0.0,0.0,1.0,0.082809,1.0,0.0,1.0,0.420248,0.789101,0.45,0.698743,0.0,1.0,0.0,0.0,0.0,0.0,0.0,0.0,0.0,0.0,0.0,0.0,1.0,0.0,0.0,0.0,0.0,0.0,0.0,0.0,0.0,0.0,0.0,0.0,-2.2380924,2,0.21677047877930725,-0.05047583,0.20415152169190967,0.1915325646045121,0.17891360937975967,0.16629465042971694,0.1410567399802121
Bank,Bank:14:task_2:Tomcat01:2021-03-07 21:36:00,Bank:Tomcat01:2021-03-07 21:36:00,14,task_2,2021_03_07,Tomcat01,servicetest11,11,0.258825,0,0.0909090909090909,2.4849066497880004,0.9056603773584906,1.0,0.0,0.0,0.0,4.0,1.0,5.0,0.0,1.0,0.6931471805599453,3.6226415094339615,0.9051026673445564,1.0,0.0,0.90566,0.166564,0.383022,0.699569,0.300431,0.173726,1.0,0.0,1.0,0.484845,0.150358,0.302836,0.56305,0.905103,1.0,0.60143,0.888268,0.856364,0.979511,0.963526,0.661859,0.349767,0.828652,0.642857,0.600542,1.0,0.0,0.1,0.0,0.25662,0.521234,0.5,1.0,0.0,0.0,1.0,0.467086,1.0,0.0,0.166667,0.55239,0.548268,0.45,0.787702,0.0,1.0,0.0,0.0,0.0,0.0,0.0,0.0,0.0,0.0,0.0,0.0,1.0,0.0,0.0,0.0,0.0,0.0,0.0,0.0,0.0,0.0,0.0,0.0,-2.80706,2,0.18626953817155972,-0.77906793,-0.008497445218294708,-0.20326442860814914,-0.3980313970968424,-0.592798395387858,-0.9823323323652444
Bank,Bank:14:task_2:Tomcat01:2021-03-07 21:36:00,Bank:Tomcat01:2021-03-07 21:36:00,14,task_2,2021_03_07,Tomcat01,servicetest8,12,0.258219,0,0.0833333333333333,2.5649493574615367,0.9056603773571944,1.0,0.0,0.0,0.0,4.0,2.0,6.0,0.0,1.0,0.6931471805599453,3.6226415094339615,1.8113207547169807,1.0,0.0,0.90566,0.333333,0.0,1.0,0.0,0.560427,0.766679,0.0,1.0,0.5,0.278654,0.443672,0.56305,0.90566,1.0,0.60143,0.888268,0.913682,0.921904,0.963519,0.662047,0.610075,0.828652,0.857143,0.651673,1.0,0.0,0.6,0.0,0.50578,0.664378,0.5,0.643811,0.0,0.0,1.0,0.106025,1.0,0.0,1.0,0.46053,0.72522,0.45,0.736083,0.0,1.0,0.0,0.0,0.0,0.0,0.0,0.0,0.0,0.0,0.0,0.0,1.0,0.0,0.0,0.0,0.0,0.0,0.0,0.0,0.0,0.0,0.0,0.0,-1.929687,2,0.18352676179401164,0.34445307,0.26964002844087365,0.3557532950877357,0.4418665542840171,0.5279798283814597,0.7002063467740226
Bank,Bank:14:task_2:Tomcat01:2021-03-07 21:36:00,Bank:Tomcat01:2021-03-07 21:36:00,14,task_2,2021_03_07,Tomcat01,apache02,13,0.133497,0,0.0769230769230769,2.639057329615259,0.9056603773584906,1.0,0.0,0.0,0.0,7.0,4.0,11.0,0.0,1.0,0.6931471805599453,6.433962264149647,3.622083799420028,1.0,0.0,0.90566,0.666564,0.382633,0.699892,0.300108,0.474259,1.0,0.0,0.909091,0.47835,0.439301,0.602541,1.0,0.905521,0.909091,1.0,0.888268,0.909903,1.0,1.0,0.580072,0.924267,1.0,0.75,0.633121,1.0,0.0,0.4,0.857143,0.570216,0.38441,0.5,0.736229,0.0,0.0,1.0,0.247436,1.0,0.0,0.666667,0.598939,0.681098,0.45,1.0,0.0,0.0,1.0,0.0,0.0,0.0,0.0,0.0,0.0,1.0,0.0,0.0,0.0,0.0,0.0,0.0,0.0,0.0,0.0,0.0,0.0,0.0,0.0,0.0,-2.6692333,2,-0.3809692041474465,-0.6025738,-0.5316126571494225,-0.6822561101513985,-0.8328995482522134,-0.9835430161553506,-1.28482989235698
Bank,Bank:14:task_2:Tomcat01:2021-03-07 21:36:00,Bank:Tomcat01:2021-03-07 21:36:00,14,task_2,2021_03_07,Tomcat01,ig02,14,0.125966,0,0.0714285714285714,2.70805020110221,0.9056603773584906,1.0,0.0,0.0,0.0,2.0,3.0,5.0,0.0,1.0,0.6931471805599453,1.8113207547169807,2.716423422061537,1.0,0.0,0.90566,0.499897,0.30109,0.699856,0.300144,0.391535,1.0,0.0,1.0,0.481056,0.374413,0.501245,0.281525,0.905474,1.0,0.272551,0.888268,0.79669,0.960434,0.140308,0.661984,0.799952,0.682097,0.714286,0.373179,1.0,0.0,0.3,0.0,0.409413,0.338802,0.5,0.600962,0.0,0.0,1.0,0.1865,1.0,0.0,0.5,0.492655,0.601815,0.45,0.706501,0.0,0.0,1.0,0.0,0.0,0.0,0.0,0.0,1.0,0.0,0.0,0.0,0.0,0.0,0.0,0.0,0.0,0.0,0.0,0.0,0.0,0.0,0.0,0.0,-2.7834294,2,-0.4150547633872368,-0.7488077,-0.6022566954598763,-0.7894586275325157,-0.9766605745063164,-1.1638624916777947,-1.538266385625396
Bank,Bank:14:task_2:Tomcat01:2021-03-07 21:36:00,Bank:Tomcat01:2021-03-07 21:36:00,14,task_2,2021_03_07,Tomcat01,redis01,15,0.120736,0,0.0666666666666666,2.772588722239781,0.9056603773584906,1.0,0.0,0.0,0.0,3.0,2.0,5.0,0.0,1.0,0.6931471805599453,2.716981132075472,1.810763044703047,1.0,0.0,0.90566,0.333231,0.347466,0.699784,0.300216,0.282346,1.0,0.0,1.0,0.483161,0.278654,0.400801,0.422287,0.905382,1.0,0.301118,0.888268,0.794002,0.970035,0.796048,0.661953,0.610075,0.695043,0.678571,0.498988,1.0,0.0,0.2,0.0,0.27273,0.286679,0.5,0.4375,0.0,0.0,1.0,0.08354,1.0,0.0,0.333333,0.563916,0.498702,0.45,0.772472,1.0,0.0,0.0,0.0,0.0,0.0,0.0,0.0,0.0,0.0,0.0,1.0,0.0,0.0,0.0,0.0,0.0,0.0,0.0,0.0,0.0,0.0,0.0,0.0,-3.1871412,2,-0.4387259192528726,-1.2657814,-0.7551712698998452,-1.0716166205468178,-1.3880619711937905,-1.7045073218407631,-2.3373980231347087
Bank,Bank:14:task_2:Tomcat01:2021-03-07 21:36:00,Bank:Tomcat01:2021-03-07 21:36:00,14,task_2,2021_03_07,Tomcat01,servicetest1,16,0.114892,0,0.0625,2.833213344056216,0.90566037735849,1.0,0.0,0.0,0.0,0.0,0.0,0.0,1.0,1.0,0.6931471805599453,0.0,0.0,1.0,0.0,0.90566,0.0,0.382504,0.0,1.0,0.089274,0.0,0.0,0.5,0.5,0.818182,0.105321,0.0,0.0,0.5,0.60143,0.493482,0.164396,0.0,0.89438,0.135181,0.570829,0.519956,0.0,0.38705,0.449057,0.0,0.0,0.0,0.095883,0.0,0.5,0.0,0.0,1.0,0.0,1.0,0.0,0.0,0.0,0.032079,0.309092,0.0,0.065826,0.0,1.0,0.0,0.0,0.0,0.0,0.0,0.0,0.0,0.0,0.0,0.0,1.0,0.0,0.0,0.0,0.0,0.0,0.0,0.0,0.0,0.0,0.0,0.0,-2.569459,2,-0.46517605976506676,-0.47480765,-0.583877972227778,-0.7025798846904894,-0.8212818046037813,-0.939983709615912,-1.177387549442496
Bank,Bank:14:task_2:Tomcat01:2021-03-07 21:36:00,Bank:Tomcat01:2021-03-07 21:36:00,14,task_2,2021_03_07,Tomcat01,servicetest2,17,0.114892,0,0.0588235294117647,2.8903717578961645,0.9056603773584906,1.0,0.0,0.0,0.0,0.0,0.0,0.0,1.0,1.0,0.6931471805599453,0.0,0.0,1.0,0.0,0.90566,0.0,0.382504,0.0,1.0,0.089274,0.0,0.0,0.5,0.5,0.818182,0.105321,0.0,0.0,0.5,0.60143,0.493482,0.164396,0.0,0.89438,0.135181,0.570829,0.519956,0.0,0.38705,0.449057,0.0,0.0,0.0,0.095883,0.0,0.5,0.0,0.0,1.0,0.0,1.0,0.0,0.0,0.0,0.032079,0.309092,0.0,0.065826,0.0,1.0,0.0,0.0,0.0,0.0,0.0,0.0,0.0,0.0,0.0,0.0,1.0,0.0,0.0,0.0,0.0,0.0,0.0,0.0,0.0,0.0,0.0,0.0,-2.569459,2,-0.46517605976506676,-0.47480765,-0.583877972227778,-0.7025798846904894,-0.8212818046037813,-0.939983709615912,-1.177387549442496
Bank,Bank:14:task_2:Tomcat01:2021-03-07 21:36:00,Bank:Tomcat01:2021-03-07 21:36:00,14,task_2,2021_03_07,Tomcat01,servicetest3,18,0.114892,0,0.0555555555555555,2.9444389791664403,0.9056603773584906,1.0,0.0,0.0,0.0,0.0,0.0,0.0,1.0,1.0,0.6931471805599453,0.0,0.0,1.0,0.0,0.90566,0.0,0.382504,0.0,1.0,0.089274,0.0,0.0,0.5,0.5,0.818182,0.105321,0.0,0.0,0.5,0.60143,0.493482,0.164396,0.0,0.89438,0.135181,0.570829,0.519956,0.0,0.38705,0.449057,0.0,0.0,0.0,0.095883,0.0,0.5,0.0,0.0,1.0,0.0,1.0,0.0,0.0,0.0,0.032079,0.309092,0.0,0.065826,0.0,1.0,0.0,0.0,0.0,0.0,0.0,0.0,0.0,0.0,0.0,0.0,1.0,0.0,0.0,0.0,0.0,0.0,0.0,0.0,0.0,0.0,0.0,0.0,-2.569459,2,-0.46517605976506676,-0.47480765,-0.583877972227778,-0.7025798846904894,-0.8212818046037813,-0.939983709615912,-1.177387549442496
Bank,Bank:14:task_2:Tomcat01:2021-03-07 21:36:00,Bank:Tomcat01:2021-03-07 21:36:00,14,task_2,2021_03_07,Tomcat01,servicetest5,19,0.114892,0,0.0526315789473684,2.995732273553991,0.9056603773584906,1.0,0.0,0.0,0.0,0.0,0.0,0.0,1.0,1.0,0.6931471805599453,0.0,0.0,1.0,0.0,0.90566,0.0,0.382504,0.0,1.0,0.089274,0.0,0.0,0.5,0.5,0.818182,0.105321,0.0,0.0,0.5,0.60143,0.493482,0.164396,0.0,0.89438,0.135181,0.570829,0.519956,0.0,0.38705,0.449057,0.0,0.0,0.0,0.095883,0.0,0.5,0.0,0.0,1.0,0.0,1.0,0.0,0.0,0.0,0.032079,0.309092,0.0,0.065826,0.0,1.0,0.0,0.0,0.0,0.0,0.0,0.0,0.0,0.0,0.0,0.0,1.0,0.0,0.0,0.0,0.0,0.0,0.0,0.0,0.0,0.0,0.0,0.0,-2.569459,2,-0.46517605976506676,-0.47480765,-0.583877972227778,-0.7025798846904894,-0.8212818046037813,-0.939983709615912,-1.177387549442496
Bank,Bank:14:task_2:Tomcat01:2021-03-07 21:36:00,Bank:Tomcat01:2021-03-07 21:36:00,14,task_2,2021_03_07,Tomcat01,servicetest6,20,0.114892,0,0.05,3.044522437723423,0.9056600902694236,1.0,0.0,0.0,0.0,0.0,0.0,0.0,1.0,1.0,0.6931471805599453,0.0,0.0,1.0,0.0,0.90566,0.0,0.382504,0.0,1.0,0.089274,0.0,0.0,0.5,0.5,0.818182,0.105321,0.0,0.0,0.5,0.60143,0.493482,0.164396,0.0,0.89438,0.135181,0.570829,0.519956,0.0,0.38705,0.449057,0.0,0.0,0.0,0.095883,0.0,0.5,0.0,0.0,1.0,0.0,1.0,0.0,0.0,0.0,0.032079,0.309092,0.0,0.065826,0.0,1.0,0.0,0.0,0.0,0.0,0.0,0.0,0.0,0.0,0.0,0.0,1.0,0.0,0.0,0.0,0.0,0.0,0.0,0.0,0.0,0.0,0.0,0.0,-2.7338667,2,-0.46517605976506676,-0.68534017,-0.6365111012880464,-0.8078461428110262,-0.9791811843340059,-1.1505162258569857,-1.4931863089029451
Bank,Bank:14:task_2:Tomcat01:2021-03-07 21:36:00,Bank:Tomcat01:2021-03-07 21:36:00,14,task_2,2021_03_07,Tomcat01,servicetest7,21,0.114892,0,0.0476190476190476,3.091042453358316,0.9056603773570268,1.0,0.0,0.0,0.0,0.0,0.0,0.0,1.0,1.0,0.6931471805599453,0.0,0.0,1.0,0.0,0.90566,0.0,0.382504,0.0,1.0,0.089274,0.0,0.0,0.5,0.5,0.818182,0.105321,0.0,0.0,0.5,0.60143,0.493482,0.164396,0.0,0.89438,0.135181,0.570829,0.519956,0.0,0.38705,0.449057,0.0,0.0,0.0,0.095883,0.0,0.5,0.0,0.0,1.0,0.0,1.0,0.0,0.0,0.0,0.032079,0.309092,0.0,0.065826,0.0,1.0,0.0,0.0,0.0,0.0,0.0,0.0,0.0,0.0,0.0,0.0,1.0,0.0,0.0,0.0,0.0,0.0,0.0,0.0,0.0,0.0,0.0,0.0,-2.569459,2,-0.46517605976506676,-0.47480765,-0.583877972227778,-0.7025798846904894,-0.8212818046037813,-0.939983709615912,-1.177387549442496
Bank,Bank:14:task_2:Tomcat01:2021-03-07 21:36:00,Bank:Tomcat01:2021-03-07 21:36:00,14,task_2,2021_03_07,Tomcat01,redis02,22,0.080524,0,0.0454545454545454,3.1354942159291497,0.9056603773584906,1.0,0.0,0.0,0.0,0.0,0.0,0.0,1.0,1.0,0.6931471805599453,0.0,0.0,1.0,0.0,0.90566,0.0,0.382504,0.0,1.0,0.089274,0.0,0.0,0.5,0.5,0.818182,0.105321,0.0,0.0,0.5,0.192273,0.493482,0.069485,0.0,0.89438,0.135181,0.570829,0.369458,0.0,0.299008,0.449057,0.0,0.0,0.0,0.095883,0.0,0.5,0.0,0.0,1.0,0.0,1.0,0.0,0.0,0.0,0.032079,0.309092,0.0,0.065826,0.0,0.0,0.0,1.0,0.0,0.0,0.0,0.0,0.0,0.0,0.0,1.0,0.0,0.0,0.0,0.0,0.0,0.0,0.0,0.0,0.0,0.0,0.0,0.0,-1.3154262,2,-0.6207267834343154,1.1310455,-0.33796541825906823,-0.055204053083821036,0.22755734189374854,0.5103186772666733,1.0758414672218124
Bank,Bank:14:task_2:Tomcat01:2021-03-07 21:36:00,Bank:Tomcat01:2021-03-07 21:36:00,14,task_2,2021_03_07,Tomcat01,dockera1,23,0.06172,0,0.0434782608695652,3.1780538303479458,0.0,0.0,0.0,0.0,0.0,0.0,0.0,0.0,1.0,1.0,0.6931471805599453,0.0,0.0,1.0,0.0,0.0,0.0,0.382504,0.0,1.0,0.0,0.0,0.0,0.5,0.5,0.636364,0.0,0.0,0.0,0.5,0.60143,0.0,0.0,0.0,0.89438,0.0,0.570829,0.238372,0.0,0.232041,0.449057,0.0,0.0,0.0,0.0,0.0,0.5,0.0,0.0,1.0,0.0,1.0,0.0,0.0,0.0,0.0,0.273125,0.0,0.0,0.0,1.0,0.0,0.0,0.0,0.0,0.0,0.0,0.0,0.0,0.0,0.0,0.0,0.0,0.0,0.0,0.0,0.0,0.0,0.0,0.0,0.0,0.0,0.0,-3.0706122,2,-0.7058343197435727,-1.11656,-0.9849743153185239,-1.2641143108934751,-1.5432543064684263,-1.8223943020433775,-2.38067429319328
Bank,Bank:14:task_2:Tomcat01:2021-03-07 21:36:00,Bank:Tomcat01:2021-03-07 21:36:00,14,task_2,2021_03_07,Tomcat01,dockera2,24,0.06172,0,0.0416666666666666,3.218875824868201,0.0,0.0,0.0,0.0,0.0,0.0,0.0,0.0,1.0,1.0,0.6931471805599453,0.0,0.0,1.0,0.0,0.0,0.0,0.382504,0.0,1.0,0.0,0.0,0.0,0.5,0.5,0.636364,0.0,0.0,0.0,0.5,0.60143,0.0,0.0,0.0,0.89438,0.0,0.570829,0.238372,0.0,0.232041,0.449057,0.0,0.0,0.0,0.0,0.0,0.5,0.0,0.0,1.0,0.0,1.0,0.0,0.0,0.0,0.0,0.273125,0.0,0.0,0.0,1.0,0.0,0.0,0.0,0.0,0.0,0.0,0.0,0.0,0.0,0.0,0.0,0.0,0.0,0.0,0.0,0.0,0.0,0.0,0.0,0.0,0.0,0.0,-3.0706122,2,-0.7058343197435727,-1.11656,-0.9849743153185239,-1.2641143108934751,-1.5432543064684263,-1.8223943020433775,-2.38067429319328
Bank,Bank:14:task_2:Tomcat01:2021-03-07 21:36:00,Bank:Tomcat01:2021-03-07 21:36:00,14,task_2,2021_03_07,Tomcat01,dockerb1,25,0.06172,0,0.04,3.258096538021482,0.0,0.0,0.0,0.0,0.0,0.0,0.0,0.0,1.0,1.0,0.6931471805599453,0.0,0.0,1.0,0.0,0.0,0.0,0.382504,0.0,1.0,0.0,0.0,0.0,0.5,0.5,0.636364,0.0,0.0,0.0,0.5,0.60143,0.0,0.0,0.0,0.89438,0.0,0.570829,0.238372,0.0,0.232041,0.449057,0.0,0.0,0.0,0.0,0.0,0.5,0.0,0.0,1.0,0.0,1.0,0.0,0.0,0.0,0.0,0.273125,0.0,0.0,0.0,1.0,0.0,0.0,0.0,0.0,0.0,0.0,0.0,0.0,0.0,0.0,0.0,0.0,0.0,0.0,0.0,0.0,0.0,0.0,0.0,0.0,0.0,0.0,-3.0706122,2,-0.7058343197435727,-1.11656,-0.9849743153185239,-1.2641143108934751,-1.5432543064684263,-1.8223943020433775,-2.38067429319328
Bank,Bank:14:task_2:Tomcat01:2021-03-07 21:36:00,Bank:Tomcat01:2021-03-07 21:36:00,14,task_2,2021_03_07,Tomcat01,dockerb2,26,0.06172,0,0.0384615384615384,3.295836866004329,0.0,0.0,0.0,0.0,0.0,0.0,0.0,0.0,1.0,1.0,0.6931471805599453,0.0,0.0,1.0,0.0,0.0,0.0,0.382504,0.0,1.0,0.0,0.0,0.0,0.5,0.5,0.636364,0.0,0.0,0.0,0.5,0.60143,0.0,0.0,0.0,0.89438,0.0,0.570829,0.238372,0.0,0.232041,0.449057,0.0,0.0,0.0,0.0,0.0,0.5,0.0,0.0,1.0,0.0,1.0,0.0,0.0,0.0,0.0,0.273125,0.0,0.0,0.0,1.0,0.0,0.0,0.0,0.0,0.0,0.0,0.0,0.0,0.0,0.0,0.0,0.0,0.0,0.0,0.0,0.0,0.0,0.0,0.0,0.0,0.0,0.0,-3.0706122,2,-0.7058343197435727,-1.11656,-0.9849743153185239,-1.2641143108934751,-1.5432543064684263,-1.8223943020433775,-2.38067429319328
Bank,Bank:14:task_2:Tomcat01:2021-03-07 21:36:00,Bank:Tomcat01:2021-03-07 21:36:00,14,task_2,2021_03_07,Tomcat01,mg01,27,0.054926,0,0.037037037037037,3.332204510175204,0.9056603773584906,1.0,0.0,0.0,0.0,6.0,5.0,11.0,0.0,1.0,0.6931471805599453,5.528301886791157,4.527744176778519,1.0,0.0,0.90566,0.833231,0.382607,0.699914,0.300086,0.583786,1.0,0.0,0.909091,0.474742,0.480667,0.711657,0.859238,0.905549,0.909091,0.137002,0.888268,0.713515,0.990355,0.999285,0.580082,1.0,0.623709,0.785714,0.443014,1.0,0.0,0.5,1.0,0.706899,0.396138,0.5,0.753289,0.0,0.0,1.0,0.0,1.0,0.0,0.833333,0.599684,0.674548,0.45,0.995431,1.0,0.0,0.0,0.0,0.0,0.0,0.0,1.0,0.0,0.0,0.0,0.0,0.0,0.0,0.0,0.0,0.0,0.0,0.0,0.0,0.0,0.0,0.0,0.0,-2.0151627,2,-0.7365841922007677,0.2349971,-0.6778349187813875,-0.6190856453620073,-0.5603363719426271,-0.5015870985232469,-0.3840885516844865
Bank,Bank:14:task_2:Tomcat01:2021-03-07 21:36:00,Bank:Tomcat01:2021-03-07 21:36:00,14,task_2,2021_03_07,Tomcat01,tomcat02,28,0.021235,0,0.0357142857142857,3.367295829986474,1.0,1.0,0.3773584905660377,0.0,0.0,0.0,0.0,0.0,1.0,1.0,0.6931471805599453,0.0,0.0,1.0,-0.0680555555555555,1.0,0.0,0.382504,0.0,1.0,0.096562,0.0,0.0,0.5,0.5,1.0,0.100789,0.0,0.0,0.5,0.063304,0.493482,0.038888,0.0,0.89438,0.135181,0.570829,0.315054,0.0,0.269918,0.449057,0.0,0.0,0.0,0.105871,0.0,0.5,0.0,0.0,1.0,0.0,1.0,0.0,0.0,0.0,0.067757,0.312029,0.0,0.131651,0.0,0.0,1.0,0.0,0.0,0.0,1.0,0.0,0.0,0.0,0.0,0.0,0.0,0.0,0.0,0.0,0.0,0.0,0.0,0.0,0.0,0.0,0.0,0.0,-2.0383449,2,-0.889070791105,0.20531115,-0.8377430037653126,-0.7864152164256253,-0.7350874365365185,-0.6837596417462506,-0.5811040819680371
Bank,Bank:14:task_2:Tomcat01:2021-03-07 21:36:00,Bank:Tomcat01:2021-03-07 21:36:00,14,task_2,2021_03_07,Tomcat01,tomcat01,29,-0.345014,1,0.0344827586206896,3.4011973816621555,1.0,1.0,0.3773584905660377,0.0,0.0,0.0,1.0,1.0,0.0,1.0,0.6931471805599453,0.0,1.0,1.0,-0.0611111111111111,1.0,0.035857,0.0,1.0,0.0,0.209539,1.0,1.0,0.0,0.0,0.332176,0.187034,0.0,1.0,0.0,0.0,1.0,0.066689,0.676476,0.804987,0.161282,0.349767,0.0,1.0,0.0,0.0,0.0,0.1,0.0,0.118597,0.038557,0.5,1.0,0.0,0.0,1.0,0.671385,1.0,0.993778,0.166667,1.0,0.0,0.996578,0.685844,0.0,0.0,1.0,0.0,0.0,0.0,1.0,0.0,0.0,0.0,0.0,0.0,0.0,0.0,0.0,0.0,0.0,0.0,0.0,0.0,0.0,0.0,0.0,0.0,-1.1597958,2,-2.546726080709826,1.3303382,-2.214141520792376,-1.881556960874926,-1.5489724009574761,-1.2163878410400262,-0.5512187212051263
Bank,Bank:15:task_4:apache02:2021-03-09 08:13:00,Bank:apache02:2021-03-09 08:13:00,15,task_4,2021_03_09,apache02,ig01,1,0.622338,0,1.0,0.6931471805599453,0.9900018686334078,1.0,0.0,0.0,0.0,0.0,5.0,5.0,0.0,1.0,0.6931471805599453,0.0,4.04284443818529,1.0,0.0,0.990002,0.808569,0.072555,0.826259,0.173741,1.0,0.806477,1.0,1.0,1.0,0.48691,1.0,0.0,0.808569,1.0,0.042272,0.891664,0.946441,0.125288,0.770383,1.0,0.630734,0.586241,1.0,0.798896,1.0,0.0,1.0,0.0,0.897661,0.31731,0.5,0.782397,0.0,0.0,1.0,0.04534,1.0,0.0,1.0,0.184513,1.0,0.45,0.257389,1.0,0.0,0.0,0.0,0.0,0.0,0.0,0.0,1.0,0.0,0.0,0.0,0.0,0.0,0.0,0.0,0.0,0.0,0.0,0.0,0.0,0.0,0.0,0.0,-0.9340914,2,2.4700752309663025,0.9943114,2.718653079043123,2.9672309271199433,3.215808790097925,3.464386623273584,3.961542349229547
Bank,Bank:15:task_4:apache02:2021-03-09 08:13:00,Bank:apache02:2021-03-09 08:13:00,15,task_4,2021_03_09,apache02,tomcat02,2,0.47027,0,0.5,1.0986122886681096,1.0,1.0,0.4166666666666667,0.0,0.0,0.0,2.0,2.0,0.0,1.0,0.6931471805599453,0.0,1.1735235093303744,1.0,-0.0830555555555555,1.0,0.198784,0.360546,0.117352,0.882648,0.240782,1.0,0.0,1.0,1.0,0.413619,0.519365,0.0,0.586762,1.0,0.21409,0.792685,1.0,0.0,0.799621,0.90909,0.0,0.773616,1.0,1.0,0.693904,1.0,0.2,0.0,0.249261,0.238996,0.5,0.926003,0.0,0.0,1.0,0.848855,1.0,1.0,0.333333,0.964606,0.538759,1.0,0.461546,0.0,1.0,0.0,0.0,0.0,0.0,1.0,0.0,0.0,0.0,0.0,0.0,0.0,0.0,0.0,0.0,0.0,0.0,0.0,0.0,0.0,0.0,0.0,0.0,-0.59307164,2,1.8190332699961467,1.2655836,2.135429178590278,2.4518250871844094,2.7682210255808632,3.0846169043726723,3.71740878116558
Bank,Bank:15:task_4:apache02:2021-03-09 08:13:00,Bank:apache02:2021-03-09 08:13:00,15,task_4,2021_03_09,apache02,ig02,3,0.430571,0,0.3333333333333333,1.3862943611198906,1.0,1.0,0.0,0.0,0.0,1.0,2.0,3.0,0.0,1.0,0.6931471805599453,0.133474628435547,1.1735235093303744,1.0,0.0,1.0,0.234705,0.47413,0.410733,0.589267,0.240106,1.0,0.0,1.0,0.045111,0.191397,0.455965,0.026695,0.586762,1.0,0.26661,0.792685,0.896248,0.187303,0.748891,0.867687,0.0,0.846587,0.571429,0.81107,1.0,0.0,0.2,0.0,0.306423,0.244508,0.5,0.769559,0.0,0.0,1.0,0.262703,1.0,0.0,0.333333,0.372698,0.546654,0.45,0.22002,0.0,0.0,1.0,0.0,0.0,0.0,0.0,0.0,1.0,0.0,0.0,0.0,0.0,0.0,0.0,0.0,0.0,0.0,0.0,0.0,0.0,0.0,0.0,0.0,-2.0794692,2,1.6490717080070743,0.0831929,1.6698699329628715,1.6906681579186686,1.7114663828744658,1.732264607830263,1.7738610577418574
Bank,Bank:15:task_4:apache02:2021-03-09 08:13:00,Bank:apache02:2021-03-09 08:13:00,15,task_4,2021_03_09,apache02,apache02,4,0.281484,1,0.25,1.6094379124341005,1.0,1.0,0.0,0.0,0.0,4.0,1.0,5.0,0.0,1.0,0.6931471805599453,3.032846306818698,1.0,1.0,0.0,1.0,0.2,0.0,1.0,0.0,0.613237,0.708333,0.0,1.0,0.045111,0.183771,0.465271,0.606569,1.0,1.0,0.178587,1.0,0.973034,0.943515,0.897005,0.773381,0.661693,0.871414,0.857143,0.444691,1.0,0.0,0.6,0.0,0.644177,1.0,0.5,0.931224,0.0,0.0,1.0,0.202546,1.0,0.0,1.0,0.587205,0.785798,0.45,0.732369,0.0,0.0,1.0,0.0,0.0,0.0,0.0,0.0,0.0,1.0,0.0,0.0,0.0,0.0,0.0,0.0,0.0,0.0,0.0,0.0,0.0,0.0,0.0,0.0,0.46818426,2,1.0107921696745017,2.1097853,1.5382384992681601,2.0656848288618184,2.5931312180601216,3.1205774880491353,4.175470266445742
Bank,Bank:15:task_4:apache02:2021-03-09 08:13:00,Bank:apache02:2021-03-09 08:13:00,15,task_4,2021_03_09,apache02,mysql01,5,0.268947,0,0.2,1.791759469228055,1.0,1.0,0.0,0.0,0.0,1.0,4.0,5.0,0.0,1.0,0.6931471805599453,0.9900018686334078,3.0428444381852904,1.0,0.0,1.0,0.608569,0.127443,0.847498,0.152502,0.87353,0.782415,0.0,1.0,0.045111,0.421138,0.762945,0.198,0.760711,1.0,0.188386,0.86458,0.954922,0.777368,0.071982,0.672012,0.941311,0.78945,0.964286,0.268147,1.0,0.0,0.9,0.0,0.970729,0.445571,0.5,0.784613,0.0,0.0,1.0,0.111191,1.0,0.0,1.0,0.403859,0.942768,0.45,0.588041,0.0,0.0,0.0,1.0,0.0,0.0,0.0,0.0,0.0,0.0,1.0,0.0,0.0,0.0,0.0,0.0,0.0,0.0,0.0,0.0,0.0,0.0,0.0,0.0,-0.069855765,2,0.9571180695042959,1.6817884,1.3775651806340568,1.7980122917638175,2.2184594028935782,2.638906514023339,3.4798007362828605
Bank,Bank:15:task_4:apache02:2021-03-09 08:13:00,Bank:apache02:2021-03-09 08:13:00,15,task_4,2021_03_09,apache02,apache01,6,0.226825,0,0.1666666666666666,1.9459101490553128,1.0,1.0,0.0,0.0,0.0,5.0,1.0,6.0,0.0,1.0,0.6931471805599453,5.0,0.133474628435547,1.0,0.0,1.0,0.026695,0.532434,0.597432,0.402568,0.25034,0.671897,0.0,1.0,0.045111,0.021931,0.353432,1.0,0.133475,1.0,0.237063,0.546434,0.75212,0.502474,1.0,0.403289,0.50114,0.617742,0.642857,0.519248,1.0,0.0,0.3,0.0,0.311692,0.559101,0.5,0.803928,0.0,0.0,1.0,0.035671,1.0,0.0,0.666667,0.731092,0.506455,0.45,0.686917,0.0,0.0,1.0,0.0,0.0,0.0,0.0,0.0,0.0,1.0,0.0,0.0,0.0,0.0,0.0,0.0,0.0,0.0,0.0,0.0,0.0,0.0,0.0,0.0,-2.8420496,2,0.7767830254451584,-0.5234201,0.645928001584227,0.5150729777232956,0.38421795386236424,0.25336293000143284,-0.008347117720429953
Bank,Bank:15:task_4:apache02:2021-03-09 08:13:00,Bank:apache02:2021-03-09 08:13:00,15,task_4,2021_03_09,apache02,tomcat03,7,0.220389,0,0.1428571428571428,2.079441541679836,1.0,1.0,0.0,0.0,0.0,3.0,2.0,5.0,0.0,1.0,0.6931471805599453,2.032846306818698,2.0,1.0,0.0,1.0,0.4,0.0,1.0,0.0,0.740687,0.75,0.0,1.0,0.045111,0.340577,0.590174,0.406569,1.0,1.0,0.043244,1.0,0.90649,0.935446,0.37805,0.773381,0.797127,0.654904,0.892857,0.228195,1.0,0.0,0.7,0.0,0.838066,0.674648,0.5,0.989651,0.0,0.0,1.0,0.283964,1.0,0.0,1.0,0.511521,0.889617,0.45,0.715826,0.0,0.0,1.0,0.0,0.0,0.0,1.0,0.0,0.0,0.0,0.0,0.0,0.0,0.0,0.0,0.0,0.0,0.0,0.0,0.0,0.0,0.0,0.0,0.0,0.49103254,2,0.7492288650642503,2.1279607,1.2812190355430713,1.813209206021892,2.345199376500713,2.8771895469795337,3.9411698879371753
Bank,Bank:15:task_4:apache02:2021-03-09 08:13:00,Bank:apache02:2021-03-09 08:13:00,15,task_4,2021_03_09,apache02,redis02,8,0.195615,0,0.125,2.19722457733622,1.0,1.0,0.0,0.0,0.0,5.0,5.0,10.0,0.0,1.0,0.6931471805599453,4.032846306818698,5.0,1.0,0.0,1.0,1.0,0.397286,0.706727,0.293273,0.696415,0.9909,0.391231,1.0,0.045111,0.587482,0.894017,0.806569,1.0,1.0,0.088301,1.0,0.911192,0.951584,0.986892,0.773381,1.0,0.727508,0.821429,0.364413,1.0,0.0,0.6,0.0,0.85788,0.303479,0.5,0.6984,0.0,0.0,1.0,0.060076,1.0,0.0,1.0,0.674361,0.774655,0.45,0.857952,0.0,0.0,0.0,1.0,0.0,0.0,0.0,0.0,0.0,0.0,0.0,1.0,0.0,0.0,0.0,0.0,0.0,0.0,0.0,0.0,0.0,0.0,0.0,0.0,-1.9160162,2,0.6431650413730422,0.21321552,0.6964689201274196,0.7497727988817969,0.803076673910884,0.8563805563905517,0.9629883064487258
Bank,Bank:15:task_4:apache02:2021-03-09 08:13:00,Bank:apache02:2021-03-09 08:13:00,15,task_4,2021_03_09,apache02,mysql02,9,0.189759,0,0.1111111111111111,2.302585092994046,1.0,1.0,0.0,0.0,0.0,2.0,4.0,6.0,0.0,1.0,0.6931471805599453,2.0,3.1334746284355472,1.0,0.0,1.0,0.626695,0.345549,0.674358,0.325642,0.632166,0.86364,0.0,1.0,0.045111,0.421138,0.708826,0.4,0.783369,1.0,0.323461,0.886608,0.975138,0.845359,0.416958,0.680858,0.960597,1.0,0.75,0.35382,1.0,0.0,0.6,0.0,0.606294,0.287405,0.5,0.588758,0.0,0.0,1.0,0.196931,1.0,0.0,1.0,0.574085,0.79167,0.45,0.717497,0.0,0.0,0.0,1.0,0.0,0.0,0.0,0.0,0.0,0.0,1.0,0.0,0.0,0.0,0.0,0.0,0.0,0.0,0.0,0.0,0.0,0.0,0.0,0.0,-2.7050452,2,0.6180940091805939,-0.41443664,0.5144848495917801,0.4108756900029663,0.30726651551299133,0.20365737082533875,-0.003560978154611205
Bank,Bank:15:task_4:apache02:2021-03-09 08:13:00,Bank:apache02:2021-03-09 08:13:00,15,task_4,2021_03_09,apache02,mg02,10,0.185815,0,0.1,2.3978952727983707,1.0,1.0,0.0,0.0,0.0,1.0,5.0,6.0,0.0,1.0,0.6931471805599453,1.0,4.133474628435547,1.0,0.0,1.0,0.826695,0.265319,0.679486,0.320514,0.759379,0.885872,0.0,1.0,0.045111,0.48691,0.833334,0.2,0.826695,1.0,0.0521,0.909287,0.842656,0.861762,0.0,0.699363,1.0,0.61254,0.785714,0.092629,1.0,0.0,0.7,0.0,1.0,0.359821,0.5,0.977732,0.0,0.0,1.0,0.068373,1.0,0.0,1.0,0.499185,0.829534,0.45,0.63499,0.0,0.0,1.0,0.0,0.0,0.0,0.0,1.0,0.0,0.0,0.0,0.0,0.0,0.0,0.0,0.0,0.0,0.0,0.0,0.0,0.0,0.0,0.0,0.0,-1.9688787,2,0.6012087374990679,0.17116475,0.643999925262282,0.6867911130254961,0.7295823007887102,0.7723734885519243,0.8579558640783526
Bank,Bank:15:task_4:apache02:2021-03-09 08:13:00,Bank:apache02:2021-03-09 08:13:00,15,task_4,2021_03_09,apache02,tomcat01,11,0.181028,0,0.0909090909090909,2.4849066497880004,1.0,1.0,0.0,0.0,0.0,4.0,2.0,6.0,0.0,1.0,0.6931471805599453,4.0,1.133474628435547,1.0,0.0,1.0,0.226695,0.470252,0.648716,0.351284,0.377669,0.776606,0.0,1.0,0.045111,0.191397,0.466139,0.8,0.566737,1.0,0.07689,0.773217,0.768852,0.739133,0.987597,0.588335,0.797127,0.562301,0.678571,0.368453,1.0,0.0,0.4,0.0,0.505582,0.454199,0.5,0.939661,0.0,0.0,1.0,0.297331,1.0,0.0,0.833333,0.682298,0.66676,0.45,0.761565,0.0,0.0,1.0,0.0,0.0,0.0,1.0,0.0,0.0,0.0,0.0,0.0,0.0,0.0,0.0,0.0,0.0,0.0,0.0,0.0,0.0,0.0,0.0,0.0,-0.24882364,2,0.5807143674332805,1.5394241,0.9655703828770824,1.3504263983208844,1.7352824435670087,2.120138429208488,2.8898505197007367
Bank,Bank:15:task_4:apache02:2021-03-09 08:13:00,Bank:apache02:2021-03-09 08:13:00,15,task_4,2021_03_09,apache02,redis01,12,0.146283,0,0.0833333333333333,2.5649493574615367,1.0,1.0,0.0,0.0,0.0,3.0,3.0,6.0,0.0,1.0,0.6931471805599453,3.0,2.1334746284355472,1.0,0.0,1.0,0.426695,0.408117,0.665811,0.334189,0.504934,0.830651,0.0,1.0,0.045111,0.324968,0.585632,0.6,0.711158,1.0,0.0,0.848811,0.767315,0.81264,0.900109,0.650017,0.895918,0.495012,0.714286,0.289544,1.0,0.0,0.5,0.0,0.699471,0.419231,0.5,1.0,0.0,0.0,1.0,0.010785,1.0,0.0,1.0,0.680265,0.65509,0.45,0.747492,0.0,0.0,1.0,0.0,0.0,0.0,0.0,0.0,0.0,0.0,0.0,1.0,0.0,0.0,0.0,0.0,0.0,0.0,0.0,0.0,0.0,0.0,0.0,0.0,-1.7850316,2,0.43196214517805215,0.31741044,0.5113147549912656,0.5906673648044789,0.6700199671671117,0.7493725844309056,0.9080777891561711
Bank,Bank:15:task_4:apache02:2021-03-09 08:13:00,Bank:apache02:2021-03-09 08:13:00,15,task_4,2021_03_09,apache02,servicetest8,13,0.112759,0,0.0769230769230769,2.639057329615259,0.0428444381852904,0.0714073969754841,0.0,0.0,0.0,2.0,3.0,5.0,0.0,1.0,0.6931471805599453,1.990001868633408,3.0,1.0,0.0,0.042844,0.6,0.0,1.0,0.0,0.784581,0.78125,0.0,1.0,0.045111,0.457615,0.545629,0.398,1.0,1.0,0.241481,0.613086,0.905626,0.927376,0.335622,0.686968,0.895918,0.674255,0.928571,0.211903,1.0,0.0,0.8,0.0,0.728441,0.434365,0.5,0.601368,0.0,0.0,1.0,0.113431,1.0,0.0,1.0,0.534972,0.880715,0.45,0.745485,0.0,1.0,0.0,0.0,0.0,0.0,0.0,0.0,0.0,0.0,0.0,0.0,1.0,0.0,0.0,0.0,0.0,0.0,0.0,0.0,0.0,0.0,0.0,0.0,-2.2509217,2,0.28843733588508114,-0.053193145,0.27513904976001724,0.26184076363495334,0.2485424793725346,0.23524419138482555,0.20864762285998806
Bank,Bank:15:task_4:apache02:2021-03-09 08:13:00,Bank:apache02:2021-03-09 08:13:00,15,task_4,2021_03_09,apache02,servicetest6,14,0.045075,0,0.0714285714285714,2.70805020110221,0.1735235093303745,0.2892058488839575,0.0,0.0,0.0,3.0,0.0,3.0,0.0,1.0,0.6931471805599453,3.0,0.0,1.0,0.0,0.173524,0.0,1.0,0.0,1.0,0.032573,0.0,1.0,0.333333,0.0,0.0,0.291313,0.6,0.0,0.333333,0.241481,0.16067,0.284247,0.618054,0.94288,0.0,0.50114,0.249381,0.464286,0.033076,0.0,0.0,0.0,1.0,0.020704,0.0,0.5,0.0,0.0,1.0,0.0,1.0,0.0,0.0,0.0,0.543735,0.013136,0.0,0.609561,0.0,1.0,0.0,0.0,0.0,0.0,0.0,0.0,0.0,0.0,0.0,0.0,1.0,0.0,0.0,0.0,0.0,0.0,0.0,0.0,0.0,0.0,0.0,0.0,-2.3828118,2,-0.0013351611971718226,-0.15810828,-0.04086223097442211,-0.0803893007516724,-0.1199163668036324,-0.159443440306173,-0.23849757241009298
Bank,Bank:15:task_4:apache02:2021-03-09 08:13:00,Bank:apache02:2021-03-09 08:13:00,15,task_4,2021_03_09,apache02,dockerb1,15,0.018397,0,0.0666666666666666,2.772588722239781,1.0,1.0,0.0,0.0,0.0,0.0,0.0,0.0,1.0,1.0,0.6931471805599453,0.0,0.0,1.0,0.0666666666666666,1.0,0.0,0.405881,0.0,1.0,0.101326,0.0,0.0,0.0,0.045111,1.0,0.138574,0.0,0.0,0.0,1.0,0.555556,0.553718,0.120448,0.891882,0.260525,0.776708,0.779249,0.0,0.516359,0.0,0.0,0.0,0.0,0.119317,0.0,0.5,0.0,0.0,1.0,0.0,1.0,0.0,0.0,0.0,0.077807,0.040862,0.0,0.096231,1.0,0.0,0.0,0.0,0.0,0.0,0.0,0.0,0.0,0.0,0.0,0.0,0.0,0.0,0.0,0.0,0.0,0.0,0.0,0.0,0.0,0.0,0.0,0.0,-3.1702898,2,-0.11555049535532359,-0.78452665,-0.31168215688963297,-0.5078138184239424,-0.7039454948594129,-0.9000771414925611,-1.2923404943635024
Bank,Bank:15:task_4:apache02:2021-03-09 08:13:00,Bank:apache02:2021-03-09 08:13:00,15,task_4,2021_03_09,apache02,tomcat04,16,-0.040373,0,0.0625,2.833213344056216,1.0,1.0,0.0,0.0,0.0,3.0,1.0,4.0,0.0,1.0,0.6931471805599453,2.133474628435547,0.1735235093303745,1.0,0.0,1.0,0.034705,0.919924,0.121466,0.878534,0.110656,1.0,0.0,0.5,0.0,0.021931,0.414596,0.426695,0.173524,0.5,0.143401,0.58537,0.460298,0.670343,0.741027,0.217611,0.50114,0.502231,0.5,0.11838,1.0,0.0,0.1,1.0,0.141617,0.192113,0.5,0.506153,0.0,0.0,1.0,0.205907,1.0,0.0,0.166667,1.0,0.449751,0.45,1.0,1.0,0.0,0.0,0.0,0.0,0.0,1.0,0.0,0.0,0.0,0.0,0.0,0.0,0.0,0.0,0.0,0.0,0.0,0.0,0.0,0.0,0.0,0.0,0.0,-0.66274077,2,-0.36715988093424934,1.2101637,-0.06461895280886787,0.2379219753165136,0.5404629332442175,0.8430038315672765,1.4480857474226843
Bank,Bank:15:task_4:apache02:2021-03-09 08:13:00,Bank:apache02:2021-03-09 08:13:00,15,task_4,2021_03_09,apache02,servicetest11,17,-0.041349,0,0.0588235294117647,2.8903717578961645,0.133474628435547,0.2224577140592451,0.0,0.0,0.0,5.0,2.0,7.0,0.0,1.0,0.6931471805599453,5.0,2.0,1.0,0.0,0.133475,0.4,0.0,1.0,0.0,0.259263,0.972058,0.391231,1.0,0.045111,0.340577,0.277208,1.0,1.0,1.0,0.241481,0.676024,0.831415,1.0,0.999497,0.701024,0.797127,0.72253,0.607143,0.299114,1.0,0.0,0.3,0.0,0.248159,0.273761,0.5,0.700242,0.0,0.0,1.0,0.0,1.0,0.0,0.5,0.905433,0.498865,0.45,0.919175,0.0,1.0,0.0,0.0,0.0,0.0,0.0,0.0,0.0,0.0,0.0,0.0,1.0,0.0,0.0,0.0,0.0,0.0,0.0,0.0,0.0,0.0,0.0,0.0,-3.3382957,2,-0.3713383862996574,-0.918171,-0.600881133439588,-0.8304238805795188,-1.0599666426206107,-1.2895093748593802,-1.748594898941564
Bank,Bank:15:task_4:apache02:2021-03-09 08:13:00,Bank:apache02:2021-03-09 08:13:00,15,task_4,2021_03_09,apache02,mg01,18,-0.110157,0,0.0555555555555555,2.9444389791664403,1.0,1.0,0.0,0.0,0.0,0.0,0.0,0.0,1.0,1.0,0.6931471805599453,0.0,0.0,1.0,0.0,1.0,0.0,0.405881,0.0,1.0,0.101326,0.0,0.0,0.0,0.045111,1.0,0.138574,0.0,0.0,0.0,0.183308,0.555556,0.149104,0.120448,0.891882,0.260525,0.776708,0.394263,0.0,0.155285,0.0,0.0,0.0,0.0,0.119317,0.0,0.5,0.0,0.0,1.0,0.0,1.0,0.0,0.0,0.0,0.077807,0.040862,0.0,0.096231,0.0,0.0,1.0,0.0,0.0,0.0,0.0,1.0,0.0,0.0,0.0,0.0,0.0,0.0,0.0,0.0,0.0,0.0,0.0,0.0,0.0,0.0,0.0,0.0,-1.4583776,2,-0.6659230145609254,0.5772552,-0.5216092172062272,-0.37729541985152903,-0.23298163739799205,-0.08866782514213267,0.1999597397649413
Bank,Bank:15:task_4:apache02:2021-03-09 08:13:00,Bank:apache02:2021-03-09 08:13:00,15,task_4,2021_03_09,apache02,servicetest10,19,-0.154157,0,0.0526315789473684,2.995732273553991,0.0242577857567943,0.0404296429279905,0.0,0.0,0.0,0.0,0.0,0.0,1.0,1.0,0.6931471805599453,0.0,0.0,1.0,0.0,0.024258,0.0,0.405881,0.0,1.0,0.022232,0.0,0.0,0.0,0.045111,0.777778,0.015258,0.0,0.0,0.0,0.241481,0.022461,0.007223,0.120448,0.891882,0.141463,0.776708,0.017505,0.0,0.007382,0.0,0.0,0.0,0.0,0.002894,0.0,0.5,0.0,0.0,1.0,0.0,1.0,0.0,0.0,0.0,0.0,0.008966,0.0,0.0,0.0,1.0,0.0,0.0,0.0,0.0,0.0,0.0,0.0,0.0,0.0,0.0,1.0,0.0,0.0,0.0,0.0,0.0,0.0,0.0,0.0,0.0,0.0,0.0,-3.027864,2,-0.8542982564440754,-0.6712306,-1.0221059099904086,-1.189913563536742,-1.3577212319842364,-1.5255288706294086,-1.8611442075243976
Bank,Bank:15:task_4:apache02:2021-03-09 08:13:00,Bank:apache02:2021-03-09 08:13:00,15,task_4,2021_03_09,apache02,dockera1,20,-0.160928,0,0.05,3.044522437723423,0.0,0.0,0.0,0.0,0.0,0.0,0.0,0.0,1.0,1.0,0.6931471805599453,0.0,0.0,1.0,0.0,0.0,0.0,0.405881,0.0,1.0,0.0,0.0,0.0,0.0,0.045111,0.777778,0.010329,0.0,0.0,0.0,0.241481,0.0,0.0,0.120448,0.891882,0.136447,0.776708,0.0,0.0,0.0,0.0,0.0,0.0,0.0,0.0,0.0,0.5,0.0,0.0,1.0,0.0,1.0,0.0,0.0,0.0,0.002048,0.0,0.0,0.0,0.0,1.0,0.0,0.0,0.0,0.0,0.0,0.0,0.0,0.0,0.0,0.0,0.0,0.0,0.0,0.0,0.0,0.0,0.0,0.0,0.0,0.0,0.0,0.0,-3.027864,2,-0.8832866374165939,-0.6712306,-1.051094290962927,-1.2189019445092604,-1.3867096129567549,-1.554517251601927,-1.890132588496916
Bank,Bank:15:task_4:apache02:2021-03-09 08:13:00,Bank:apache02:2021-03-09 08:13:00,15,task_4,2021_03_09,apache02,dockera2,21,-0.160928,0,0.0476190476190476,3.091042453358316,0.0,0.0,0.0,0.0,0.0,0.0,0.0,0.0,1.0,1.0,0.6931471805599453,0.0,0.0,1.0,0.0,0.0,0.0,0.405881,0.0,1.0,0.0,0.0,0.0,0.0,0.045111,0.777778,0.010329,0.0,0.0,0.0,0.241481,0.0,0.0,0.120448,0.891882,0.136447,0.776708,0.0,0.0,0.0,0.0,0.0,0.0,0.0,0.0,0.0,0.5,0.0,0.0,1.0,0.0,1.0,0.0,0.0,0.0,0.002048,0.0,0.0,0.0,0.0,1.0,0.0,0.0,0.0,0.0,0.0,0.0,0.0,0.0,0.0,0.0,0.0,0.0,0.0,0.0,0.0,0.0,0.0,0.0,0.0,0.0,0.0,0.0,-3.027864,2,-0.8832866374165939,-0.6712306,-1.051094290962927,-1.2189019445092604,-1.3867096129567549,-1.554517251601927,-1.890132588496916
Bank,Bank:15:task_4:apache02:2021-03-09 08:13:00,Bank:apache02:2021-03-09 08:13:00,15,task_4,2021_03_09,apache02,dockerb2,22,-0.160928,0,0.0454545454545454,3.1354942159291497,0.0,0.0,0.0,0.0,0.0,0.0,0.0,0.0,1.0,1.0,0.6931471805599453,0.0,0.0,1.0,0.0,0.0,0.0,0.405881,0.0,1.0,0.0,0.0,0.0,0.0,0.045111,0.777778,0.010329,0.0,0.0,0.0,0.241481,0.0,0.0,0.120448,0.891882,0.136447,0.776708,0.0,0.0,0.0,0.0,0.0,0.0,0.0,0.0,0.0,0.5,0.0,0.0,1.0,0.0,1.0,0.0,0.0,0.0,0.002048,0.0,0.0,0.0,0.0,1.0,0.0,0.0,0.0,0.0,0.0,0.0,0.0,0.0,0.0,0.0,0.0,0.0,0.0,0.0,0.0,0.0,0.0,0.0,0.0,0.0,0.0,0.0,-3.027864,2,-0.8832866374165939,-0.6712306,-1.051094290962927,-1.2189019445092604,-1.3867096129567549,-1.554517251601927,-1.890132588496916
Bank,Bank:15:task_4:apache02:2021-03-09 08:13:00,Bank:apache02:2021-03-09 08:13:00,15,task_4,2021_03_09,apache02,servicetest1,23,-0.184258,0,0.0434782608695652,3.1780538303479458,0.2262155489548847,0.3770259149248078,0.0,0.0,0.0,0.0,0.0,0.0,1.0,1.0,0.6931471805599453,0.0,0.0,1.0,0.0,0.226216,0.0,0.405881,0.0,1.0,0.038603,0.0,0.0,0.0,0.045111,1.0,0.025989,0.0,0.0,0.0,0.241481,0.209459,0.067623,0.120448,0.891882,0.183227,0.776708,0.167268,0.0,0.06941,0.0,0.0,0.0,0.0,0.026991,0.0,0.5,0.0,0.0,1.0,0.0,1.0,0.0,0.0,0.0,0.084403,0.015568,0.0,0.096231,0.0,1.0,0.0,0.0,0.0,0.0,0.0,0.0,0.0,0.0,0.0,0.0,1.0,0.0,0.0,0.0,0.0,0.0,0.0,0.0,0.0,0.0,0.0,0.0,-3.397071,2,-0.983168328169637,-0.96492517,-1.2243996206558276,-1.4656309131420184,-1.7068621758258868,-1.9480934981144,-2.430556023482137
Bank,Bank:15:task_4:apache02:2021-03-09 08:13:00,Bank:apache02:2021-03-09 08:13:00,15,task_4,2021_03_09,apache02,servicetest5,24,-0.196186,0,0.0416666666666666,3.218875824868201,0.1609334527315667,0.2682224212192779,0.0,0.0,0.0,0.0,0.0,0.0,1.0,1.0,0.6931471805599453,0.0,0.0,1.0,0.0,0.160933,0.0,0.405881,0.0,1.0,0.033311,0.0,0.0,0.0,0.045111,1.0,0.01649,0.0,0.0,0.0,0.241481,0.149012,0.048048,0.120448,0.891882,0.169727,0.776708,0.118079,0.0,0.04925,0.0,0.0,0.0,0.0,0.019202,0.0,0.5,0.0,0.0,1.0,0.0,1.0,0.0,0.0,0.0,0.08496,0.013433,0.0,0.096231,0.0,1.0,0.0,0.0,0.0,0.0,0.0,0.0,0.0,0.0,0.0,0.0,1.0,0.0,0.0,0.0,0.0,0.0,0.0,0.0,0.0,0.0,0.0,0.0,-3.397071,2,-1.03423514374196,-0.96492517,-1.2754664362281507,-1.5166977287143415,-1.75792899139821,-1.999160313686723,-2.48162283905446
Bank,Bank:15:task_4:apache02:2021-03-09 08:13:00,Bank:apache02:2021-03-09 08:13:00,15,task_4,2021_03_09,apache02,servicetest9,25,-0.20871,0,0.04,3.258096538021482,0.0919825583022967,0.1533042638371612,0.0,0.0,0.0,0.0,0.0,0.0,1.0,1.0,0.6931471805599453,0.0,0.0,1.0,0.0,0.091983,0.0,0.405881,0.0,1.0,0.027721,0.0,0.0,0.0,0.045111,1.0,0.006458,0.0,0.0,0.0,0.241481,0.085169,0.027426,0.120448,0.891882,0.155468,0.776708,0.06693,0.0,0.028071,0.0,0.0,0.0,0.0,0.010975,0.0,0.5,0.0,0.0,1.0,0.0,1.0,0.0,0.0,0.0,0.085547,0.011179,0.0,0.096231,0.0,1.0,0.0,0.0,0.0,0.0,0.0,0.0,0.0,0.0,0.0,0.0,1.0,0.0,0.0,0.0,0.0,0.0,0.0,0.0,0.0,0.0,0.0,0.0,-3.397071,2,-1.0878535875907003,-0.96492517,-1.329084880076891,-1.5703161725630819,-1.8115474352469503,-2.0527787575354637,-2.5352412829032005
Bank,Bank:15:task_4:apache02:2021-03-09 08:13:00,Bank:apache02:2021-03-09 08:13:00,15,task_4,2021_03_09,apache02,servicetest3,26,-0.213022,0,0.0384615384615384,3.295836866004329,0.0681428979170401,0.1135714965284003,0.0,0.0,0.0,0.0,0.0,0.0,1.0,1.0,0.6931471805599453,0.0,0.0,1.0,0.0,0.068143,0.0,0.405881,0.0,1.0,0.025789,0.0,0.0,0.0,0.045111,1.0,0.002989,0.0,0.0,0.0,0.241481,0.063095,0.020308,0.120448,0.891882,0.150538,0.776708,0.049439,0.0,0.020775,0.0,0.0,0.0,0.0,0.008131,0.0,0.5,0.0,0.0,1.0,0.0,1.0,0.0,0.0,0.0,0.085751,0.0104,0.0,0.096231,0.0,1.0,0.0,0.0,0.0,0.0,0.0,0.0,0.0,0.0,0.0,0.0,1.0,0.0,0.0,0.0,0.0,0.0,0.0,0.0,0.0,0.0,0.0,0.0,-3.397071,2,-1.1063143612952488,-0.96492517,-1.3475456537814396,-1.5887769462676304,-1.8300082089514988,-2.0712395312400123,-2.553702056607749
Bank,Bank:15:task_4:apache02:2021-03-09 08:13:00,Bank:apache02:2021-03-09 08:13:00,15,task_4,2021_03_09,apache02,servicetest4,27,-0.215293,0,0.037037037037037,3.332204510175204,0.0555672195554786,0.0926120325924643,0.0,0.0,0.0,0.0,0.0,0.0,1.0,1.0,0.6931471805599453,0.0,0.0,1.0,0.0,0.055567,0.0,0.405881,0.0,1.0,0.02477,0.0,0.0,0.0,0.045111,1.0,0.00116,0.0,0.0,0.0,0.241481,0.051451,0.016556,0.120448,0.891882,0.147938,0.776708,0.040253,0.0,0.016932,0.0,0.0,0.0,0.0,0.00663,0.0,0.5,0.0,0.0,1.0,0.0,1.0,0.0,0.0,0.0,0.085858,0.009989,0.0,0.096231,0.0,1.0,0.0,0.0,0.0,0.0,0.0,0.0,0.0,0.0,0.0,0.0,1.0,0.0,0.0,0.0,0.0,0.0,0.0,0.0,0.0,0.0,0.0,0.0,-3.397071,2,-1.116037092529718,-0.96492517,-1.3572683850159089,-1.5984996775020996,-1.839730940185968,-2.0809622624744812,-2.563424787842218
Bank,Bank:15:task_4:apache02:2021-03-09 08:13:00,Bank:apache02:2021-03-09 08:13:00,15,task_4,2021_03_09,apache02,servicetest7,28,-0.216316,0,0.0357142857142857,3.367295829986474,0.049899705520724,0.0831661758678734,0.0,0.0,0.0,0.0,0.0,0.0,1.0,1.0,0.6931471805599453,0.0,0.0,1.0,0.0,0.0499,0.0,0.405881,0.0,1.0,0.02431,0.0,0.0,0.0,0.045111,1.0,0.000335,0.0,0.0,0.0,0.241481,0.046203,0.014866,0.120448,0.891882,0.146766,0.776708,0.036123,0.0,0.015202,0.0,0.0,0.0,0.0,0.005954,0.0,0.5,0.0,0.0,1.0,0.0,1.0,0.0,0.0,0.0,0.085906,0.009804,0.0,0.096231,0.0,1.0,0.0,0.0,0.0,0.0,0.0,0.0,0.0,0.0,0.0,0.0,1.0,0.0,0.0,0.0,0.0,0.0,0.0,0.0,0.0,0.0,0.0,0.0,-3.397071,2,-1.1204168169035011,-0.96492517,-1.361648109389692,-1.6028794018758827,-1.8441106645597511,-2.085341986848264,-2.567804512216001
Bank,Bank:15:task_4:apache02:2021-03-09 08:13:00,Bank:apache02:2021-03-09 08:13:00,15,task_4,2021_03_09,apache02,servicetest2,29,-0.216731,0,0.0344827586206896,3.4011973816621555,0.0475969568997332,0.0793282614995554,0.0,0.0,0.0,0.0,0.0,0.0,1.0,1.0,0.6931471805599453,0.0,0.0,1.0,0.0,0.047597,0.0,0.405881,0.0,1.0,0.024124,0.0,0.0,0.0,0.045111,1.0,0.0,0.0,0.0,0.0,0.241481,0.044071,0.014179,0.120448,0.891882,0.14629,0.776708,0.034446,0.0,0.014499,0.0,0.0,0.0,0.0,0.005679,0.0,0.5,0.0,0.0,1.0,0.0,1.0,0.0,0.0,0.0,0.085926,0.009729,0.0,0.096231,0.0,1.0,0.0,0.0,0.0,0.0,0.0,0.0,0.0,0.0,0.0,0.0,1.0,0.0,0.0,0.0,0.0,0.0,0.0,0.0,0.0,0.0,0.0,0.0,-3.397071,2,-1.122193537934899,-0.96492517,-1.3634248304210899,-1.6046561229072807,-1.845887385591149,-2.0871187078796622,-2.569581233247399
Bank,Bank:3:task_1:Tomcat02:2021-03-04 19:22:00,Bank:Tomcat02:2021-03-04 19:22:00,3,task_1,2021_03_04,Tomcat02,mg02,1,0.739065,0,1.0,0.6931471805599453,1.0,1.0,0.0,0.0,0.0,0.0,7.0,7.0,0.0,1.0,0.6931471805599453,0.0,5.505331124204156,1.0,0.0,1.0,1.0,0.171866,0.561175,0.438825,1.0,0.982165,0.614952,1.0,1.0,0.483472,1.0,0.0,0.786476,1.0,0.551827,0.903518,1.0,0.0,0.897846,1.0,0.225142,0.824399,1.0,1.0,1.0,0.5,0.788177,0.5,1.0,0.171755,0.0,0.908664,0.0,0.0,1.0,0.043883,1.0,0.038818,1.0,0.260534,0.925302,0.837647,0.293044,0.0,0.0,1.0,0.0,0.0,0.0,0.0,1.0,0.0,0.0,0.0,0.0,0.0,0.0,0.0,0.0,0.0,0.0,0.0,0.0,0.0,0.0,0.0,0.0,-2.020507,3,3.1751485107249833,0.59891456,3.3248771516389466,3.47460579255291,3.624334418565712,3.7740630743808365,4.073520326406441
Bank,Bank:3:task_1:Tomcat02:2021-03-04 19:22:00,Bank:Tomcat02:2021-03-04 19:22:00,3,task_1,2021_03_04,Tomcat02,mysql01,2,0.424308,0,0.5,1.0986122886681096,1.0,1.0,0.0,0.0,0.0,1.0,2.0,3.0,0.0,1.0,0.6931471805599453,0.2956062054342545,1.778642925901007,1.0,0.0,1.0,0.323076,0.0,1.0,0.0,0.862487,0.748812,0.0,1.0,0.0,0.340577,0.520124,0.053695,0.889321,1.0,0.483978,1.0,0.914593,0.34787,0.812077,0.955495,0.151033,0.850584,0.678571,0.732924,1.0,0.5,1.0,0.5,0.672389,0.533181,0.0,0.834198,0.0,0.0,1.0,0.107729,1.0,0.04101,1.0,0.302223,0.946426,0.839789,0.384477,0.0,0.0,0.0,1.0,0.0,0.0,0.0,0.0,0.0,0.0,1.0,0.0,0.0,0.0,0.0,0.0,0.0,0.0,0.0,0.0,0.0,0.0,0.0,0.0,-2.2766476,3,1.6056304262054442,0.22908369,1.6629013479722021,1.72017226973896,1.7774431989562987,1.834714113272476,1.9492559717071531
Bank,Bank:3:task_1:Tomcat02:2021-03-04 19:22:00,Bank:Tomcat02:2021-03-04 19:22:00,3,task_1,2021_03_04,Tomcat02,tomcat04,3,0.404988,0,0.3333333333333333,1.3862943611198906,1.0,1.0,0.0,0.0,0.0,9.0,0.0,9.0,0.0,1.0,0.6931471805599453,4.521458170734134,0.0,1.0,0.0,1.0,0.0,1.0,0.0,1.0,0.115176,0.0,1.0,1.0,0.0,0.0,0.387944,0.821287,0.0,1.0,0.381297,0.555556,0.567775,0.41499,0.991896,0.264709,0.0,0.490353,0.285714,0.381267,0.0,0.5,0.0,0.5,0.100604,0.0,0.0,0.0,0.0,1.0,0.0,1.0,0.0,0.0,0.0,0.306499,0.045595,0.0,0.368601,1.0,0.0,0.0,0.0,0.0,0.0,1.0,0.0,0.0,0.0,0.0,0.0,0.0,0.0,0.0,0.0,0.0,0.0,0.0,0.0,0.0,0.0,0.0,0.0,-2.608624,3,1.5092923323968315,-0.2502436,1.4467314313510322,1.384170530305233,1.3216096292594337,1.2590487282136344,1.133926926122036
Bank,Bank:3:task_1:Tomcat02:2021-03-04 19:22:00,Bank:Tomcat02:2021-03-04 19:22:00,3,task_1,2021_03_04,Tomcat02,redis02,4,0.285273,0,0.25,1.6094379124341005,1.0,1.0,0.0,0.0,0.0,1.0,8.0,9.0,0.0,1.0,0.6931471805599453,1.0,3.521458170734133,1.0,0.0,1.0,0.639645,0.516911,0.308128,0.691872,0.657635,1.0,0.0,1.0,0.0,0.443961,0.736935,0.181642,0.440182,1.0,0.439369,0.796011,0.755078,0.608406,0.7381,0.486093,0.0,0.685024,0.571429,0.432697,1.0,0.5,0.788177,0.5,0.512788,0.107551,0.0,0.53037,0.0,0.0,1.0,0.104439,1.0,0.001499,1.0,0.509589,0.808413,0.801171,0.63572,0.0,0.0,1.0,0.0,0.0,0.0,0.0,0.0,0.0,0.0,0.0,1.0,0.0,0.0,0.0,0.0,0.0,0.0,0.0,0.0,0.0,0.0,0.0,0.0,-2.4662874,3,0.9123402154041778,-0.04472955,0.9011578280447374,0.8899754406852971,0.8787930523945342,0.8676106659664164,0.8452458893848906
Bank,Bank:3:task_1:Tomcat02:2021-03-04 19:22:00,Bank:Tomcat02:2021-03-04 19:22:00,3,task_1,2021_03_04,Tomcat02,mysql02,5,0.268492,0,0.2,1.791759469228055,1.0,1.0,0.0,0.0,0.0,2.0,9.0,11.0,0.0,1.0,0.6931471805599453,1.778642925901007,4.5214581707341335,1.0,0.0,1.0,0.821287,0.611195,0.351669,0.648331,0.806502,1.0,0.941068,1.0,0.0,0.47224,0.883296,0.323076,0.502384,1.0,1.0,0.818676,0.89785,0.636844,0.548316,0.514436,1.0,1.0,0.607143,0.489622,1.0,0.5,0.8867,0.5,0.563097,0.117976,1.0,0.6967,0.0,0.0,1.0,0.450822,1.0,0.006694,1.0,0.580942,1.0,0.806248,0.971224,0.0,0.0,0.0,1.0,0.0,0.0,0.0,0.0,0.0,0.0,1.0,0.0,0.0,0.0,0.0,0.0,0.0,0.0,0.0,0.0,0.0,0.0,0.0,0.0,-2.5288665,3,0.828662702350227,-0.13508506,0.7948914370520989,0.7611201717539707,0.7273489027305523,0.6935776411577145,0.6260351031108776
Bank,Bank:3:task_1:Tomcat02:2021-03-04 19:22:00,Bank:Tomcat02:2021-03-04 19:22:00,3,task_1,2021_03_04,Tomcat02,apache02,6,0.257161,0,0.1666666666666666,1.9459101490553128,1.0,1.0,0.0,0.0,0.0,7.0,1.0,8.0,0.0,1.0,0.6931471805599453,5.505331124204156,0.2956062054342545,1.0,0.0,1.0,0.053695,0.435675,0.655142,0.344858,0.315168,0.699879,0.0,1.0,0.0,0.021931,0.331023,1.0,0.295606,1.0,0.727525,0.704062,0.832839,0.48021,1.0,0.410008,0.0,0.773333,0.75,0.615683,1.0,0.5,0.295567,0.5,0.226969,0.213533,0.0,0.459189,0.0,0.0,1.0,0.078784,1.0,0.028398,0.666667,0.788898,0.534932,0.827462,0.792676,0.0,0.0,1.0,0.0,0.0,0.0,0.0,0.0,0.0,1.0,0.0,0.0,0.0,0.0,0.0,0.0,0.0,0.0,0.0,0.0,0.0,0.0,0.0,0.0,-2.1532035,3,0.7721613078913557,0.4073196,0.8739912092289793,0.9758211105666029,1.0776510268053876,1.17948091324185,1.3831407457194196
Bank,Bank:3:task_1:Tomcat02:2021-03-04 19:22:00,Bank:Tomcat02:2021-03-04 19:22:00,3,task_1,2021_03_04,Tomcat02,redis01,7,0.213752,0,0.1428571428571428,2.079441541679836,0.778642925901007,1.0,0.0,0.0,0.0,2.0,1.0,3.0,0.0,1.0,0.6931471805599453,1.2956062054342543,1.0,1.0,0.0,0.778643,0.181642,0.0,1.0,0.0,0.712661,0.713389,0.0,1.0,0.0,0.183771,0.389747,0.235337,1.0,1.0,0.132114,1.0,0.795484,0.923694,0.149047,0.741184,0.293956,0.629125,0.642857,0.197456,1.0,0.5,0.985222,0.5,0.558508,1.0,0.0,0.781627,0.0,0.0,1.0,0.167478,1.0,0.070729,1.0,0.518012,0.90161,0.868837,0.703943,0.0,0.0,0.0,1.0,0.0,0.0,0.0,0.0,0.0,0.0,0.0,1.0,0.0,0.0,0.0,0.0,0.0,0.0,0.0,0.0,0.0,0.0,0.0,0.0,-0.18150654,3,0.555704769892491,3.2541728,1.36924797038535,2.182791170878209,2.996334252161778,3.8098775718639266,5.436963734431065
Bank,Bank:3:task_1:Tomcat02:2021-03-04 19:22:00,Bank:Tomcat02:2021-03-04 19:22:00,3,task_1,2021_03_04,Tomcat02,ig02,8,0.211109,0,0.125,2.19722457733622,1.0,1.0,0.0,0.0,0.0,6.0,2.0,8.0,0.0,1.0,0.6931471805599453,4.505331124204156,1.2956062054342543,1.0,0.0,1.0,0.235337,0.409275,0.677571,0.322429,0.475886,0.797503,0.0,1.0,0.0,0.191397,0.447458,0.818358,0.647803,1.0,0.58556,0.852031,0.874703,0.680756,0.981823,0.575596,0.541923,0.807022,0.785714,0.513656,1.0,0.5,0.394089,0.5,0.390451,0.1983,0.0,0.731705,0.0,0.0,1.0,0.226369,1.0,0.056292,0.833333,0.757429,0.67,0.854726,0.860587,0.0,0.0,1.0,0.0,0.0,0.0,0.0,0.0,1.0,0.0,0.0,0.0,0.0,0.0,0.0,0.0,0.0,0.0,0.0,0.0,0.0,0.0,0.0,0.0,-2.4578757,3,0.542525598984822,-0.032584317,0.5343795197276914,0.5262334404705608,0.5180873612134301,0.5099412819562995,0.49364912344203826
Bank,Bank:3:task_1:Tomcat02:2021-03-04 19:22:00,Bank:Tomcat02:2021-03-04 19:22:00,3,task_1,2021_03_04,Tomcat02,apache01,9,0.206384,0,0.1111111111111111,2.302585092994046,1.0,1.0,0.0,0.0,0.0,4.0,3.0,7.0,0.0,1.0,0.6931471805599453,2.5053311242041563,3.0,1.0,0.0,1.0,0.544926,0.352456,0.724831,0.275169,0.598248,0.968606,0.0,1.0,0.0,0.457615,0.591892,0.455074,1.0,1.0,0.644254,1.0,0.970527,0.872824,0.264868,0.741184,0.722798,0.948298,0.857143,0.403519,1.0,0.5,0.394089,0.5,0.674365,0.234267,0.0,0.920542,0.0,0.0,1.0,0.305607,1.0,0.03242,1.0,0.701005,0.742837,0.831393,0.862319,0.0,0.0,1.0,0.0,0.0,0.0,0.0,0.0,0.0,1.0,0.0,0.0,0.0,0.0,0.0,0.0,0.0,0.0,0.0,0.0,0.0,0.0,0.0,0.0,-2.1796236,3,0.5189646521294549,0.36917266,0.6112578177535966,0.7035509833777382,0.7958441415512993,0.8881373146260216,1.0727236309731438
Bank,Bank:3:task_1:Tomcat02:2021-03-04 19:22:00,Bank:Tomcat02:2021-03-04 19:22:00,3,task_1,2021_03_04,Tomcat02,servicetest11,10,0.18481,0,0.1,2.3978952727983707,0.5398331329107426,0.8997218881845711,0.0,0.0,0.0,3.0,6.0,9.0,0.0,1.0,0.6931471805599453,2.2441844791169765,2.737440558706415,1.0,0.0,0.539833,0.497234,0.463378,0.591605,0.408395,0.481155,1.0,0.0,1.0,0.0,0.443297,0.501634,0.407638,0.45624,1.0,0.59427,0.753636,0.757181,0.634893,0.629927,0.480876,0.0,0.740682,0.5,0.41133,1.0,0.5,0.591133,0.5,0.48653,0.169336,0.0,0.991068,0.0,0.0,1.0,0.053415,1.0,0.118793,1.0,0.73882,0.670836,0.915816,0.795612,0.0,1.0,0.0,0.0,0.0,0.0,0.0,0.0,0.0,0.0,0.0,0.0,1.0,0.0,0.0,0.0,0.0,0.0,0.0,0.0,0.0,0.0,0.0,0.0,-2.5204723,3,0.41138711404317063,-0.122964956,0.3806458750765864,0.3499046361100022,0.31916339528077287,0.2884221581768338,0.2269396765183751
Bank,Bank:3:task_1:Tomcat02:2021-03-04 19:22:00,Bank:Tomcat02:2021-03-04 19:22:00,3,task_1,2021_03_04,Tomcat02,ig01,11,0.15925,0,0.0909090909090909,2.4849066497880004,1.0,1.0,0.0,0.0,0.0,5.0,3.0,8.0,0.0,1.0,0.6931471805599453,3.5053311242041563,2.2956062054342548,1.0,0.0,1.0,0.416979,0.400392,0.685047,0.314953,0.636561,0.847205,0.0,1.0,0.0,0.324968,0.568813,0.636716,0.765202,1.0,0.135563,0.901354,0.805118,0.741952,0.870557,0.630792,0.722798,0.573021,0.821429,0.368434,1.0,0.5,0.492611,0.5,0.553933,0.193222,0.0,0.832092,0.0,0.0,1.0,0.059597,1.0,0.059747,1.0,0.726309,0.708259,0.858103,0.849772,0.0,0.0,1.0,0.0,0.0,0.0,0.0,0.0,1.0,0.0,0.0,0.0,0.0,0.0,0.0,0.0,0.0,0.0,0.0,0.0,0.0,0.0,0.0,0.0,-0.6999171,3,0.2839336110541365,2.505661,0.9103488637396834,1.5367641164252301,2.163179369110777,2.789594621796324,4.042425127167418
Bank,Bank:3:task_1:Tomcat02:2021-03-04 19:22:00,Bank:Tomcat02:2021-03-04 19:22:00,3,task_1,2021_03_04,Tomcat02,tomcat03,12,0.138449,0,0.0833333333333333,2.5649493574615367,1.0,1.0,0.0,0.0,0.0,3.0,4.0,7.0,0.0,1.0,0.6931471805599453,1.505331124204156,4.0,1.0,0.0,1.0,0.726568,0.326603,0.718623,0.281377,0.758536,0.975914,0.0,1.0,0.0,0.536923,0.716773,0.273432,1.0,1.0,0.0,1.0,0.835484,0.864345,0.0,0.741184,0.841219,0.544968,0.892857,0.202452,1.0,0.5,0.492611,0.5,0.837847,0.221467,0.0,0.947207,0.0,0.0,1.0,0.01191,1.0,0.04449,1.0,0.666369,0.741863,0.843191,0.798764,0.0,0.0,1.0,0.0,0.0,0.0,1.0,0.0,0.0,0.0,0.0,0.0,0.0,0.0,0.0,0.0,0.0,0.0,0.0,0.0,0.0,0.0,0.0,0.0,-1.1014359,3,0.18021059400895253,1.9259243,0.6616916692958178,1.143172744582683,1.6246538198695482,2.1061348951564134,3.069097045730144
Bank,Bank:3:task_1:Tomcat02:2021-03-04 19:22:00,Bank:Tomcat02:2021-03-04 19:22:00,3,task_1,2021_03_04,Tomcat02,servicetest1,13,0.137067,0,0.0769230769230769,2.639057329615259,0.2441844791169763,0.4069741318616272,0.0,0.0,0.0,2.0,7.0,9.0,0.0,1.0,0.6931471805599453,2.0,3.277273691617157,1.0,0.0,0.244184,0.595291,0.0,1.0,0.0,0.534842,1.0,0.0,1.0,0.0,0.483472,0.412895,0.363284,0.468182,1.0,0.59427,0.569194,0.711487,0.633502,0.584078,0.437251,0.0,0.606735,0.535714,0.351206,1.0,0.5,0.689655,0.5,0.563143,0.171298,0.0,1.0,0.0,0.0,1.0,0.362596,1.0,0.129463,1.0,0.636938,0.813288,0.926245,0.775812,0.0,1.0,0.0,0.0,0.0,0.0,0.0,0.0,0.0,0.0,0.0,0.0,1.0,0.0,0.0,0.0,0.0,0.0,0.0,0.0,0.0,0.0,0.0,0.0,-2.2787478,3,0.17331932870649383,0.22605126,0.2298321427216439,0.28634495673679394,0.3428577670266537,0.3993705847670941,0.5123962053468136
Bank,Bank:3:task_1:Tomcat02:2021-03-04 19:22:00,Bank:Tomcat02:2021-03-04 19:22:00,3,task_1,2021_03_04,Tomcat02,servicetest3,14,0.131642,0,0.0714285714285714,2.70805020110221,0.2956062054342545,0.4926770090570909,0.0,0.0,0.0,3.0,2.0,5.0,0.0,1.0,0.6931471805599453,3.0,1.778642925901007,1.0,0.0,0.295606,0.323076,0.0,1.0,0.0,0.405667,0.874039,0.941068,1.0,0.0,0.340577,0.288109,0.544926,0.889321,1.0,0.59427,0.788615,0.849483,0.841051,0.66779,0.646295,0.541923,0.766051,0.714286,0.358765,1.0,0.5,0.295567,0.5,0.457337,0.339163,0.0,0.874474,0.0,0.0,1.0,0.229133,1.0,0.03813,1.0,0.797203,0.617051,0.836975,0.878024,0.0,1.0,0.0,0.0,0.0,0.0,0.0,0.0,0.0,0.0,0.0,0.0,1.0,0.0,0.0,0.0,0.0,0.0,0.0,0.0,0.0,0.0,0.0,0.0,-2.559589,3,0.1462678712058871,-0.17944387,0.10140690470226696,0.05654593819864681,0.011684964244446067,-0.033175994808593484,-0.12289794271699497
Bank,Bank:3:task_1:Tomcat02:2021-03-04 19:22:00,Bank:Tomcat02:2021-03-04 19:22:00,3,task_1,2021_03_04,Tomcat02,servicetest10,15,0.108197,0,0.0666666666666666,2.772588722239781,0.2264677450911096,0.3774462418185161,0.0,0.0,0.0,1.0,6.0,7.0,0.0,1.0,0.6931471805599453,1.0,5.278863379113046,1.0,0.0,0.226468,0.958864,0.0,1.0,0.0,0.878474,0.98144,0.0,1.0,0.0,0.530964,0.678374,0.181642,0.879811,1.0,0.59427,0.688567,0.888317,0.776058,0.47979,0.616859,0.955397,0.693431,0.964286,0.369956,1.0,0.5,0.689655,0.5,0.595942,0.13641,0.0,0.667844,0.0,0.0,1.0,0.002179,1.0,0.101973,1.0,0.582695,0.83835,0.899376,0.728411,0.0,1.0,0.0,0.0,0.0,0.0,0.0,0.0,0.0,0.0,0.0,0.0,1.0,0.0,0.0,0.0,0.0,0.0,0.0,0.0,0.0,0.0,0.0,0.0,-3.0219061,3,0.02936069680925536,-0.846965,-0.1823805569243796,-0.39412181065801455,-0.6058630494904883,-0.8176043181252844,-1.2410867957902318
Bank,Bank:3:task_1:Tomcat02:2021-03-04 19:22:00,Bank:Tomcat02:2021-03-04 19:22:00,3,task_1,2021_03_04,Tomcat02,servicetest5,16,0.078332,0,0.0625,2.833213344056216,0.2788633791130463,0.4647722985217439,0.0,0.0,0.0,2.0,5.0,7.0,0.0,1.0,0.6931471805599453,1.2264677450911097,5.0,1.0,0.0,0.278863,0.908211,0.0,1.0,0.0,0.839472,0.980463,0.0,1.0,0.0,0.587482,0.646021,0.222778,1.0,1.0,0.59427,0.776988,0.911359,0.855867,0.204344,0.683224,0.913362,0.757622,0.928571,0.319935,1.0,0.5,0.591133,0.5,0.58134,0.136353,0.0,0.568998,0.0,0.0,1.0,0.006165,1.0,0.006918,1.0,0.604634,0.798136,0.806467,0.779187,0.0,1.0,0.0,0.0,0.0,0.0,0.0,0.0,0.0,0.0,0.0,0.0,1.0,0.0,0.0,0.0,0.0,0.0,0.0,0.0,0.0,0.0,0.0,0.0,-2.687667,3,-0.1195594466480023,-0.36437047,-0.21065206296765868,-0.3017446792873151,-0.39283729560697145,-0.4839299119266278,-0.6661151445659406
Bank,Bank:3:task_1:Tomcat02:2021-03-04 19:22:00,Bank:Tomcat02:2021-03-04 19:22:00,3,task_1,2021_03_04,Tomcat02,servicetest2,17,0.052701,0,0.0588235294117647,2.8903717578961645,0.2747955630639545,0.4579926051065909,0.0,0.0,0.0,4.0,5.0,9.0,0.0,1.0,0.6931471805599453,2.784017612027719,2.46264499564246,1.0,0.0,0.274796,0.44732,0.0,1.0,0.0,0.407615,1.0,0.0,1.0,0.0,0.48691,0.31034,0.505695,0.492529,1.0,0.59427,0.5919,0.699685,0.664908,0.75006,0.451941,0.0,0.623213,0.464286,0.34793,1.0,0.5,0.492611,0.5,0.405727,0.16659,0.0,0.978209,0.0,0.0,1.0,0.016582,1.0,0.003075,0.833333,0.765852,0.604381,0.802711,0.839556,0.0,1.0,0.0,0.0,0.0,0.0,0.0,0.0,0.0,0.0,0.0,0.0,1.0,0.0,0.0,0.0,0.0,0.0,0.0,0.0,0.0,0.0,0.0,0.0,-2.536387,3,-0.24736698714533936,-0.14594351,-0.28385286403337606,-0.3203387409214128,-0.3568246140841592,-0.39331049469748625,-0.4662822410229791
Bank,Bank:3:task_1:Tomcat02:2021-03-04 19:22:00,Bank:Tomcat02:2021-03-04 19:22:00,3,task_1,2021_03_04,Tomcat02,servicetest9,18,-0.061442,0,0.0555555555555555,2.9444389791664403,0.3727587240244486,0.6212645400407477,0.0,0.0,0.0,8.0,1.0,9.0,0.0,1.0,0.6931471805599453,4.148699446709686,1.0,1.0,0.0,0.372759,0.181642,0.0,1.0,0.0,0.193872,1.0,0.0,1.0,0.0,0.183771,0.162432,0.753579,1.0,1.0,0.59427,0.842194,0.761648,1.0,0.950449,0.700171,0.293956,0.804832,0.321429,0.252256,1.0,0.5,0.098522,0.5,0.127416,0.100686,0.0,0.459189,0.0,0.0,1.0,0.169001,1.0,0.006003,0.166667,0.974518,0.462689,0.805573,1.0,0.0,1.0,0.0,0.0,0.0,0.0,0.0,0.0,0.0,0.0,0.0,0.0,1.0,0.0,0.0,0.0,0.0,0.0,0.0,0.0,0.0,0.0,0.0,0.0,-2.334909,3,-0.8165346394018858,0.14496242,-0.7802940356270998,-0.7440534318523138,-0.7078128318028181,-0.6715722243027418,-0.5990910242037504
Bank,Bank:3:task_1:Tomcat02:2021-03-04 19:22:00,Bank:Tomcat02:2021-03-04 19:22:00,3,task_1,2021_03_04,Tomcat02,servicetest8,19,-0.068849,0,0.0526315789473684,2.995732273553991,0.3414465085483912,0.5690775142473187,0.0,0.0,0.0,7.0,2.0,9.0,0.0,1.0,0.6931471805599453,3.8072529381612954,1.3727587240244483,1.0,0.0,0.341447,0.249351,0.0,1.0,0.0,0.243131,1.0,0.0,1.0,0.0,0.340577,0.190941,0.691557,0.686379,1.0,0.59427,0.709984,0.715531,0.805391,0.929121,0.552604,0.541923,0.70899,0.357143,0.286252,1.0,0.5,0.197044,0.5,0.197706,0.141876,0.0,0.840083,0.0,0.0,1.0,0.095462,1.0,0.003194,0.333333,0.919531,0.485548,0.802827,0.946973,0.0,1.0,0.0,0.0,0.0,0.0,0.0,0.0,0.0,0.0,0.0,0.0,1.0,0.0,0.0,0.0,0.0,0.0,0.0,0.0,0.0,0.0,0.0,0.0,-2.7908103,3,-0.8534692284722994,-0.5132951,-0.9817930069823931,-1.1101167854924867,-1.2384405491014192,-1.366764342512674,-1.623411869730539
Bank,Bank:3:task_1:Tomcat02:2021-03-04 19:22:00,Bank:Tomcat02:2021-03-04 19:22:00,3,task_1,2021_03_04,Tomcat02,mg01,20,-0.072056,0,0.05,3.044522437723423,1.0,1.0,0.0,0.0,0.0,0.0,0.0,0.0,1.0,1.0,0.6931471805599453,0.0,0.0,1.0,0.0,1.0,0.0,0.382504,0.0,1.0,0.127973,0.0,0.0,0.0,0.0,1.0,0.124448,0.0,0.0,0.0,0.270963,0.555556,0.101783,0.008026,0.964343,0.144386,0.504537,0.278235,0.0,0.11973,0.0,0.5,0.0,0.5,0.100604,0.0,0.0,0.0,0.0,1.0,0.0,1.0,0.0,0.0,0.0,0.074047,0.050661,0.0,0.098889,0.0,0.0,1.0,0.0,0.0,0.0,0.0,1.0,0.0,0.0,0.0,0.0,0.0,0.0,0.0,0.0,0.0,0.0,0.0,0.0,0.0,0.0,0.0,0.0,-3.2492542,3,-0.8694607536712757,-1.1752237,-1.1632666807094685,-1.4570726077476612,-1.7508785049835316,-2.0446844618240467,-2.6322962562957875
Bank,Bank:3:task_1:Tomcat02:2021-03-04 19:22:00,Bank:Tomcat02:2021-03-04 19:22:00,3,task_1,2021_03_04,Tomcat02,servicetest7,21,-0.075387,0,0.0476190476190476,3.091042453358316,0.4628708241353487,0.7714513735589145,0.0,0.0,0.0,6.0,3.0,9.0,0.0,1.0,0.6931471805599453,3.344382114025945,1.71420523257284,1.0,0.0,0.462871,0.311372,0.177311,0.864131,0.135869,0.308874,1.0,0.0,1.0,0.0,0.457615,0.283697,0.607481,0.571402,1.0,0.59427,0.747338,0.731122,0.728675,0.867219,0.520809,0.722798,0.736112,0.392857,0.324198,1.0,0.5,0.295567,0.5,0.277193,0.155606,0.0,0.922236,0.0,0.0,1.0,0.057343,1.0,0.204922,0.5,1.0,0.525839,1.0,0.981913,0.0,1.0,0.0,0.0,0.0,0.0,0.0,0.0,0.0,0.0,0.0,0.0,1.0,0.0,0.0,0.0,0.0,0.0,0.0,0.0,0.0,0.0,0.0,0.0,-2.8740828,3,-0.8860705978988374,-0.6335289,-1.044452819955226,-1.202835042011615,-1.3612172491668426,-1.5195994861243927,-1.836363900434848
Bank,Bank:3:task_1:Tomcat02:2021-03-04 19:22:00,Bank:Tomcat02:2021-03-04 19:22:00,3,task_1,2021_03_04,Tomcat02,dockera1,22,-0.077734,0,0.0454545454545454,3.1354942159291497,1.0,1.0,0.0,0.0,0.0,0.0,0.0,0.0,1.0,1.0,0.6931471805599453,0.0,0.0,1.0,0.0666666666666666,1.0,0.0,0.382504,0.0,1.0,0.127973,0.0,0.0,0.0,0.0,1.0,0.124448,0.0,0.0,0.0,0.214772,0.555556,0.089401,0.008026,0.964343,0.144386,0.504537,0.247119,0.0,0.105436,0.0,0.5,0.0,0.5,0.100604,0.0,0.0,0.0,0.0,1.0,0.0,1.0,0.0,0.0,0.0,0.074047,0.050661,0.0,0.098889,0.0,1.0,0.0,0.0,0.0,0.0,0.0,0.0,0.0,0.0,0.0,0.0,0.0,0.0,0.0,0.0,0.0,0.0,0.0,0.0,0.0,0.0,0.0,0.0,-3.2492542,3,-0.8977737814479478,-1.1752237,-1.1915797084861406,-1.4853856355243333,-1.7791915327602037,-2.072997489600719,-2.66060928407246
Bank,Bank:3:task_1:Tomcat02:2021-03-04 19:22:00,Bank:Tomcat02:2021-03-04 19:22:00,3,task_1,2021_03_04,Tomcat02,tomcat02,23,-0.08411,1,0.0434782608695652,3.1780538303479458,1.0,1.0,0.0,0.0,0.0,0.0,0.0,0.0,1.0,1.0,0.6931471805599453,0.0,0.0,1.0,0.0,1.0,0.0,0.382504,0.0,1.0,0.127973,0.0,0.0,0.0,0.0,1.0,0.124448,0.0,0.0,0.0,0.15251,0.555556,0.075624,0.008026,0.964343,0.144386,0.504537,0.211756,0.0,0.089456,0.0,0.5,0.0,0.5,0.100604,0.0,0.0,0.0,0.0,1.0,0.0,1.0,0.0,0.0,0.0,0.074047,0.050661,0.0,0.098889,0.0,0.0,1.0,0.0,0.0,0.0,1.0,0.0,0.0,0.0,0.0,0.0,0.0,0.0,0.0,0.0,0.0,0.0,0.0,0.0,0.0,0.0,0.0,0.0,-2.5178318,3,-0.9295673469823016,-0.119152464,-0.9593554629754437,-0.9891435789685858,-1.0189316968243731,-1.04871981095487,-1.1082960466664447
Bank,Bank:3:task_1:Tomcat02:2021-03-04 19:22:00,Bank:Tomcat02:2021-03-04 19:22:00,3,task_1,2021_03_04,Tomcat02,servicetest6,24,-0.08658,0,0.0416666666666666,3.218875824868201,0.2855689389342715,0.4759482315571192,0.0,0.0,0.0,5.0,4.0,9.0,0.0,1.0,0.6931471805599453,3.058813175091674,2.1770760567081884,1.0,0.0,0.285569,0.395449,0.0,1.0,0.0,0.363062,1.0,0.0,1.0,0.0,0.536923,0.270435,0.555609,0.544269,1.0,0.59427,0.63024,0.704007,0.704094,0.80727,0.480581,0.841219,0.651055,0.428571,0.288764,1.0,0.5,0.394089,0.5,0.350549,0.162471,0.0,0.958106,0.0,0.0,1.0,0.0,1.0,0.003217,0.666667,0.844394,0.555636,0.80285,0.907598,0.0,1.0,0.0,0.0,0.0,0.0,0.0,0.0,0.0,0.0,0.0,0.0,1.0,0.0,0.0,0.0,0.0,0.0,0.0,0.0,0.0,0.0,0.0,0.0,-2.9704223,3,-0.9418838631162184,-0.7726295,-1.1350412379750745,-1.3281986128339307,-1.521355987692787,-1.714513362551643,-2.1008281122693555
Bank,Bank:3:task_1:Tomcat02:2021-03-04 19:22:00,Bank:Tomcat02:2021-03-04 19:22:00,3,task_1,2021_03_04,Tomcat02,tomcat01,25,-0.093127,0,0.04,3.258096538021482,1.0,1.0,0.0,0.0,0.0,0.0,0.0,0.0,1.0,1.0,0.6931471805599453,0.0,0.0,1.0,0.0,1.0,0.0,0.382504,0.0,1.0,0.127973,0.0,0.0,0.0,0.0,1.0,0.124448,0.0,0.0,0.0,0.065656,0.555556,0.056319,0.008026,0.964343,0.144386,0.504537,0.161132,0.0,0.066961,0.0,0.5,0.0,0.5,0.100604,0.0,0.0,0.0,0.0,1.0,0.0,1.0,0.0,0.0,0.0,0.074047,0.050661,0.0,0.098889,0.0,0.0,1.0,0.0,0.0,0.0,1.0,0.0,0.0,0.0,0.0,0.0,0.0,0.0,0.0,0.0,0.0,0.0,0.0,0.0,0.0,0.0,0.0,0.0,-2.472453,3,-0.9745301105367664,-0.053632017,-0.9879381148430232,-1.00134611914928,-1.0147541225242143,-1.0281621277617936,-1.054978134511662
Bank,Bank:3:task_1:Tomcat02:2021-03-04 19:22:00,Bank:Tomcat02:2021-03-04 19:22:00,3,task_1,2021_03_04,Tomcat02,servicetest4,26,-0.098054,0,0.0384615384615384,3.295836866004329,0.3888392419540143,0.6480654032566906,0.0,0.0,0.0,0.0,0.0,0.0,1.0,1.0,0.6931471805599453,0.0,0.0,1.0,0.0,0.388839,0.0,0.382504,0.0,1.0,0.065404,0.0,0.0,0.0,0.0,1.0,0.038157,0.0,0.0,0.0,0.59427,0.360036,0.110892,0.008026,0.964343,0.093572,0.504537,0.277455,0.0,0.127902,0.0,0.5,0.0,0.5,0.039119,0.0,0.0,0.0,0.0,1.0,0.0,1.0,0.0,0.0,0.0,0.080027,0.025892,0.0,0.098889,0.0,1.0,0.0,0.0,0.0,0.0,0.0,0.0,0.0,0.0,0.0,0.0,1.0,0.0,0.0,0.0,0.0,0.0,0.0,0.0,0.0,0.0,0.0,0.0,-3.2375226,3,-0.9990983190354743,-1.1582849,-1.2886695446786323,-1.5782407703217902,-1.8678119959649482,-2.1573832216081064,-2.7365256728944223
Bank,Bank:3:task_1:Tomcat02:2021-03-04 19:22:00,Bank:Tomcat02:2021-03-04 19:22:00,3,task_1,2021_03_04,Tomcat02,dockera2,27,-0.105561,0,0.037037037037037,3.332204510175204,0.0,0.0,0.0,0.0,0.0,0.0,0.0,0.0,1.0,1.0,0.6931471805599453,0.0,0.0,1.0,0.0,0.0,0.0,0.382504,0.0,1.0,0.0,0.0,0.0,0.0,0.0,0.777778,0.0,0.0,0.0,0.0,0.59427,0.0,0.0,0.008026,0.964343,0.0,0.504537,0.0,0.0,0.0,0.0,0.5,0.0,0.5,0.0,0.0,0.0,0.0,0.0,1.0,0.0,1.0,0.0,0.0,0.0,0.0,0.0,0.0,0.0,0.0,1.0,0.0,0.0,0.0,0.0,0.0,0.0,0.0,0.0,0.0,0.0,0.0,0.0,0.0,0.0,0.0,0.0,0.0,0.0,0.0,0.0,0.0,0.0,-2.8827102,3,-1.0365315524837793,-0.64598566,-1.1980279682180703,-1.3595243839523614,-1.5210208145878137,-1.6825172154209436,-2.005510076691848
Bank,Bank:3:task_1:Tomcat02:2021-03-04 19:22:00,Bank:Tomcat02:2021-03-04 19:22:00,3,task_1,2021_03_04,Tomcat02,dockerb1,28,-0.105561,0,0.0357142857142857,3.367295829986474,0.0,0.0,0.0,0.0,0.0,0.0,0.0,0.0,1.0,1.0,0.6931471805599453,0.0,0.0,1.0,0.0,0.0,0.0,0.382504,0.0,1.0,0.0,0.0,0.0,0.0,0.0,0.777778,0.0,0.0,0.0,0.0,0.59427,0.0,0.0,0.008026,0.964343,0.0,0.504537,0.0,0.0,0.0,0.0,0.5,0.0,0.5,0.0,0.0,0.0,0.0,0.0,1.0,0.0,1.0,0.0,0.0,0.0,0.0,0.0,0.0,0.0,0.0,1.0,0.0,0.0,0.0,0.0,0.0,0.0,0.0,0.0,0.0,0.0,0.0,0.0,0.0,0.0,0.0,0.0,0.0,0.0,0.0,0.0,0.0,0.0,-2.8827102,3,-1.0365315524837793,-0.64598566,-1.1980279682180703,-1.3595243839523614,-1.5210208145878137,-1.6825172154209436,-2.005510076691848
Bank,Bank:3:task_1:Tomcat02:2021-03-04 19:22:00,Bank:Tomcat02:2021-03-04 19:22:00,3,task_1,2021_03_04,Tomcat02,dockerb2,29,-0.105561,0,0.0344827586206896,3.4011973816621555,0.0,0.0,0.0,0.0,0.0,0.0,0.0,0.0,1.0,1.0,0.6931471805599453,0.0,0.0,1.0,0.0,0.0,0.0,0.382504,0.0,1.0,0.0,0.0,0.0,0.0,0.0,0.777778,0.0,0.0,0.0,0.0,0.59427,0.0,0.0,0.008026,0.964343,0.0,0.504537,0.0,0.0,0.0,0.0,0.5,0.0,0.5,0.0,0.0,0.0,0.0,0.0,1.0,0.0,1.0,0.0,0.0,0.0,0.0,0.0,0.0,0.0,0.0,1.0,0.0,0.0,0.0,0.0,0.0,0.0,0.0,0.0,0.0,0.0,0.0,0.0,0.0,0.0,0.0,0.0,0.0,0.0,0.0,0.0,0.0,0.0,-2.8827102,3,-1.0365315524837793,-0.64598566,-1.1980279682180703,-1.3595243839523614,-1.5210208145878137,-1.6825172154209436,-2.005510076691848
Bank,Bank:9:task_6:MG02:2021-03-07 00:32:00,Bank:MG02:2021-03-07 00:32:00,9,task_6,2021_03_07,MG02,mg02,1,0.808027,1,1.0,0.6931471805599453,0.9056603773584906,1.0,0.0,0.0,0.0,0.0,6.0,6.0,0.0,1.0,0.6931471805599453,0.0,3.623451040824079,1.0,0.0,0.90566,1.0,0.201197,0.485177,0.514823,1.0,0.965447,0.925263,1.0,1.0,0.362698,1.0,0.0,0.666816,1.0,0.113656,0.833066,0.925446,0.0,0.800569,0.881443,0.055392,0.629927,1.0,0.990624,1.0,0.0,1.0,0.0,1.0,0.186792,0.5,0.781662,0.0,0.0,1.0,0.267498,1.0,0.0,1.0,0.161132,1.0,0.45,0.227982,0.0,0.0,1.0,0.0,0.0,0.0,0.0,1.0,0.0,0.0,0.0,0.0,0.0,0.0,0.0,0.0,0.0,0.0,0.0,0.0,0.0,0.0,0.0,0.0,0.5530314,3,2.6834908102152006,2.2112002,3.236290869533743,3.7890909288522856,4.341890988170828,4.894691047489371,6.0002911661264555
Bank,Bank:9:task_6:MG02:2021-03-07 00:32:00,Bank:MG02:2021-03-07 00:32:00,9,task_6,2021_03_07,MG02,tomcat04,2,0.702346,0,0.5,1.0986122886681096,1.0,1.0,0.3773584905660377,0.0,0.0,0.0,2.0,2.0,0.0,1.0,0.6931471805599453,0.0,1.396905945097481,1.0,-0.0713888888888888,1.0,0.362787,0.292142,0.24574,0.75426,0.902236,0.762583,1.0,1.0,1.0,0.460472,0.808918,0.0,0.771208,1.0,0.102766,0.964167,0.964566,0.049344,0.792918,0.93453,0.0,0.700008,1.0,1.0,0.767827,0.869538,1.0,0.0,0.793393,0.396642,0.5,0.68871,0.0,0.0,1.0,0.856813,1.0,0.99986,1.0,0.615577,0.999787,0.999923,0.504409,0.0,0.0,1.0,0.0,0.0,0.0,1.0,0.0,0.0,0.0,0.0,0.0,0.0,0.0,0.0,0.0,0.0,0.0,0.0,0.0,0.0,0.0,0.0,0.0,0.6673072,3,2.2423545821344955,2.2995818,2.8172500236666305,3.3921454651987655,3.9670409663355453,4.541936348263036,5.6917273505365955
Bank,Bank:9:task_6:MG02:2021-03-07 00:32:00,Bank:MG02:2021-03-07 00:32:00,9,task_6,2021_03_07,MG02,tomcat01,3,0.502887,0,0.3333333333333333,1.3862943611198906,1.0,1.0,0.3773584905660377,0.0,0.0,0.0,2.0,2.0,0.0,1.0,0.6931471805599453,0.0,1.8113207547169807,1.0,-0.0725,1.0,0.432415,0.316225,0.181132,0.818868,0.564838,1.0,0.925263,1.0,1.0,0.460472,0.749247,0.0,1.0,1.0,0.076997,1.0,0.971279,0.157487,0.785114,1.0,0.509462,0.678,1.0,0.919232,0.730045,1.0,0.285714,0.0,0.434175,0.142812,0.5,0.800403,0.0,0.0,1.0,0.877028,1.0,1.0,0.333333,0.913911,0.676832,1.0,0.580799,0.0,0.0,1.0,0.0,0.0,0.0,1.0,0.0,0.0,0.0,0.0,0.0,0.0,0.0,0.0,0.0,0.0,0.0,0.0,0.0,0.0,0.0,0.0,0.0,-0.3781466,3,1.40976792117605,1.4910208,1.7825231208468417,2.1552783205176334,2.5280335499907474,2.9007887198592166,3.6462991788054446
Bank,Bank:9:task_6:MG02:2021-03-07 00:32:00,Bank:MG02:2021-03-07 00:32:00,9,task_6,2021_03_07,MG02,mysql01,4,0.441372,0,0.25,1.6094379124341005,0.9056603773584906,1.0,0.0,0.0,0.0,1.0,5.0,6.0,0.0,1.0,0.6931471805599453,0.9056603773584906,2.717790663465588,1.0,0.0,0.90566,0.750056,0.4247,0.442213,0.557787,0.795755,0.955399,0.0,1.0,0.277078,0.316094,0.761016,0.204377,0.600179,1.0,0.367212,0.799679,1.0,0.543167,0.282274,0.60326,0.768047,1.0,0.964286,0.644514,1.0,0.0,0.857143,0.0,0.823183,0.190695,0.5,0.72084,0.0,0.0,1.0,0.195327,1.0,0.0,1.0,0.403701,0.865932,0.45,0.525514,0.0,0.0,1.0,0.0,0.0,0.0,0.0,0.0,0.0,0.0,1.0,0.0,0.0,0.0,0.0,0.0,0.0,0.0,0.0,0.0,0.0,0.0,0.0,0.0,-1.96318,3,1.1529904959966462,0.2651454,1.2192768438030999,1.2855631916095536,1.3518495319654267,1.418135887222461,1.5507085679342072
Bank,Bank:9:task_6:MG02:2021-03-07 00:32:00,Bank:MG02:2021-03-07 00:32:00,9,task_6,2021_03_07,MG02,redis02,5,0.407749,0,0.2,1.791759469228055,0.8503083275344427,1.0,0.0,0.0,0.0,5.0,2.0,7.0,0.0,1.0,0.6931471805599453,3.5810077510229297,0.4947012847226776,1.0,0.0,0.850308,0.136528,0.453114,0.640142,0.359858,0.651758,0.700325,0.0,1.0,0.277078,0.156598,0.465599,0.808114,0.273116,1.0,0.43683,0.657146,0.931145,0.477481,0.982702,0.46469,0.364145,0.964569,0.821429,0.829158,1.0,0.0,1.0,0.0,0.430016,0.266667,0.5,0.538798,0.0,0.0,1.0,0.317276,1.0,0.0,1.0,0.524522,0.883308,0.45,0.742895,0.0,0.0,1.0,0.0,0.0,0.0,0.0,0.0,0.0,0.0,0.0,1.0,0.0,0.0,0.0,0.0,0.0,0.0,0.0,0.0,0.0,0.0,0.0,0.0,-2.1791658,3,1.0126405428663998,0.09810047,1.0371656599954873,1.0616907771245747,1.0862158905283719,1.1107410113827496,1.159791238190344
Bank,Bank:9:task_6:MG02:2021-03-07 00:32:00,Bank:MG02:2021-03-07 00:32:00,9,task_6,2021_03_07,MG02,servicetest9,6,0.355056,0,0.1666666666666666,1.9459101490553128,0.5308309708023288,0.884718284670548,0.0,0.0,0.0,6.0,0.0,6.0,0.0,1.0,0.6931471805599453,3.8118920854227096,0.0,1.0,0.0,0.530831,0.0,1.0,0.0,1.0,0.102899,0.0,0.669858,0.666667,0.241343,0.0,0.405179,0.860217,0.0,0.666667,0.273504,0.49151,0.540692,0.485077,0.99208,0.236802,0.364145,0.606647,0.5,0.555485,0.0,0.0,0.0,0.140046,0.074068,0.0,0.5,0.0,0.0,1.0,0.0,1.0,0.0,0.0,0.0,0.366997,0.038793,0.0,0.409733,0.0,1.0,0.0,0.0,0.0,0.0,0.0,0.0,0.0,0.0,0.0,0.0,1.0,0.0,0.0,0.0,0.0,0.0,0.0,0.0,0.0,0.0,0.0,0.0,-3.4075477,3,0.7926881269519346,-0.8519383,0.5797035501306074,0.36671897330928016,0.15373438158679176,-0.05925018033337426,-0.48521936377835106
Bank,Bank:9:task_6:MG02:2021-03-07 00:32:00,Bank:MG02:2021-03-07 00:32:00,9,task_6,2021_03_07,MG02,apache02,7,0.311057,0,0.1428571428571428,2.079441541679836,0.7920423126880374,1.0,0.0,0.0,0.0,4.0,2.0,6.0,0.0,1.0,0.6931471805599453,2.7889654383348925,0.9481036671596396,1.0,0.0,0.792042,0.261658,0.625103,0.482104,0.517896,0.379659,0.896717,0.0,1.0,0.277078,0.156598,0.472664,0.629376,0.523432,1.0,0.120383,0.755873,0.804812,0.588342,0.896263,0.548361,0.364145,0.587446,0.857143,0.653027,1.0,0.0,0.428571,0.0,0.550406,0.31827,0.5,0.680369,0.0,0.0,1.0,0.014719,1.0,0.0,1.0,0.717198,0.548388,0.45,0.707595,0.0,0.0,1.0,0.0,0.0,0.0,0.0,0.0,0.0,1.0,0.0,0.0,0.0,0.0,0.0,0.0,0.0,0.0,0.0,0.0,0.0,0.0,0.0,0.0,-1.0920653,3,0.6090264195558751,0.93887126,0.8437442356703008,1.0784620517847263,1.3131798380968296,1.5478976840135776,2.017333256637784
Bank,Bank:9:task_6:MG02:2021-03-07 00:32:00,Bank:MG02:2021-03-07 00:32:00,9,task_6,2021_03_07,MG02,servicetest11,8,0.302494,0,0.125,2.19722457733622,0.0977953396251967,0.1629922327086612,0.0,0.0,0.0,6.0,1.0,7.0,0.0,1.0,0.6931471805599453,4.431316078557373,0.3969059450974809,1.0,0.0,0.097795,0.109538,0.0,1.0,0.0,0.510983,0.691558,0.0,1.0,0.277078,0.150358,0.164261,1.0,0.43825,1.0,0.273504,0.453794,0.772282,0.562991,1.0,0.465573,0.364145,0.58185,0.785714,0.669085,1.0,0.0,0.857143,0.0,0.677196,1.0,0.5,0.945975,0.0,0.0,1.0,0.0108,1.0,0.0,1.0,0.598786,0.704464,0.45,0.679557,0.0,1.0,0.0,0.0,0.0,0.0,0.0,0.0,0.0,0.0,0.0,0.0,1.0,0.0,0.0,0.0,0.0,0.0,0.0,0.0,0.0,0.0,0.0,0.0,-2.1793108,3,0.5732825344577489,0.09798836,0.5977796243652759,0.6222767142728028,0.6467738023176847,0.6712708940878568,0.7202650701776204
Bank,Bank:9:task_6:MG02:2021-03-07 00:32:00,Bank:MG02:2021-03-07 00:32:00,9,task_6,2021_03_07,MG02,mysql02,9,0.29524,0,0.1111111111111111,2.302585092994046,0.9056603773584906,1.0,0.0,0.0,0.0,2.0,0.0,2.0,0.0,1.0,0.6931471805599453,1.9056603773584904,0.0,1.0,0.0,0.90566,0.0,0.855385,0.0,1.0,0.150135,0.0,0.925263,0.0,0.138539,0.0,0.476307,0.430044,0.0,0.0,0.293524,0.555556,0.407179,0.534782,0.74074,0.0,0.364145,0.51087,0.928571,0.379089,0.0,0.0,0.0,0.5,0.126369,0.0,0.5,0.0,0.0,1.0,0.0,1.0,0.0,0.0,0.0,0.442238,0.056601,0.0,0.499628,0.0,0.0,0.0,1.0,0.0,0.0,0.0,0.0,0.0,0.0,1.0,0.0,0.0,0.0,0.0,0.0,0.0,0.0,0.0,0.0,0.0,0.0,0.0,0.0,-2.7296858,3,0.5430027093378368,-0.32767534,0.4610838736978832,0.37916503805792956,0.29724620241797595,0.21532736677802233,0.05148969549811511
Bank,Bank:9:task_6:MG02:2021-03-07 00:32:00,Bank:MG02:2021-03-07 00:32:00,9,task_6,2021_03_07,MG02,redis01,10,0.285087,0,0.1,2.3978952727983707,0.9056603773584906,1.0,0.0,0.0,0.0,2.0,4.0,6.0,0.0,1.0,0.6931471805599453,1.8113207547169807,1.8121302861070976,1.0,0.0,0.90566,0.500112,0.59012,0.377766,0.622234,0.591727,0.937114,0.0,1.0,0.277078,0.249834,0.648741,0.408755,0.500223,1.0,0.0,0.749599,0.752881,0.562461,0.495242,0.541186,0.364145,0.389703,0.928571,0.518219,1.0,0.0,0.714286,0.0,0.442871,0.141944,0.5,0.4375,0.0,0.0,1.0,0.0,1.0,0.0,1.0,0.576776,0.695833,0.45,0.638686,0.0,0.0,0.0,0.0,1.0,0.0,0.0,0.0,0.0,0.0,0.0,1.0,0.0,0.0,0.0,0.0,0.0,0.0,0.0,0.0,0.0,0.0,0.0,0.0,-0.9607251,3,0.5006218071538736,1.0404507,0.7607344801980783,1.0208471532422831,1.2809598560888102,1.5410724993306926,2.0612979050237468
Bank,Bank:9:task_6:MG02:2021-03-07 00:32:00,Bank:MG02:2021-03-07 00:32:00,9,task_6,2021_03_07,MG02,servicetest10,11,0.231218,0,0.0909090909090909,2.4849066497880004,0.7596720128354453,1.0,0.0,0.0,0.0,3.0,3.0,6.0,0.0,1.0,0.6931471805599453,2.302566322455972,1.2804847209336214,1.0,0.0,0.759672,0.353388,0.65505,0.393301,0.606699,0.394555,1.0,0.0,0.666667,0.231598,0.265883,0.511972,0.519612,0.47129,0.666667,0.273504,0.824909,0.700685,0.685475,0.748213,0.424179,0.364145,0.888226,0.607143,0.526037,1.0,0.0,0.428571,0.280092,0.453476,0.205444,0.5,1.0,0.0,0.0,1.0,0.196471,1.0,0.0,0.5,0.749551,0.607298,0.45,0.806973,0.0,1.0,0.0,0.0,0.0,0.0,0.0,0.0,0.0,0.0,0.0,0.0,1.0,0.0,0.0,0.0,0.0,0.0,0.0,0.0,0.0,0.0,0.0,0.0,-2.8552415,3,0.27576050313063855,-0.424781,0.1695652544672131,0.06337000580378765,-0.04282525031021839,-0.14902049152306324,-0.3614110037510753
Bank,Bank:9:task_6:MG02:2021-03-07 00:32:00,Bank:MG02:2021-03-07 00:32:00,9,task_6,2021_03_07,MG02,servicetest3,12,0.178686,0,0.0833333333333333,2.5649493574615367,0.0719843062594207,0.1199738437657012,0.0,0.0,0.0,3.0,3.0,6.0,0.0,1.0,0.6931471805599453,2.716981132075472,1.7401459798476768,1.0,0.0,0.071984,0.480245,0.0,1.0,0.0,0.444212,0.934996,0.0,1.0,0.277078,0.265883,0.263208,0.613132,0.64047,1.0,0.273504,0.470571,0.818305,0.636207,0.874608,0.520426,0.867335,0.595321,0.892857,0.602266,1.0,0.0,0.571429,0.0,0.676962,0.370245,0.5,0.885554,0.0,0.0,1.0,0.109046,1.0,0.0,1.0,0.650118,0.636289,0.45,0.691818,0.0,1.0,0.0,0.0,0.0,0.0,0.0,0.0,0.0,0.0,0.0,0.0,1.0,0.0,0.0,0.0,0.0,0.0,0.0,0.0,0.0,0.0,0.0,0.0,-2.4155297,3,0.0564801373739215,-0.08470494,0.035303901623603924,0.01412766587328635,-0.007048571739676372,-0.028224805627348797,-0.07057728085327425
Bank,Bank:9:task_6:MG02:2021-03-07 00:32:00,Bank:MG02:2021-03-07 00:32:00,9,task_6,2021_03_07,MG02,servicetest6,13,0.149011,0,0.0769230769230769,2.639057329615259,0.6207657651141716,1.0,0.0,0.0,0.0,5.0,1.0,6.0,0.0,1.0,0.6931471805599453,3.191126320308538,0.5308309708023288,1.0,0.0,0.620766,0.146499,0.500474,0.598586,0.401414,0.214021,1.0,0.0,0.666667,0.238595,0.150358,0.317675,0.720131,0.586126,0.666667,0.273504,0.932752,0.719793,0.754667,0.950653,0.475219,0.568788,0.978613,0.535714,0.550497,1.0,0.0,0.142857,0.168055,0.231666,0.205444,0.5,1.0,0.0,0.0,1.0,0.287515,1.0,0.0,0.166667,0.873284,0.494123,0.45,0.870306,0.0,1.0,0.0,0.0,0.0,0.0,0.0,0.0,0.0,0.0,0.0,0.0,1.0,0.0,0.0,0.0,0.0,0.0,0.0,0.0,0.0,0.0,0.0,0.0,-2.5585551,3,-0.06738997710545451,-0.19532174,-0.11622041178543956,-0.16505084646542462,-0.21388128114540966,-0.2627117158253947,-0.3603725851853648
Bank,Bank:9:task_6:MG02:2021-03-07 00:32:00,Bank:MG02:2021-03-07 00:32:00,9,task_6,2021_03_07,MG02,dockera2,14,0.129932,0,0.0714285714285714,2.70805020110221,0.9056603773584906,1.0,0.0,0.0,0.0,0.0,0.0,0.0,1.0,1.0,0.6931471805599453,0.0,0.0,1.0,0.0666666666666666,0.90566,0.0,0.382504,0.0,1.0,0.166439,0.0,0.0,0.0,0.277078,0.818182,0.143885,0.0,0.0,0.0,1.0,0.555556,0.547738,0.102342,0.879063,0.280978,0.715388,0.820756,0.0,0.692546,0.0,0.0,0.0,0.0,0.126369,0.0,0.5,0.0,0.0,1.0,0.0,1.0,0.0,0.0,0.0,0.053047,0.062748,0.0,0.07314,0.0,0.0,0.0,0.0,1.0,0.0,0.0,0.0,0.0,0.0,0.0,0.0,0.0,0.0,0.0,0.0,0.0,0.0,0.0,0.0,0.0,0.0,0.0,0.0,-3.3179839,3,-0.1470300079109142,-0.782669,-0.3426972598554561,-0.538364511799998,-0.7340317488433787,-0.9296990156890819,-1.3210334897758433
Bank,Bank:9:task_6:MG02:2021-03-07 00:32:00,Bank:MG02:2021-03-07 00:32:00,9,task_6,2021_03_07,MG02,tomcat02,15,0.114241,0,0.0666666666666666,2.772588722239781,1.0,1.0,0.3773584905660377,0.0,0.0,1.0,5.0,6.0,0.0,1.0,0.6931471805599453,1.0,2.9458171111275573,1.0,-0.0563888888888888,1.0,0.726281,0.637925,0.117833,0.882167,0.800656,1.0,0.0,0.666667,0.208283,0.580199,0.822267,0.225667,0.650535,0.666667,0.051681,0.894945,0.705266,0.695641,0.10889,0.483961,1.0,0.562817,0.964286,0.301423,0.786698,0.840276,0.714286,0.253903,0.605413,0.12082,0.5,0.613281,0.0,0.0,1.0,0.805679,1.0,0.999178,0.833333,1.0,0.885754,0.999548,1.0,0.0,0.0,1.0,0.0,0.0,0.0,1.0,0.0,0.0,0.0,0.0,0.0,0.0,0.0,0.0,0.0,0.0,0.0,0.0,0.0,0.0,0.0,0.0,0.0,-0.26343817,3,-0.2125277658315844,1.5797371,0.1824065009740644,0.5773407677797132,0.9722750047830396,1.3672093013910107,2.1570777753976635
Bank,Bank:9:task_6:MG02:2021-03-07 00:32:00,Bank:MG02:2021-03-07 00:32:00,9,task_6,2021_03_07,MG02,servicetest8,16,0.112143,0,0.0625,2.833213344056216,0.3969059450974809,0.6615099084958017,0.0,0.0,0.0,3.0,5.0,8.0,0.0,1.0,0.6931471805599453,1.9481036671596397,2.9458171111275573,1.0,0.0,0.396906,0.812987,0.0,1.0,0.0,0.703566,1.0,0.038912,0.75,0.242858,0.398381,0.499869,0.439622,0.650535,0.75,0.273504,0.753908,0.752703,0.730435,0.504076,0.486648,1.0,0.832013,0.714286,0.43261,1.0,0.0,0.714286,0.330084,0.708435,0.186954,0.5,0.932005,0.0,0.0,1.0,0.114965,1.0,0.0,0.833333,0.612101,0.771707,0.45,0.765968,0.0,1.0,0.0,0.0,0.0,0.0,0.0,0.0,0.0,0.0,0.0,0.0,1.0,0.0,0.0,0.0,0.0,0.0,0.0,0.0,0.0,0.0,0.0,0.0,-2.991175,3,-0.22128528900522312,-0.5299128,-0.3537634963550004,-0.4862417037047776,-0.6187199110545548,-0.751198118404332,-1.0161545331038864
Bank,Bank:9:task_6:MG02:2021-03-07 00:32:00,Bank:MG02:2021-03-07 00:32:00,9,task_6,2021_03_07,MG02,ig01,17,0.08751,0,0.0588235294117647,2.8903717578961645,0.9056603773584906,1.0,0.0,0.0,0.0,2.0,4.0,6.0,0.0,1.0,0.6931471805599453,1.396905945097481,2.040156733769067,1.0,0.0,0.90566,0.563042,0.576635,0.394218,0.605782,0.587711,1.0,0.0,0.666667,0.227049,0.344567,0.650938,0.315235,0.563168,0.666667,0.220133,0.868682,0.698384,0.721448,0.149754,0.456415,0.949777,0.837118,0.642857,0.317007,1.0,0.0,0.571429,0.420138,0.421439,0.112994,0.5,0.4375,0.0,0.0,1.0,0.019557,1.0,0.0,0.666667,0.689049,0.664148,0.45,0.77463,0.0,0.0,1.0,0.0,0.0,0.0,0.0,0.0,1.0,0.0,0.0,0.0,0.0,0.0,0.0,0.0,0.0,0.0,0.0,0.0,0.0,0.0,0.0,0.0,-3.3832514,3,-0.3241089631407065,-0.8331474,-0.5323958147852225,-0.7406826664297385,-0.9489694882719321,-1.1572563697187706,-1.5738300134031578
Bank,Bank:9:task_6:MG02:2021-03-07 00:32:00,Bank:MG02:2021-03-07 00:32:00,9,task_6,2021_03_07,MG02,apache01,18,0.014113,0,0.0555555555555555,2.9444389791664403,0.9056603773584906,1.0,0.0,0.0,0.0,0.0,0.0,0.0,1.0,1.0,0.6931471805599453,0.0,0.0,1.0,0.0,0.90566,0.0,0.382504,0.0,1.0,0.166439,0.0,0.0,0.0,0.277078,0.818182,0.143885,0.0,0.0,0.0,0.21457,0.555556,0.14568,0.102342,0.879063,0.280978,0.715388,0.410873,0.0,0.409101,0.0,0.0,0.0,0.0,0.126369,0.0,0.5,0.0,0.0,1.0,0.0,1.0,0.0,0.0,0.0,0.053047,0.062748,0.0,0.07314,0.0,0.0,1.0,0.0,0.0,0.0,0.0,0.0,0.0,1.0,0.0,0.0,0.0,0.0,0.0,0.0,0.0,0.0,0.0,0.0,0.0,0.0,0.0,0.0,-3.456138,3,-0.6304845248068484,-0.88951826,-0.852864090045801,-1.0752436552847535,-1.2976232205237062,-1.5200027857626588,-1.964761916240564
Bank,Bank:9:task_6:MG02:2021-03-07 00:32:00,Bank:MG02:2021-03-07 00:32:00,9,task_6,2021_03_07,MG02,mg01,19,-0.001976,0,0.0526315789473684,2.995732273553991,0.9056603773584906,1.0,0.0,0.0,0.0,0.0,0.0,0.0,1.0,1.0,0.6931471805599453,0.0,0.0,1.0,0.0,0.90566,0.0,0.382504,0.0,1.0,0.166439,0.0,0.0,0.0,0.277078,0.818182,0.143885,0.0,0.0,0.0,0.143482,0.555556,0.10524,0.102342,0.879063,0.280978,0.715388,0.307774,0.0,0.376551,0.0,0.0,0.0,0.0,0.126369,0.0,0.5,0.0,0.0,1.0,0.0,1.0,0.0,0.0,0.0,0.053047,0.062748,0.0,0.07314,0.0,0.0,1.0,0.0,0.0,0.0,0.0,1.0,0.0,0.0,0.0,0.0,0.0,0.0,0.0,0.0,0.0,0.0,0.0,0.0,0.0,0.0,0.0,0.0,-2.8615885,3,-0.6976436241112689,-0.42968976,-0.8050660653553943,-0.9124885065995196,-1.019910947843645,-1.1273333890877704,-1.342178271576021
Bank,Bank:9:task_6:MG02:2021-03-07 00:32:00,Bank:MG02:2021-03-07 00:32:00,9,task_6,2021_03_07,MG02,servicetest4,20,-0.011279,0,0.05,3.044522437723423,0.4921917274963726,0.8203195458272878,0.0,0.0,0.0,0.0,0.0,0.0,1.0,1.0,0.6931471805599453,0.0,0.0,1.0,0.0,0.492192,0.0,0.382504,0.0,1.0,0.106891,0.0,0.0,0.0,0.277078,0.818182,0.070829,0.0,0.0,0.0,0.273504,0.455733,0.146263,0.102342,0.879063,0.260784,0.715388,0.39504,0.0,0.408439,0.0,0.0,0.0,0.0,0.068676,0.0,0.5,0.0,0.0,1.0,0.0,1.0,0.0,0.0,0.0,0.058409,0.040298,0.0,0.07314,0.0,1.0,0.0,0.0,0.0,0.0,0.0,0.0,0.0,0.0,0.0,0.0,1.0,0.0,0.0,0.0,0.0,0.0,0.0,0.0,0.0,0.0,0.0,0.0,-3.456138,3,-0.7364764354002877,-0.88951826,-0.9588560006392404,-1.181235565878193,-1.4036151311171456,-1.6259946963560983,-2.0707538268340038
Bank,Bank:9:task_6:MG02:2021-03-07 00:32:00,Bank:MG02:2021-03-07 00:32:00,9,task_6,2021_03_07,MG02,servicetest5,21,-0.012127,0,0.0476190476190476,3.091042453358316,0.1288879850171211,0.2148133083618685,0.0,0.0,0.0,4.0,2.0,6.0,0.0,1.0,0.6931471805599453,3.062238335291417,1.1515967359165002,1.0,0.0,0.128888,0.317818,0.0,1.0,0.0,0.269999,1.0,0.0,0.666667,0.235388,0.278654,0.160312,0.691045,0.635777,0.666667,0.273504,0.639215,0.63875,0.77068,0.934373,0.42847,0.741415,0.731285,0.571429,0.46003,1.0,0.0,0.285714,0.210069,0.330243,0.205444,0.5,1.0,0.0,0.0,1.0,0.124499,1.0,0.0,0.333333,0.866839,0.503331,0.45,0.870298,0.0,1.0,0.0,0.0,0.0,0.0,0.0,0.0,0.0,0.0,0.0,0.0,1.0,0.0,0.0,0.0,0.0,0.0,0.0,0.0,0.0,0.0,0.0,0.0,-3.0343971,3,-0.7400161778460673,-0.56334114,-0.8808514630328349,-1.0216867482196026,-1.1625220334063702,-1.3033573185931377,-1.585027888966673
Bank,Bank:9:task_6:MG02:2021-03-07 00:32:00,Bank:MG02:2021-03-07 00:32:00,9,task_6,2021_03_07,MG02,dockera1,22,-0.0515,0,0.0454545454545454,3.1354942159291497,0.0,0.0,0.0,0.0,0.0,0.0,0.0,0.0,1.0,1.0,0.6931471805599453,0.0,0.0,1.0,0.0,0.0,0.0,0.382504,0.0,1.0,0.0,0.0,0.0,0.0,0.277078,0.636364,0.004818,0.0,0.0,0.0,0.273504,0.0,0.0,0.102342,0.879063,0.168587,0.715388,0.0,0.0,0.289267,0.0,0.0,0.0,0.0,0.0,0.0,0.5,0.0,0.0,1.0,0.0,1.0,0.0,0.0,0.0,0.0,0.0,0.0,0.0,0.0,1.0,0.0,0.0,0.0,0.0,0.0,0.0,0.0,0.0,0.0,0.0,0.0,0.0,0.0,0.0,0.0,0.0,0.0,0.0,0.0,0.0,0.0,0.0,-3.191338,3,-0.9043679223244656,-0.6847203,-1.0755479917710293,-1.246728061217593,-1.4179081306641568,-1.5890882001107205,-1.931448339003848
Bank,Bank:9:task_6:MG02:2021-03-07 00:32:00,Bank:MG02:2021-03-07 00:32:00,9,task_6,2021_03_07,MG02,dockerb1,23,-0.0515,0,0.0434782608695652,3.1780538303479458,0.0,0.0,0.0,0.0,0.0,0.0,0.0,0.0,1.0,1.0,0.6931471805599453,0.0,0.0,1.0,0.0,0.0,0.0,0.382504,0.0,1.0,0.0,0.0,0.0,0.0,0.277078,0.636364,0.004818,0.0,0.0,0.0,0.273504,0.0,0.0,0.102342,0.879063,0.168587,0.715388,0.0,0.0,0.289267,0.0,0.0,0.0,0.0,0.0,0.0,0.5,0.0,0.0,1.0,0.0,1.0,0.0,0.0,0.0,0.0,0.0,0.0,0.0,0.0,1.0,0.0,0.0,0.0,0.0,0.0,0.0,0.0,0.0,0.0,0.0,0.0,0.0,0.0,0.0,0.0,0.0,0.0,0.0,0.0,0.0,0.0,0.0,-3.191338,3,-0.9043679223244656,-0.6847203,-1.0755479917710293,-1.246728061217593,-1.4179081306641568,-1.5890882001107205,-1.931448339003848
Bank,Bank:9:task_6:MG02:2021-03-07 00:32:00,Bank:MG02:2021-03-07 00:32:00,9,task_6,2021_03_07,MG02,dockerb2,24,-0.0515,0,0.0416666666666666,3.218875824868201,0.0,0.0,0.0,0.0,0.0,0.0,0.0,0.0,1.0,1.0,0.6931471805599453,0.0,0.0,1.0,0.0,0.0,0.0,0.382504,0.0,1.0,0.0,0.0,0.0,0.0,0.277078,0.636364,0.004818,0.0,0.0,0.0,0.273504,0.0,0.0,0.102342,0.879063,0.168587,0.715388,0.0,0.0,0.289267,0.0,0.0,0.0,0.0,0.0,0.0,0.5,0.0,0.0,1.0,0.0,1.0,0.0,0.0,0.0,0.0,0.0,0.0,0.0,0.0,1.0,0.0,0.0,0.0,0.0,0.0,0.0,0.0,0.0,0.0,0.0,0.0,0.0,0.0,0.0,0.0,0.0,0.0,0.0,0.0,0.0,0.0,0.0,-3.191338,3,-0.9043679223244656,-0.6847203,-1.0755479917710293,-1.246728061217593,-1.4179081306641568,-1.5890882001107205,-1.931448339003848
Bank,Bank:9:task_6:MG02:2021-03-07 00:32:00,Bank:MG02:2021-03-07 00:32:00,9,task_6,2021_03_07,MG02,tomcat03,25,-0.067852,0,0.04,3.258096538021482,1.0,1.0,0.3773584905660377,0.0,0.0,0.0,0.0,0.0,1.0,1.0,0.6931471805599453,0.0,0.0,1.0,-0.0033333333333333,1.0,0.0,0.382504,0.0,1.0,0.180026,0.0,0.0,0.0,0.277078,1.0,0.137901,0.0,0.0,0.0,0.076073,0.555556,0.066348,0.102342,0.879063,0.280978,0.715388,0.201135,0.0,0.344759,0.0,0.0,0.0,0.0,0.139532,0.0,0.5,0.0,0.0,1.0,0.0,1.0,0.0,0.0,0.0,0.118009,0.06787,0.0,0.14628,0.0,0.0,1.0,0.0,0.0,0.0,1.0,0.0,0.0,0.0,0.0,0.0,0.0,0.0,0.0,0.0,0.0,0.0,0.0,0.0,0.0,0.0,0.0,0.0,-2.8664255,3,-0.9726248426940278,-0.43343076,-1.0809825329687432,-1.1893402232434587,-1.2976979060675935,-1.4060556037928895,-1.6227709694411592
Bank,Bank:9:task_6:MG02:2021-03-07 00:32:00,Bank:MG02:2021-03-07 00:32:00,9,task_6,2021_03_07,MG02,servicetest1,26,-0.077641,0,0.0384615384615384,3.295836866004329,0.1373419551751978,0.2289032586253296,0.0,0.0,0.0,0.0,0.0,0.0,1.0,1.0,0.6931471805599453,0.0,0.0,1.0,0.0,0.137342,0.0,0.382504,0.0,1.0,0.055785,0.0,0.0,0.0,0.277078,0.818182,0.008131,0.0,0.0,0.0,0.273504,0.127168,0.040544,0.102342,0.879063,0.194314,0.715388,0.105837,0.0,0.322062,0.0,0.0,0.0,0.0,0.019164,0.0,0.5,0.0,0.0,1.0,0.0,1.0,0.0,0.0,0.0,0.06301,0.021031,0.0,0.07314,0.0,1.0,0.0,0.0,0.0,0.0,0.0,0.0,0.0,0.0,0.0,0.0,1.0,0.0,0.0,0.0,0.0,0.0,0.0,0.0,0.0,0.0,0.0,0.0,-3.4252737,3,-1.0134863271300383,-0.8656477,-1.2298982455317564,-1.4463101639334746,-1.6627220525328703,-1.8791340007369108,-2.311957777935702
Bank,Bank:9:task_6:MG02:2021-03-07 00:32:00,Bank:MG02:2021-03-07 00:32:00,9,task_6,2021_03_07,MG02,servicetest7,27,-0.078998,0,0.037037037037037,3.332204510175204,0.1299798709315057,0.2166331182191762,0.0,0.0,0.0,0.0,0.0,0.0,1.0,1.0,0.6931471805599453,0.0,0.0,1.0,0.0,0.12998,0.0,0.382504,0.0,1.0,0.054725,0.0,0.0,0.0,0.277078,0.818182,0.00683,0.0,0.0,0.0,0.273504,0.120352,0.038365,0.102342,0.879063,0.192935,0.715388,0.100075,0.0,0.320294,0.0,0.0,0.0,0.0,0.018136,0.0,0.5,0.0,0.0,1.0,0.0,1.0,0.0,0.0,0.0,0.063105,0.020631,0.0,0.07314,0.0,1.0,0.0,0.0,0.0,0.0,0.0,0.0,0.0,0.0,0.0,0.0,1.0,0.0,0.0,0.0,0.0,0.0,0.0,0.0,0.0,0.0,0.0,0.0,-3.4252737,3,-1.0191507498882022,-0.8656477,-1.2355626682899203,-1.4519745866916385,-1.6683864752910342,-1.8847984234950748,-2.317622200693866
Bank,Bank:9:task_6:MG02:2021-03-07 00:32:00,Bank:MG02:2021-03-07 00:32:00,9,task_6,2021_03_07,MG02,servicetest2,28,-0.086107,0,0.0357142857142857,3.367295829986474,0.091322911692889,0.1522048528214817,0.0,0.0,0.0,0.0,0.0,0.0,1.0,1.0,0.6931471805599453,0.0,0.0,1.0,0.0,0.091323,0.0,0.382504,0.0,1.0,0.049158,0.0,0.0,0.0,0.277078,0.818182,0.0,0.0,0.0,0.0,0.273504,0.084558,0.026935,0.102342,0.879063,0.185693,0.715388,0.069984,0.0,0.311032,0.0,0.0,0.0,0.0,0.012742,0.0,0.5,0.0,0.0,1.0,0.0,1.0,0.0,0.0,0.0,0.063607,0.018533,0.0,0.07314,0.0,1.0,0.0,0.0,0.0,0.0,0.0,0.0,0.0,0.0,0.0,0.0,1.0,0.0,0.0,0.0,0.0,0.0,0.0,0.0,0.0,0.0,0.0,0.0,-3.4252737,3,-1.0488253124436826,-0.8656477,-1.2652372308454007,-1.4816491492471189,-1.6980610378465146,-1.9144729860505552,-2.3472967632493464
Bank,Bank:9:task_6:MG02:2021-03-07 00:32:00,Bank:MG02:2021-03-07 00:32:00,9,task_6,2021_03_07,MG02,ig02,29,-0.148185,0,0.0344827586206896,3.4011973816621555,0.9056603773584906,1.0,0.0,0.0,0.0,1.0,1.0,2.0,0.0,1.0,0.6931471805599453,1.0,0.9056603773584906,1.0,0.0,0.90566,0.249944,0.234388,0.7,0.3,0.347603,1.0,0.0,0.0,0.0,0.150358,0.373834,0.225667,1.0,0.0,0.036476,1.0,0.455949,1.0,0.0,0.344384,0.568788,0.435713,0.964286,0.0,1.0,0.0,0.142857,1.0,0.24293,0.112994,0.5,0.4375,0.0,0.0,1.0,0.318279,1.0,0.0,0.166667,0.904453,0.553504,0.45,0.970682,0.0,0.0,1.0,0.0,0.0,0.0,0.0,0.0,1.0,0.0,0.0,0.0,0.0,0.0,0.0,0.0,0.0,0.0,0.0,0.0,0.0,0.0,0.0,0.0,0.10494902,3,-1.3079528260629145,1.8646501,-0.8417902934949366,-0.3756277609269587,0.09053474183869681,0.5566973042089971,1.4890223097403081
Bank,Bank:13:task_4:apache02:2021-03-07 18:59:00,Bank:apache02:2021-03-07 18:59:00,13,task_4,2021_03_07,apache02,apache01,1,0.559873,0,1.0,0.6931471805599453,0.9056603773584906,1.0,0.0,0.0,0.0,0.0,3.0,3.0,0.0,1.0,0.6931471805599453,0.0,2.716981132075472,1.0,0.0,0.90566,0.540471,0.0,1.0,0.0,0.733188,0.8,0.925263,1.0,1.0,0.477699,0.675718,0.0,0.957265,1.0,0.076012,0.948849,0.889746,0.299903,0.783957,1.0,0.872558,0.569358,1.0,0.865027,1.0,0.0,0.875,0.0,0.847855,0.596778,0.0,0.8125,0.0,0.0,1.0,0.188234,1.0,0.0,1.0,0.159598,0.889711,0.45,0.18343,1.0,0.0,0.0,0.0,0.0,0.0,0.0,0.0,0.0,1.0,0.0,0.0,0.0,0.0,0.0,0.0,0.0,0.0,0.0,0.0,0.0,0.0,0.0,0.0,1.3016284,3,2.4624969613852103,2.8240159,3.1685009253325065,3.8745048892798026,4.5805089128317436,5.286512817174395,6.698520864278277
Bank,Bank:13:task_4:apache02:2021-03-07 18:59:00,Bank:apache02:2021-03-07 18:59:00,13,task_4,2021_03_07,apache02,mg02,2,0.541225,0,0.5,1.0986122886681096,0.9056603773584906,1.0,0.0,0.0,0.0,1.0,0.0,1.0,0.0,1.0,0.6931471805599453,0.0134845804760064,0.0,1.0,0.0,0.90566,0.0,0.856503,0.0,1.0,0.095689,0.0,0.015332,1.0,0.077856,0.037028,0.326778,0.001791,0.0,1.0,0.071118,0.527138,0.590438,0.0,0.912792,0.581228,0.0,0.329136,0.5,1.0,0.0,0.0,0.0,0.0,0.084542,0.0,0.0,0.0,0.0,1.0,0.0,1.0,0.0,0.0,0.0,0.068589,0.037995,0.0,0.100655,0.0,0.0,1.0,0.0,0.0,0.0,0.0,1.0,0.0,0.0,0.0,0.0,0.0,0.0,0.0,0.0,0.0,0.0,0.0,0.0,0.0,0.0,0.0,0.0,-2.1891189,3,2.376682440361377,0.11904721,2.406444242766496,2.4362060451716148,2.4659678438514434,2.4957296499818526,2.55525324734151
Bank,Bank:13:task_4:apache02:2021-03-07 18:59:00,Bank:apache02:2021-03-07 18:59:00,13,task_4,2021_03_07,apache02,apache02,3,0.348033,1,0.3333333333333333,1.3862943611198906,0.9056603773584906,1.0,0.0,0.0,0.0,1.0,2.0,3.0,0.0,1.0,0.6931471805599453,0.9056603773584906,1.8113207547169807,1.0,0.0,0.90566,0.360314,0.0,1.0,0.0,0.615255,0.766667,0.0,1.0,0.129273,0.364994,0.468697,0.120301,0.957265,1.0,0.162165,0.948849,0.881592,0.778841,0.143266,0.69393,0.831816,0.681206,0.964286,0.495475,1.0,0.0,0.75,0.0,0.937246,1.0,0.0,1.0,0.0,0.0,1.0,0.195547,1.0,0.0,1.0,0.289731,0.812053,0.45,0.38986,0.0,0.0,1.0,0.0,0.0,0.0,0.0,0.0,0.0,1.0,0.0,0.0,0.0,0.0,0.0,0.0,0.0,0.0,0.0,0.0,0.0,0.0,0.0,0.0,-0.65243953,3,1.4876498928690771,1.3098149,1.8151036253596167,2.142557357850156,2.4700110903406958,2.7974648228312353,3.4523722878123144
Bank,Bank:13:task_4:apache02:2021-03-07 18:59:00,Bank:apache02:2021-03-07 18:59:00,13,task_4,2021_03_07,apache02,ig01,4,0.320974,0,0.25,1.6094379124341005,0.9056603773584906,1.0,0.0,0.0,0.0,2.0,5.0,7.0,0.0,1.0,0.6931471805599453,1.8113207547169807,4.528301886792453,1.0,0.0,0.90566,0.900786,0.305201,0.7504,0.2496,0.721422,0.941667,0.0,1.0,0.129273,0.602756,0.760999,0.240602,0.957265,1.0,0.426603,0.948849,1.0,0.834297,0.0,0.662047,0.990531,1.0,0.928571,0.526461,1.0,0.0,0.75,0.0,0.914808,0.411549,0.0,0.969295,0.0,0.0,1.0,0.07051,1.0,0.0,1.0,0.37156,0.815593,0.45,0.551383,0.0,0.0,1.0,0.0,0.0,0.0,0.0,0.0,1.0,0.0,0.0,0.0,0.0,0.0,0.0,0.0,0.0,0.0,0.0,0.0,0.0,0.0,0.0,0.0,-2.7675295,3,1.3631295623036594,-0.3291613,1.2808392407151432,1.198548919126627,1.1162585975381107,1.0339682759495945,0.869387632772562
Bank,Bank:13:task_4:apache02:2021-03-07 18:59:00,Bank:apache02:2021-03-07 18:59:00,13,task_4,2021_03_07,apache02,mysql01,5,0.27746,0,0.2,1.791759469228055,0.9056603773584906,1.0,0.0,0.0,0.0,3.0,4.0,7.0,0.0,1.0,0.6931471805599453,2.716981132075472,3.6226415094339615,1.0,0.0,0.90566,0.720629,0.335521,0.763,0.237,0.603757,0.93,0.0,1.0,0.129273,0.55407,0.647738,0.360902,0.957265,1.0,0.278541,0.948849,0.917159,0.840511,0.716478,0.662047,0.974281,0.827769,0.892857,0.561543,1.0,0.0,0.625,0.0,0.773024,0.431299,0.0,0.963376,0.0,0.0,1.0,0.170876,1.0,0.0,1.0,0.415947,0.766779,0.45,0.597561,0.0,0.0,1.0,0.0,0.0,0.0,0.0,0.0,0.0,0.0,1.0,0.0,0.0,0.0,0.0,0.0,0.0,0.0,0.0,0.0,0.0,0.0,0.0,0.0,-2.4180121,3,1.1628864762981317,-0.05832144,1.148306116615691,1.1337257569332502,1.1191453991134546,1.1045650375683687,1.0754043219287774
Bank,Bank:13:task_4:apache02:2021-03-07 18:59:00,Bank:apache02:2021-03-07 18:59:00,13,task_4,2021_03_07,apache02,tomcat02,6,0.277438,0,0.1666666666666666,1.9459101490553128,1.0,1.0,0.3773584905660377,0.0,0.0,1.0,6.0,7.0,0.0,1.0,0.6931471805599453,1.0,5.622641509433962,1.0,-0.0811111111111111,1.0,1.0,0.713109,0.198289,0.801711,0.870058,0.951445,0.0,1.0,0.170818,0.846747,0.971946,0.132832,0.990503,1.0,0.105596,0.988633,0.86166,0.841761,0.022695,0.682877,1.0,0.630008,0.964286,0.3815,0.772761,0.774748,0.875,0.0,1.0,0.36123,0.0,0.977183,0.0,0.0,1.0,0.823856,1.0,0.999045,1.0,0.640045,1.0,0.999475,0.813252,0.0,0.0,1.0,0.0,0.0,0.0,1.0,0.0,0.0,0.0,0.0,0.0,0.0,0.0,0.0,0.0,0.0,0.0,0.0,0.0,0.0,0.0,0.0,0.0,-1.0746862,3,1.162785236515714,0.98261744,1.408439595975591,1.654093955435468,1.8997483297965063,2.145402674355222,2.6367114230772986
Bank,Bank:13:task_4:apache02:2021-03-07 18:59:00,Bank:apache02:2021-03-07 18:59:00,13,task_4,2021_03_07,apache02,tomcat01,7,0.232945,0,0.1428571428571428,2.079441541679836,1.0,1.0,0.3773584905660377,0.0,0.0,0.0,7.0,7.0,0.0,1.0,0.6931471805599453,0.0,6.622641509433962,1.0,-0.0566666666666666,1.0,0.917534,0.270905,0.427105,0.572895,1.0,0.957895,1.0,0.428571,0.502442,0.864928,1.0,0.0,1.0,0.428571,0.136155,1.0,0.721832,0.416912,0.763804,0.769293,0.962489,0.663806,1.0,0.651455,0.399877,0.493299,1.0,0.0,0.87845,0.271739,1.0,0.97426,0.0,0.0,1.0,0.788505,1.0,0.997552,1.0,0.757857,0.843451,0.998654,0.854882,0.0,0.0,1.0,0.0,0.0,0.0,1.0,0.0,0.0,0.0,0.0,0.0,0.0,0.0,0.0,0.0,0.0,0.0,0.0,0.0,0.0,0.0,0.0,0.0,-0.7337754,3,0.9580369801926009,1.2467881,1.269734016220509,1.5814310522484174,1.8931281180786481,2.204825124304234,2.8282192559646955
Bank,Bank:13:task_4:apache02:2021-03-07 18:59:00,Bank:apache02:2021-03-07 18:59:00,13,task_4,2021_03_07,apache02,redis02,8,0.129395,0,0.125,2.19722457733622,0.9056603773584906,1.0,0.0,0.0,0.0,5.0,1.0,6.0,0.0,1.0,0.6931471805599453,4.622641509433962,0.0134845804760064,1.0,0.0,0.90566,0.002682,0.999094,0.262422,0.737578,0.149307,0.655135,0.714177,0.666667,0.023871,0.058146,0.372762,0.614035,0.014253,0.666667,0.071255,0.407793,0.402705,0.566361,0.995219,0.071583,0.784798,0.252132,0.571429,0.354454,1.0,0.0,0.25,0.387634,0.152181,0.33837,0.0,0.695946,0.0,0.0,1.0,0.051297,1.0,0.0,0.333333,0.59514,0.450135,0.45,0.671028,0.0,0.0,1.0,0.0,0.0,0.0,0.0,0.0,0.0,0.0,0.0,1.0,0.0,0.0,0.0,0.0,0.0,0.0,0.0,0.0,0.0,0.0,0.0,0.0,-2.0603135,3,0.4815197315858901,0.2188581,0.5362342548417152,0.5909487780975402,0.6456632939027847,0.7003778246091903,0.8098068562196792
Bank,Bank:13:task_4:apache02:2021-03-07 18:59:00,Bank:apache02:2021-03-07 18:59:00,13,task_4,2021_03_07,apache02,tomcat04,9,0.106393,0,0.1111111111111111,2.302585092994046,1.0,1.0,0.3773584905660377,0.0,0.0,3.0,1.0,4.0,0.0,1.0,0.6931471805599453,3.0,0.9056603773584906,1.0,-0.08,1.0,0.15352,1.0,0.182103,0.817897,0.198712,0.994865,0.0,0.5,0.15452,0.427988,0.429308,0.398496,0.957265,0.5,0.185101,0.948849,0.682385,0.927505,0.817581,0.436745,0.851011,0.708104,0.892857,0.360643,0.704288,1.0,0.25,0.011573,0.253417,0.495607,0.0,0.861199,0.0,0.0,1.0,0.90783,1.0,1.0,0.5,1.0,0.551626,1.0,0.951753,0.0,0.0,1.0,0.0,0.0,0.0,1.0,0.0,0.0,0.0,0.0,0.0,0.0,0.0,0.0,0.0,0.0,0.0,0.0,0.0,0.0,0.0,0.0,0.0,-1.2309979,3,0.37566893725994543,0.861492,0.5910419318020673,0.8064149263441892,1.0217879357874722,1.2371609154284329,1.667906934314999
Bank,Bank:13:task_4:apache02:2021-03-07 18:59:00,Bank:apache02:2021-03-07 18:59:00,13,task_4,2021_03_07,apache02,servicetest10,10,0.04423,0,0.1,2.3978952727983707,0.0134845804760064,0.0224743007933441,0.0,0.0,0.0,1.0,1.0,2.0,0.0,1.0,0.6931471805599453,0.9056603773584906,0.9056603773584906,1.0,0.0,0.013485,0.180157,0.0,1.0,0.0,0.123033,1.0,0.355399,1.0,0.014289,0.0,0.124391,0.120301,0.957265,1.0,0.243654,0.562381,0.695216,0.853407,0.143266,0.594822,0.775961,0.533067,0.535714,0.30551,1.0,0.0,0.125,0.0,0.07924,0.182903,0.0,0.4375,0.0,0.0,1.0,0.149173,1.0,0.0,0.166667,0.474453,0.436841,0.45,0.467473,0.0,1.0,0.0,0.0,0.0,0.0,0.0,0.0,0.0,0.0,0.0,0.0,1.0,0.0,0.0,0.0,0.0,0.0,0.0,0.0,0.0,0.0,0.0,0.0,-2.6313357,3,0.08960672842229253,-0.2236252,0.033700428920635045,-0.02220587058102244,-0.07811217380797023,-0.1340184695843374,-0.24583107603823298
Bank,Bank:13:task_4:apache02:2021-03-07 18:59:00,Bank:apache02:2021-03-07 18:59:00,13,task_4,2021_03_07,apache02,dockerb1,11,0.027286,0,0.0909090909090909,2.4849066497880004,0.9056603773584906,1.0,0.0,0.0,0.0,0.0,0.0,0.0,1.0,1.0,0.6931471805599453,0.0,0.0,1.0,0.05,0.90566,0.0,0.46369,0.0,1.0,0.095759,0.0,0.0,0.0,0.129273,1.0,0.114512,0.0,0.0,0.0,1.0,0.527138,0.491195,0.253944,0.911169,0.135181,0.898444,0.630696,0.0,0.601842,0.0,0.0,0.0,0.0,0.084542,0.0,0.0,0.0,0.0,1.0,0.0,1.0,0.0,0.0,0.0,0.051388,0.038023,0.0,0.077252,0.0,0.0,0.0,0.0,1.0,0.0,0.0,0.0,0.0,0.0,0.0,0.0,0.0,0.0,0.0,0.0,0.0,0.0,0.0,0.0,0.0,0.0,0.0,0.0,-3.4687688,3,0.011633688727535351,-0.87254936,-0.2065036500299796,-0.42464098878749457,-0.6427783424461707,-0.8609156663025245,-1.2971903736198767
Bank,Bank:13:task_4:apache02:2021-03-07 18:59:00,Bank:apache02:2021-03-07 18:59:00,13,task_4,2021_03_07,apache02,mysql02,12,0.021115,0,0.0833333333333333,2.5649493574615367,0.9056603773584906,1.0,0.0,0.0,0.0,7.0,2.0,9.0,0.0,1.0,0.6931471805599453,6.6226415094339615,1.8113207547169807,1.0,0.0,0.90566,0.360314,0.460956,0.701876,0.298124,0.289822,0.997414,0.0,0.333333,0.028727,0.364994,0.410976,0.879699,0.957265,0.333333,0.336839,0.948849,0.639094,0.993786,0.999874,0.361645,0.906865,0.880436,0.678571,0.321242,1.0,0.0,0.375,0.714286,0.417151,0.466447,0.0,0.906259,0.0,0.0,1.0,0.167957,1.0,0.0,0.666667,0.651533,0.575046,0.45,0.862836,0.0,0.0,1.0,0.0,0.0,0.0,0.0,0.0,0.0,0.0,1.0,0.0,0.0,0.0,0.0,0.0,0.0,0.0,0.0,0.0,0.0,0.0,0.0,0.0,-2.7640827,3,-0.01676407024061543,-0.32649034,-0.09838665589487416,-0.1800092415491329,-0.2616318272033916,-0.34325441285765035,-0.5064995841661678
Bank,Bank:13:task_4:apache02:2021-03-07 18:59:00,Bank:apache02:2021-03-07 18:59:00,13,task_4,2021_03_07,apache02,ig02,13,-0.000544,0,0.0769230769230769,2.639057329615259,0.9056603773584906,1.0,0.0,0.0,0.0,5.0,4.0,9.0,0.0,1.0,0.6931471805599453,4.811320754716981,3.6226415094339615,1.0,0.0,0.90566,0.720629,0.462323,0.700938,0.299062,0.518307,0.998702,0.0,0.333333,0.0,0.55407,0.624558,0.639098,0.957265,0.333333,0.163505,0.948849,0.57015,0.981358,0.99454,0.361645,0.974281,0.658353,0.75,0.238231,1.0,0.0,0.625,1.0,0.700718,0.399499,0.0,0.945275,0.0,0.0,1.0,0.155903,1.0,0.0,1.0,0.590434,0.728226,0.45,0.890888,0.0,0.0,1.0,0.0,0.0,0.0,0.0,0.0,1.0,0.0,0.0,0.0,0.0,0.0,0.0,0.0,0.0,0.0,0.0,0.0,0.0,0.0,0.0,0.0,-0.5041475,3,-0.11643463603079164,1.424726,0.2397468663114325,0.5959283686536566,0.9521098709958807,1.3082913733381047,2.020654378022553
Bank,Bank:13:task_4:apache02:2021-03-07 18:59:00,Bank:apache02:2021-03-07 18:59:00,13,task_4,2021_03_07,apache02,redis01,14,-0.039931,0,0.0714285714285714,2.70805020110221,0.9056603773584906,1.0,0.0,0.0,0.0,8.0,1.0,9.0,0.0,1.0,0.6931471805599453,7.528301886792452,0.9056603773584906,1.0,0.0,0.90566,0.180157,0.458218,0.703752,0.296248,0.18735,0.994865,0.0,0.333333,0.038782,0.213994,0.31317,1.0,0.957265,0.333333,0.062352,0.948849,0.490134,1.0,1.0,0.361645,0.851011,0.51466,0.642857,0.180068,1.0,0.0,0.25,0.625,0.275368,0.600343,0.0,0.854333,0.0,0.0,1.0,0.028975,1.0,0.0,0.5,0.686003,0.458347,0.45,0.824502,0.0,0.0,1.0,0.0,0.0,0.0,0.0,0.0,0.0,0.0,0.0,1.0,0.0,0.0,0.0,0.0,0.0,0.0,0.0,0.0,0.0,0.0,0.0,0.0,-0.9501026,3,-0.29768605921642677,1.0791569,-0.027896840313838878,0.241892378588749,0.5116815974913369,0.7814708163939248,1.3210492541991006
Bank,Bank:13:task_4:apache02:2021-03-07 18:59:00,Bank:apache02:2021-03-07 18:59:00,13,task_4,2021_03_07,apache02,mg01,15,-0.066236,0,0.0666666666666666,2.772588722239781,0.9056603773584906,1.0,0.0,0.0,0.0,6.0,3.0,9.0,0.0,1.0,0.6931471805599453,5.716981132075471,2.716981132075472,1.0,0.0,0.90566,0.540471,0.461867,0.701251,0.298749,0.400938,0.998272,0.0,0.333333,0.016159,0.477699,0.515091,0.759398,0.957265,0.333333,0.0,0.948849,0.476534,0.987572,0.999114,0.361645,0.947607,0.424803,0.714286,0.146664,1.0,0.0,0.5,0.833333,0.558935,0.421815,0.0,0.930894,0.0,0.0,1.0,0.0,1.0,0.0,0.833333,0.649166,0.600386,0.45,0.880633,0.0,0.0,1.0,0.0,0.0,0.0,0.0,1.0,0.0,0.0,0.0,0.0,0.0,0.0,0.0,0.0,0.0,0.0,0.0,0.0,0.0,0.0,0.0,0.0,-1.1156982,3,-0.41873662632989395,0.9508374,-0.18102728289651382,0.05668206053686631,0.29439140397024643,0.5321007474036266,1.0075194342703868
Bank,Bank:13:task_4:apache02:2021-03-07 18:59:00,Bank:apache02:2021-03-07 18:59:00,13,task_4,2021_03_07,apache02,tomcat03,16,-0.089469,0,0.0625,2.833213344056216,1.0,1.0,0.3773584905660377,0.0,0.0,2.0,5.0,7.0,0.0,1.0,0.6931471805599453,2.0,4.622641509433962,1.0,-0.055,1.0,0.683408,0.734818,0.357947,0.642053,0.740131,0.942662,0.0,0.142857,0.054906,0.81675,0.770371,0.265664,0.977208,0.142857,0.049309,0.97272,0.491289,0.991637,0.068326,0.288313,0.990531,0.467798,0.928571,0.0,0.513399,0.643562,0.75,0.421166,0.728851,0.315027,0.0,0.968682,0.0,0.0,1.0,0.775678,1.0,0.998252,1.0,0.901009,0.740245,0.999039,1.0,0.0,0.0,1.0,0.0,0.0,0.0,1.0,0.0,0.0,0.0,0.0,0.0,0.0,0.0,0.0,0.0,0.0,0.0,0.0,0.0,0.0,0.0,0.0,0.0,-0.49893886,3,-0.5256504383712239,1.4287622,-0.16845988899759723,0.18873066037602948,0.5459211501450114,0.9031117591232829,1.6174927386612468
Bank,Bank:13:task_4:apache02:2021-03-07 18:59:00,Bank:apache02:2021-03-07 18:59:00,13,task_4,2021_03_07,apache02,dockera1,17,-0.120748,0,0.0588235294117647,2.8903717578961645,0.0,0.0,0.0,0.0,0.0,0.0,0.0,0.0,1.0,1.0,0.6931471805599453,0.0,0.0,1.0,0.0,0.0,0.0,0.46369,0.0,1.0,0.0,0.0,0.0,0.0,0.129273,0.786006,0.006135,0.0,0.0,0.0,0.243654,0.0,0.0,0.253944,0.911169,0.0,0.898444,0.0,0.0,0.160599,0.0,0.0,0.0,0.0,0.0,0.0,0.0,0.0,0.0,1.0,0.0,1.0,0.0,0.0,0.0,0.0,0.0,0.0,0.0,0.0,1.0,0.0,0.0,0.0,0.0,0.0,0.0,0.0,0.0,0.0,0.0,0.0,0.0,0.0,0.0,0.0,0.0,0.0,0.0,0.0,0.0,0.0,0.0,-3.1785023,3,-0.6695903999276632,-0.64762276,-0.8314960909553045,-0.9934017819829458,-1.155307458109426,-1.3172131640382285,-1.6410245162911887
Bank,Bank:13:task_4:apache02:2021-03-07 18:59:00,Bank:apache02:2021-03-07 18:59:00,13,task_4,2021_03_07,apache02,dockera2,18,-0.120748,0,0.0555555555555555,2.9444389791664403,0.0,0.0,0.0,0.0,0.0,0.0,0.0,0.0,1.0,1.0,0.6931471805599453,0.0,0.0,1.0,0.0,0.0,0.0,0.46369,0.0,1.0,0.0,0.0,0.0,0.0,0.129273,0.786006,0.006135,0.0,0.0,0.0,0.243654,0.0,0.0,0.253944,0.911169,0.0,0.898444,0.0,0.0,0.160599,0.0,0.0,0.0,0.0,0.0,0.0,0.0,0.0,0.0,1.0,0.0,1.0,0.0,0.0,0.0,0.0,0.0,0.0,0.0,0.0,1.0,0.0,0.0,0.0,0.0,0.0,0.0,0.0,0.0,0.0,0.0,0.0,0.0,0.0,0.0,0.0,0.0,0.0,0.0,0.0,0.0,0.0,0.0,-3.1785023,3,-0.6695903999276632,-0.64762276,-0.8314960909553045,-0.9934017819829458,-1.155307458109426,-1.3172131640382285,-1.6410245162911887
Bank,Bank:13:task_4:apache02:2021-03-07 18:59:00,Bank:apache02:2021-03-07 18:59:00,13,task_4,2021_03_07,apache02,dockerb2,19,-0.120748,0,0.0526315789473684,2.995732273553991,0.0,0.0,0.0,0.0,0.0,0.0,0.0,0.0,1.0,1.0,0.6931471805599453,0.0,0.0,1.0,0.0,0.0,0.0,0.46369,0.0,1.0,0.0,0.0,0.0,0.0,0.129273,0.786006,0.006135,0.0,0.0,0.0,0.243654,0.0,0.0,0.253944,0.911169,0.0,0.898444,0.0,0.0,0.160599,0.0,0.0,0.0,0.0,0.0,0.0,0.0,0.0,0.0,1.0,0.0,1.0,0.0,0.0,0.0,0.0,0.0,0.0,0.0,0.0,1.0,0.0,0.0,0.0,0.0,0.0,0.0,0.0,0.0,0.0,0.0,0.0,0.0,0.0,0.0,0.0,0.0,0.0,0.0,0.0,0.0,0.0,0.0,-3.1785023,3,-0.6695903999276632,-0.64762276,-0.8314960909553045,-0.9934017819829458,-1.155307458109426,-1.3172131640382285,-1.6410245162911887
Bank,Bank:13:task_4:apache02:2021-03-07 18:59:00,Bank:apache02:2021-03-07 18:59:00,13,task_4,2021_03_07,apache02,servicetest6,20,-0.150357,0,0.05,3.044522437723423,0.1885740780686046,0.314290130114341,0.0,0.0,0.0,0.0,0.0,0.0,1.0,1.0,0.6931471805599453,0.0,0.0,1.0,0.0,0.188574,0.0,0.46369,0.0,1.0,0.036341,0.0,0.0,0.0,0.129273,1.0,0.015772,0.0,0.0,0.0,0.243654,0.165674,0.04997,0.253944,0.911169,0.042486,0.898444,0.112353,0.0,0.209968,0.0,0.0,0.0,0.0,0.017603,0.0,0.0,0.0,0.0,1.0,0.0,1.0,0.0,0.0,0.0,0.055241,0.01443,0.0,0.077252,0.0,1.0,0.0,0.0,0.0,0.0,0.0,0.0,0.0,0.0,0.0,0.0,1.0,0.0,0.0,0.0,0.0,0.0,0.0,0.0,0.0,0.0,0.0,0.0,-3.4697235,3,-0.8058453416369447,-0.8732891,-1.0241676187060365,-1.2424898957751283,-1.46081217284422,-1.6791344499133118,-2.1157790040514954
Bank,Bank:13:task_4:apache02:2021-03-07 18:59:00,Bank:apache02:2021-03-07 18:59:00,13,task_4,2021_03_07,apache02,servicetest11,21,-0.155105,0,0.0476190476190476,3.091042453358316,0.1586625981954563,0.2644376636590939,0.0,0.0,0.0,0.0,0.0,0.0,1.0,1.0,0.6931471805599453,0.0,0.0,1.0,0.0,0.158663,0.0,0.46369,0.0,1.0,0.033862,0.0,0.0,0.0,0.129273,1.0,0.011653,0.0,0.0,0.0,0.243654,0.139395,0.04202,0.253944,0.911169,0.035747,0.898444,0.094195,0.0,0.202087,0.0,0.0,0.0,0.0,0.014811,0.0,0.0,0.0,0.0,1.0,0.0,1.0,0.0,0.0,0.0,0.055402,0.013446,0.0,0.077252,0.0,1.0,0.0,0.0,0.0,0.0,0.0,0.0,0.0,0.0,0.0,0.0,1.0,0.0,0.0,0.0,0.0,0.0,0.0,0.0,0.0,0.0,0.0,0.0,-3.4697235,3,-0.8276947274059901,-0.8732891,-1.046017004475082,-1.2643392815441739,-1.4826615586132657,-1.7009838356823574,-2.137628389820541
Bank,Bank:13:task_4:apache02:2021-03-07 18:59:00,Bank:apache02:2021-03-07 18:59:00,13,task_4,2021_03_07,apache02,servicetest8,22,-0.155753,0,0.0454545454545454,3.1354942159291497,0.1545705289108918,0.2576175481848198,0.0,0.0,0.0,0.0,0.0,0.0,1.0,1.0,0.6931471805599453,0.0,0.0,1.0,0.0,0.154571,0.0,0.46369,0.0,1.0,0.033523,0.0,0.0,0.0,0.129273,1.0,0.01109,0.0,0.0,0.0,0.243654,0.1358,0.040933,0.253944,0.911169,0.034825,0.898444,0.09172,0.0,0.20101,0.0,0.0,0.0,0.0,0.014429,0.0,0.0,0.0,0.0,1.0,0.0,1.0,0.0,0.0,0.0,0.055424,0.013311,0.0,0.077252,0.0,1.0,0.0,0.0,0.0,0.0,0.0,0.0,0.0,0.0,0.0,0.0,1.0,0.0,0.0,0.0,0.0,0.0,0.0,0.0,0.0,0.0,0.0,0.0,-3.4697235,3,-0.8306766991790192,-0.8732891,-1.048998976248111,-1.2673212533172027,-1.4856435303862945,-1.7039658074553863,-2.14061036159357
Bank,Bank:13:task_4:apache02:2021-03-07 18:59:00,Bank:apache02:2021-03-07 18:59:00,13,task_4,2021_03_07,apache02,servicetest9,23,-0.159169,0,0.0434782608695652,3.1780538303479458,0.1329980335088413,0.2216633891814022,0.0,0.0,0.0,0.0,0.0,0.0,1.0,1.0,0.6931471805599453,0.0,0.0,1.0,0.0,0.132998,0.0,0.46369,0.0,1.0,0.031736,0.0,0.0,0.0,0.129273,1.0,0.008119,0.0,0.0,0.0,0.243654,0.116847,0.035205,0.253944,0.911169,0.029965,0.898444,0.078715,0.0,0.19534,0.0,0.0,0.0,0.0,0.012415,0.0,0.0,0.0,0.0,1.0,0.0,1.0,0.0,0.0,0.0,0.05554,0.012601,0.0,0.077252,0.0,1.0,0.0,0.0,0.0,0.0,0.0,0.0,0.0,0.0,0.0,0.0,1.0,0.0,0.0,0.0,0.0,0.0,0.0,0.0,0.0,0.0,0.0,0.0,-3.4697235,3,-0.8463964763035052,-0.8732891,-1.064718753372597,-1.2830410304416888,-1.5013633075107806,-1.7196855845798724,-2.1563301387180562
Bank,Bank:13:task_4:apache02:2021-03-07 18:59:00,Bank:apache02:2021-03-07 18:59:00,13,task_4,2021_03_07,apache02,servicetest4,24,-0.161061,0,0.0416666666666666,3.218875824868201,0.1210334341286033,0.2017223902143389,0.0,0.0,0.0,0.0,0.0,0.0,1.0,1.0,0.6931471805599453,0.0,0.0,1.0,0.0,0.121033,0.0,0.46369,0.0,1.0,0.030744,0.0,0.0,0.0,0.129273,1.0,0.006472,0.0,0.0,0.0,0.243654,0.106336,0.032031,0.253944,0.911169,0.027269,0.898444,0.071531,0.0,0.192199,0.0,0.0,0.0,0.0,0.011298,0.0,0.0,0.0,0.0,1.0,0.0,1.0,0.0,0.0,0.0,0.055604,0.012207,0.0,0.077252,0.0,1.0,0.0,0.0,0.0,0.0,0.0,0.0,0.0,0.0,0.0,0.0,1.0,0.0,0.0,0.0,0.0,0.0,0.0,0.0,0.0,0.0,0.0,0.0,-3.4697235,3,-0.8551030975914231,-0.8732891,-1.073425374660515,-1.2917476517296067,-1.5100699287986985,-1.7283922058677903,-2.165036760005974
Bank,Bank:13:task_4:apache02:2021-03-07 18:59:00,Bank:apache02:2021-03-07 18:59:00,13,task_4,2021_03_07,apache02,servicetest1,25,-0.161577,0,0.04,3.258096538021482,0.1177660544465956,0.1962767574109928,0.0,0.0,0.0,0.0,0.0,0.0,1.0,1.0,0.6931471805599453,0.0,0.0,1.0,0.0,0.117766,0.0,0.46369,0.0,1.0,0.030473,0.0,0.0,0.0,0.129273,1.0,0.006022,0.0,0.0,0.0,0.243654,0.103465,0.031164,0.253944,0.911169,0.026533,0.898444,0.069572,0.0,0.191342,0.0,0.0,0.0,0.0,0.010993,0.0,0.0,0.0,0.0,1.0,0.0,1.0,0.0,0.0,0.0,0.055622,0.0121,0.0,0.077252,0.0,1.0,0.0,0.0,0.0,0.0,0.0,0.0,0.0,0.0,0.0,0.0,1.0,0.0,0.0,0.0,0.0,0.0,0.0,0.0,0.0,0.0,0.0,0.0,-3.4697235,3,-0.8574776306699461,-0.8732891,-1.0757999077390379,-1.2941221848081297,-1.5124444618772215,-1.7307667389463133,-2.1674112930844966
Bank,Bank:13:task_4:apache02:2021-03-07 18:59:00,Bank:apache02:2021-03-07 18:59:00,13,task_4,2021_03_07,apache02,servicetest3,26,-0.164184,0,0.0384615384615384,3.295836866004329,0.101250625558953,0.1687510425982551,0.0,0.0,0.0,0.0,0.0,0.0,1.0,1.0,0.6931471805599453,0.0,0.0,1.0,0.0,0.101251,0.0,0.46369,0.0,1.0,0.029105,0.0,0.0,0.0,0.129273,1.0,0.003748,0.0,0.0,0.0,0.243654,0.088955,0.026785,0.253944,0.911169,0.022812,0.898444,0.059696,0.0,0.187013,0.0,0.0,0.0,0.0,0.009452,0.0,0.0,0.0,0.0,1.0,0.0,1.0,0.0,0.0,0.0,0.05571,0.011557,0.0,0.077252,0.0,1.0,0.0,0.0,0.0,0.0,0.0,0.0,0.0,0.0,0.0,0.0,1.0,0.0,0.0,0.0,0.0,0.0,0.0,0.0,0.0,0.0,0.0,0.0,-3.4568877,3,-0.8694745448864376,-0.8633427,-1.0853102204836285,-1.3011458960808193,-1.516981556776849,-1.732817247275201,-2.1644885686672604
Bank,Bank:13:task_4:apache02:2021-03-07 18:59:00,Bank:apache02:2021-03-07 18:59:00,13,task_4,2021_03_07,apache02,servicetest7,27,-0.166275,0,0.037037037037037,3.332204510175204,0.0879943508778018,0.1466572514630031,0.0,0.0,0.0,0.0,0.0,0.0,1.0,1.0,0.6931471805599453,0.0,0.0,1.0,0.0,0.087994,0.0,0.46369,0.0,1.0,0.028007,0.0,0.0,0.0,0.129273,1.0,0.001923,0.0,0.0,0.0,0.243654,0.077309,0.023272,0.253944,0.911169,0.019825,0.898444,0.051797,0.0,0.183542,0.0,0.0,0.0,0.0,0.008214,0.0,0.0,0.0,0.0,1.0,0.0,1.0,0.0,0.0,0.0,0.055781,0.011121,0.0,0.077252,0.0,1.0,0.0,0.0,0.0,0.0,0.0,0.0,0.0,0.0,0.0,0.0,1.0,0.0,0.0,0.0,0.0,0.0,0.0,0.0,0.0,0.0,0.0,0.0,-3.4568877,3,-0.8790969260244061,-0.8633427,-1.094932601621597,-1.3107682772187879,-1.5266039379148175,-1.7424396284131696,-2.174110949805229
Bank,Bank:13:task_4:apache02:2021-03-07 18:59:00,Bank:apache02:2021-03-07 18:59:00,13,task_4,2021_03_07,apache02,servicetest2,28,-0.168008,0,0.0357142857142857,3.367295829986474,0.0769898583885927,0.1283164306476546,0.0,0.0,0.0,0.0,0.0,0.0,1.0,1.0,0.6931471805599453,0.0,0.0,1.0,0.0,0.07699,0.0,0.46369,0.0,1.0,0.027095,0.0,0.0,0.0,0.129273,1.0,0.000407,0.0,0.0,0.0,0.243654,0.067641,0.020358,0.253944,0.911169,0.017346,0.898444,0.045258,0.0,0.180664,0.0,0.0,0.0,0.0,0.007187,0.0,0.0,0.0,0.0,1.0,0.0,1.0,0.0,0.0,0.0,0.055841,0.010759,0.0,0.077252,0.0,1.0,0.0,0.0,0.0,0.0,0.0,0.0,0.0,0.0,0.0,0.0,1.0,0.0,0.0,0.0,0.0,0.0,0.0,0.0,0.0,0.0,0.0,0.0,-3.4568877,3,-0.8870718597939418,-0.8633427,-1.1029075353911326,-1.3187432109883235,-1.5345788716843531,-1.7504145621827052,-2.1820858835747643
Bank,Bank:13:task_4:apache02:2021-03-07 18:59:00,Bank:apache02:2021-03-07 18:59:00,13,task_4,2021_03_07,apache02,servicetest5,29,-0.168474,0,0.0344827586206896,3.4011973816621555,0.0740323139747247,0.1233871899578745,0.0,0.0,0.0,0.0,0.0,0.0,1.0,1.0,0.6931471805599453,0.0,0.0,1.0,0.0,0.074032,0.0,0.46369,0.0,1.0,0.02685,0.0,0.0,0.0,0.129273,1.0,0.0,0.0,0.0,0.0,0.243654,0.065042,0.019574,0.253944,0.911169,0.01668,0.898444,0.043504,0.0,0.17989,0.0,0.0,0.0,0.0,0.006911,0.0,0.0,0.0,0.0,1.0,0.0,1.0,0.0,0.0,0.0,0.055856,0.010661,0.0,0.077252,0.0,1.0,0.0,0.0,0.0,0.0,0.0,0.0,0.0,0.0,0.0,0.0,1.0,0.0,0.0,0.0,0.0,0.0,0.0,0.0,0.0,0.0,0.0,0.0,-3.4568877,3,-0.8892163024578794,-0.8633427,-1.1050519780550703,-1.3208876536522611,-1.5367233143482908,-1.7525590048466428,-2.184230326238702
Bank,Bank:18:task_6:MG02:2021-03-09 13:10:00,Bank:MG02:2021-03-09 13:10:00,18,task_6,2021_03_09,MG02,ig01,1,0.584109,0,1.0,0.6931471805599453,1.0,1.0,0.0,0.0,0.0,0.0,7.0,7.0,0.0,1.0,0.6931471805599453,0.0,6.386680844078368,1.0,0.0,1.0,1.0,0.116437,0.746668,0.253332,1.0,0.888139,1.0,1.0,1.0,0.637512,1.0,0.0,0.912383,1.0,0.188141,0.975846,0.975441,0.065448,0.792826,0.965609,0.701086,0.662817,1.0,1.0,1.0,0.0,1.0,0.0,1.0,0.249087,1.0,0.956426,0.0,0.0,1.0,0.005622,1.0,0.0,1.0,0.460234,1.0,0.45,0.601467,0.0,0.0,1.0,0.0,0.0,0.0,0.0,0.0,1.0,0.0,0.0,0.0,0.0,0.0,0.0,0.0,0.0,0.0,0.0,0.0,0.0,0.0,0.0,0.0,-1.234474,3,2.9782309549595767,0.86930436,3.195557044699376,3.4128831344391757,3.630209209277814,3.8475353139187747,4.282187463596051
Bank,Bank:18:task_6:MG02:2021-03-09 13:10:00,Bank:MG02:2021-03-09 13:10:00,18,task_6,2021_03_09,MG02,redis01,2,0.43282,0,0.5,1.0986122886681096,1.0,1.0,0.0,0.0,0.0,2.0,0.0,2.0,0.0,1.0,0.6931471805599453,2.0,0.0,1.0,0.0,1.0,0.0,1.0,0.0,1.0,0.081269,0.0,1.0,1.0,0.007199,0.0,0.336871,0.313152,0.0,1.0,0.096422,0.555556,0.565655,0.349418,0.799142,0.240175,0.0,0.311195,0.5,0.466913,0.0,0.0,0.0,0.0,0.079916,0.0,0.0,0.0,0.0,1.0,0.0,1.0,0.0,0.0,0.0,0.294832,0.033187,0.0,0.323016,0.0,0.0,1.0,0.0,0.0,0.0,0.0,0.0,0.0,0.0,0.0,1.0,0.0,0.0,0.0,0.0,0.0,0.0,0.0,0.0,0.0,0.0,0.0,0.0,-2.407542,3,2.0944149336255458,-0.04356819,2.083522886078742,2.072630838531938,2.0617387919164565,2.05084674343833,2.029062650207367
Bank,Bank:18:task_6:MG02:2021-03-09 13:10:00,Bank:MG02:2021-03-09 13:10:00,18,task_6,2021_03_09,MG02,tomcat02,3,0.345291,0,0.3333333333333333,1.3862943611198906,1.0,1.0,0.4166666666666667,0.0,0.0,0.0,3.0,3.0,0.0,1.0,0.6931471805599453,0.0,3.0,1.0,-0.0575,1.0,0.418699,0.351035,0.224,0.776,0.48474,0.9125,0.0,1.0,1.0,0.679838,0.591891,0.0,1.0,1.0,0.124892,1.0,0.951022,0.116473,0.782394,1.0,0.756541,0.586993,1.0,0.934786,0.782732,1.0,0.4,0.0,0.325073,0.154535,0.0,0.4375,0.0,0.0,1.0,0.855052,1.0,1.0,1.0,1.0,0.75802,1.0,0.652301,0.0,1.0,0.0,0.0,0.0,0.0,1.0,0.0,0.0,0.0,0.0,0.0,0.0,0.0,0.0,0.0,0.0,0.0,0.0,0.0,0.0,0.0,0.0,0.0,-0.7431995,3,1.5830787986035257,1.2516103,1.8959813683743387,2.208883938145152,2.521786507915965,2.834689077686778,3.460494217228404
Bank,Bank:18:task_6:MG02:2021-03-09 13:10:00,Bank:MG02:2021-03-09 13:10:00,18,task_6,2021_03_09,MG02,apache01,4,0.277906,0,0.25,1.6094379124341005,1.0,1.0,0.0,0.0,0.0,6.0,1.0,7.0,0.0,1.0,0.6931471805599453,5.386680844078368,1.0,1.0,0.0,1.0,0.156576,0.0,1.0,0.0,0.388929,0.7375,0.0,1.0,0.050395,0.183771,0.303117,0.843424,1.0,1.0,0.202145,1.0,0.885696,0.865225,0.998673,0.672489,0.307679,0.696173,0.785714,0.549513,1.0,0.0,0.4,0.0,0.608722,1.0,0.0,0.975964,0.0,0.0,1.0,0.054652,1.0,0.0,0.833333,0.791839,0.602691,0.45,0.764956,0.0,0.0,1.0,0.0,0.0,0.0,0.0,0.0,0.0,1.0,0.0,0.0,0.0,0.0,0.0,0.0,0.0,0.0,0.0,0.0,0.0,0.0,0.0,0.0,-1.2366773,3,1.189422005329767,0.8675897,1.4063194333655031,1.6232168614012392,1.8401142894369753,2.0570117174727116,2.4908065735441838
Bank,Bank:18:task_6:MG02:2021-03-09 13:10:00,Bank:MG02:2021-03-09 13:10:00,18,task_6,2021_03_09,MG02,mg02,5,0.219098,1,0.2,1.791759469228055,1.0,1.0,0.0,0.0,0.0,2.0,5.0,7.0,0.0,1.0,0.6931471805599453,2.0,4.386680844078368,1.0,0.0,1.0,0.686848,0.277114,0.765335,0.234665,0.773211,0.857852,0.0,1.0,0.050395,0.587482,0.701428,0.313152,0.877336,1.0,0.086784,0.966184,0.843638,0.760512,0.265116,0.624341,0.956002,0.515523,0.928571,0.342737,1.0,0.0,0.8,0.0,0.848374,0.304518,0.0,0.850302,0.0,0.0,1.0,0.273499,1.0,0.0,1.0,0.570903,0.938022,0.45,0.727609,0.0,0.0,1.0,0.0,0.0,0.0,0.0,1.0,0.0,0.0,0.0,0.0,0.0,0.0,0.0,0.0,0.0,0.0,0.0,0.0,0.0,0.0,0.0,0.0,0.32386988,3,0.8458712344038458,2.0819955,1.3663701062071296,1.8868689780104133,2.407367849813697,2.9278667216169807,3.968864465223548
Bank,Bank:18:task_6:MG02:2021-03-09 13:10:00,Bank:MG02:2021-03-09 13:10:00,18,task_6,2021_03_09,MG02,ig02,6,0.211496,0,0.1666666666666666,1.9459101490553128,1.0,1.0,0.0,0.0,0.0,1.0,6.0,7.0,0.0,1.0,0.6931471805599453,1.0,5.386680844078368,1.0,0.0,1.0,0.843424,0.22508,0.754446,0.245554,0.886613,0.874801,0.0,1.0,0.050395,0.618632,0.80863,0.156576,0.89778,1.0,0.341142,0.97182,1.0,0.764098,0.103337,0.632366,1.0,0.866845,0.964286,0.486851,1.0,0.0,0.9,0.0,0.906812,0.272184,0.818089,0.906955,0.0,0.0,1.0,0.017721,1.0,0.0,1.0,0.668224,0.930316,0.45,0.877914,0.0,0.0,1.0,0.0,0.0,0.0,0.0,0.0,1.0,0.0,0.0,0.0,0.0,0.0,0.0,0.0,0.0,0.0,0.0,0.0,0.0,0.0,0.0,0.0,-2.7773678,3,0.8014610697905474,-0.33136383,0.7186201130430155,0.6357791562954836,0.5529381920973712,0.47009724280041987,0.3044153144041949
Bank,Bank:18:task_6:MG02:2021-03-09 13:10:00,Bank:MG02:2021-03-09 13:10:00,18,task_6,2021_03_09,MG02,servicetest3,7,0.190713,0,0.1428571428571428,2.079441541679836,0.9605927387580676,1.0,0.0,0.0,0.0,3.0,4.0,7.0,0.0,1.0,0.6931471805599453,3.0,3.4260881053203,1.0,0.0,0.960593,0.536443,0.246078,0.820915,0.179085,0.661196,0.836604,0.0,1.0,0.050395,0.536923,0.583057,0.469728,0.856522,1.0,0.283568,0.95773,0.941571,0.75671,0.850933,0.615531,0.880491,0.782092,0.892857,0.602891,1.0,0.0,0.7,0.0,0.529607,0.243955,0.0,0.720622,0.0,0.0,1.0,0.006451,1.0,0.0,1.0,0.706779,0.780237,0.45,0.794435,0.0,1.0,0.0,0.0,0.0,0.0,0.0,0.0,0.0,0.0,0.0,0.0,1.0,0.0,0.0,0.0,0.0,0.0,0.0,0.0,0.0,0.0,0.0,0.0,-2.768703,3,0.6800487505116497,-0.3246209,0.5988935248770748,0.5177382992424999,0.43658307360792503,0.35542784797335014,0.19311739670420036
Bank,Bank:18:task_6:MG02:2021-03-09 13:10:00,Bank:MG02:2021-03-09 13:10:00,18,task_6,2021_03_09,MG02,mysql01,8,0.174375,0,0.125,2.19722457733622,1.0,1.0,0.0,0.0,0.0,7.0,3.0,10.0,0.0,1.0,0.6931471805599453,6.386680844078368,3.0,1.0,0.0,1.0,0.469728,0.326503,0.784,0.216,0.455904,0.9125,0.391231,1.0,0.050395,0.457615,0.509428,1.0,1.0,1.0,0.111339,1.0,0.824165,0.873544,1.0,0.672489,0.756541,0.567704,0.75,0.446119,1.0,0.0,0.4,0.0,0.698913,0.390185,0.0,0.971579,0.0,0.0,1.0,0.0,1.0,0.0,1.0,0.878485,0.612683,0.45,0.892019,0.0,0.0,1.0,0.0,0.0,0.0,0.0,0.0,0.0,0.0,1.0,0.0,0.0,0.0,0.0,0.0,0.0,0.0,0.0,0.0,0.0,0.0,0.0,0.0,-0.79977214,3,0.5846037005968814,1.2075859,0.8865001833029513,1.1883966660090213,1.4902931785174136,1.7921896314211612,2.395982656437946
Bank,Bank:18:task_6:MG02:2021-03-09 13:10:00,Bank:MG02:2021-03-09 13:10:00,18,task_6,2021_03_09,MG02,mg01,9,0.119519,0,0.1111111111111111,2.302585092994046,1.0,1.0,0.0,0.0,0.0,3.0,2.0,5.0,0.0,1.0,0.6931471805599453,3.0,2.0,1.0,0.0,1.0,0.313152,0.405933,0.7,0.3,0.290161,1.0,0.391231,1.0,0.025197,0.340577,0.403135,0.469728,1.0,1.0,0.191975,1.0,0.820549,0.915141,0.838809,0.672489,0.567222,0.681902,0.571429,0.40803,1.0,0.0,0.2,0.0,0.300684,0.208742,0.0,0.8125,0.0,0.0,1.0,0.10231,1.0,0.0,0.333333,0.899695,0.523047,0.45,0.84506,1.0,0.0,0.0,0.0,0.0,0.0,0.0,1.0,0.0,0.0,0.0,0.0,0.0,0.0,0.0,0.0,0.0,0.0,0.0,0.0,0.0,0.0,0.0,0.0,-1.6656384,3,0.26414013968829186,0.53377545,0.3975840018880752,0.5310278640878585,0.6644717262876418,0.7979155884874252,1.0648033128869918
Bank,Bank:18:task_6:MG02:2021-03-09 13:10:00,Bank:MG02:2021-03-09 13:10:00,18,task_6,2021_03_09,MG02,mysql02,10,0.117507,0,0.1,2.3978952727983707,1.0,1.0,0.0,0.0,0.0,1.0,1.0,2.0,0.0,1.0,0.6931471805599453,1.0,1.0,1.0,0.0,1.0,0.156576,0.274015,0.7,0.3,0.191434,1.0,0.0,1.0,0.0,0.183771,0.284067,0.156576,1.0,1.0,0.276164,1.0,0.858349,0.923461,0.0,0.672489,0.307679,0.798595,0.535714,0.278482,1.0,0.0,0.1,0.0,0.20978,0.245579,0.0,1.0,0.0,0.0,1.0,0.103432,1.0,0.0,0.166667,0.847502,0.455863,0.45,0.725339,0.0,0.0,1.0,0.0,0.0,0.0,0.0,0.0,0.0,0.0,1.0,0.0,0.0,0.0,0.0,0.0,0.0,0.0,0.0,0.0,0.0,0.0,0.0,0.0,-2.5891256,3,0.25238622608635075,-0.18487519,0.20616742852184422,0.1599486309573377,0.11372983339283116,0.06751103582832463,-0.024926559300688433
Bank,Bank:18:task_6:MG02:2021-03-09 13:10:00,Bank:MG02:2021-03-09 13:10:00,18,task_6,2021_03_09,MG02,servicetest7,11,0.117277,0,0.0909090909090909,2.4849066497880004,0.4260881053203002,0.7101468422005004,0.0,0.0,0.0,4.0,3.0,7.0,0.0,1.0,0.6931471805599453,3.960592738758068,3.0,1.0,0.0,0.426088,0.469728,0.0,1.0,0.0,0.571232,0.825,0.0,1.0,0.050395,0.457615,0.424329,0.620133,1.0,1.0,0.283568,0.879228,0.915114,0.848586,0.974543,0.64401,0.756541,0.73242,0.857143,0.557378,1.0,0.0,0.6,0.0,0.420208,0.243414,0.0,0.626668,0.0,0.0,1.0,0.036365,1.0,0.0,1.0,0.776387,0.725776,0.45,0.847988,0.0,1.0,0.0,0.0,0.0,0.0,0.0,0.0,0.0,0.0,0.0,0.0,1.0,0.0,0.0,0.0,0.0,0.0,0.0,0.0,0.0,0.0,0.0,0.0,-2.4776695,3,0.25104258785153644,-0.09814086,0.226507373323095,0.20197215879465358,0.1774369461288573,0.15290172973777072,0.10383130440617816
Bank,Bank:18:task_6:MG02:2021-03-09 13:10:00,Bank:MG02:2021-03-09 13:10:00,18,task_6,2021_03_09,MG02,dockerb1,12,0.097398,0,0.0833333333333333,2.5649493574615367,1.0,1.0,0.0,0.0,0.0,0.0,0.0,0.0,1.0,1.0,0.6931471805599453,0.0,0.0,1.0,0.0833333333333333,1.0,0.0,0.447171,0.0,1.0,0.090299,0.0,0.0,0.0,0.050395,1.0,0.103733,0.0,0.0,0.0,1.0,0.555556,0.522388,0.0,0.919219,0.131004,0.528091,0.650043,0.0,0.65327,0.0,0.0,0.0,0.0,0.079916,0.0,0.0,0.0,0.0,1.0,0.0,1.0,0.0,0.0,0.0,0.07954,0.036875,0.0,0.092268,0.0,0.0,0.0,0.0,1.0,0.0,0.0,0.0,0.0,0.0,0.0,0.0,0.0,0.0,0.0,0.0,0.0,0.0,0.0,0.0,0.0,0.0,0.0,0.0,-3.3739352,3,0.13491135102599588,-0.795608,-0.0639906449905065,-0.2628926410070089,-0.46179462212235006,-0.6606966330400137,-1.058500595270696
Bank,Bank:18:task_6:MG02:2021-03-09 13:10:00,Bank:MG02:2021-03-09 13:10:00,18,task_6,2021_03_09,MG02,apache02,13,0.097223,0,0.0769230769230769,2.639057329615259,1.0,1.0,0.0,0.0,0.0,4.0,1.0,5.0,0.0,1.0,0.6931471805599453,4.0,1.0,1.0,0.0,1.0,0.156576,0.0,1.0,0.0,0.322029,0.766667,0.0,0.6,0.022907,0.183771,0.27485,0.626303,1.0,0.6,0.424166,1.0,0.802116,1.0,0.975854,0.497817,0.307679,1.0,0.607143,0.427152,1.0,0.0,0.3,0.5,0.377953,0.563604,0.0,0.930556,0.0,0.0,1.0,0.166573,1.0,0.0,0.5,0.949391,0.583696,0.45,0.963133,0.0,0.0,1.0,0.0,0.0,0.0,0.0,0.0,0.0,1.0,0.0,0.0,0.0,0.0,0.0,0.0,0.0,0.0,0.0,0.0,0.0,0.0,0.0,0.0,-2.1515918,3,0.13388901758646327,0.1556103,0.1727915908739503,0.21169416416143733,0.25059673744892436,0.2894993107364114,0.36730445731138545
Bank,Bank:18:task_6:MG02:2021-03-09 13:10:00,Bank:MG02:2021-03-09 13:10:00,18,task_6,2021_03_09,MG02,tomcat04,14,0.078057,0,0.0714285714285714,2.70805020110221,1.0,1.0,0.0,0.0,0.0,5.0,2.0,7.0,0.0,1.0,0.6931471805599453,4.386680844078368,2.0,1.0,0.0,1.0,0.313152,0.0,1.0,0.0,0.502455,0.79,0.0,1.0,0.050395,0.340577,0.404478,0.686848,1.0,1.0,0.0,1.0,0.780555,0.856905,0.989089,0.672489,0.567222,0.408974,0.821429,0.405752,1.0,0.0,0.5,0.0,0.336209,0.242331,0.0,0.4375,0.0,0.0,1.0,0.155021,1.0,0.0,1.0,0.798254,0.708153,0.45,0.863747,0.0,1.0,0.0,0.0,0.0,0.0,1.0,0.0,0.0,0.0,0.0,0.0,0.0,0.0,0.0,0.0,0.0,0.0,0.0,0.0,0.0,0.0,0.0,0.0,0.60029906,3,0.021923059288847208,2.2971106,0.5962006986778853,1.1704783380669235,1.7447559774559616,2.3190336168449996,3.467588895623076
Bank,Bank:18:task_6:MG02:2021-03-09 13:10:00,Bank:MG02:2021-03-09 13:10:00,18,task_6,2021_03_09,MG02,tomcat03,15,-0.025622,0,0.0666666666666666,2.772588722239781,1.0,1.0,0.0,0.0,0.0,3.0,2.0,5.0,0.0,1.0,0.6931471805599453,3.0,2.0,1.0,0.0,1.0,0.313152,0.066489,0.952,0.048,0.43545,0.825,0.0,0.6,0.020158,0.340577,0.386682,0.469728,1.0,0.6,0.107798,1.0,0.632595,0.991681,0.832551,0.497817,0.567222,0.558958,0.642857,0.175909,1.0,0.0,0.4,0.666667,0.507817,0.404592,0.0,0.951631,0.0,0.0,1.0,0.165472,1.0,0.0,0.666667,0.913718,0.656886,0.45,0.980775,0.0,0.0,1.0,0.0,0.0,0.0,1.0,0.0,0.0,0.0,0.0,0.0,0.0,0.0,0.0,0.0,0.0,0.0,0.0,0.0,0.0,0.0,0.0,0.0,0.5042423,3,-0.5837598474386148,2.22236,-0.028169873512070565,0.5274201004144736,1.0830101339456626,1.638600048267562,2.7497801153299397
Bank,Bank:18:task_6:MG02:2021-03-09 13:10:00,Bank:MG02:2021-03-09 13:10:00,18,task_6,2021_03_09,MG02,servicetest5,16,-0.040224,0,0.0625,2.833213344056216,0.5496189035528749,0.9160315059214582,0.0,0.0,0.0,0.0,0.0,0.0,1.0,1.0,0.6931471805599453,0.0,0.0,1.0,0.0,0.549619,0.0,0.447171,0.0,1.0,0.057764,0.0,0.0,0.0,0.050395,1.0,0.050728,0.0,0.0,0.0,0.283568,0.508906,0.155928,0.0,0.919219,0.120004,0.528091,0.351526,0.0,0.279083,0.0,0.0,0.0,0.0,0.043923,0.0,0.0,0.0,0.0,1.0,0.0,1.0,0.0,0.0,0.0,0.082177,0.023589,0.0,0.092268,0.0,1.0,0.0,0.0,0.0,0.0,0.0,0.0,0.0,0.0,0.0,0.0,1.0,0.0,0.0,0.0,0.0,0.0,0.0,0.0,0.0,0.0,0.0,0.0,-3.500358,3,-0.6690633496332192,-0.89398926,-0.8925606658744836,-1.116057982115748,-1.339555283455851,-1.5630526145982766,-2.010047217278483
Bank,Bank:18:task_6:MG02:2021-03-09 13:10:00,Bank:MG02:2021-03-09 13:10:00,18,task_6,2021_03_09,MG02,servicetest6,17,-0.04184,0,0.0588235294117647,2.8903717578961645,0.540308474854279,0.9005141247571318,0.0,0.0,0.0,0.0,0.0,0.0,1.0,1.0,0.6931471805599453,0.0,0.0,1.0,0.0,0.540308,0.0,0.447171,0.0,1.0,0.057091,0.0,0.0,0.0,0.050395,1.0,0.049632,0.0,0.0,0.0,0.283568,0.500286,0.153261,0.0,0.919219,0.117971,0.528091,0.345232,0.0,0.275889,0.0,0.0,0.0,0.0,0.043179,0.0,0.0,0.0,0.0,1.0,0.0,1.0,0.0,0.0,0.0,0.082232,0.023314,0.0,0.092268,0.0,1.0,0.0,0.0,0.0,0.0,0.0,0.0,0.0,0.0,0.0,0.0,1.0,0.0,0.0,0.0,0.0,0.0,0.0,0.0,0.0,0.0,0.0,0.0,-3.500358,3,-0.6785038687091322,-0.89398926,-0.9020011849503965,-1.125498501191661,-1.348995802531764,-1.5724931336741896,-2.019487736354396
Bank,Bank:18:task_6:MG02:2021-03-09 13:10:00,Bank:MG02:2021-03-09 13:10:00,18,task_6,2021_03_09,MG02,servicetest1,18,-0.051231,0,0.0555555555555555,2.9444389791664403,0.4860825788265453,0.8101376313775756,0.0,0.0,0.0,0.0,0.0,0.0,1.0,1.0,0.6931471805599453,0.0,0.0,1.0,0.0,0.486083,0.0,0.447171,0.0,1.0,0.053174,0.0,0.0,0.0,0.050395,1.0,0.04325,0.0,0.0,0.0,0.283568,0.450076,0.137747,0.0,0.919219,0.106132,0.528091,0.308786,0.0,0.257327,0.0,0.0,0.0,0.0,0.038846,0.0,0.0,0.0,0.0,1.0,0.0,1.0,0.0,0.0,0.0,0.082549,0.021714,0.0,0.092268,0.0,1.0,0.0,0.0,0.0,0.0,0.0,0.0,0.0,0.0,0.0,0.0,1.0,0.0,0.0,0.0,0.0,0.0,0.0,0.0,0.0,0.0,0.0,0.0,-3.500358,3,-0.7333652020271386,-0.89398926,-0.956862518268403,-1.1803598345096673,-1.4038571358497705,-1.627354466992196,-2.0743490696724023
Bank,Bank:18:task_6:MG02:2021-03-09 13:10:00,Bank:MG02:2021-03-09 13:10:00,18,task_6,2021_03_09,MG02,servicetest2,19,-0.055363,0,0.0526315789473684,2.995732273553991,0.4621560938558133,0.7702601564263557,0.0,0.0,0.0,0.0,0.0,0.0,1.0,1.0,0.6931471805599453,0.0,0.0,1.0,0.0,0.462156,0.0,0.447171,0.0,1.0,0.051446,0.0,0.0,0.0,0.050395,1.0,0.040434,0.0,0.0,0.0,0.283568,0.427922,0.13091,0.0,0.919219,0.100907,0.528091,0.292823,0.0,0.249158,0.0,0.0,0.0,0.0,0.036934,0.0,0.0,0.0,0.0,1.0,0.0,1.0,0.0,0.0,0.0,0.082689,0.021009,0.0,0.092268,0.0,1.0,0.0,0.0,0.0,0.0,0.0,0.0,0.0,0.0,0.0,0.0,1.0,0.0,0.0,0.0,0.0,0.0,0.0,0.0,0.0,0.0,0.0,0.0,-3.500358,3,-0.7575039550108467,-0.89398926,-0.981001271252111,-1.2044985874933754,-1.4279958888334785,-1.651493219975904,-2.0984878226561103
Bank,Bank:18:task_6:MG02:2021-03-09 13:10:00,Bank:MG02:2021-03-09 13:10:00,18,task_6,2021_03_09,MG02,servicetest11,20,-0.060031,0,0.05,3.044522437723423,0.4350755220881946,0.7251258701469913,0.0,0.0,0.0,0.0,0.0,0.0,1.0,1.0,0.6931471805599453,0.0,0.0,1.0,0.0,0.435076,0.0,0.447171,0.0,1.0,0.049489,0.0,0.0,0.0,0.050395,1.0,0.037247,0.0,0.0,0.0,0.283568,0.402848,0.123179,0.0,0.919219,0.094995,0.528091,0.274845,0.0,0.239928,0.0,0.0,0.0,0.0,0.03477,0.0,0.0,0.0,0.0,1.0,0.0,1.0,0.0,0.0,0.0,0.082848,0.020209,0.0,0.092268,0.0,1.0,0.0,0.0,0.0,0.0,0.0,0.0,0.0,0.0,0.0,0.0,1.0,0.0,0.0,0.0,0.0,0.0,0.0,0.0,0.0,0.0,0.0,0.0,-3.500358,3,-0.7847739692722091,-0.89398926,-1.0082712855134734,-1.2317686017547378,-1.455265903094841,-1.6787632342372665,-2.1257578369174728
Bank,Bank:18:task_6:MG02:2021-03-09 13:10:00,Bank:MG02:2021-03-09 13:10:00,18,task_6,2021_03_09,MG02,servicetest9,21,-0.061551,0,0.0476190476190476,3.091042453358316,0.4262443683773361,0.7104072806288935,0.0,0.0,0.0,0.0,0.0,0.0,1.0,1.0,0.6931471805599453,0.0,0.0,1.0,0.0,0.426244,0.0,0.447171,0.0,1.0,0.048851,0.0,0.0,0.0,0.050395,1.0,0.036208,0.0,0.0,0.0,0.283568,0.394671,0.120659,0.0,0.919219,0.093066,0.528091,0.269004,0.0,0.236922,0.0,0.0,0.0,0.0,0.034064,0.0,0.0,0.0,0.0,1.0,0.0,1.0,0.0,0.0,0.0,0.0829,0.019949,0.0,0.092268,0.0,1.0,0.0,0.0,0.0,0.0,0.0,0.0,0.0,0.0,0.0,0.0,1.0,0.0,0.0,0.0,0.0,0.0,0.0,0.0,0.0,0.0,0.0,0.0,-3.500358,3,-0.7936536654327212,-0.89398926,-1.0171509816739857,-1.24064829791525,-1.4641455992553531,-1.6876429303977787,-2.134637533077985
Bank,Bank:18:task_6:MG02:2021-03-09 13:10:00,Bank:MG02:2021-03-09 13:10:00,18,task_6,2021_03_09,MG02,servicetest4,22,-0.065319,0,0.0454545454545454,3.1354942159291497,0.4043307815430659,0.6738846359051099,0.0,0.0,0.0,0.0,0.0,0.0,1.0,1.0,0.6931471805599453,0.0,0.0,1.0,0.0,0.404331,0.0,0.447171,0.0,1.0,0.047268,0.0,0.0,0.0,0.050395,1.0,0.033629,0.0,0.0,0.0,0.283568,0.37438,0.11441,0.0,0.919219,0.088282,0.528091,0.254552,0.0,0.229472,0.0,0.0,0.0,0.0,0.032313,0.0,0.0,0.0,0.0,1.0,0.0,1.0,0.0,0.0,0.0,0.083028,0.019302,0.0,0.092268,0.0,1.0,0.0,0.0,0.0,0.0,0.0,0.0,0.0,0.0,0.0,0.0,1.0,0.0,0.0,0.0,0.0,0.0,0.0,0.0,0.0,0.0,0.0,0.0,-3.500358,3,-0.8156659648622016,-0.89398926,-1.039163281103466,-1.2626605973447302,-1.4861578986848334,-1.709655229827259,-2.1566498325074654
Bank,Bank:18:task_6:MG02:2021-03-09 13:10:00,Bank:MG02:2021-03-09 13:10:00,18,task_6,2021_03_09,MG02,servicetest10,23,-0.066184,0,0.0434782608695652,3.1780538303479458,0.3992937124151243,0.665489520691874,0.0,0.0,0.0,0.0,0.0,0.0,1.0,1.0,0.6931471805599453,0.0,0.0,1.0,0.0,0.399294,0.0,0.447171,0.0,1.0,0.046905,0.0,0.0,0.0,0.050395,1.0,0.033036,0.0,0.0,0.0,0.283568,0.369716,0.112974,0.0,0.919219,0.087182,0.528091,0.25124,0.0,0.227761,0.0,0.0,0.0,0.0,0.03191,0.0,0.0,0.0,0.0,1.0,0.0,1.0,0.0,0.0,0.0,0.083058,0.019154,0.0,0.092268,0.0,1.0,0.0,0.0,0.0,0.0,0.0,0.0,0.0,0.0,0.0,0.0,1.0,0.0,0.0,0.0,0.0,0.0,0.0,0.0,0.0,0.0,0.0,0.0,-3.500358,3,-0.8207192130061772,-0.89398926,-1.0442165292474415,-1.2677138454887058,-1.491211146828809,-1.7147084779712345,-2.161703080651441
Bank,Bank:18:task_6:MG02:2021-03-09 13:10:00,Bank:MG02:2021-03-09 13:10:00,18,task_6,2021_03_09,MG02,servicetest8,24,-0.069083,0,0.0416666666666666,3.218875824868201,0.3823982721675822,0.6373304536126371,0.0,0.0,0.0,0.0,0.0,0.0,1.0,1.0,0.6931471805599453,0.0,0.0,1.0,0.0,0.382398,0.0,0.447171,0.0,1.0,0.045684,0.0,0.0,0.0,0.050395,1.0,0.031047,0.0,0.0,0.0,0.283568,0.354072,0.10816,0.0,0.919219,0.083493,0.528091,0.240153,0.0,0.222026,0.0,0.0,0.0,0.0,0.03056,0.0,0.0,0.0,0.0,1.0,0.0,1.0,0.0,0.0,0.0,0.083157,0.018656,0.0,0.092268,0.0,1.0,0.0,0.0,0.0,0.0,0.0,0.0,0.0,0.0,0.0,0.0,1.0,0.0,0.0,0.0,0.0,0.0,0.0,0.0,0.0,0.0,0.0,0.0,-3.500358,3,-0.8376548966702067,-0.89398926,-1.061152212911471,-1.2846495291527353,-1.5081468304928385,-1.731644161635264,-2.1786387643154703
Bank,Bank:18:task_6:MG02:2021-03-09 13:10:00,Bank:MG02:2021-03-09 13:10:00,18,task_6,2021_03_09,MG02,dockera1,25,-0.069386,0,0.04,3.258096538021482,0.0,0.0,0.0,0.0,0.0,0.0,0.0,0.0,1.0,1.0,0.6931471805599453,0.0,0.0,1.0,0.0,0.0,0.0,0.447171,0.0,1.0,0.0,0.0,0.0,0.0,0.050395,0.777778,0.0,0.0,0.0,0.0,0.283568,0.0,0.0,0.0,0.919219,0.0,0.528091,0.0,0.0,0.094207,0.0,0.0,0.0,0.0,0.0,0.0,0.0,0.0,0.0,1.0,0.0,1.0,0.0,0.0,0.0,0.0,0.0,0.0,0.0,0.0,1.0,0.0,0.0,0.0,0.0,0.0,0.0,0.0,0.0,0.0,0.0,0.0,0.0,0.0,0.0,0.0,0.0,0.0,0.0,0.0,0.0,0.0,0.0,-3.1401925,3,-0.8394249939969404,-0.6137112,-0.9928527885726316,-1.146280583148323,-1.2997083926251753,-1.4531361722997054,-1.7599917912534102
Bank,Bank:18:task_6:MG02:2021-03-09 13:10:00,Bank:MG02:2021-03-09 13:10:00,18,task_6,2021_03_09,MG02,dockera2,26,-0.069386,0,0.0384615384615384,3.295836866004329,0.0,0.0,0.0,0.0,0.0,0.0,0.0,0.0,1.0,1.0,0.6931471805599453,0.0,0.0,1.0,0.0,0.0,0.0,0.447171,0.0,1.0,0.0,0.0,0.0,0.0,0.050395,0.777778,0.0,0.0,0.0,0.0,0.283568,0.0,0.0,0.0,0.919219,0.0,0.528091,0.0,0.0,0.094207,0.0,0.0,0.0,0.0,0.0,0.0,0.0,0.0,0.0,1.0,0.0,1.0,0.0,0.0,0.0,0.0,0.0,0.0,0.0,0.0,1.0,0.0,0.0,0.0,0.0,0.0,0.0,0.0,0.0,0.0,0.0,0.0,0.0,0.0,0.0,0.0,0.0,0.0,0.0,0.0,0.0,0.0,0.0,-3.1401925,3,-0.8394249939969404,-0.6137112,-0.9928527885726316,-1.146280583148323,-1.2997083926251753,-1.4531361722997054,-1.7599917912534102
Bank,Bank:18:task_6:MG02:2021-03-09 13:10:00,Bank:MG02:2021-03-09 13:10:00,18,task_6,2021_03_09,MG02,dockerb2,27,-0.069386,0,0.037037037037037,3.332204510175204,0.0,0.0,0.0,0.0,0.0,0.0,0.0,0.0,1.0,1.0,0.6931471805599453,0.0,0.0,1.0,0.0,0.0,0.0,0.447171,0.0,1.0,0.0,0.0,0.0,0.0,0.050395,0.777778,0.0,0.0,0.0,0.0,0.283568,0.0,0.0,0.0,0.919219,0.0,0.528091,0.0,0.0,0.094207,0.0,0.0,0.0,0.0,0.0,0.0,0.0,0.0,0.0,1.0,0.0,1.0,0.0,0.0,0.0,0.0,0.0,0.0,0.0,0.0,1.0,0.0,0.0,0.0,0.0,0.0,0.0,0.0,0.0,0.0,0.0,0.0,0.0,0.0,0.0,0.0,0.0,0.0,0.0,0.0,0.0,0.0,0.0,-3.1401925,3,-0.8394249939969404,-0.6137112,-0.9928527885726316,-1.146280583148323,-1.2997083926251753,-1.4531361722997054,-1.7599917912534102
Bank,Bank:18:task_6:MG02:2021-03-09 13:10:00,Bank:MG02:2021-03-09 13:10:00,18,task_6,2021_03_09,MG02,redis02,28,-0.072171,0,0.0357142857142857,3.367295829986474,0.8206679563378755,1.0,0.0,0.0,0.0,0.0,0.0,0.0,1.0,1.0,0.6931471805599453,0.0,0.0,1.0,0.0,0.820668,0.0,0.447171,0.0,1.0,0.077344,0.0,0.0,0.0,0.050395,1.0,0.082627,0.0,0.0,0.0,0.083596,0.555556,0.060318,0.0,0.919219,0.131004,0.528091,0.152378,0.0,0.167597,0.0,0.0,0.0,0.0,0.065585,0.0,0.0,0.0,0.0,1.0,0.0,1.0,0.0,0.0,0.0,0.08059,0.031584,0.0,0.092268,0.0,0.0,0.0,1.0,0.0,0.0,0.0,0.0,0.0,0.0,0.0,1.0,0.0,0.0,0.0,0.0,0.0,0.0,0.0,0.0,0.0,0.0,0.0,0.0,-2.7932336,3,-0.8556947004489313,-0.34371045,-0.9416223135284791,-1.027549926608027,-1.1134775471381555,-1.1994051527671228,-1.3712603938273797
Bank,Bank:18:task_6:MG02:2021-03-09 13:10:00,Bank:MG02:2021-03-09 13:10:00,18,task_6,2021_03_09,MG02,tomcat01,29,-0.091188,0,0.0344827586206896,3.4011973816621555,1.0,1.0,0.0,0.0,0.0,2.0,3.0,5.0,0.0,1.0,0.6931471805599453,2.0,3.0,1.0,0.0,1.0,0.469728,0.157054,0.868,0.132,0.548838,0.86,0.0,0.6,0.016798,0.457615,0.506769,0.313152,1.0,0.6,0.086057,1.0,0.629983,0.983361,0.110599,0.497817,0.756541,0.526239,0.678571,0.0,1.0,0.0,0.5,1.0,0.637681,0.351588,0.0,0.962893,0.0,0.0,1.0,0.063924,1.0,0.0,0.833333,0.899685,0.698161,0.45,1.0,0.0,0.0,1.0,0.0,0.0,0.0,1.0,0.0,0.0,0.0,0.0,0.0,0.0,0.0,0.0,0.0,0.0,0.0,0.0,0.0,0.0,0.0,0.0,0.0,-1.6807909,3,-0.9667902148466024,0.5219839,-0.8362942344646368,-0.7057982540826712,-0.5753022587995443,-0.4448062933187399,-0.18381430275248622
Bank,Bank:0:task_1:Mysql02:2021-03-04 14:57:00,Bank:Mysql02:2021-03-04 14:57:00,0,task_1,2021_03_04,Mysql02,mysql02,1,0.727089,1,1.0,0.6931471805599453,0.9056603773584906,1.0,0.0,0.0,0.0,0.0,3.0,3.0,0.0,1.0,0.6931471805599453,0.0,1.013131708419666,1.0,0.0,0.90566,0.349585,0.286414,0.261022,0.738978,0.416006,1.0,0.051812,1.0,1.0,0.157353,0.754927,0.0,0.354429,1.0,0.408246,0.607718,1.0,0.0,0.574351,0.729576,0.0,1.0,1.0,1.0,1.0,0.0,0.5,0.0,0.408754,0.487413,0.5,0.620427,0.0,0.0,1.0,0.474037,1.0,0.0,0.5,0.134377,0.750423,0.45,0.059386,0.0,0.0,0.0,1.0,0.0,0.0,0.0,0.0,0.0,0.0,1.0,0.0,0.0,0.0,0.0,0.0,0.0,0.0,0.0,0.0,0.0,0.0,0.0,0.0,-2.9361563,4,2.1890469641121983,-0.38087103,2.093829207185185,1.9986114502581716,1.9033937007817388,1.8081759364041448,1.6177404374512792
Bank,Bank:0:task_1:Mysql02:2021-03-04 14:57:00,Bank:Mysql02:2021-03-04 14:57:00,0,task_1,2021_03_04,Mysql02,redis02,2,0.675511,0,0.5,1.0986122886681096,0.9056603773584906,1.0,0.0,0.0,0.0,0.0,2.0,2.0,0.0,1.0,0.6931471805599453,0.0,1.086776190801498,1.0,0.0,0.90566,0.374996,0.079475,0.797994,0.202006,0.863127,0.749999,0.0,1.0,1.0,0.156598,0.738769,0.0,0.570288,1.0,0.098792,0.749253,0.896472,0.094251,0.533563,0.822342,0.398811,0.689397,1.0,0.816426,1.0,0.0,0.833333,0.0,0.920007,1.0,0.5,0.678218,0.0,0.0,1.0,0.0,1.0,0.0,1.0,0.076098,0.869429,0.45,0.016451,0.0,0.0,1.0,0.0,0.0,0.0,0.0,0.0,0.0,0.0,0.0,1.0,0.0,0.0,0.0,0.0,0.0,0.0,0.0,0.0,0.0,0.0,0.0,0.0,-0.9646003,4,2.001325687402258,1.4102923,2.353898754352102,2.7064718213019465,3.0590449180541133,3.4116179552016352,4.116764148705968
Bank,Bank:0:task_1:Mysql02:2021-03-04 14:57:00,Bank:Mysql02:2021-03-04 14:57:00,0,task_1,2021_03_04,Mysql02,tomcat01,3,0.654282,0,0.3333333333333333,1.3862943611198906,1.0,1.0,0.3773584905660377,0.0,0.0,0.0,2.0,2.0,0.0,1.0,0.6931471805599453,0.0,1.086776190801498,1.0,-0.0658333333333333,1.0,0.328734,0.306799,0.206489,0.793511,0.878339,0.749999,0.0,1.0,1.0,0.338416,0.904834,0.0,0.570288,1.0,0.057622,0.749253,0.874781,0.094251,0.533563,0.822342,0.398811,0.623702,1.0,0.799774,0.753266,1.0,0.833333,0.0,0.824048,0.843974,0.5,0.671602,0.0,0.0,1.0,0.898023,1.0,1.0,1.0,0.436952,1.0,1.0,0.352658,0.0,0.0,1.0,0.0,0.0,0.0,1.0,0.0,0.0,0.0,0.0,0.0,0.0,0.0,0.0,0.0,0.0,0.0,0.0,0.0,0.0,0.0,0.0,0.0,0.50474113,4,1.924061447158834,2.7451925,2.610359579101583,3.296657711044332,3.982955842987081,4.6692539749298305,6.041850238815329
Bank,Bank:0:task_1:Mysql02:2021-03-04 14:57:00,Bank:Mysql02:2021-03-04 14:57:00,0,task_1,2021_03_04,Mysql02,tomcat02,4,0.600342,0,0.25,1.6094379124341005,1.0,1.0,0.3773584905660377,0.0,0.0,0.0,2.0,2.0,0.0,1.0,0.6931471805599453,0.0,1.9056603773584904,1.0,-0.0697222222222222,1.0,0.611178,0.312722,0.190566,0.809434,0.641338,1.0,0.95713,1.0,1.0,0.460472,1.0,0.0,1.0,1.0,0.074671,1.0,0.983853,0.281876,0.564407,1.0,0.853506,0.841056,1.0,0.738596,0.853313,0.595152,0.333333,0.0,0.855197,0.673442,0.5,1.0,0.0,0.0,1.0,0.823025,1.0,0.999078,0.333333,0.608784,0.812757,0.999493,0.488489,0.0,0.0,1.0,0.0,0.0,0.0,1.0,0.0,0.0,0.0,0.0,0.0,0.0,0.0,0.0,0.0,0.0,0.0,0.0,0.0,0.0,0.0,0.0,0.0,-1.4436383,4,1.727743527391992,0.97508514,1.9715148122106414,2.2152860970292907,2.4590573520456176,2.7028286666665893,3.190371176699243
Bank,Bank:0:task_1:Mysql02:2021-03-04 14:57:00,Bank:Mysql02:2021-03-04 14:57:00,0,task_1,2021_03_04,Mysql02,mysql01,5,0.355122,0,0.2,1.791759469228055,0.9056603773584906,1.0,0.0,0.0,0.0,3.0,1.0,4.0,0.0,1.0,0.6931471805599453,2.716981132075472,0.0878332731900282,1.0,0.0,0.90566,0.030307,0.901636,0.067888,0.932112,0.182478,1.0,0.0,1.0,0.107737,0.017943,0.617921,0.75,0.092181,1.0,0.30822,0.472352,0.771957,0.481214,0.956985,0.329706,0.735488,0.744977,0.75,0.616931,1.0,0.0,0.166667,0.0,0.222722,0.534965,0.5,0.6875,0.0,0.0,1.0,0.257694,1.0,0.0,0.166667,0.55965,0.503417,0.45,0.632344,0.0,0.0,0.0,1.0,0.0,0.0,0.0,0.0,0.0,0.0,1.0,0.0,0.0,0.0,0.0,0.0,0.0,0.0,0.0,0.0,0.0,0.0,0.0,0.0,-2.9868457,4,0.8352503815776605,-0.42692253,0.7285197490937013,0.6217891166097421,0.5150584915763635,0.4083278516418237,0.19486660157506652
Bank,Bank:0:task_1:Mysql02:2021-03-04 14:57:00,Bank:Mysql02:2021-03-04 14:57:00,0,task_1,2021_03_04,Mysql02,ig02,6,0.346037,0,0.1666666666666666,1.9459101490553128,0.9056603773584906,1.0,0.0,0.0,0.0,2.0,4.0,6.0,0.0,1.0,0.6931471805599453,1.086776190801498,2.8048144052655,1.0,0.0,0.90566,0.967812,0.448953,0.541972,0.458028,0.828125,1.0,0.0,1.0,0.075416,0.344567,0.941125,0.299996,0.735917,1.0,0.103745,0.823709,0.840463,0.742649,0.074355,0.590361,1.0,0.756172,0.857143,0.312398,1.0,0.0,0.666667,0.0,1.0,0.526049,0.5,0.736229,0.0,0.0,1.0,0.070521,1.0,0.0,0.666667,0.343191,0.833304,0.45,0.514598,0.0,0.0,1.0,0.0,0.0,0.0,0.0,0.0,1.0,0.0,0.0,0.0,0.0,0.0,0.0,0.0,0.0,0.0,0.0,0.0,0.0,0.0,0.0,0.0,-1.3355414,4,0.8021849699891963,1.0732915,1.0705078550256648,1.3388307400621333,1.6071536250986018,1.8754765101350703,2.412122280208007
Bank,Bank:0:task_1:Mysql02:2021-03-04 14:57:00,Bank:Mysql02:2021-03-04 14:57:00,0,task_1,2021_03_04,Mysql02,servicetest5,7,0.336815,0,0.1428571428571428,2.079441541679836,0.0878332731900282,0.146388788650047,0.0,0.0,0.0,4.0,0.0,4.0,0.0,1.0,0.6931471805599453,3.6226415094339615,0.0,1.0,0.0,0.087833,0.0,1.0,0.0,1.0,0.051593,0.0,0.885597,1.0,0.113124,0.0,0.430865,1.0,0.0,1.0,0.230961,0.076515,0.590163,0.447511,1.0,0.21426,0.735488,0.300098,0.714286,0.508047,0.0,0.0,0.0,0.0,0.018907,0.0,0.5,0.0,0.0,1.0,0.0,1.0,0.0,0.0,0.0,0.234948,0.020422,0.0,0.318536,0.0,1.0,0.0,0.0,0.0,0.0,0.0,0.0,0.0,0.0,0.0,0.0,1.0,0.0,0.0,0.0,0.0,0.0,0.0,0.0,0.0,0.0,0.0,0.0,-3.2441053,4,0.7686209385451878,-0.6606435,0.603460059052428,0.43829917955966835,0.27313831496806984,0.10797742057414894,-0.22234430860904808
Bank,Bank:0:task_1:Mysql02:2021-03-04 14:57:00,Bank:Mysql02:2021-03-04 14:57:00,0,task_1,2021_03_04,Mysql02,mg01,8,0.315338,0,0.125,2.19722457733622,0.9056603773584906,1.0,0.0,0.0,0.0,3.0,3.0,6.0,0.0,1.0,0.6931471805599453,1.9924365681599885,1.8991540279070092,1.0,0.0,0.90566,0.655311,0.565934,0.489296,0.510704,0.60495,1.0,0.0,1.0,0.090499,0.265883,0.79403,0.549996,0.664391,1.0,0.137181,0.78467,0.832235,0.717965,0.770128,0.561399,0.962764,0.779023,0.821429,0.476428,1.0,0.0,0.5,0.0,0.673049,0.463637,0.5,0.600962,0.0,0.0,1.0,0.213639,1.0,0.0,0.5,0.426815,0.745044,0.45,0.597753,0.0,0.0,1.0,0.0,0.0,0.0,0.0,1.0,0.0,0.0,0.0,0.0,0.0,0.0,0.0,0.0,0.0,0.0,0.0,0.0,0.0,0.0,0.0,0.0,-0.77660894,4,0.6904540871763991,1.5810829,1.085724822201805,1.4809955572272109,1.8762663220549392,2.271537027278023,3.0620785569334794
Bank,Bank:0:task_1:Mysql02:2021-03-04 14:57:00,Bank:Mysql02:2021-03-04 14:57:00,0,task_1,2021_03_04,Mysql02,apache01,9,0.288087,0,0.1111111111111111,2.302585092994046,0.9056603773584906,1.0,0.0,0.0,0.0,5.0,0.0,5.0,0.0,1.0,0.6931471805599453,3.013131708419666,0.0,1.0,0.0,0.90566,0.0,1.0,0.0,1.0,0.164549,0.0,1.0,0.2,0.030657,0.0,0.650129,0.83175,0.0,0.2,0.335064,0.522682,0.488947,0.574511,0.979693,0.0,0.735488,0.712038,0.821429,0.408602,0.0,0.0,0.0,0.796567,0.194952,0.0,0.5,0.0,0.0,1.0,0.0,1.0,0.0,0.0,0.0,0.368898,0.065134,0.0,0.516457,0.0,0.0,1.0,0.0,0.0,0.0,0.0,0.0,0.0,1.0,0.0,0.0,0.0,0.0,0.0,0.0,0.0,0.0,0.0,0.0,0.0,0.0,0.0,0.0,-2.8551292,4,0.5912724106549637,-0.30725777,0.5144579677819626,0.4376435249089615,0.3608290820359604,0.2840146391629593,0.13038575341695713
Bank,Bank:0:task_1:Mysql02:2021-03-04 14:57:00,Bank:Mysql02:2021-03-04 14:57:00,0,task_1,2021_03_04,Mysql02,redis01,10,0.246071,0,0.1,2.3978952727983707,0.9056603773584906,1.0,0.0,0.0,0.0,4.0,2.0,6.0,0.0,1.0,0.6931471805599453,2.8980969455184797,0.9934936505485188,1.0,0.0,0.90566,0.342809,0.720037,0.383944,0.616056,0.382814,1.0,0.0,1.0,0.100555,0.156598,0.670288,0.799996,0.521338,1.0,0.0,0.70659,0.718316,0.662051,0.966453,0.503476,0.735488,0.500158,0.785714,0.490817,1.0,0.0,0.333333,0.0,0.39514,0.392308,0.5,0.4375,0.0,0.0,1.0,0.073614,1.0,0.0,0.333333,0.544335,0.570025,0.45,0.659701,1.0,0.0,0.0,0.0,0.0,0.0,0.0,0.0,0.0,0.0,0.0,1.0,0.0,0.0,0.0,0.0,0.0,0.0,0.0,0.0,0.0,0.0,0.0,0.0,-1.7412202,4,0.4383526161254192,0.7047313,0.6145354375184322,0.7907182589114452,0.9669010952056194,1.1430839016974712,1.4954495742858196
Bank,Bank:0:task_1:Mysql02:2021-03-04 14:57:00,Bank:Mysql02:2021-03-04 14:57:00,0,task_1,2021_03_04,Mysql02,ig01,11,0.177852,0,0.0909090909090909,2.4849066497880004,0.9056603773584906,1.0,0.0,0.0,0.0,2.0,4.0,6.0,0.0,1.0,0.6931471805599453,1.9056603773584904,2.8980969455184797,1.0,0.0,0.90566,1.0,0.368627,0.629107,0.370893,1.0,0.910648,0.0,0.666667,0.0,0.344567,0.968685,0.526042,0.760392,0.666667,0.001852,0.845041,0.679824,0.801343,0.715664,0.470767,1.0,0.598904,0.928571,0.320569,1.0,0.0,1.0,1.0,0.870002,0.48401,0.5,0.4375,0.0,0.0,1.0,0.030585,1.0,0.0,1.0,0.411491,0.977005,0.45,0.791979,0.0,0.0,0.0,0.0,1.0,0.0,0.0,0.0,1.0,0.0,0.0,0.0,0.0,0.0,0.0,0.0,0.0,0.0,0.0,0.0,0.0,0.0,0.0,0.0,-0.64104986,4,0.19006540499130345,1.7042387,0.6161250682870493,1.0421847315827952,1.4682443352738963,1.894304058174287,2.746423265556489
Bank,Bank:0:task_1:Mysql02:2021-03-04 14:57:00,Bank:Mysql02:2021-03-04 14:57:00,0,task_1,2021_03_04,Mysql02,servicetest11,12,0.12685,0,0.0833333333333333,2.5649493574615367,0.0476246822051433,0.0793744703419055,0.0,0.0,0.0,1.0,2.0,3.0,0.0,1.0,0.6931471805599453,0.9056603773584906,0.9655070262145228,1.0,0.0,0.047625,0.333152,0.0,1.0,0.0,0.25444,1.0,0.0,1.0,0.150832,0.156598,0.185591,0.25,0.506652,1.0,0.230961,0.332895,0.772025,0.57103,0.0,0.442723,0.630721,0.523175,0.964286,0.368948,1.0,0.0,0.333333,0.0,0.215303,0.552797,0.5,0.800403,0.0,0.0,1.0,0.119978,1.0,0.0,0.333333,0.453154,0.533485,0.45,0.478762,0.0,1.0,0.0,0.0,0.0,0.0,0.0,0.0,0.0,0.0,0.0,0.0,1.0,0.0,0.0,0.0,0.0,0.0,0.0,0.0,0.0,0.0,0.0,0.0,-3.0339823,4,0.004440515411242533,-0.46974617,-0.11299602769579024,-0.230432570802823,-0.347869128811017,-0.4653056570168886,-0.7001787730332765
Bank,Bank:0:task_1:Mysql02:2021-03-04 14:57:00,Bank:Mysql02:2021-03-04 14:57:00,0,task_1,2021_03_04,Mysql02,servicetest10,13,0.104051,0,0.0769230769230769,2.639057329615259,0.1811158134430073,0.301859689071679,0.0,0.0,0.0,3.0,3.0,6.0,0.0,1.0,0.6931471805599453,2.811320754716981,2.716981132075472,1.0,0.0,0.181116,0.937505,0.0,1.0,0.0,0.831238,0.906286,0.0,0.666667,0.050277,0.374413,0.584263,0.776042,0.950495,0.666667,0.230961,0.667149,0.742961,0.890894,0.957763,0.484061,0.962764,0.823926,0.892857,0.38778,1.0,0.0,0.833333,0.666667,0.710404,0.586827,0.5,0.579561,0.0,0.0,1.0,0.05121,1.0,0.0,0.833333,0.473986,0.872572,0.45,0.808595,0.0,1.0,0.0,0.0,0.0,0.0,0.0,0.0,0.0,0.0,0.0,0.0,1.0,0.0,0.0,0.0,0.0,0.0,0.0,0.0,0.0,0.0,0.0,0.0,-2.57592,4,-0.07853783558549887,-0.05359559,-0.09193673341962105,-0.10533563125374323,-0.11873453001918799,-0.1321334269219876,-0.1589312244528771
Bank,Bank:0:task_1:Mysql02:2021-03-04 14:57:00,Bank:Mysql02:2021-03-04 14:57:00,0,task_1,2021_03_04,Mysql02,dockera1,14,0.075945,0,0.0714285714285714,2.70805020110221,0.9056603773584906,1.0,0.0,0.0,0.0,0.0,0.0,0.0,1.0,1.0,0.6931471805599453,0.0,0.0,1.0,0.05,0.90566,0.0,0.382504,0.0,1.0,0.182419,0.0,0.0,0.0,0.150832,0.818182,0.195537,0.0,0.0,0.0,1.0,0.522682,0.527324,0.211842,0.676983,0.216656,0.894134,0.855542,0.0,0.517973,0.0,0.0,0.0,0.0,0.194952,0.0,0.5,0.0,0.0,1.0,0.0,1.0,0.0,0.0,0.0,0.039647,0.072207,0.0,0.070642,0.0,0.0,0.0,0.0,1.0,0.0,0.0,0.0,0.0,0.0,0.0,0.0,0.0,0.0,0.0,0.0,0.0,0.0,0.0,0.0,0.0,0.0,0.0,0.0,-3.4384618,4,-0.18083133675284901,-0.8372168,-0.39013553537555257,-0.5994397339982561,-0.8087439177197985,-1.0180481312436633,-1.436656498686748
Bank,Bank:0:task_1:Mysql02:2021-03-04 14:57:00,Bank:Mysql02:2021-03-04 14:57:00,0,task_1,2021_03_04,Mysql02,servicetest4,15,0.060766,0,0.0666666666666666,2.772588722239781,0.059846648856032,0.0997444147600534,0.0,0.0,0.0,2.0,1.0,3.0,0.0,1.0,0.6931471805599453,0.953285059563634,0.9056603773584906,1.0,0.0,0.059847,0.312502,0.0,1.0,0.0,0.241877,1.0,0.0,1.0,0.150832,0.150358,0.177464,0.263146,0.950495,1.0,0.230961,0.587918,0.863667,0.79756,0.067001,0.611255,0.776041,0.750209,0.928571,0.328765,1.0,0.0,0.166667,0.0,0.192706,0.392308,0.5,0.4375,0.0,0.0,1.0,0.133248,1.0,0.0,0.166667,0.541093,0.488616,0.45,0.590721,0.0,1.0,0.0,0.0,0.0,0.0,0.0,0.0,0.0,0.0,0.0,0.0,1.0,0.0,0.0,0.0,0.0,0.0,0.0,0.0,0.0,0.0,0.0,0.0,-2.9927561,4,-0.23607623301055936,-0.43229213,-0.3441492664029887,-0.45222229979541806,-0.560295340638428,-0.6683683665802768,-0.8845144482662967
Bank,Bank:0:task_1:Mysql02:2021-03-04 14:57:00,Bank:Mysql02:2021-03-04 14:57:00,0,task_1,2021_03_04,Mysql02,tomcat04,16,0.059526,0,0.0625,2.833213344056216,1.0,1.0,0.3773584905660377,0.0,0.0,1.0,1.0,2.0,0.0,1.0,0.6931471805599453,1.0,0.9056603773584906,1.0,-0.0613888888888888,1.0,0.276395,0.599033,0.181132,0.818868,0.396209,1.0,0.0,0.0,0.104943,0.332176,0.683123,0.276042,0.950495,0.0,0.084301,0.940828,0.496542,1.0,0.039695,0.283325,0.827919,0.66747,0.964286,0.0,0.76892,0.952488,0.166667,0.302754,0.513449,0.650538,0.5,1.0,0.0,0.0,1.0,0.893188,1.0,0.999965,0.166667,1.0,0.641383,0.999981,1.0,0.0,0.0,1.0,0.0,0.0,0.0,1.0,0.0,0.0,0.0,0.0,0.0,0.0,0.0,0.0,0.0,0.0,0.0,0.0,0.0,0.0,0.0,0.0,0.0,-1.6075761,4,-0.24058928863738333,0.82614726,-0.034052474066956384,0.17248434050347056,0.3790211401727363,0.5855579696443245,0.998631568982856
Bank,Bank:0:task_1:Mysql02:2021-03-04 14:57:00,Bank:Mysql02:2021-03-04 14:57:00,0,task_1,2021_03_04,Mysql02,apache02,17,-0.022212,0,0.0588235294117647,2.8903717578961645,0.9056603773584906,1.0,0.0,0.0,0.0,0.0,0.0,0.0,1.0,1.0,0.6931471805599453,0.0,0.0,1.0,0.0,0.90566,0.0,0.382504,0.0,1.0,0.182419,0.0,0.0,0.0,0.150832,0.818182,0.195537,0.0,0.0,0.0,0.23073,0.522682,0.171863,0.211842,0.676983,0.216656,0.894134,0.507439,0.0,0.286169,0.0,0.0,0.0,0.0,0.194952,0.0,0.5,0.0,0.0,1.0,0.0,1.0,0.0,0.0,0.0,0.039647,0.072207,0.0,0.070642,0.0,0.0,1.0,0.0,0.0,0.0,0.0,0.0,0.0,1.0,0.0,0.0,0.0,0.0,0.0,0.0,0.0,0.0,0.0,0.0,0.0,0.0,0.0,0.0,-3.360022,4,-0.5380797247868484,-0.76595414,-0.7295682589989608,-0.9210567932110733,-1.1125453572255082,-1.3040338616352982,-1.6870109896641678
Bank,Bank:0:task_1:Mysql02:2021-03-04 14:57:00,Bank:Mysql02:2021-03-04 14:57:00,0,task_1,2021_03_04,Mysql02,mg02,18,-0.050553,0,0.0555555555555555,2.9444389791664403,0.9056603773584906,1.0,0.0,0.0,0.0,0.0,0.0,0.0,1.0,1.0,0.6931471805599453,0.0,0.0,1.0,0.0,0.90566,0.0,0.382504,0.0,1.0,0.182419,0.0,0.0,0.0,0.150832,0.818182,0.195537,0.0,0.0,0.0,0.090444,0.522682,0.099815,0.211842,0.676983,0.216656,0.894134,0.316484,0.0,0.232396,0.0,0.0,0.0,0.0,0.194952,0.0,0.5,0.0,0.0,1.0,0.0,1.0,0.0,0.0,0.0,0.039647,0.072207,0.0,0.070642,0.0,0.0,1.0,0.0,0.0,0.0,0.0,1.0,0.0,0.0,0.0,0.0,0.0,0.0,0.0,0.0,0.0,0.0,0.0,0.0,0.0,0.0,0.0,0.0,-1.9290941,4,-0.6412285227867014,0.5340474,-0.5077166665883905,-0.3742048103900797,-0.24069293929060764,-0.10718109799345799,0.1598426442054861
Bank,Bank:0:task_1:Mysql02:2021-03-04 14:57:00,Bank:Mysql02:2021-03-04 14:57:00,0,task_1,2021_03_04,Mysql02,dockerb1,19,-0.054796,0,0.0526315789473684,2.995732273553991,0.9056603773584906,1.0,0.0,0.0,0.0,0.0,0.0,0.0,1.0,1.0,0.6931471805599453,0.0,0.0,1.0,0.0666666666666666,0.90566,0.0,0.382504,0.0,1.0,0.182419,0.0,0.0,0.0,0.150832,0.818182,0.195537,0.0,0.0,0.0,0.070745,0.522682,0.089516,0.211842,0.676983,0.216656,0.894134,0.286464,0.0,0.224555,0.0,0.0,0.0,0.0,0.194952,0.0,0.5,0.0,0.0,1.0,0.0,1.0,0.0,0.0,0.0,0.039647,0.072207,0.0,0.070642,1.0,0.0,0.0,0.0,0.0,0.0,0.0,0.0,0.0,0.0,0.0,0.0,0.0,0.0,0.0,0.0,0.0,0.0,0.0,0.0,0.0,0.0,0.0,0.0,-1.9653928,4,-0.656671180064616,0.5010699,-0.5314037042211864,-0.40613622837775687,-0.2808687525343273,-0.15560127669089774,0.09493367499596139
Bank,Bank:0:task_1:Mysql02:2021-03-04 14:57:00,Bank:Mysql02:2021-03-04 14:57:00,0,task_1,2021_03_04,Mysql02,dockera2,20,-0.115087,0,0.05,3.044522437723423,0.0,0.0,0.0,0.0,0.0,0.0,0.0,0.0,1.0,1.0,0.6931471805599453,0.0,0.0,1.0,0.0,0.0,0.0,0.382504,0.0,1.0,0.0,0.0,0.0,0.0,0.150832,0.636364,0.01896,0.0,0.0,0.0,0.230961,0.0,0.0,0.211842,0.676983,0.09848,0.894134,0.0,0.0,0.15497,0.0,0.0,0.0,0.0,0.0,0.0,0.5,0.0,0.0,1.0,0.0,1.0,0.0,0.0,0.0,0.0,0.0,0.0,0.0,0.0,1.0,0.0,0.0,0.0,0.0,0.0,0.0,0.0,0.0,0.0,0.0,0.0,0.0,0.0,0.0,0.0,0.0,0.0,0.0,0.0,0.0,0.0,0.0,-3.521847,4,-0.8761039516749733,-0.91297245,-1.1043470642390603,-1.3325901768031472,-1.560833289367234,-1.789076401931321,-2.2455626270594946
Bank,Bank:0:task_1:Mysql02:2021-03-04 14:57:00,Bank:Mysql02:2021-03-04 14:57:00,0,task_1,2021_03_04,Mysql02,dockerb2,21,-0.115087,0,0.0476190476190476,3.091042453358316,0.0,0.0,0.0,0.0,0.0,0.0,0.0,0.0,1.0,1.0,0.6931471805599453,0.0,0.0,1.0,0.0,0.0,0.0,0.382504,0.0,1.0,0.0,0.0,0.0,0.0,0.150832,0.636364,0.01896,0.0,0.0,0.0,0.230961,0.0,0.0,0.211842,0.676983,0.09848,0.894134,0.0,0.0,0.15497,0.0,0.0,0.0,0.0,0.0,0.0,0.5,0.0,0.0,1.0,0.0,1.0,0.0,0.0,0.0,0.0,0.0,0.0,0.0,0.0,1.0,0.0,0.0,0.0,0.0,0.0,0.0,0.0,0.0,0.0,0.0,0.0,0.0,0.0,0.0,0.0,0.0,0.0,0.0,0.0,0.0,0.0,0.0,-3.521847,4,-0.8761039516749733,-0.91297245,-1.1043470642390603,-1.3325901768031472,-1.560833289367234,-1.789076401931321,-2.2455626270594946
Bank,Bank:0:task_1:Mysql02:2021-03-04 14:57:00,Bank:Mysql02:2021-03-04 14:57:00,0,task_1,2021_03_04,Mysql02,tomcat03,22,-0.115293,0,0.0454545454545454,3.1354942159291497,1.0,1.0,0.3773584905660377,0.0,0.0,0.0,0.0,0.0,1.0,1.0,0.6931471805599453,0.0,0.0,1.0,-0.0513888888888888,1.0,0.0,0.382504,0.0,1.0,0.19731,0.0,0.0,0.0,0.150832,1.0,0.187939,0.0,0.0,0.0,0.012361,0.522682,0.058805,0.211842,0.676983,0.216656,0.894134,0.194183,0.0,0.201021,0.0,0.0,0.0,0.0,0.21526,0.0,0.5,0.0,0.0,1.0,0.0,1.0,0.0,0.0,0.0,0.09023,0.078102,0.0,0.141284,1.0,0.0,0.0,0.0,0.0,0.0,1.0,0.0,0.0,0.0,0.0,0.0,0.0,0.0,0.0,0.0,0.0,0.0,0.0,0.0,0.0,0.0,0.0,0.0,-1.9912374,4,-0.8768537012387845,0.47759005,-0.7574561876703831,-0.6380586741019818,-0.5186611679841611,-0.39926364696517913,-0.16046863472953765
Bank,Bank:0:task_1:Mysql02:2021-03-04 14:57:00,Bank:Mysql02:2021-03-04 14:57:00,0,task_1,2021_03_04,Mysql02,servicetest3,23,-0.117662,0,0.0434782608695652,3.1780538303479458,0.2407018770215764,0.4011697950359608,0.0,0.0,0.0,0.0,0.0,0.0,1.0,1.0,0.6931471805599453,0.0,0.0,1.0,0.0,0.240702,0.0,0.382504,0.0,1.0,0.077456,0.0,0.0,0.0,0.150832,0.818182,0.046356,0.0,0.0,0.0,0.230961,0.209684,0.068543,0.211842,0.676983,0.145889,0.894134,0.195738,0.0,0.206921,0.0,0.0,0.0,0.0,0.051813,0.0,0.5,0.0,0.0,1.0,0.0,1.0,0.0,0.0,0.0,0.047493,0.03066,0.0,0.070642,0.0,1.0,0.0,0.0,0.0,0.0,0.0,0.0,0.0,0.0,0.0,0.0,1.0,0.0,0.0,0.0,0.0,0.0,0.0,0.0,0.0,0.0,0.0,0.0,-3.5014925,4,-0.8854758212226117,-0.89448035,-1.1090959081309522,-1.3327159950392926,-1.5563361117499555,-1.7799561688559735,-2.227196402277299
Bank,Bank:0:task_1:Mysql02:2021-03-04 14:57:00,Bank:Mysql02:2021-03-04 14:57:00,0,task_1,2021_03_04,Mysql02,servicetest1,24,-0.140834,0,0.0416666666666666,3.218875824868201,0.1243497440902598,0.2072495734837663,0.0,0.0,0.0,0.0,0.0,0.0,1.0,1.0,0.6931471805599453,0.0,0.0,1.0,0.0,0.12435,0.0,0.382504,0.0,1.0,0.05909,0.0,0.0,0.0,0.150832,0.818182,0.020252,0.0,0.0,0.0,0.230961,0.108326,0.035331,0.211842,0.676983,0.122972,0.894134,0.09973,0.0,0.181683,0.0,0.0,0.0,0.0,0.026768,0.0,0.5,0.0,0.0,1.0,0.0,1.0,0.0,0.0,0.0,0.048866,0.02339,0.0,0.070642,0.0,1.0,0.0,0.0,0.0,0.0,0.0,0.0,0.0,0.0,0.0,0.0,1.0,0.0,0.0,0.0,0.0,0.0,0.0,0.0,0.0,0.0,0.0,0.0,-3.521847,4,-0.9698117284683897,-0.91297245,-1.1980548410324765,-1.4262979535965634,-1.6545410661606503,-1.8827841787247372,-2.339270403852911
Bank,Bank:0:task_1:Mysql02:2021-03-04 14:57:00,Bank:Mysql02:2021-03-04 14:57:00,0,task_1,2021_03_04,Mysql02,servicetest8,25,-0.14873,0,0.04,3.258096538021482,0.084455188538957,0.1407586475649284,0.0,0.0,0.0,0.0,0.0,0.0,1.0,1.0,0.6931471805599453,0.0,0.0,1.0,0.0,0.084455,0.0,0.382504,0.0,1.0,0.052793,0.0,0.0,0.0,0.150832,0.818182,0.011302,0.0,0.0,0.0,0.230961,0.073572,0.023978,0.211842,0.676983,0.115114,0.894134,0.067408,0.0,0.173083,0.0,0.0,0.0,0.0,0.01818,0.0,0.5,0.0,0.0,1.0,0.0,1.0,0.0,0.0,0.0,0.049336,0.020897,0.0,0.070642,0.0,1.0,0.0,0.0,0.0,0.0,0.0,0.0,0.0,0.0,0.0,0.0,1.0,0.0,0.0,0.0,0.0,0.0,0.0,0.0,0.0,0.0,0.0,0.0,-3.521847,4,-0.9985497020404881,-0.91297245,-1.226792814604575,-1.455035927168662,-1.6832790397327488,-1.9115221522968358,-2.3680083774250096
Bank,Bank:0:task_1:Mysql02:2021-03-04 14:57:00,Bank:Mysql02:2021-03-04 14:57:00,0,task_1,2021_03_04,Mysql02,servicetest9,26,-0.1526,0,0.0384615384615384,3.295836866004329,0.0648539640216982,0.1080899400361636,0.0,0.0,0.0,0.0,0.0,0.0,1.0,1.0,0.6931471805599453,0.0,0.0,1.0,0.0,0.064854,0.0,0.382504,0.0,1.0,0.049699,0.0,0.0,0.0,0.150832,0.818182,0.006905,0.0,0.0,0.0,0.230961,0.056497,0.018406,0.211842,0.676983,0.111254,0.894134,0.051639,0.0,0.168868,0.0,0.0,0.0,0.0,0.01396,0.0,0.5,0.0,0.0,1.0,0.0,1.0,0.0,0.0,0.0,0.049568,0.019672,0.0,0.070642,0.0,1.0,0.0,0.0,0.0,0.0,0.0,0.0,0.0,0.0,0.0,0.0,1.0,0.0,0.0,0.0,0.0,0.0,0.0,0.0,0.0,0.0,0.0,0.0,-3.521847,4,-1.0126348030693662,-0.91297245,-1.240877915633453,-1.46912102819754,-1.697364140761627,-1.9256072533257138,-2.3820934784538874
Bank,Bank:0:task_1:Mysql02:2021-03-04 14:57:00,Bank:Mysql02:2021-03-04 14:57:00,0,task_1,2021_03_04,Mysql02,servicetest7,27,-0.15715,0,0.037037037037037,3.332204510175204,0.0417710915262631,0.0696184858771053,0.0,0.0,0.0,0.0,0.0,0.0,1.0,1.0,0.6931471805599453,0.0,0.0,1.0,0.0,0.041771,0.0,0.382504,0.0,1.0,0.046055,0.0,0.0,0.0,0.150832,0.818182,0.001726,0.0,0.0,0.0,0.230961,0.036388,0.011849,0.211842,0.676983,0.106707,0.894134,0.033166,0.0,0.163913,0.0,0.0,0.0,0.0,0.008992,0.0,0.5,0.0,0.0,1.0,0.0,1.0,0.0,0.0,0.0,0.04984,0.01823,0.0,0.070642,0.0,1.0,0.0,0.0,0.0,0.0,0.0,0.0,0.0,0.0,0.0,0.0,1.0,0.0,0.0,0.0,0.0,0.0,0.0,0.0,0.0,0.0,0.0,0.0,-3.521847,4,-1.0291948055710187,-0.91297245,-1.2574379181351056,-1.4856810306991926,-1.7139241432632795,-1.9421672558273664,-2.39865348095554
Bank,Bank:0:task_1:Mysql02:2021-03-04 14:57:00,Bank:Mysql02:2021-03-04 14:57:00,0,task_1,2021_03_04,Mysql02,servicetest2,28,-0.157747,0,0.0357142857142857,3.367295829986474,0.0387403443859497,0.0645672406432496,0.0,0.0,0.0,0.0,0.0,0.0,1.0,1.0,0.6931471805599453,0.0,0.0,1.0,0.0,0.03874,0.0,0.382504,0.0,1.0,0.045577,0.0,0.0,0.0,0.150832,0.818182,0.001046,0.0,0.0,0.0,0.230961,0.033748,0.010989,0.211842,0.676983,0.10611,0.894134,0.030748,0.0,0.163263,0.0,0.0,0.0,0.0,0.008339,0.0,0.5,0.0,0.0,1.0,0.0,1.0,0.0,0.0,0.0,0.049876,0.018041,0.0,0.070642,0.0,1.0,0.0,0.0,0.0,0.0,0.0,0.0,0.0,0.0,0.0,0.0,1.0,0.0,0.0,0.0,0.0,0.0,0.0,0.0,0.0,0.0,0.0,0.0,-3.521847,4,-1.031367623481675,-0.91297245,-1.259610736045762,-1.487853848609849,-1.7160969611739358,-1.9443400737380228,-2.4008262988661966
Bank,Bank:0:task_1:Mysql02:2021-03-04 14:57:00,Bank:Mysql02:2021-03-04 14:57:00,0,task_1,2021_03_04,Mysql02,servicetest6,29,-0.158665,0,0.0344827586206896,3.4011973816621555,0.0340766905500222,0.0567944842500371,0.0,0.0,0.0,0.0,0.0,0.0,1.0,1.0,0.6931471805599453,0.0,0.0,1.0,0.0,0.034077,0.0,0.382504,0.0,1.0,0.044841,0.0,0.0,0.0,0.150832,0.818182,0.0,0.0,0.0,0.0,0.230961,0.029685,0.009665,0.211842,0.676983,0.105192,0.894134,0.027031,0.0,0.162263,0.0,0.0,0.0,0.0,0.007335,0.0,0.5,0.0,0.0,1.0,0.0,1.0,0.0,0.0,0.0,0.049931,0.017749,0.0,0.070642,0.0,1.0,0.0,0.0,0.0,0.0,0.0,0.0,0.0,0.0,0.0,0.0,1.0,0.0,0.0,0.0,0.0,0.0,0.0,0.0,0.0,0.0,0.0,0.0,-3.521847,4,-1.0347087404699205,-0.91297245,-1.2629518530340074,-1.4911949655980943,-1.7194380781621812,-1.947681190726268,-2.4041674158544417
Bank,Bank:2:task_6:Tomcat01:2021-03-06 06:20:00,Bank:Tomcat01:2021-03-06 06:20:00,2,task_6,2021_03_06,Tomcat01,ig02,1,0.751951,0,1.0,0.6931471805599453,1.0,1.0,0.0,0.0,0.0,0.0,6.0,6.0,0.0,1.0,0.6931471805599453,0.0,4.271874501256023,1.0,0.0,1.0,1.0,0.179908,0.540385,0.459615,0.996772,0.93361,1.0,1.0,1.0,0.362698,1.0,0.0,0.711979,1.0,0.0,0.837047,0.852795,0.074908,0.952258,1.0,0.389736,0.4307,1.0,0.898311,1.0,0.0,0.7,0.0,1.0,0.232835,0.0,0.703979,0.0,0.0,1.0,0.067607,1.0,0.0,1.0,0.241635,1.0,0.45,0.244022,0.0,0.0,1.0,0.0,0.0,0.0,0.0,0.0,1.0,0.0,0.0,0.0,0.0,0.0,0.0,0.0,0.0,0.0,0.0,0.0,0.0,0.0,0.0,0.0,-0.33206043,4,3.038072483580589,2.0324547,3.546186165850639,4.054299848120689,4.5624135899953835,5.070527212660789,6.086754696410178
Bank,Bank:2:task_6:Tomcat01:2021-03-06 06:20:00,Bank:Tomcat01:2021-03-06 06:20:00,2,task_6,2021_03_06,Tomcat01,tomcat01,2,0.597057,1,0.5,1.0986122886681096,1.0,1.0,0.4166666666666667,0.0,0.0,0.0,4.0,4.0,0.0,1.0,0.6931471805599453,0.0,2.2718745012560237,1.0,-0.0766666666666666,1.0,0.45622,0.33454,0.131594,0.868406,0.648877,0.893028,0.0,1.0,1.0,0.431652,0.712096,0.0,0.567969,1.0,0.165845,0.777695,0.868011,0.0,0.957439,0.929707,0.0,0.503416,1.0,1.0,0.715687,1.0,0.5,0.0,0.626197,0.230856,0.0,0.628203,0.0,0.0,1.0,0.809592,1.0,1.0,1.0,0.756462,0.848987,1.0,0.500344,0.0,0.0,1.0,0.0,0.0,0.0,1.0,0.0,0.0,0.0,0.0,0.0,0.0,0.0,0.0,0.0,0.0,0.0,0.0,0.0,0.0,0.0,0.0,0.0,0.19092928,4,2.2984324742388718,2.507198,2.9252319980692856,3.5520315218996994,4.178830986125469,4.8056305695605275,6.059229498012066
Bank,Bank:2:task_6:Tomcat01:2021-03-06 06:20:00,Bank:Tomcat01:2021-03-06 06:20:00,2,task_6,2021_03_06,Tomcat01,mysql02,3,0.414531,0,0.3333333333333333,1.3862943611198906,1.0,1.0,0.0,0.0,0.0,2.0,4.0,6.0,0.0,1.0,0.6931471805599453,2.0,2.2718745012560237,1.0,0.0,1.0,0.531821,0.520714,0.460578,0.539422,0.63443,0.893028,0.0,1.0,0.090944,0.249834,0.652712,0.379372,0.567969,1.0,1.0,0.777695,1.0,0.639046,0.50603,0.557237,0.954854,1.0,0.928571,0.573935,1.0,0.0,0.5,0.0,0.691401,0.287858,0.0,0.690275,0.0,0.0,1.0,0.482999,1.0,0.0,1.0,0.481739,0.924757,0.45,0.629165,0.0,0.0,0.0,1.0,0.0,0.0,0.0,0.0,0.0,0.0,1.0,0.0,0.0,0.0,0.0,0.0,0.0,0.0,0.0,0.0,0.0,0.0,0.0,0.0,-2.7782218,4,1.4268458902194374,-0.18804604,1.3798343806817406,1.3328228711440437,1.285811361606347,1.23879985206865,1.1447768329932564
Bank,Bank:2:task_6:Tomcat01:2021-03-06 06:20:00,Bank:Tomcat01:2021-03-06 06:20:00,2,task_6,2021_03_06,Tomcat01,mysql01,4,0.336143,0,0.25,1.6094379124341005,1.0,1.0,0.0,0.0,0.0,1.0,5.0,6.0,0.0,1.0,0.6931471805599453,1.0,3.2718745012560237,1.0,0.0,1.0,0.765911,0.377266,0.508462,0.491538,0.815576,0.918069,0.0,1.0,0.090944,0.316094,0.769427,0.189686,0.654375,1.0,0.191716,0.813306,0.82939,0.67656,0.740257,0.599413,1.0,0.542266,0.964286,0.424083,1.0,0.0,0.6,0.0,0.804554,0.238051,0.0,0.621015,0.0,0.0,1.0,0.181911,1.0,0.0,1.0,0.439398,0.9307,0.45,0.55793,0.0,0.0,1.0,0.0,0.0,0.0,0.0,0.0,0.0,0.0,1.0,0.0,0.0,0.0,0.0,0.0,0.0,0.0,0.0,0.0,0.0,0.0,0.0,0.0,0.3716378,4,1.0525324820029893,2.671236,1.7203414915549913,2.3881505011069932,3.055959510658995,3.723768520210997,5.0593865393150015
Bank,Bank:2:task_6:Tomcat01:2021-03-06 06:20:00,Bank:Tomcat01:2021-03-06 06:20:00,2,task_6,2021_03_06,Tomcat01,apache02,5,0.288936,0,0.2,1.791759469228055,1.0,1.0,0.0,0.0,0.0,5.0,5.0,10.0,0.0,1.0,0.6931471805599453,3.800688396744968,1.3944918497775365,1.0,0.0,1.0,0.326436,0.875395,0.195229,0.804771,0.353875,1.0,0.0,0.8,0.083986,0.151522,0.578666,0.720937,0.278898,0.8,0.960539,0.583047,0.711844,0.619467,0.961097,0.295625,0.428425,0.817028,0.5,0.49889,1.0,0.0,0.5,0.156892,0.357121,0.166837,0.0,0.542008,0.0,0.0,1.0,0.164581,1.0,0.0,0.833333,0.668079,0.694478,0.45,0.766721,1.0,0.0,0.0,0.0,0.0,0.0,0.0,0.0,0.0,1.0,0.0,0.0,0.0,0.0,0.0,0.0,0.0,0.0,0.0,0.0,0.0,0.0,0.0,0.0,-3.1703465,4,0.8271126082764768,-0.5439968,0.6911134055482053,0.5551142028199338,0.41911500009166236,0.2831157973633909,0.011117391906847907
Bank,Bank:2:task_6:Tomcat01:2021-03-06 06:20:00,Bank:Tomcat01:2021-03-06 06:20:00,2,task_6,2021_03_06,Tomcat01,redis01,6,0.251922,0,0.1666666666666666,1.9459101490553128,1.0,1.0,0.0,0.0,0.0,4.0,3.0,7.0,0.0,1.0,0.6931471805599453,2.271874501256023,1.800688396744968,1.0,0.0,1.0,0.421522,0.372675,0.708161,0.291839,0.784374,0.781281,0.391231,1.0,0.045472,0.265883,0.620082,0.430942,0.600229,1.0,0.308406,0.827754,0.78987,0.700412,0.528343,0.583299,0.880746,0.627287,0.714286,0.336293,0.727593,0.0,0.6,0.0,0.792485,0.392436,0.0,0.698119,0.0,0.0,1.0,0.162773,1.0,0.0,1.0,0.604199,0.725874,0.45,0.687268,1.0,0.0,0.0,0.0,0.0,0.0,0.0,0.0,0.0,0.0,0.0,1.0,0.0,0.0,0.0,0.0,0.0,0.0,0.0,0.0,0.0,0.0,0.0,0.0,-2.7424772,4,0.6503657019678118,-0.15559886,0.6114659859779837,0.5725662699881556,0.5336665577236178,0.4947668380084994,0.4169674134794238
Bank,Bank:2:task_6:Tomcat01:2021-03-06 06:20:00,Bank:Tomcat01:2021-03-06 06:20:00,2,task_6,2021_03_06,Tomcat01,mg02,7,0.244064,0,0.1428571428571428,2.079441541679836,1.0,1.0,0.0,0.0,0.0,3.0,7.0,10.0,0.0,1.0,0.6931471805599453,1.800688396744968,3.3944918497775363,1.0,0.0,1.0,0.606238,0.664793,0.382306,0.617694,0.714559,1.0,0.0,0.8,0.090944,0.269536,0.735432,0.341565,0.484927,0.8,0.390196,0.708498,0.646164,0.711772,0.56471,0.407565,0.428425,0.604053,0.571429,0.257603,0.740881,0.0,0.7,0.0,0.579325,0.161151,0.0,0.66132,0.0,0.0,1.0,0.136943,1.0,0.0,1.0,0.56357,0.724754,0.45,0.620564,0.0,0.0,1.0,0.0,0.0,0.0,0.0,1.0,0.0,0.0,0.0,0.0,0.0,0.0,0.0,0.0,0.0,0.0,0.0,0.0,0.0,0.0,0.0,0.0,-2.9297352,4,0.6128426785233453,-0.32558215,0.5314471418621972,0.45005160520104914,0.36865606853990107,0.287260531878753,0.12446945855645686
Bank,Bank:2:task_6:Tomcat01:2021-03-06 06:20:00,Bank:Tomcat01:2021-03-06 06:20:00,2,task_6,2021_03_06,Tomcat01,ig01,8,0.209081,0,0.125,2.19722457733622,1.0,1.0,0.0,0.0,0.0,3.0,4.0,7.0,0.0,1.0,0.6931471805599453,3.0,0.3944918497775362,1.0,0.0,1.0,0.092346,0.900916,0.069036,0.930964,0.190132,1.0,0.0,0.714286,0.081004,0.060367,0.475303,0.569058,0.098623,0.714286,0.740572,0.489871,0.575836,0.550961,0.892205,0.159765,0.428425,0.629567,0.464286,0.384649,1.0,0.0,0.4,0.261487,0.181338,0.150427,0.0,0.4375,0.0,0.0,1.0,0.263493,1.0,0.0,0.666667,0.725476,0.627568,0.45,0.806489,0.0,0.0,1.0,0.0,0.0,0.0,0.0,0.0,1.0,0.0,0.0,0.0,0.0,0.0,0.0,0.0,0.0,0.0,0.0,0.0,0.0,0.0,0.0,0.0,-3.0385668,4,0.4457940746600497,-0.42437395,0.33970058602641706,0.2336070973927844,0.12751361620973234,0.021420120125519082,-0.19076684224058504
Bank,Bank:2:task_6:Tomcat01:2021-03-06 06:20:00,Bank:Tomcat01:2021-03-06 06:20:00,2,task_6,2021_03_06,Tomcat01,tomcat03,9,0.19633,0,0.1111111111111111,2.302585092994046,1.0,1.0,0.4166666666666667,0.0,0.0,4.0,6.0,10.0,0.0,1.0,0.6931471805599453,2.800688396744968,2.3944918497775363,1.0,-0.0119444444444444,1.0,0.547293,0.953243,0.079816,0.920184,0.533934,1.0,0.0,1.0,0.112403,0.40106,0.720136,0.531251,0.399082,1.0,0.180948,0.645165,0.641315,0.632938,0.789007,0.457145,0.428425,0.429733,0.535714,0.345414,0.952788,0.196116,0.6,0.0,0.556171,0.181337,0.0,0.655093,0.0,0.0,1.0,0.554434,1.0,0.983714,1.0,1.0,0.902214,0.991043,0.991471,0.0,0.0,1.0,0.0,0.0,0.0,1.0,0.0,0.0,0.0,0.0,0.0,0.0,0.0,0.0,0.0,0.0,0.0,0.0,0.0,0.0,0.0,0.0,0.0,-0.89692605,4,0.38490630780583834,1.5196985,0.7648309329641483,1.1447555581224582,1.5246801534784458,1.904604808439078,2.6644539991510534
Bank,Bank:2:task_6:Tomcat01:2021-03-06 06:20:00,Bank:Tomcat01:2021-03-06 06:20:00,2,task_6,2021_03_06,Tomcat01,tomcat04,10,0.190943,0,0.1,2.3978952727983707,1.0,1.0,0.0,0.0,0.0,7.0,1.0,8.0,0.0,1.0,0.6931471805599453,5.271874501256023,1.0,1.0,0.0,1.0,0.234089,0.0,1.0,0.0,0.482755,0.774969,0.0,0.75,0.038976,0.150358,0.355593,1.0,1.0,0.75,0.432797,0.955752,0.790885,0.952938,1.0,0.643961,0.61238,0.805529,0.75,0.366562,1.0,0.0,0.4,0.571429,0.781023,1.0,0.0,0.794654,0.0,0.0,1.0,0.128203,1.0,0.0,1.0,0.742456,0.709265,0.45,0.897776,1.0,0.0,0.0,0.0,0.0,0.0,1.0,0.0,0.0,0.0,0.0,0.0,0.0,0.0,0.0,0.0,0.0,0.0,0.0,0.0,0.0,0.0,0.0,0.0,-2.664288,4,0.35918264691307406,-0.08462274,0.33802696172668795,0.31687127654030184,0.29571559135391573,0.2745599061675296,0.2322485357947574
Bank,Bank:2:task_6:Tomcat01:2021-03-06 06:20:00,Bank:Tomcat01:2021-03-06 06:20:00,2,task_6,2021_03_06,Tomcat01,servicetest8,11,0.185653,0,0.0909090909090909,2.4849066497880004,0.0580865243095982,0.0968108738493304,0.0,0.0,0.0,7.0,0.0,7.0,0.0,1.0,0.6931471805599453,4.336405325467938,0.0,1.0,0.0,0.058087,0.0,1.0,0.0,1.0,0.034767,0.0,0.156319,0.714286,0.084619,0.0,0.244441,0.822555,0.0,0.714286,0.599258,0.051404,0.356704,0.529384,0.991104,0.0,0.428425,0.224854,0.321429,0.198598,0.0,0.0,0.0,0.112066,0.007392,0.0,0.0,0.0,0.0,1.0,0.0,1.0,0.0,0.0,0.0,0.340707,0.015157,0.0,0.418521,0.0,1.0,0.0,0.0,0.0,0.0,0.0,0.0,0.0,0.0,0.0,0.0,1.0,0.0,0.0,0.0,0.0,0.0,0.0,0.0,0.0,0.0,0.0,0.0,-3.3378735,4,0.33392217427102416,-0.6960693,0.15990484922734588,-0.014112475816332404,-0.18812981576117188,-0.36214712590368897,-0.710181805793368
Bank,Bank:2:task_6:Tomcat01:2021-03-06 06:20:00,Bank:Tomcat01:2021-03-06 06:20:00,2,task_6,2021_03_06,Tomcat01,redis02,12,0.106292,0,0.0833333333333333,2.5649493574615367,0.8383682399373126,1.0,0.0,0.0,0.0,4.0,4.0,8.0,0.0,1.0,0.6931471805599453,4.0,2.4335062613187106,1.0,0.0,0.838368,0.569658,0.449478,0.643282,0.356718,0.722598,0.851154,0.0,0.75,0.0,0.249834,0.625348,0.758743,0.608377,0.75,0.214226,0.777695,0.690798,0.726942,0.963509,0.448131,0.954854,0.537328,0.857143,0.342848,1.0,0.0,0.7,1.0,0.567235,0.252834,0.0,0.586325,0.0,0.0,1.0,0.097256,1.0,0.0,1.0,0.678086,0.890525,0.45,0.94776,0.0,0.0,0.0,1.0,0.0,0.0,0.0,0.0,0.0,0.0,0.0,1.0,0.0,0.0,0.0,0.0,0.0,0.0,0.0,0.0,0.0,0.0,0.0,0.0,-2.5262368,4,-0.04503744186238337,0.040693168,-0.03486414996311951,-0.024690858063855653,-0.01451756523326922,-0.004344274265327935,0.01600231139584493
Bank,Bank:2:task_6:Tomcat01:2021-03-06 06:20:00,Bank:Tomcat01:2021-03-06 06:20:00,2,task_6,2021_03_06,Tomcat01,servicetest5,13,0.089393,0,0.0769230769230769,2.639057329615259,0.1378488395606823,0.2297480659344706,0.0,0.0,0.0,6.0,1.0,7.0,0.0,1.0,0.6931471805599453,4.198556485907256,0.0580865243095982,1.0,0.0,0.137849,0.013597,0.79774,0.294965,0.705035,0.049108,1.0,0.0,0.714286,0.083986,0.017943,0.226783,0.796407,0.058087,0.714286,0.599258,0.145467,0.399706,0.552168,0.98662,0.048029,0.428425,0.294639,0.357143,0.227685,1.0,0.0,0.1,0.130744,0.03202,0.273504,0.0,1.0,0.0,0.0,1.0,0.216905,1.0,0.0,0.166667,0.798484,0.463099,0.45,0.796433,0.0,1.0,0.0,0.0,0.0,0.0,0.0,0.0,0.0,0.0,0.0,0.0,1.0,0.0,0.0,0.0,0.0,0.0,0.0,0.0,0.0,0.0,0.0,0.0,-3.2741382,4,-0.1257324753553894,-0.63821363,-0.2852858839781311,-0.4448392926008728,-0.6043927012236145,-0.7639461098463562,-1.0830529270918396
Bank,Bank:2:task_6:Tomcat01:2021-03-06 06:20:00,Bank:Tomcat01:2021-03-06 06:20:00,2,task_6,2021_03_06,Tomcat01,servicetest11,14,0.080491,0,0.0714285714285714,2.70805020110221,0.1187262481108657,0.1978770801847762,0.0,0.0,0.0,4.0,3.0,7.0,0.0,1.0,0.6931471805599453,4.0,0.2757656016666704,1.0,0.0,0.118726,0.064554,0.562613,0.541964,0.458036,0.077852,1.0,0.0,0.714286,0.082247,0.048823,0.182916,0.758743,0.091922,0.714286,0.599258,0.164215,0.427428,0.554906,0.978757,0.065892,0.428425,0.308676,0.428571,0.248986,1.0,0.0,0.3,0.196116,0.083837,0.273504,0.0,1.0,0.0,0.0,1.0,0.358805,1.0,0.0,0.5,0.741723,0.581873,0.45,0.797411,0.0,1.0,0.0,0.0,0.0,0.0,0.0,0.0,0.0,0.0,0.0,0.0,1.0,0.0,0.0,0.0,0.0,0.0,0.0,0.0,0.0,0.0,0.0,0.0,-3.2819993,4,-0.16824074141579182,-0.6453496,-0.32957814685898335,-0.4909155523021749,-0.6522529577453664,-0.8135903631885579,-1.136265174074941
Bank,Bank:2:task_6:Tomcat01:2021-03-06 06:20:00,Bank:Tomcat01:2021-03-06 06:20:00,2,task_6,2021_03_06,Tomcat01,apache01,15,0.071363,0,0.0666666666666666,2.772588722239781,0.9560380267225704,1.0,0.0,0.0,0.0,3.0,3.0,6.0,0.0,1.0,0.6931471805599453,1.8446503700223975,3.0,1.0,0.0,0.956038,0.513891,0.04822,0.95931,0.04069,0.803121,0.888935,0.0,0.666667,0.057874,0.374413,0.550093,0.349904,1.0,0.666667,0.488555,1.0,0.745093,1.0,0.0,0.614991,0.880746,0.874325,0.607143,0.0,0.744531,0.0,0.8,0.0,0.741402,0.423427,0.0,0.739206,0.0,0.0,1.0,0.085382,1.0,0.0,1.0,0.614641,0.777419,0.45,0.743363,0.0,0.0,1.0,0.0,0.0,0.0,0.0,0.0,0.0,1.0,0.0,0.0,0.0,0.0,0.0,0.0,0.0,0.0,0.0,0.0,0.0,0.0,0.0,0.0,-3.0948303,4,-0.21182818834899253,-0.47544706,-0.33068995301841086,-0.4495517176878292,-0.5684134823572475,-0.6872752470266659,-0.9249987763655025
Bank,Bank:2:task_6:Tomcat01:2021-03-06 06:20:00,Bank:Tomcat01:2021-03-06 06:20:00,2,task_6,2021_03_06,Tomcat01,servicetest6,16,0.033956,0,0.0625,2.833213344056216,0.1940434248395741,0.3234057080659569,0.0,0.0,0.0,5.0,3.0,8.0,0.0,1.0,0.6931471805599453,4.838368239937313,2.239462836479136,1.0,0.0,0.194043,0.524234,0.0,1.0,0.0,0.606627,0.844006,0.0,0.75,0.018189,0.265883,0.369621,0.91777,0.746488,0.75,0.599258,0.574641,0.716936,0.806211,0.995211,0.442598,0.880746,0.625508,0.821429,0.343861,1.0,0.0,0.6,0.8,0.535794,0.33401,0.0,0.734589,0.0,0.0,1.0,0.072628,1.0,0.0,1.0,0.732214,0.802552,0.45,0.960911,0.0,1.0,0.0,0.0,0.0,0.0,0.0,0.0,0.0,0.0,0.0,0.0,1.0,0.0,0.0,0.0,0.0,0.0,0.0,0.0,0.0,0.0,0.0,0.0,-3.1075432,4,-0.3904517233435411,-0.48698723,-0.5121985316340227,-0.6339453399245043,-0.7556921482149859,-0.8774389565054674,-1.1209325730864306
Bank,Bank:2:task_6:Tomcat01:2021-03-06 06:20:00,Bank:Tomcat01:2021-03-06 06:20:00,2,task_6,2021_03_06,Tomcat01,servicetest7,17,0.02367,0,0.0588235294117647,2.8903717578961645,0.2394628364791363,0.3991047274652273,0.0,0.0,0.0,6.0,2.0,8.0,0.0,1.0,0.6931471805599453,5.032411664776887,2.0,1.0,0.0,0.239463,0.468179,0.0,1.0,0.0,0.568791,0.834177,0.0,0.75,0.030315,0.278654,0.342696,0.954577,1.0,0.75,0.599258,0.716458,0.765372,0.945508,0.997463,0.576816,0.767556,0.735642,0.785714,0.32687,1.0,0.0,0.5,0.666667,0.484755,0.366154,0.0,0.633928,0.0,0.0,1.0,0.025063,1.0,0.0,1.0,0.788843,0.740865,0.45,1.0,0.0,1.0,0.0,0.0,0.0,0.0,0.0,0.0,0.0,0.0,0.0,0.0,1.0,0.0,0.0,0.0,0.0,0.0,0.0,0.0,0.0,0.0,0.0,0.0,-3.1321912,4,-0.4395687784656821,-0.5093614,-0.5669091250404654,-0.6942494716152487,-0.8215898181900321,-0.9489301647648154,-1.203610857914382
Bank,Bank:2:task_6:Tomcat01:2021-03-06 06:20:00,Bank:Tomcat01:2021-03-06 06:20:00,2,task_6,2021_03_06,Tomcat01,servicetest3,18,0.01634,0,0.0555555555555555,2.9444389791664403,0.0798302377963898,0.1330503963273164,0.0,0.0,0.0,5.0,2.0,7.0,0.0,1.0,0.6931471805599453,4.118726248110866,0.1959353638702806,1.0,0.0,0.07983,0.045866,0.183869,0.85904,0.14096,0.061059,1.0,0.0,0.714286,0.083213,0.034541,0.07592,0.781264,0.097968,0.714286,0.599258,0.144017,0.411261,0.565481,0.983223,0.062476,0.428425,0.293555,0.392857,0.228846,1.0,0.0,0.2,0.156892,0.058991,0.273504,0.0,1.0,0.0,0.0,1.0,0.373516,1.0,0.0,0.333333,0.756693,0.550476,0.45,0.797091,0.0,1.0,0.0,0.0,0.0,0.0,0.0,0.0,0.0,0.0,0.0,0.0,1.0,0.0,0.0,0.0,0.0,0.0,0.0,0.0,0.0,0.0,0.0,0.0,-3.266915,4,-0.47457052978254904,-0.6316569,-0.6324847510693228,-0.7903989723560965,-0.9483131936428701,-1.1062274149296438,-1.4220558575031912
Bank,Bank:2:task_6:Tomcat01:2021-03-06 06:20:00,Bank:Tomcat01:2021-03-06 06:20:00,2,task_6,2021_03_06,Tomcat01,servicetest1,19,-0.015569,0,0.0526315789473684,2.995732273553991,0.1867498577242335,0.3112497628737225,0.0,0.0,0.0,1.0,5.0,6.0,0.0,1.0,0.6931471805599453,1.0,4.613938539020735,1.0,0.0,0.18675,0.891697,0.0,1.0,0.0,1.0,0.918769,0.0,0.666667,0.050525,0.480667,0.613859,0.189686,0.922788,0.666667,0.599258,0.70802,0.694891,0.944976,0.646636,0.504304,1.0,0.725689,0.678571,0.14508,0.800678,0.0,1.0,0.0,0.565319,0.247248,0.8,0.794663,0.0,0.0,1.0,0.0,1.0,0.0,1.0,0.627298,0.930503,0.45,0.894465,0.0,1.0,0.0,0.0,0.0,0.0,0.0,0.0,0.0,0.0,0.0,0.0,1.0,0.0,0.0,0.0,0.0,0.0,0.0,0.0,0.0,0.0,0.0,0.0,-3.1447256,4,-0.6269403637211448,-0.52073944,-0.7571252227585441,-0.8873100817959434,-1.0174949408333427,-1.147679799870742,-1.4080495179455406
Bank,Bank:2:task_6:Tomcat01:2021-03-06 06:20:00,Bank:Tomcat01:2021-03-06 06:20:00,2,task_6,2021_03_06,Tomcat01,servicetest10,20,-0.018775,0,0.05,3.044522437723423,0.6579005122981642,1.0,0.0,0.0,0.0,2.0,4.0,6.0,0.0,1.0,0.6931471805599453,1.1867498577242337,3.9560380267225694,1.0,0.0,0.657901,0.737689,0.0,1.0,0.0,0.939332,0.908781,0.0,0.666667,0.054567,0.439301,0.613096,0.22511,0.98901,0.666667,0.599258,0.988938,0.778665,0.986852,0.500925,0.607793,0.954854,0.943849,0.642857,0.176792,0.77607,0.0,0.9,0.0,0.520629,0.258265,1.0,0.715986,0.0,0.0,1.0,0.024828,1.0,0.0,1.0,0.702618,0.866721,0.45,0.968587,0.0,1.0,0.0,0.0,0.0,0.0,0.0,0.0,0.0,0.0,0.0,0.0,1.0,0.0,0.0,0.0,0.0,0.0,0.0,0.0,0.0,0.0,0.0,0.0,-3.181466,4,-0.6422494516777445,-0.5540906,-0.7807721064495493,-0.9192947612213541,-1.057817415993159,-1.1963400707649638,-1.4733853803085735
Bank,Bank:2:task_6:Tomcat01:2021-03-06 06:20:00,Bank:Tomcat01:2021-03-06 06:20:00,2,task_6,2021_03_06,Tomcat01,mg01,21,-0.024417,0,0.0476190476190476,3.091042453358316,1.0,1.0,0.0,0.0,0.0,0.0,0.0,0.0,1.0,1.0,0.6931471805599453,0.0,0.0,1.0,0.0,1.0,0.0,0.382504,0.0,1.0,0.144465,0.0,0.0,0.0,0.090944,0.818182,0.14416,0.0,0.0,0.0,0.275337,0.530973,0.094822,0.120692,0.977821,0.152301,0.744161,0.256842,0.0,0.1793,0.0,0.0,0.0,0.0,0.127264,0.0,0.0,0.0,0.0,1.0,0.0,1.0,0.0,0.0,0.0,0.051479,0.062981,0.0,0.074074,0.0,0.0,1.0,0.0,0.0,0.0,0.0,1.0,0.0,0.0,0.0,0.0,0.0,0.0,0.0,0.0,0.0,0.0,0.0,0.0,0.0,0.0,0.0,0.0,-3.07491,4,-0.6691907724048608,-0.45736438,-0.7835318674947732,-0.8978729625846856,-1.0122140725757593,-1.1265551527645106,-1.3552373727466578
Bank,Bank:2:task_6:Tomcat01:2021-03-06 06:20:00,Bank:Tomcat01:2021-03-06 06:20:00,2,task_6,2021_03_06,Tomcat01,dockerb1,22,-0.054946,0,0.0454545454545454,3.1354942159291497,1.0,1.0,0.0,0.0,0.0,0.0,0.0,0.0,1.0,1.0,0.6931471805599453,0.0,0.0,1.0,0.0666666666666666,1.0,0.0,0.382504,0.0,1.0,0.144465,0.0,0.0,0.0,0.090944,0.818182,0.14416,0.0,0.0,0.0,0.001157,0.530973,0.027559,0.120692,0.977821,0.152301,0.744161,0.082765,0.0,0.105087,0.0,0.0,0.0,0.0,0.127264,0.0,0.0,0.0,0.0,1.0,0.0,1.0,0.0,0.0,0.0,0.051479,0.062981,0.0,0.074074,1.0,0.0,0.0,0.0,0.0,0.0,0.0,0.0,0.0,0.0,0.0,0.0,0.0,0.0,0.0,0.0,0.0,0.0,0.0,0.0,0.0,0.0,0.0,0.0,-1.2802796,4,-0.8149709178281391,1.1717095,-0.5220435334516133,-0.22911614907508737,0.06381123530143851,0.3567386196779644,0.9425933884310161
Bank,Bank:2:task_6:Tomcat01:2021-03-06 06:20:00,Bank:Tomcat01:2021-03-06 06:20:00,2,task_6,2021_03_06,Tomcat01,dockera1,23,-0.072664,0,0.0434782608695652,3.1780538303479458,0.0,0.0,0.0,0.0,0.0,0.0,0.0,0.0,1.0,1.0,0.6931471805599453,0.0,0.0,1.0,0.0,0.0,0.0,0.382504,0.0,1.0,0.0,0.0,0.0,0.0,0.090944,0.636364,0.008503,0.0,0.0,0.0,0.599258,0.0,0.0,0.120692,0.977821,0.003313,0.744161,0.0,0.0,0.073591,0.0,0.0,0.0,0.0,0.0,0.0,0.0,0.0,0.0,1.0,0.0,1.0,0.0,0.0,0.0,0.0,0.0,0.0,0.0,0.0,1.0,0.0,0.0,0.0,0.0,0.0,0.0,0.0,0.0,0.0,0.0,0.0,0.0,0.0,0.0,0.0,0.0,0.0,0.0,0.0,0.0,0.0,0.0,-3.2139034,4,-0.8995767882008879,-0.5835356,-1.0454606911082593,-1.1913445940156309,-1.3372284820218412,-1.483112399830374,-1.7748801758427946
Bank,Bank:2:task_6:Tomcat01:2021-03-06 06:20:00,Bank:Tomcat01:2021-03-06 06:20:00,2,task_6,2021_03_06,Tomcat01,dockera2,24,-0.072664,0,0.0416666666666666,3.218875824868201,0.0,0.0,0.0,0.0,0.0,0.0,0.0,0.0,1.0,1.0,0.6931471805599453,0.0,0.0,1.0,0.0,0.0,0.0,0.382504,0.0,1.0,0.0,0.0,0.0,0.0,0.090944,0.636364,0.008503,0.0,0.0,0.0,0.599258,0.0,0.0,0.120692,0.977821,0.003313,0.744161,0.0,0.0,0.073591,0.0,0.0,0.0,0.0,0.0,0.0,0.0,0.0,0.0,1.0,0.0,1.0,0.0,0.0,0.0,0.0,0.0,0.0,0.0,0.0,1.0,0.0,0.0,0.0,0.0,0.0,0.0,0.0,0.0,0.0,0.0,0.0,0.0,0.0,0.0,0.0,0.0,0.0,0.0,0.0,0.0,0.0,0.0,-3.2139034,4,-0.8995767882008879,-0.5835356,-1.0454606911082593,-1.1913445940156309,-1.3372284820218412,-1.483112399830374,-1.7748801758427946
Bank,Bank:2:task_6:Tomcat01:2021-03-06 06:20:00,Bank:Tomcat01:2021-03-06 06:20:00,2,task_6,2021_03_06,Tomcat01,dockerb2,25,-0.072664,0,0.04,3.258096538021482,0.0,0.0,0.0,0.0,0.0,0.0,0.0,0.0,1.0,1.0,0.6931471805599453,0.0,0.0,1.0,0.0,0.0,0.0,0.382504,0.0,1.0,0.0,0.0,0.0,0.0,0.090944,0.636364,0.008503,0.0,0.0,0.0,0.599258,0.0,0.0,0.120692,0.977821,0.003313,0.744161,0.0,0.0,0.073591,0.0,0.0,0.0,0.0,0.0,0.0,0.0,0.0,0.0,1.0,0.0,1.0,0.0,0.0,0.0,0.0,0.0,0.0,0.0,0.0,1.0,0.0,0.0,0.0,0.0,0.0,0.0,0.0,0.0,0.0,0.0,0.0,0.0,0.0,0.0,0.0,0.0,0.0,0.0,0.0,0.0,0.0,0.0,-3.2139034,4,-0.8995767882008879,-0.5835356,-1.0454606911082593,-1.1913445940156309,-1.3372284820218412,-1.483112399830374,-1.7748801758427946
Bank,Bank:2:task_6:Tomcat01:2021-03-06 06:20:00,Bank:Tomcat01:2021-03-06 06:20:00,2,task_6,2021_03_06,Tomcat01,servicetest4,26,-0.077521,0,0.0384615384615384,3.295836866004329,0.2488793099392202,0.4147988498987004,0.0,0.0,0.0,0.0,0.0,0.0,1.0,1.0,0.6931471805599453,0.0,0.0,1.0,0.0,0.248879,0.0,0.382504,0.0,1.0,0.057656,0.0,0.0,0.0,0.090944,0.818182,0.028556,0.0,0.0,0.0,0.599258,0.220247,0.07101,0.120692,0.977821,0.065113,0.744161,0.172576,0.0,0.150872,0.0,0.0,0.0,0.0,0.031673,0.0,0.0,0.0,0.0,1.0,0.0,1.0,0.0,0.0,0.0,0.057182,0.025136,0.0,0.074074,0.0,1.0,0.0,0.0,0.0,0.0,0.0,0.0,0.0,0.0,0.0,0.0,1.0,0.0,0.0,0.0,0.0,0.0,0.0,0.0,0.0,0.0,0.0,0.0,-3.3148015,4,-0.9227696266928419,-0.67512566,-1.0915510413208707,-1.2603324559488995,-1.4291138854780896,-1.5978952852049573,-1.9354581442633374
Bank,Bank:2:task_6:Tomcat01:2021-03-06 06:20:00,Bank:Tomcat01:2021-03-06 06:20:00,2,task_6,2021_03_06,Tomcat01,tomcat02,27,-0.099754,0,0.037037037037037,3.332204510175204,0.9189913215371244,1.0,0.4166666666666667,0.0,0.0,0.0,0.0,0.0,1.0,1.0,0.6931471805599453,0.0,0.0,1.0,-0.0175,0.918991,0.0,0.382504,0.0,1.0,0.135102,0.0,0.0,0.0,0.090944,1.0,0.11196,0.0,0.0,0.0,0.119798,0.530973,0.056784,0.120692,0.977821,0.152301,0.744161,0.159878,0.0,0.137472,0.0,0.0,0.0,0.0,0.116954,0.0,0.0,0.0,0.0,1.0,0.0,1.0,0.0,0.0,0.0,0.111821,0.058899,0.0,0.148149,0.0,0.0,1.0,0.0,0.0,0.0,1.0,0.0,0.0,0.0,0.0,0.0,0.0,0.0,0.0,0.0,0.0,0.0,0.0,0.0,0.0,0.0,0.0,0.0,-1.2408996,4,-1.028935238838531,1.2074568,-0.727071032047607,-0.42520682525668296,-0.12334261846575889,0.17852158832516518,0.7822500019070133
Bank,Bank:2:task_6:Tomcat01:2021-03-06 06:20:00,Bank:Tomcat01:2021-03-06 06:20:00,2,task_6,2021_03_06,Tomcat01,servicetest2,28,-0.111163,0,0.0357142857142857,3.367295829986474,0.0678445563885113,0.1130742606475189,0.0,0.0,0.0,0.0,0.0,0.0,1.0,1.0,0.6931471805599453,0.0,0.0,1.0,0.0,0.067845,0.0,0.382504,0.0,1.0,0.036734,0.0,0.0,0.0,0.090944,0.818182,0.000693,0.0,0.0,0.0,0.599258,0.060039,0.01929,0.120692,0.977821,0.02016,0.744161,0.046036,0.0,0.094504,0.0,0.0,0.0,0.0,0.008634,0.0,0.0,0.0,0.0,1.0,0.0,1.0,0.0,0.0,0.0,0.058556,0.016014,0.0,0.074074,0.0,1.0,0.0,0.0,0.0,0.0,0.0,0.0,0.0,0.0,0.0,0.0,1.0,0.0,0.0,0.0,0.0,0.0,0.0,0.0,0.0,0.0,0.0,0.0,-3.335156,4,-1.0834147723684266,-0.69360244,-1.2568153830537752,-1.4302159937391237,-1.6036165746221498,-1.7770172151098207,-2.1238183768758727
Bank,Bank:2:task_6:Tomcat01:2021-03-06 06:20:00,Bank:Tomcat01:2021-03-06 06:20:00,2,task_6,2021_03_06,Tomcat01,servicetest9,29,-0.111993,0,0.0344827586206896,3.4011973816621555,0.0633415130048765,0.1055691883414609,0.0,0.0,0.0,0.0,0.0,0.0,1.0,1.0,0.6931471805599453,0.0,0.0,1.0,0.0,0.063342,0.0,0.382504,0.0,1.0,0.036213,0.0,0.0,0.0,0.090944,0.818182,0.0,0.0,0.0,0.0,0.599258,0.056054,0.018008,0.120692,0.977821,0.019042,0.744161,0.042957,0.0,0.093113,0.0,0.0,0.0,0.0,0.008061,0.0,0.0,0.0,0.0,1.0,0.0,1.0,0.0,0.0,0.0,0.05859,0.015787,0.0,0.074074,0.0,1.0,0.0,0.0,0.0,0.0,0.0,0.0,0.0,0.0,0.0,0.0,1.0,0.0,0.0,0.0,0.0,0.0,0.0,0.0,0.0,0.0,0.0,0.0,-3.335156,4,-1.0873781357508279,-0.69360244,-1.2607787464361764,-1.434179357121525,-1.607579938004551,-1.780980578492222,-2.127781740258274
Bank,Bank:4:task_6:Tomcat04:2021-03-06 00:53:00,Bank:Tomcat04:2021-03-06 00:53:00,4,task_6,2021_03_06,Tomcat04,ig02,1,0.573427,0,1.0,0.6931471805599453,0.9056603773584906,1.0,0.0,0.0,0.0,0.0,6.0,6.0,0.0,1.0,0.6931471805599453,0.0,4.936721456329277,1.0,0.0,0.90566,0.767736,0.0,1.0,0.0,1.0,0.783084,1.0,1.0,1.0,0.618632,1.0,0.0,0.884421,1.0,0.520645,0.922631,0.996645,0.01345,0.92548,1.0,0.687214,0.771671,1.0,1.0,0.776518,0.0,1.0,0.0,1.0,0.195365,1.0,1.0,0.0,0.0,1.0,0.264893,1.0,0.0,1.0,0.321028,1.0,0.45,0.460935,0.0,0.0,1.0,0.0,0.0,0.0,0.0,0.0,1.0,0.0,0.0,0.0,0.0,0.0,0.0,0.0,0.0,0.0,0.0,0.0,0.0,0.0,0.0,0.0,-1.9699467,4,2.859028535838983,0.77595973,3.0530184683760617,3.2470084009131406,3.4409983334502194,3.6349882659872983,4.022968131061456
Bank,Bank:4:task_6:Tomcat04:2021-03-06 00:53:00,Bank:Tomcat04:2021-03-06 00:53:00,4,task_6,2021_03_06,Tomcat04,mysql02,2,0.360713,0,0.5,1.0986122886681096,0.9056603773584906,1.0,0.0,0.0,0.0,1.0,2.0,3.0,0.0,1.0,0.6931471805599453,0.676205273142004,0.8407239477868438,1.0,0.0,0.90566,0.130746,0.577728,0.324905,0.675095,0.13992,1.0,0.288564,1.0,0.0,0.191397,0.358741,0.084038,0.451851,1.0,1.0,0.727682,0.789568,0.398213,0.87577,0.572075,0.0,0.842562,0.392857,0.695725,1.0,0.0,0.197044,0.0,0.173035,0.121261,0.0,0.6875,0.0,0.0,1.0,0.295918,1.0,0.0,0.333333,0.440654,0.555498,0.45,0.418082,0.0,0.0,0.0,1.0,0.0,0.0,0.0,0.0,0.0,0.0,1.0,0.0,0.0,0.0,0.0,0.0,0.0,0.0,0.0,0.0,0.0,0.0,0.0,0.0,-2.6955037,4,1.707597169179527,-0.15609382,1.6685737139471453,1.6295502587147634,1.590526807207672,1.5515033482499998,1.4734564452358168
Bank,Bank:4:task_6:Tomcat04:2021-03-06 00:53:00,Bank:Tomcat04:2021-03-06 00:53:00,4,task_6,2021_03_06,Tomcat04,servicetest6,3,0.289546,0,0.3333333333333333,1.3862943611198906,0.1653319232367506,0.2755532053945844,0.0,0.0,0.0,2.0,0.0,2.0,0.0,1.0,0.6931471805599453,1.581052401908584,0.0,1.0,0.0,0.165332,0.0,0.977277,0.0,1.0,0.023623,0.0,0.780458,1.0,0.001902,0.0,0.223417,0.196491,0.0,1.0,0.839978,0.141241,0.507637,0.396303,0.851671,0.15422,0.533487,0.31229,0.321429,0.307415,0.0,0.0,0.0,0.0,0.013666,0.0,0.0,0.0,0.0,1.0,0.0,1.0,0.0,0.0,0.0,0.211928,0.010258,0.0,0.268806,0.0,1.0,0.0,0.0,0.0,0.0,0.0,0.0,0.0,0.0,0.0,0.0,1.0,0.0,0.0,0.0,0.0,0.0,0.0,0.0,0.0,0.0,0.0,0.0,-3.0055916,4,1.3223666903626488,-0.55443406,1.183758175100045,1.0451496598374412,0.9065411445748375,0.7679326293122337,0.4907155987870262
Bank,Bank:4:task_6:Tomcat04:2021-03-06 00:53:00,Bank:Tomcat04:2021-03-06 00:53:00,4,task_6,2021_03_06,Tomcat04,apache02,4,0.289126,0,0.25,1.6094379124341005,0.9056603773584906,1.0,0.0,0.0,0.0,5.0,1.0,6.0,0.0,1.0,0.6931471805599453,4.031061078970787,0.9056603773584906,1.0,0.0,0.90566,0.140844,0.0,1.0,0.0,0.620822,0.685409,0.0,1.0,0.022824,0.183771,0.464352,0.500975,0.973503,1.0,0.535299,0.922631,0.902079,0.81281,0.762973,0.681124,0.670622,0.778957,0.821429,0.464809,0.643175,0.0,0.985222,0.0,0.845342,1.0,0.0,0.914966,0.0,0.0,1.0,0.079999,1.0,0.0,1.0,0.49895,0.678544,0.45,0.578609,0.0,0.0,1.0,0.0,0.0,0.0,0.0,0.0,0.0,1.0,0.0,0.0,0.0,0.0,0.0,0.0,0.0,0.0,0.0,0.0,0.0,0.0,0.0,0.0,-2.8194149,4,1.3200932096608755,-0.3152706,1.241275558985102,1.1624579083093283,1.0836402576335546,1.004822606957781,0.8471873056062338
Bank,Bank:4:task_6:Tomcat04:2021-03-06 00:53:00,Bank:Tomcat04:2021-03-06 00:53:00,4,task_6,2021_03_06,Tomcat04,servicetest2,5,0.259927,0,0.2,1.791759469228055,0.6753920245500932,1.0,0.0,0.0,0.0,1.0,1.0,2.0,0.0,1.0,0.6931471805599453,0.9056603773584906,0.1653319232367506,1.0,0.0,0.675392,0.025712,0.691362,0.171356,0.828644,0.065878,1.0,0.0,1.0,0.0,0.021931,0.275593,0.112554,0.177717,1.0,0.839978,0.532732,0.661721,0.418636,0.88998,0.350728,0.378053,0.61932,0.357143,0.49206,1.0,0.0,0.098522,0.0,0.08259,0.161681,0.0,1.0,0.0,0.0,1.0,0.218696,1.0,0.0,0.166667,0.541122,0.468742,0.45,0.5274,0.0,1.0,0.0,0.0,0.0,0.0,0.0,0.0,0.0,0.0,0.0,0.0,1.0,0.0,0.0,0.0,0.0,0.0,0.0,0.0,0.0,0.0,0.0,0.0,-2.9884307,4,1.162037583444033,-0.5323891,1.0289403073524575,0.8958430312608818,0.7627457700704674,0.6296484790777306,0.3634539566969017
Bank,Bank:4:task_6:Tomcat04:2021-03-06 00:53:00,Bank:Tomcat04:2021-03-06 00:53:00,4,task_6,2021_03_06,Tomcat04,mysql01,6,0.253762,0,0.1666666666666666,1.9459101490553128,0.9056603773584906,1.0,0.0,0.0,0.0,1.0,5.0,6.0,0.0,1.0,0.6931471805599453,0.9056603773584906,4.031061078970787,1.0,0.0,0.90566,0.626892,0.0,1.0,0.0,0.914846,0.766818,0.0,1.0,0.022824,0.587482,0.805656,0.112554,0.866605,1.0,0.859893,0.922631,1.0,0.653565,0.704571,0.679348,0.804147,0.937613,0.964286,0.637765,0.758466,0.0,1.0,0.0,0.54027,0.13285,0.0,0.571449,0.0,0.0,1.0,0.210512,1.0,0.0,1.0,0.371038,0.932461,0.45,0.512371,0.0,0.0,0.0,1.0,0.0,0.0,0.0,0.0,0.0,0.0,1.0,0.0,0.0,0.0,0.0,0.0,0.0,0.0,0.0,0.0,0.0,0.0,0.0,0.0,-1.9717919,4,1.1286661345715772,0.77358943,1.3220634926314603,1.5154608506913434,1.7088582236523877,1.9022555668111096,2.289050312733198
Bank,Bank:4:task_6:Tomcat04:2021-03-06 00:53:00,Bank:Tomcat04:2021-03-06 00:53:00,4,task_6,2021_03_06,Tomcat04,servicetest1,7,0.164311,0,0.1428571428571428,2.079441541679836,0.6395960064406868,1.0,0.0,0.0,0.0,3.0,3.0,6.0,0.0,1.0,0.6931471805599453,2.716981132075472,2.485804695171609,1.0,0.0,0.639596,0.386581,0.0,1.0,0.0,0.75242,0.732607,0.0,1.0,0.022824,0.457615,0.590782,0.337663,0.890672,1.0,0.839978,0.922631,0.972605,0.750463,0.134422,0.654331,0.870682,0.928067,0.892857,0.518226,0.711928,0.0,1.0,0.0,0.491224,0.209486,0.0,0.766398,0.0,0.0,1.0,0.015886,1.0,0.0,1.0,0.495945,0.764757,0.45,0.627126,0.0,1.0,0.0,0.0,0.0,0.0,0.0,0.0,0.0,0.0,0.0,0.0,1.0,0.0,0.0,0.0,0.0,0.0,0.0,0.0,0.0,0.0,0.0,0.0,-3.0303063,4,0.6444634625375083,-0.5861827,0.4979177841603568,0.3513721057832053,0.20482642740605383,0.058280749028902346,-0.23481060772540063
Bank,Bank:4:task_6:Tomcat04:2021-03-06 00:53:00,Bank:Tomcat04:2021-03-06 00:53:00,4,task_6,2021_03_06,Tomcat04,servicetest10,8,0.163436,0,0.125,2.19722457733622,0.6744839404546279,1.0,0.0,0.0,0.0,4.0,2.0,6.0,0.0,1.0,0.6931471805599453,3.3565771385161587,1.8113207547169807,1.0,0.0,0.674484,0.281688,0.0,1.0,0.0,0.691192,0.714311,0.0,1.0,0.022824,0.340577,0.524675,0.417151,0.973503,1.0,0.839978,0.922631,0.966428,0.804378,0.413859,0.681124,0.786301,0.928067,0.857143,0.509316,0.681216,0.0,1.0,0.0,0.424594,0.254175,0.0,0.665203,0.0,0.0,1.0,0.076277,1.0,0.0,1.0,0.520169,0.73782,0.45,0.650919,0.0,1.0,0.0,0.0,0.0,0.0,0.0,0.0,0.0,0.0,0.0,0.0,1.0,0.0,0.0,0.0,0.0,0.0,0.0,0.0,0.0,0.0,0.0,0.0,-2.9122105,4,0.6397270444088142,-0.43447623,0.5311079877667587,0.4224889311247032,0.3138698819332283,0.20525081784059218,-0.011987280542357648
Bank,Bank:4:task_6:Tomcat04:2021-03-06 00:53:00,Bank:Tomcat04:2021-03-06 00:53:00,4,task_6,2021_03_06,Tomcat04,redis01,9,0.163302,0,0.1111111111111111,2.302585092994046,0.9056603773584906,1.0,0.0,0.0,0.0,2.0,4.0,6.0,0.0,1.0,0.6931471805599453,1.8113207547169807,3.125400701612296,1.0,0.0,0.90566,0.486048,0.0,1.0,0.0,0.829675,0.747915,0.0,1.0,0.022824,0.536923,0.702124,0.225109,0.839881,1.0,0.320354,0.922631,0.887626,0.714142,0.273747,0.637902,0.925927,0.671429,0.928571,0.43363,0.737242,0.0,1.0,0.0,0.929895,0.274859,0.455786,0.954504,0.0,0.0,1.0,0.0,1.0,0.0,1.0,0.500212,0.810039,0.45,0.664459,0.0,0.0,1.0,0.0,0.0,0.0,0.0,0.0,0.0,0.0,0.0,1.0,0.0,0.0,0.0,0.0,0.0,0.0,0.0,0.0,0.0,0.0,0.0,0.0,-2.9297907,4,0.6390016958039628,-0.45705992,0.5247367158454286,0.41047173588689434,0.2962067410271989,0.18194177596982586,-0.04658821374956501
Bank,Bank:4:task_6:Tomcat04:2021-03-06 00:53:00,Bank:Tomcat04:2021-03-06 00:53:00,4,task_6,2021_03_06,Tomcat04,ig01,10,0.143328,0,0.1,2.3978952727983707,0.9056603773584906,1.0,0.0,0.0,0.0,6.0,9.0,15.0,0.0,1.0,0.6931471805599453,4.936721456329277,8.046431303055833,1.0,0.0,0.90566,1.0,0.316875,0.785542,0.214458,0.812566,0.972867,0.384106,0.733333,0.022824,0.65576,0.9816,0.613529,0.961021,0.733333,0.78617,0.97421,0.845561,0.877347,0.946749,0.567458,1.0,0.955393,0.785714,0.358871,0.628659,0.0,0.985222,0.0,0.882324,0.117983,0.600671,0.865745,0.0,0.0,1.0,0.158803,1.0,0.0,1.0,0.593818,0.778619,0.45,0.804834,0.0,0.0,1.0,0.0,0.0,0.0,0.0,0.0,1.0,0.0,0.0,0.0,0.0,0.0,0.0,0.0,0.0,0.0,0.0,0.0,0.0,0.0,0.0,0.0,-2.4234731,4,0.5308814492867804,0.19335781,0.579220901881299,0.6275603544758177,0.6758998033450461,0.724239259664855,0.8209181574033118
Bank,Bank:4:task_6:Tomcat04:2021-03-06 00:53:00,Bank:Tomcat04:2021-03-06 00:53:00,4,task_6,2021_03_06,Tomcat04,tomcat02,11,0.115548,0,0.0909090909090909,2.4849066497880004,1.0,1.0,0.3773584905660377,0.0,0.0,6.0,4.0,10.0,0.0,1.0,0.6931471805599453,5.046431303055833,3.5818656505004944,1.0,-0.0252777777777777,1.0,0.529574,1.0,0.195395,0.804605,0.429474,0.929364,0.0,1.0,0.068462,0.759146,0.690777,0.627164,0.962545,1.0,0.193494,0.980658,0.7885,0.865817,0.956646,0.693324,0.925927,0.643714,0.571429,0.291809,0.901402,1.0,0.492611,0.0,0.559227,0.155159,0.0,0.860752,0.0,0.0,1.0,0.833691,1.0,1.0,1.0,0.897759,0.881831,1.0,0.99675,0.0,0.0,1.0,0.0,0.0,0.0,1.0,0.0,0.0,0.0,0.0,0.0,0.0,0.0,0.0,0.0,0.0,0.0,0.0,0.0,0.0,0.0,0.0,0.0,-1.6848348,4,0.3805069400123571,1.1422156,0.6660608423999761,0.9516147447875951,1.2371686173728917,1.5227225495628331,2.0938302947334266
Bank,Bank:4:task_6:Tomcat04:2021-03-06 00:53:00,Bank:Tomcat04:2021-03-06 00:53:00,4,task_6,2021_03_06,Tomcat04,mg02,12,0.084047,0,0.0833333333333333,2.5649493574615367,0.9056603773584906,1.0,0.0,0.0,0.0,1.0,9.0,10.0,0.0,1.0,0.6931471805599453,0.9056603773584906,7.816976198839346,1.0,0.0,0.90566,0.964316,0.20362,0.77293,0.22707,0.820926,0.96366,0.0,0.6,0.022824,0.65576,0.948811,0.112554,0.933616,0.6,0.540141,0.97421,0.739994,0.835391,0.670238,0.529583,0.844565,0.821756,0.75,0.27785,0.628659,0.0,0.985222,0.0,0.797655,0.106119,0.600671,0.818396,0.0,0.0,1.0,0.089722,1.0,0.0,1.0,0.529601,0.758917,0.45,0.680841,0.0,0.0,1.0,0.0,0.0,0.0,0.0,1.0,0.0,0.0,0.0,0.0,0.0,0.0,0.0,0.0,0.0,0.0,0.0,0.0,0.0,0.0,0.0,0.0,-2.9854589,4,0.20999047433008175,-0.5285714,0.07784761761297207,-0.05429523910413761,-0.18643811072240848,-0.31858095253835694,-0.5828666957748987
Bank,Bank:4:task_6:Tomcat04:2021-03-06 00:53:00,Bank:Tomcat04:2021-03-06 00:53:00,4,task_6,2021_03_06,Tomcat04,redis02,13,-0.013068,0,0.0769230769230769,2.639057329615259,0.9056603773584906,1.0,0.0,0.0,0.0,2.0,8.0,10.0,0.0,1.0,0.6931471805599453,1.8113207547169807,6.911315821480856,1.0,0.0,0.90566,0.823472,0.25191,0.782046,0.217954,0.735903,0.95945,0.0,0.6,0.022824,0.648894,0.844383,0.225109,0.92863,0.6,0.701012,0.980658,0.756083,0.907904,0.133064,0.496919,0.996548,0.912081,0.714286,0.211978,0.586556,0.0,0.8867,0.0,0.682747,0.101239,0.675755,0.774373,0.0,0.0,1.0,0.03586,1.0,0.0,1.0,0.621086,0.646842,0.45,0.758013,0.0,0.0,1.0,0.0,0.0,0.0,0.0,0.0,0.0,0.0,0.0,1.0,0.0,0.0,0.0,0.0,0.0,0.0,0.0,0.0,0.0,0.0,0.0,0.0,-3.018373,4,-0.3156978074620571,-0.57085305,-0.4584110710929241,-0.6011243347237911,-0.7438376132558193,-0.8865508619855251,-1.1719774190495815
Bank,Bank:4:task_6:Tomcat04:2021-03-06 00:53:00,Bank:Tomcat04:2021-03-06 00:53:00,4,task_6,2021_03_06,Tomcat04,tomcat01,14,-0.044132,0,0.0714285714285714,2.70805020110221,1.0,1.0,0.3773584905660377,0.0,0.0,5.0,5.0,10.0,0.0,1.0,0.6931471805599453,4.046431303055833,4.581865650500495,1.0,-0.0161111111111111,1.0,0.569911,0.851185,0.356316,0.643684,0.523313,0.942236,0.0,0.8,0.053809,0.809704,0.721663,0.502885,0.985018,0.8,0.168928,0.992263,0.717894,0.916944,0.761748,0.611024,0.959582,0.64342,0.607143,0.183206,0.636362,0.537264,0.591133,0.0,0.576753,0.128569,0.0,0.862499,0.0,0.0,1.0,0.601012,1.0,0.992387,1.0,1.0,0.693482,0.995813,0.982189,0.0,0.0,1.0,0.0,0.0,0.0,1.0,0.0,0.0,0.0,0.0,0.0,0.0,0.0,0.0,0.0,0.0,0.0,0.0,0.0,0.0,0.0,0.0,0.0,-1.3920767,4,-0.48384877060463033,1.518294,-0.10427527640869222,0.2752982177872459,0.6548717417855063,1.034445206179122,1.793592254175643
Bank,Bank:4:task_6:Tomcat04:2021-03-06 00:53:00,Bank:Tomcat04:2021-03-06 00:53:00,4,task_6,2021_03_06,Tomcat04,servicetest3,15,-0.050449,0,0.0666666666666666,2.772588722239781,0.676205273142004,1.0,0.0,0.0,0.0,9.0,1.0,10.0,0.0,1.0,0.6931471805599453,8.046431303055833,0.9056603773584906,1.0,0.0,0.676205,0.140844,0.0,1.0,0.0,0.165478,0.831507,0.384106,0.6,0.007132,0.183771,0.212476,1.0,0.973503,0.6,0.839978,0.922631,0.682941,1.0,0.999983,0.495689,0.670622,0.937164,0.428571,0.187497,1.0,0.0,0.295567,0.777778,0.233503,0.327405,0.0,0.884259,0.0,0.0,1.0,0.182648,1.0,0.0,0.5,0.734285,0.556862,0.45,0.876552,0.0,1.0,0.0,0.0,0.0,0.0,0.0,0.0,0.0,0.0,0.0,0.0,1.0,0.0,0.0,0.0,0.0,0.0,0.0,0.0,0.0,0.0,0.0,0.0,-3.1797922,4,-0.5180430029691563,-0.7782128,-0.7125961993993626,-0.9071493958295689,-1.1017025922597752,-1.2962557886899815,-1.685362181550394
Bank,Bank:4:task_6:Tomcat04:2021-03-06 00:53:00,Bank:Tomcat04:2021-03-06 00:53:00,4,task_6,2021_03_06,Tomcat04,servicetest8,16,-0.0654,0,0.0625,2.833213344056216,0.6614753522148713,1.0,0.0,0.0,0.0,0.0,0.0,0.0,1.0,1.0,0.6931471805599453,0.0,0.0,1.0,0.0,0.661475,0.0,0.43701,0.0,1.0,0.054557,0.0,0.0,0.0,0.022824,1.0,0.068151,0.0,0.0,0.0,0.839978,0.512573,0.173886,0.0,0.973533,0.139076,0.76886,0.44272,0.0,0.205413,0.0,0.0,0.0,0.0,0.054677,0.0,0.0,0.0,0.0,1.0,0.0,1.0,0.0,0.0,0.0,0.055048,0.023691,0.0,0.072937,0.0,1.0,0.0,0.0,0.0,0.0,0.0,0.0,0.0,0.0,0.0,0.0,1.0,0.0,0.0,0.0,0.0,0.0,0.0,0.0,0.0,0.0,0.0,0.0,-3.0534961,4,-0.59897350290299,-0.6159724,-0.7529666028308922,-0.9069597027587945,-1.0609528026866966,-1.2149459026145988,-1.5229321024704032
Bank,Bank:4:task_6:Tomcat04:2021-03-06 00:53:00,Bank:Tomcat04:2021-03-06 00:53:00,4,task_6,2021_03_06,Tomcat04,servicetest9,17,-0.06678,0,0.0588235294117647,2.8903717578961645,0.6207962637469354,1.0,0.0,0.0,0.0,0.0,0.0,0.0,1.0,1.0,0.6931471805599453,0.0,0.0,1.0,0.0,0.620796,0.0,0.43701,0.0,1.0,0.052122,0.0,0.0,0.0,0.022824,1.0,0.063045,0.0,0.0,0.0,0.839978,0.512573,0.173886,0.0,0.973533,0.139076,0.76886,0.44272,0.0,0.205413,0.0,0.0,0.0,0.0,0.051314,0.0,0.0,0.0,0.0,1.0,0.0,1.0,0.0,0.0,0.0,0.05518,0.022634,0.0,0.072937,0.0,1.0,0.0,0.0,0.0,0.0,0.0,0.0,0.0,0.0,0.0,0.0,1.0,0.0,0.0,0.0,0.0,0.0,0.0,0.0,0.0,0.0,0.0,0.0,-3.0534961,4,-0.6064435109231019,-0.6159724,-0.7604366108510041,-0.9144297107789063,-1.0684228107068086,-1.2224159106347108,-1.5304021104905152
Bank,Bank:4:task_6:Tomcat04:2021-03-06 00:53:00,Bank:Tomcat04:2021-03-06 00:53:00,4,task_6,2021_03_06,Tomcat04,servicetest4,18,-0.066968,0,0.0555555555555555,2.9444389791664403,0.6152333621595825,1.0,0.0,0.0,0.0,0.0,0.0,0.0,1.0,1.0,0.6931471805599453,0.0,0.0,1.0,0.0,0.615233,0.0,0.43701,0.0,1.0,0.051789,0.0,0.0,0.0,0.022824,1.0,0.062346,0.0,0.0,0.0,0.839978,0.512573,0.173886,0.0,0.973533,0.139076,0.76886,0.44272,0.0,0.205413,0.0,0.0,0.0,0.0,0.050855,0.0,0.0,0.0,0.0,1.0,0.0,1.0,0.0,0.0,0.0,0.055198,0.022489,0.0,0.072937,0.0,1.0,0.0,0.0,0.0,0.0,0.0,0.0,0.0,0.0,0.0,0.0,1.0,0.0,0.0,0.0,0.0,0.0,0.0,0.0,0.0,0.0,0.0,0.0,-3.0534961,4,-0.6074611641896098,-0.6159724,-0.761454264117512,-0.9154473640454143,-1.0694404639733164,-1.2234335639012186,-1.531419763757023
Bank,Bank:4:task_6:Tomcat04:2021-03-06 00:53:00,Bank:Tomcat04:2021-03-06 00:53:00,4,task_6,2021_03_06,Tomcat04,servicetest11,19,-0.067233,0,0.0526315789473684,2.995732273553991,0.6074343283079591,1.0,0.0,0.0,0.0,0.0,0.0,0.0,1.0,1.0,0.6931471805599453,0.0,0.0,1.0,0.0,0.607434,0.0,0.43701,0.0,1.0,0.051322,0.0,0.0,0.0,0.022824,1.0,0.061367,0.0,0.0,0.0,0.839978,0.512573,0.173886,0.0,0.973533,0.139076,0.76886,0.44272,0.0,0.205413,0.0,0.0,0.0,0.0,0.05021,0.0,0.0,0.0,0.0,1.0,0.0,1.0,0.0,0.0,0.0,0.055223,0.022286,0.0,0.072937,0.0,1.0,0.0,0.0,0.0,0.0,0.0,0.0,0.0,0.0,0.0,0.0,1.0,0.0,0.0,0.0,0.0,0.0,0.0,0.0,0.0,0.0,0.0,0.0,-3.0534961,4,-0.6088956222514428,-0.6159724,-0.762888722179345,-0.9168818221072472,-1.0708749220351494,-1.2248680219630517,-1.532854221818856
Bank,Bank:4:task_6:Tomcat04:2021-03-06 00:53:00,Bank:Tomcat04:2021-03-06 00:53:00,4,task_6,2021_03_06,Tomcat04,apache01,20,-0.071602,0,0.05,3.044522437723423,0.9056603773584906,1.0,0.0,0.0,0.0,9.0,1.0,10.0,0.0,1.0,0.6931471805599453,8.046431303055833,0.676205273142004,1.0,0.0,0.90566,0.10516,0.332448,0.77465,0.22535,0.162402,0.799616,0.0,0.6,0.006086,0.183771,0.259672,1.0,0.726859,0.6,0.695034,0.922631,0.655424,0.856135,1.0,0.415909,0.670622,0.864261,0.464286,0.23429,1.0,0.0,0.197044,0.777778,0.177833,0.163537,0.0,0.4375,0.0,0.0,1.0,0.098149,1.0,0.0,0.666667,0.752792,0.498464,0.45,0.865105,0.0,0.0,1.0,0.0,0.0,0.0,0.0,0.0,0.0,1.0,0.0,0.0,0.0,0.0,0.0,0.0,0.0,0.0,0.0,0.0,0.0,0.0,0.0,0.0,-3.2287338,4,-0.6325452345991734,-0.8410834,-0.8428160864496831,-1.0530869383001926,-1.2633577603483799,-1.473628642001212,-1.8941702860975864
Bank,Bank:4:task_6:Tomcat04:2021-03-06 00:53:00,Bank:Tomcat04:2021-03-06 00:53:00,4,task_6,2021_03_06,Tomcat04,mg01,21,-0.088204,0,0.0476190476190476,3.091042453358316,0.9056603773584906,1.0,0.0,0.0,0.0,0.0,0.0,0.0,1.0,1.0,0.6931471805599453,0.0,0.0,1.0,0.0,0.90566,0.0,0.43701,0.0,1.0,0.069173,0.0,0.0,0.0,0.022824,1.0,0.098805,0.0,0.0,0.0,0.432234,0.512573,0.103933,0.0,0.973533,0.139076,0.76886,0.28345,0.0,0.124683,0.0,0.0,0.0,0.0,0.074861,0.0,0.0,0.0,0.0,1.0,0.0,1.0,0.0,0.0,0.0,0.054257,0.030038,0.0,0.072937,0.0,0.0,1.0,0.0,0.0,0.0,0.0,1.0,0.0,0.0,0.0,0.0,0.0,0.0,0.0,0.0,0.0,0.0,0.0,0.0,0.0,0.0,0.0,0.0,-2.956749,4,-0.7224126789106917,-0.49169058,-0.8453353229298186,-0.9682579669489455,-1.0911805960669112,-1.2141032549871993,-1.4599485132231307
Bank,Bank:4:task_6:Tomcat04:2021-03-06 00:53:00,Bank:Tomcat04:2021-03-06 00:53:00,4,task_6,2021_03_06,Tomcat04,servicetest5,22,-0.095809,0,0.0454545454545454,3.1354942159291497,0.6753353912836503,1.0,0.0,0.0,0.0,3.0,7.0,10.0,0.0,1.0,0.6931471805599453,2.716981132075472,6.2359804301972055,1.0,0.0,0.675335,0.718447,0.0,1.0,0.0,0.65771,0.955615,0.0,0.6,0.022824,0.637512,0.682014,0.337663,0.957588,0.6,0.839978,0.988947,0.775163,0.932237,0.0,0.508534,0.990324,0.991098,0.678571,0.217897,0.533686,0.0,0.788177,0.0,0.619323,0.120307,0.772291,0.783565,0.0,0.0,1.0,0.045782,1.0,0.0,1.0,0.698837,0.552003,0.45,0.818032,0.0,1.0,0.0,0.0,0.0,0.0,0.0,0.0,0.0,0.0,0.0,0.0,1.0,0.0,0.0,0.0,0.0,0.0,0.0,0.0,0.0,0.0,0.0,0.0,-3.1329389,4,-0.7635789187606553,-0.71802485,-0.943085131233571,-1.1225913437064867,-1.3020975859817248,-1.481603768652318,-1.840616253202794
Bank,Bank:4:task_6:Tomcat04:2021-03-06 00:53:00,Bank:Tomcat04:2021-03-06 00:53:00,4,task_6,2021_03_06,Tomcat04,dockera1,23,-0.112481,0,0.0434782608695652,3.1780538303479458,0.0,0.0,0.0,0.0,0.0,0.0,0.0,0.0,1.0,1.0,0.6931471805599453,0.0,0.0,1.0,0.0,0.0,0.0,0.43701,0.0,1.0,0.0,0.0,0.0,0.0,0.022824,0.777778,0.0,0.0,0.0,0.0,0.839978,0.0,0.0,0.0,0.973533,0.0,0.76886,0.0,0.0,0.0,0.0,0.0,0.0,0.0,0.0,0.0,0.0,0.0,0.0,1.0,0.0,1.0,0.0,0.0,0.0,0.0,0.0,0.0,0.0,0.0,1.0,0.0,0.0,0.0,0.0,0.0,0.0,0.0,0.0,0.0,0.0,0.0,0.0,0.0,0.0,0.0,0.0,0.0,0.0,0.0,0.0,0.0,0.0,-2.9065206,4,-0.853825276522469,-0.427167,-0.9606170261190647,-1.0674087757156605,-1.1742005402134175,-1.280992274908852,-1.494575803904366
Bank,Bank:4:task_6:Tomcat04:2021-03-06 00:53:00,Bank:Tomcat04:2021-03-06 00:53:00,4,task_6,2021_03_06,Tomcat04,dockera2,24,-0.112481,0,0.0416666666666666,3.218875824868201,0.0,0.0,0.0,0.0,0.0,0.0,0.0,0.0,1.0,1.0,0.6931471805599453,0.0,0.0,1.0,0.0,0.0,0.0,0.43701,0.0,1.0,0.0,0.0,0.0,0.0,0.022824,0.777778,0.0,0.0,0.0,0.0,0.839978,0.0,0.0,0.0,0.973533,0.0,0.76886,0.0,0.0,0.0,0.0,0.0,0.0,0.0,0.0,0.0,0.0,0.0,0.0,1.0,0.0,1.0,0.0,0.0,0.0,0.0,0.0,0.0,0.0,0.0,1.0,0.0,0.0,0.0,0.0,0.0,0.0,0.0,0.0,0.0,0.0,0.0,0.0,0.0,0.0,0.0,0.0,0.0,0.0,0.0,0.0,0.0,0.0,-2.9065206,4,-0.853825276522469,-0.427167,-0.9606170261190647,-1.0674087757156605,-1.1742005402134175,-1.280992274908852,-1.494575803904366
Bank,Bank:4:task_6:Tomcat04:2021-03-06 00:53:00,Bank:Tomcat04:2021-03-06 00:53:00,4,task_6,2021_03_06,Tomcat04,dockerb2,25,-0.112481,0,0.04,3.258096538021482,0.0,0.0,0.0,0.0,0.0,0.0,0.0,0.0,1.0,1.0,0.6931471805599453,0.0,0.0,1.0,0.0,0.0,0.0,0.43701,0.0,1.0,0.0,0.0,0.0,0.0,0.022824,0.777778,0.0,0.0,0.0,0.0,0.839978,0.0,0.0,0.0,0.973533,0.0,0.76886,0.0,0.0,0.0,0.0,0.0,0.0,0.0,0.0,0.0,0.0,0.0,0.0,1.0,0.0,1.0,0.0,0.0,0.0,0.0,0.0,0.0,0.0,0.0,1.0,0.0,0.0,0.0,0.0,0.0,0.0,0.0,0.0,0.0,0.0,0.0,0.0,0.0,0.0,0.0,0.0,0.0,0.0,0.0,0.0,0.0,0.0,-2.9065206,4,-0.853825276522469,-0.427167,-0.9606170261190647,-1.0674087757156605,-1.1742005402134175,-1.280992274908852,-1.494575803904366
Bank,Bank:4:task_6:Tomcat04:2021-03-06 00:53:00,Bank:Tomcat04:2021-03-06 00:53:00,4,task_6,2021_03_06,Tomcat04,servicetest7,26,-0.115882,0,0.0384615384615384,3.295836866004329,0.6541147796967108,1.0,0.0,0.0,0.0,4.0,6.0,10.0,0.0,1.0,0.6931471805599453,3.3923165233591224,5.581865650500495,1.0,0.0,0.654115,0.616722,0.0,1.0,0.0,0.59493,0.95114,0.0,0.6,0.022824,0.618632,0.603039,0.421593,1.0,0.6,0.839978,1.0,0.770779,0.963958,0.399871,0.525252,0.979192,1.0,0.642857,0.220089,0.465312,0.0,0.689655,0.0,0.520778,0.114488,0.450503,0.729369,0.0,0.0,1.0,0.060249,1.0,0.0,1.0,0.719255,0.454918,0.45,0.786231,0.0,1.0,0.0,0.0,0.0,0.0,0.0,0.0,0.0,0.0,0.0,0.0,1.0,0.0,0.0,0.0,0.0,0.0,0.0,0.0,0.0,0.0,0.0,0.0,-3.1681228,4,-0.8722350571575413,-0.7632223,-1.063040626448656,-1.2538461957397709,-1.4446517799320469,-1.6354573343220005,-2.0170685027065525
Bank,Bank:4:task_6:Tomcat04:2021-03-06 00:53:00,Bank:Tomcat04:2021-03-06 00:53:00,4,task_6,2021_03_06,Tomcat04,dockerb1,27,-0.124015,0,0.037037037037037,3.332204510175204,0.9056603773584906,1.0,0.0,0.0,0.0,0.0,0.0,0.0,1.0,1.0,0.6931471805599453,0.0,0.0,1.0,0.0833333333333333,0.90566,0.0,0.43701,0.0,1.0,0.069173,0.0,0.0,0.0,0.022824,1.0,0.098805,0.0,0.0,0.0,0.0,0.512573,0.027814,0.0,0.973533,0.139076,0.76886,0.084718,0.0,0.034264,0.0,0.0,0.0,0.0,0.074861,0.0,0.0,0.0,0.0,1.0,0.0,1.0,0.0,0.0,0.0,0.054257,0.030038,0.0,0.072937,1.0,0.0,0.0,0.0,0.0,0.0,0.0,0.0,0.0,0.0,0.0,0.0,0.0,0.0,0.0,0.0,0.0,0.0,0.0,0.0,0.0,0.0,0.0,0.0,-1.1987047,4,-0.9162593870325912,1.7667004,-0.47458429028233184,-0.032909193532072445,0.40876593302050934,0.8504409999684464,1.73379125307361
Bank,Bank:4:task_6:Tomcat04:2021-03-06 00:53:00,Bank:Tomcat04:2021-03-06 00:53:00,4,task_6,2021_03_06,Tomcat04,tomcat03,28,-0.167766,0,0.0357142857142857,3.367295829986474,1.0,1.0,0.3773584905660377,0.0,0.0,7.0,3.0,10.0,0.0,1.0,0.6931471805599453,6.046431303055833,2.5818656505004944,1.0,0.0,1.0,0.40152,0.466324,0.678511,0.321489,0.335663,0.90911,0.0,0.6,0.003511,0.679838,0.482355,0.751443,0.925091,0.6,0.180337,0.961315,0.604712,0.948121,0.993198,0.490526,0.870682,0.618721,0.535714,0.083601,1.0,0.0,0.394089,1.0,0.445501,0.1623,0.0,0.811071,0.0,0.0,1.0,0.137647,1.0,0.0,1.0,0.771606,0.644087,0.45,1.0,0.0,0.0,1.0,0.0,0.0,0.0,1.0,0.0,0.0,0.0,0.0,0.0,0.0,0.0,0.0,0.0,0.0,0.0,0.0,0.0,0.0,0.0,0.0,0.0,-0.26892078,4,-1.1530857065165832,2.9611049,-0.41280948905595083,0.3274667284046815,1.0677428266560243,1.8080191633259461,3.288571359828632
Bank,Bank:4:task_6:Tomcat04:2021-03-06 00:53:00,Bank:Tomcat04:2021-03-06 00:53:00,4,task_6,2021_03_06,Tomcat04,tomcat04,29,-0.173367,1,0.0344827586206896,3.4011973816621555,1.0,1.0,0.3773584905660377,0.0,0.0,8.0,2.0,10.0,0.0,1.0,0.6931471805599453,7.046431303055833,1.5818656505004944,1.0,0.0,1.0,0.246005,0.480836,0.667766,0.332234,0.242169,0.872572,0.0,0.6,0.004891,0.5628,0.374779,0.875721,0.850181,0.6,0.150892,0.922631,0.573197,0.915419,0.999133,0.455799,0.786301,0.578478,0.5,0.080531,1.0,0.0,0.295567,0.875,0.31118,0.162609,0.0,0.717146,0.0,0.0,1.0,0.123066,1.0,0.0,0.833333,0.79387,0.570041,0.45,0.979192,0.0,0.0,1.0,0.0,0.0,0.0,1.0,0.0,0.0,0.0,0.0,0.0,0.0,0.0,0.0,0.0,0.0,0.0,0.0,0.0,0.0,0.0,0.0,0.0,-0.75107217,4,-1.183404195589515,2.341731,-0.5979714277214729,-0.012538659853430945,0.572894108014611,1.158326875882653,2.3291924116187372
Bank,Bank:6:task_7:apache02:2021-03-06 18:52:00,Bank:apache02:2021-03-06 18:52:00,6,task_7,2021_03_06,apache02,apache02,1,0.634557,1,1.0,0.6931471805599453,0.9056603773584906,1.0,0.0,0.0,0.0,0.0,1.0,1.0,0.0,1.0,0.6931471805599453,0.0,0.2304111037156619,1.0,0.0,0.90566,0.06258,0.02596,0.934089,0.065911,0.430942,0.677361,0.260041,1.0,1.0,0.017943,0.382491,0.0,0.247955,1.0,0.3003,0.621145,0.830937,0.0,0.85749,0.673838,0.0,0.532219,1.0,1.0,1.0,0.0,0.5,0.0,0.384441,0.723379,0.0,0.801541,0.0,0.0,1.0,0.082991,1.0,0.0,1.0,0.109499,0.578403,0.45,0.0,0.0,0.0,1.0,0.0,0.0,0.0,0.0,0.0,0.0,1.0,0.0,0.0,0.0,0.0,0.0,0.0,0.0,0.0,0.0,0.0,0.0,0.0,0.0,0.0,-2.8165207,4,2.6374943639669426,0.20883562,2.689703268143893,2.7419121723208435,2.7941210802230843,2.8463299806747444,2.950747796479226
Bank,Bank:6:task_7:apache02:2021-03-06 18:52:00,Bank:apache02:2021-03-06 18:52:00,6,task_7,2021_03_06,apache02,tomcat02,2,0.579909,0,0.5,1.0986122886681096,1.0,1.0,0.3773584905660377,0.0,0.0,0.0,4.0,4.0,0.0,1.0,0.6931471805599453,0.0,3.716981132075472,1.0,-0.0738888888888888,1.0,0.896645,0.295218,0.237519,0.762481,1.0,0.847486,1.0,1.0,1.0,0.621119,1.0,0.0,1.0,1.0,0.379231,1.0,1.0,0.329933,0.789159,1.0,0.91132,0.87691,1.0,0.797857,0.77285,1.0,1.0,0.0,0.559549,0.249993,0.0,0.606361,0.0,0.0,1.0,0.882706,1.0,0.999698,1.0,0.456726,1.0,0.999834,0.491491,0.0,1.0,0.0,0.0,0.0,0.0,1.0,0.0,0.0,0.0,0.0,0.0,0.0,0.0,0.0,0.0,0.0,0.0,0.0,0.0,0.0,0.0,0.0,0.0,-2.24211,4,2.3790152819836248,0.9357453,2.612951606699239,2.8468879314148534,3.080824271031629,3.314760580846082,3.782633260079633
Bank,Bank:6:task_7:apache02:2021-03-06 18:52:00,Bank:apache02:2021-03-06 18:52:00,6,task_7,2021_03_06,apache02,servicetest5,3,0.316769,0,0.3333333333333333,1.3862943611198906,0.1310651358656009,0.2184418931093349,0.0,0.0,0.0,4.0,0.0,4.0,0.0,1.0,0.6931471805599453,3.6226415094339615,0.0,1.0,0.0,0.131065,0.0,1.0,0.0,1.0,0.037646,0.0,0.925263,1.0,0.075264,0.0,0.302982,0.65529,0.0,1.0,1.0,0.117657,0.551884,0.558931,0.985965,0.139993,0.74848,0.368653,0.464286,0.455142,0.0,0.0,0.0,0.0,0.012901,0.0,0.0,0.0,0.0,1.0,0.0,1.0,0.0,0.0,0.0,0.216876,0.013553,0.0,0.287895,0.0,1.0,0.0,0.0,0.0,0.0,0.0,0.0,0.0,0.0,0.0,0.0,1.0,0.0,0.0,0.0,0.0,0.0,0.0,0.0,0.0,0.0,0.0,0.0,-3.3687642,4,1.134391770911122,-0.49002177,1.0118863296031004,0.8893808882950789,0.7668754320858961,0.6443700056790358,0.3993590932606703
Bank,Bank:6:task_7:apache02:2021-03-06 18:52:00,Bank:apache02:2021-03-06 18:52:00,6,task_7,2021_03_06,apache02,tomcat01,4,0.279648,0,0.25,1.6094379124341005,1.0,1.0,0.3773584905660377,0.0,0.0,1.0,1.0,2.0,0.0,1.0,0.6931471805599453,1.0,0.9056603773584906,1.0,-0.0525,1.0,0.221461,0.463873,0.386191,0.613809,0.55346,0.734445,0.0,1.0,0.060228,0.332176,0.521272,0.180887,0.974619,1.0,0.176216,0.969512,0.884897,0.898831,0.092499,0.651864,0.829429,0.743538,0.928571,0.26996,0.800649,0.937068,0.625,0.0,0.572395,1.0,0.0,1.0,0.0,0.0,1.0,0.919635,1.0,1.0,0.833333,0.682032,0.775143,1.0,0.66083,0.0,0.0,1.0,0.0,0.0,0.0,1.0,0.0,0.0,0.0,0.0,0.0,0.0,0.0,0.0,0.0,0.0,0.0,0.0,0.0,0.0,0.0,0.0,0.0,0.63162035,4,0.9588134880407018,4.5724163,2.1019175644262,3.245021640811698,4.388125717197196,5.531229793582694,7.8174379463536905
Bank,Bank:6:task_7:apache02:2021-03-06 18:52:00,Bank:apache02:2021-03-06 18:52:00,6,task_7,2021_03_06,apache02,redis02,5,0.223205,0,0.2,1.791759469228055,0.9056603773584906,1.0,0.0,0.0,0.0,5.0,2.0,7.0,0.0,1.0,0.6931471805599453,4.622641509433962,0.9648780280718102,1.0,0.0,0.90566,0.262063,0.29788,0.76912,0.23088,0.529364,0.738569,0.0,0.714286,0.043302,0.156598,0.444655,0.836177,0.519173,0.714286,0.451004,0.714647,0.642413,0.793444,0.997726,0.32129,0.74848,0.681922,0.714286,0.419263,1.0,0.0,0.75,0.313213,0.637987,0.652118,0.0,0.934647,0.0,0.0,1.0,0.073275,1.0,0.0,1.0,0.461359,0.671119,0.45,0.594824,0.0,0.0,1.0,0.0,0.0,0.0,0.0,0.0,0.0,0.0,0.0,1.0,0.0,0.0,0.0,0.0,0.0,0.0,0.0,0.0,0.0,0.0,0.0,0.0,-3.0048935,4,0.6918442517578663,-0.029547933,0.6844572683855953,0.6770702850133242,0.6696833007097306,0.6622963182687821,0.6475223496615948
Bank,Bank:6:task_7:apache02:2021-03-06 18:52:00,Bank:apache02:2021-03-06 18:52:00,6,task_7,2021_03_06,apache02,mg02,6,0.222492,0,0.1666666666666666,1.9459101490553128,0.9056603773584906,1.0,0.0,0.0,0.0,2.0,2.0,4.0,0.0,1.0,0.6931471805599453,1.8113207547169807,1.0367255132240916,1.0,0.0,0.90566,0.281577,0.57132,0.400651,0.599349,0.263988,1.0,0.0,1.0,0.066607,0.156598,0.45243,0.327645,0.557832,1.0,0.871214,0.748508,0.785999,0.790171,0.543915,0.468375,0.897714,0.90979,0.535714,0.378578,1.0,0.0,0.25,0.0,0.25255,0.221299,0.0,0.855267,0.0,0.0,1.0,0.478686,1.0,0.0,0.333333,0.461815,0.569094,0.45,0.526048,0.0,0.0,1.0,0.0,0.0,0.0,0.0,1.0,0.0,0.0,0.0,0.0,0.0,0.0,0.0,0.0,0.0,0.0,0.0,0.0,0.0,0.0,0.0,0.0,-3.3424664,4,0.6884718394929326,-0.45674223,0.5742862827235615,0.4601007259541905,0.34591518408598065,0.23172961241544843,0.0033585286790287494
Bank,Bank:6:task_7:apache02:2021-03-06 18:52:00,Bank:apache02:2021-03-06 18:52:00,6,task_7,2021_03_06,apache02,mysql01,7,0.215346,0,0.1428571428571428,2.079441541679836,0.9056603773584906,1.0,0.0,0.0,0.0,3.0,1.0,4.0,0.0,1.0,0.6931471805599453,2.716981132075472,0.1310651358656009,1.0,0.0,0.90566,0.035598,0.880264,0.101302,0.898698,0.125157,1.0,0.0,1.0,0.071329,0.017943,0.42146,0.491468,0.141045,1.0,0.687572,0.527503,0.65638,0.614065,0.920215,0.284886,0.74848,0.62534,0.5,0.491142,1.0,0.0,0.125,0.0,0.103043,0.157051,0.0,0.467488,0.0,0.0,1.0,0.162896,1.0,0.0,0.166667,0.561069,0.400686,0.45,0.563424,0.0,0.0,1.0,0.0,0.0,0.0,0.0,0.0,0.0,0.0,1.0,0.0,0.0,0.0,0.0,0.0,0.0,0.0,0.0,0.0,0.0,0.0,0.0,0.0,-3.348008,4,0.6546720385879995,-0.46375498,0.5387332931489469,0.42279454770989433,0.30685580972142235,0.19091705683178917,-0.0409604191451548
Bank,Bank:6:task_7:apache02:2021-03-06 18:52:00,Bank:apache02:2021-03-06 18:52:00,6,task_7,2021_03_06,apache02,ig02,8,0.213166,0,0.125,2.19722457733622,0.9056603773584906,1.0,0.0,0.0,0.0,4.0,3.0,7.0,0.0,1.0,0.6931471805599453,3.716981132075472,1.870538405430301,1.0,0.0,0.90566,0.508042,0.326421,0.74608,0.25392,0.676318,0.788747,0.0,0.714286,0.032552,0.265883,0.571624,0.672355,0.670988,0.714286,0.366534,0.799602,0.674511,0.853303,0.983354,0.389226,0.947523,0.711735,0.75,0.375591,1.0,0.0,0.875,0.391517,0.787494,0.529928,0.0,0.958697,0.0,0.0,1.0,0.071162,1.0,0.0,1.0,0.431697,0.753435,0.45,0.607596,0.0,0.0,1.0,0.0,0.0,0.0,0.0,0.0,1.0,0.0,0.0,0.0,0.0,0.0,0.0,0.0,0.0,0.0,0.0,0.0,0.0,0.0,0.0,0.0,-2.9432676,4,0.6443608762632367,0.048438963,0.6564706169004795,0.6685803575377223,0.6806900972436425,0.6927998388122079,0.7170193182240483
Bank,Bank:6:task_7:apache02:2021-03-06 18:52:00,Bank:apache02:2021-03-06 18:52:00,6,task_7,2021_03_06,apache02,servicetest11,9,0.207935,0,0.1111111111111111,2.302585092994046,0.2304111037156619,0.3840185061927699,0.0,0.0,0.0,1.0,3.0,4.0,0.0,1.0,0.6931471805599453,0.9056603773584906,2.716981132075472,1.0,0.0,0.230411,0.737937,0.0,1.0,0.0,0.652825,0.857289,0.355399,1.0,0.118552,0.374413,0.474515,0.163823,0.974619,1.0,1.0,0.720678,0.945641,0.838639,0.167783,0.621764,0.855771,0.942632,0.964286,0.364275,1.0,0.0,0.75,0.0,0.449261,0.327625,0.0,0.637015,0.0,0.0,1.0,0.03876,1.0,0.0,1.0,0.356463,0.705902,0.45,0.450003,0.0,1.0,0.0,0.0,0.0,0.0,0.0,0.0,0.0,0.0,0.0,0.0,1.0,0.0,0.0,0.0,0.0,0.0,0.0,0.0,0.0,0.0,0.0,0.0,-3.118382,4,0.6196188165747809,-0.17316617,0.5763272738957095,0.533035731216638,0.48974418481227633,0.4464526458584952,0.35986955304977175
Bank,Bank:6:task_7:apache02:2021-03-06 18:52:00,Bank:apache02:2021-03-06 18:52:00,6,task_7,2021_03_06,apache02,apache01,10,0.194338,0,0.1,2.3978952727983707,0.9056603773584906,1.0,0.0,0.0,0.0,4.0,4.0,8.0,0.0,1.0,0.6931471805599453,2.8705384054303007,2.8480462679410725,1.0,0.0,0.90566,0.773535,0.553617,0.550326,0.449674,0.536761,1.0,0.413549,0.75,0.032322,0.344567,0.677829,0.519244,0.766226,0.75,0.822226,0.85901,0.741518,0.915319,0.909779,0.449201,0.980134,1.0,0.607143,0.378909,1.0,0.0,0.5,0.393137,0.551564,0.253423,0.0,0.975423,0.0,0.0,1.0,0.016433,1.0,0.0,0.666667,0.509262,0.597863,0.45,0.617277,0.0,0.0,1.0,0.0,0.0,0.0,0.0,0.0,0.0,1.0,0.0,0.0,0.0,0.0,0.0,0.0,0.0,0.0,0.0,0.0,0.0,0.0,0.0,0.0,-3.1488256,4,0.5553064889923046,-0.21169226,0.5023834243133972,0.4494603596344898,0.39653729868087273,0.34361423027667504,0.23776810836944084
Bank,Bank:6:task_7:apache02:2021-03-06 18:52:00,Bank:apache02:2021-03-06 18:52:00,6,task_7,2021_03_06,apache02,ig01,11,0.177044,0,0.0909090909090909,2.4849066497880004,0.9056603773584906,1.0,0.0,0.0,0.0,2.0,5.0,7.0,0.0,1.0,0.6931471805599453,1.230411103715662,3.681859160147282,1.0,0.0,0.90566,1.0,0.377596,0.619554,0.380446,0.770955,0.930904,0.0,0.714286,0.004269,0.398381,0.77407,0.222566,0.792441,0.714286,0.786468,0.867566,0.807989,0.879608,0.0,0.443576,1.0,0.988808,0.892857,0.191669,1.0,0.0,0.75,1.0,1.0,0.347932,0.047374,0.98633,0.0,0.0,1.0,0.051919,1.0,0.0,1.0,0.439103,0.752116,0.45,0.618961,0.0,0.0,1.0,0.0,0.0,0.0,0.0,0.0,1.0,0.0,0.0,0.0,0.0,0.0,0.0,0.0,0.0,0.0,0.0,0.0,0.0,0.0,0.0,0.0,-3.1013095,4,0.4735077544765036,-0.1515612,0.43561745432181764,0.39772715416713167,0.3598368540124457,0.3219465538577597,0.24616595354838777
Bank,Bank:6:task_7:apache02:2021-03-06 18:52:00,Bank:apache02:2021-03-06 18:52:00,6,task_7,2021_03_06,apache02,mg01,12,0.165206,0,0.0833333333333333,2.5649493574615367,0.9056603773584906,1.0,0.0,0.0,0.0,1.0,3.0,4.0,0.0,1.0,0.6931471805599453,0.9056603773584906,1.9423858905825824,1.0,0.0,0.90566,0.527556,0.383075,0.500434,0.499566,0.409312,1.0,0.0,1.0,0.060835,0.265883,0.53571,0.163823,0.696761,1.0,0.130066,0.822176,0.719219,0.790929,0.29203,0.56093,0.855771,0.6081,0.571429,0.259004,1.0,0.0,0.375,0.0,0.402057,0.242715,0.0,0.938905,0.0,0.0,1.0,0.032644,1.0,0.0,0.5,0.421629,0.526517,0.45,0.440301,0.0,0.0,1.0,0.0,0.0,0.0,0.0,1.0,0.0,0.0,0.0,0.0,0.0,0.0,0.0,0.0,0.0,0.0,0.0,0.0,0.0,0.0,0.0,0.0,-2.668991,4,0.4175153051184573,0.39553252,0.5163984347747721,0.615281564431087,0.7141647015379824,0.8130478237437166,1.0108140979575075
Bank,Bank:6:task_7:apache02:2021-03-06 18:52:00,Bank:apache02:2021-03-06 18:52:00,6,task_7,2021_03_06,apache02,redis01,13,0.156534,0,0.0769230769230769,2.639057329615259,0.9056603773584906,1.0,0.0,0.0,0.0,4.0,3.0,7.0,0.0,1.0,0.6931471805599453,3.0417318584326427,1.870538405430301,1.0,0.0,0.90566,0.508042,0.536667,0.565923,0.434077,0.477887,0.885822,0.0,0.714286,0.049983,0.265883,0.552058,0.550211,0.670988,0.714286,0.246259,0.799602,0.676803,0.839814,0.936835,0.389226,0.947523,0.649323,0.821429,0.36769,1.0,0.0,0.5,0.5,0.616728,0.403536,0.0,0.793144,0.0,0.0,1.0,0.060487,1.0,0.0,1.0,0.513148,0.589003,0.45,0.61697,1.0,0.0,0.0,0.0,0.0,0.0,0.0,0.0,0.0,0.0,0.0,1.0,0.0,0.0,0.0,0.0,0.0,0.0,0.0,0.0,0.0,0.0,0.0,0.0,-3.0522044,4,0.37649769058619037,-0.08941921,0.3541428884694387,0.33178808635268703,0.3094332860985805,0.2870784821191837,0.24236888161097064
Bank,Bank:6:task_7:apache02:2021-03-06 18:52:00,Bank:apache02:2021-03-06 18:52:00,6,task_7,2021_03_06,apache02,mysql02,14,0.139888,0,0.0714285714285714,2.70805020110221,0.9056603773584906,1.0,0.0,0.0,0.0,3.0,4.0,7.0,0.0,1.0,0.6931471805599453,2.1360714810741523,2.7761987827887915,1.0,0.0,0.90566,0.754021,0.455223,0.599443,0.400557,0.624396,0.913907,0.0,0.714286,0.03284,0.344567,0.660934,0.386388,0.746896,0.714286,0.847688,0.842079,0.796467,0.866372,0.660227,0.423195,0.980134,0.99586,0.857143,0.370518,1.0,0.0,0.625,0.666667,0.443278,0.229814,0.0,0.545489,0.0,0.0,1.0,0.149662,1.0,0.0,1.0,0.467044,0.69672,0.45,0.622756,0.0,0.0,0.0,1.0,0.0,0.0,0.0,0.0,0.0,0.0,1.0,0.0,0.0,0.0,0.0,0.0,0.0,0.0,0.0,0.0,0.0,0.0,0.0,0.0,-2.586794,4,0.2977639254219703,0.49955207,0.4226519431955985,0.5475399609692267,0.6724279936440162,0.7973159965164832,1.0470920618660622
Bank,Bank:6:task_7:apache02:2021-03-06 18:52:00,Bank:apache02:2021-03-06 18:52:00,6,task_7,2021_03_06,apache02,servicetest9,15,0.035832,0,0.0666666666666666,2.772588722239781,0.0592176507133196,0.0986960845221994,0.0,0.0,0.0,6.0,1.0,7.0,0.0,1.0,0.6931471805599453,5.528301886792453,0.9056603773584906,1.0,0.0,0.059218,0.245979,0.0,1.0,0.0,0.424501,0.734445,0.0,0.714286,0.051663,0.150358,0.207462,1.0,0.974619,0.714286,1.0,0.605418,0.701112,1.0,1.0,0.435126,0.829429,0.834744,0.678571,0.35205,1.0,0.0,0.625,0.261011,0.215195,0.510808,0.0,0.624567,0.0,0.0,1.0,0.0,1.0,0.0,0.833333,0.547596,0.582847,0.45,0.664823,0.0,1.0,0.0,0.0,0.0,0.0,0.0,0.0,0.0,0.0,0.0,0.0,1.0,0.0,0.0,0.0,0.0,0.0,0.0,0.0,0.0,0.0,0.0,0.0,-3.2392592,4,-0.19440960983743674,-0.32613486,-0.27594332496633533,-0.35747704009523396,-0.4390107552241326,-0.5205444703530312,-0.6836119006108284
Bank,Bank:6:task_7:apache02:2021-03-06 18:52:00,Bank:apache02:2021-03-06 18:52:00,6,task_7,2021_03_06,apache02,dockerb1,16,-0.075016,0,0.0625,2.833213344056216,0.9056603773584906,1.0,0.0,0.0,0.0,0.0,0.0,0.0,1.0,1.0,0.6931471805599453,0.0,0.0,1.0,0.0833333333333333,0.90566,0.0,0.382504,0.0,1.0,0.119297,0.0,0.0,0.0,0.118552,0.818182,0.133816,0.0,0.0,0.0,0.0,0.538618,0.028516,0.268914,0.887769,0.133102,0.887418,0.10775,0.0,0.20179,0.0,0.0,0.0,0.0,0.089147,0.0,0.0,0.0,0.0,1.0,0.0,1.0,0.0,0.0,0.0,0.039581,0.042949,0.0,0.089005,1.0,0.0,0.0,0.0,0.0,0.0,0.0,0.0,0.0,0.0,0.0,0.0,0.0,0.0,0.0,0.0,0.0,0.0,0.0,0.0,0.0,0.0,0.0,0.0,-1.6617122,4,-0.7187085645967466,1.6702317,-0.30115063961086097,0.11640728537502465,0.5339651805585879,0.9515231353467959,1.7866389257139224
Bank,Bank:6:task_7:apache02:2021-03-06 18:52:00,Bank:apache02:2021-03-06 18:52:00,6,task_7,2021_03_06,apache02,dockera1,17,-0.083922,0,0.0588235294117647,2.8903717578961645,0.0,0.0,0.0,0.0,0.0,0.0,0.0,0.0,1.0,1.0,0.6931471805599453,0.0,0.0,1.0,0.0,0.0,0.0,0.382504,0.0,1.0,0.0,0.0,0.0,0.0,0.118552,0.636364,0.012604,0.0,0.0,0.0,1.0,0.0,0.0,0.268914,0.887769,0.0,0.887418,0.0,0.0,0.177793,0.0,0.0,0.0,0.0,0.0,0.0,0.0,0.0,0.0,1.0,0.0,1.0,0.0,0.0,0.0,0.0,0.0,0.0,0.036259,0.0,1.0,0.0,0.0,0.0,0.0,0.0,0.0,0.0,0.0,0.0,0.0,0.0,0.0,0.0,0.0,0.0,0.0,0.0,0.0,0.0,0.0,0.0,0.0,-3.4000828,4,-0.7608329736170845,-0.52965516,-0.8932467632470207,-1.025660552876957,-1.158074327605732,-1.2904881321368293,-1.5553156815943794
Bank,Bank:6:task_7:apache02:2021-03-06 18:52:00,Bank:apache02:2021-03-06 18:52:00,6,task_7,2021_03_06,apache02,dockera2,18,-0.083922,0,0.0555555555555555,2.9444389791664403,0.0,0.0,0.0,0.0,0.0,0.0,0.0,0.0,1.0,1.0,0.6931471805599453,0.0,0.0,1.0,0.0,0.0,0.0,0.382504,0.0,1.0,0.0,0.0,0.0,0.0,0.118552,0.636364,0.012604,0.0,0.0,0.0,1.0,0.0,0.0,0.268914,0.887769,0.0,0.887418,0.0,0.0,0.177793,0.0,0.0,0.0,0.0,0.0,0.0,0.0,0.0,0.0,1.0,0.0,1.0,0.0,0.0,0.0,0.0,0.0,0.0,0.036259,0.0,1.0,0.0,0.0,0.0,0.0,0.0,0.0,0.0,0.0,0.0,0.0,0.0,0.0,0.0,0.0,0.0,0.0,0.0,0.0,0.0,0.0,0.0,0.0,-3.4000828,4,-0.7608329736170845,-0.52965516,-0.8932467632470207,-1.025660552876957,-1.158074327605732,-1.2904881321368293,-1.5553156815943794
Bank,Bank:6:task_7:apache02:2021-03-06 18:52:00,Bank:apache02:2021-03-06 18:52:00,6,task_7,2021_03_06,apache02,dockerb2,19,-0.083922,0,0.0526315789473684,2.995732273553991,0.0,0.0,0.0,0.0,0.0,0.0,0.0,0.0,1.0,1.0,0.6931471805599453,0.0,0.0,1.0,0.0,0.0,0.0,0.382504,0.0,1.0,0.0,0.0,0.0,0.0,0.118552,0.636364,0.012604,0.0,0.0,0.0,1.0,0.0,0.0,0.268914,0.887769,0.0,0.887418,0.0,0.0,0.177793,0.0,0.0,0.0,0.0,0.0,0.0,0.0,0.0,0.0,1.0,0.0,1.0,0.0,0.0,0.0,0.0,0.0,0.0,0.036259,0.0,1.0,0.0,0.0,0.0,0.0,0.0,0.0,0.0,0.0,0.0,0.0,0.0,0.0,0.0,0.0,0.0,0.0,0.0,0.0,0.0,0.0,0.0,0.0,-3.4000828,4,-0.7608329736170845,-0.52965516,-0.8932467632470207,-1.025660552876957,-1.158074327605732,-1.2904881321368293,-1.5553156815943794
Bank,Bank:6:task_7:apache02:2021-03-06 18:52:00,Bank:apache02:2021-03-06 18:52:00,6,task_7,2021_03_06,apache02,servicetest7,20,-0.100829,0,0.05,3.044522437723423,0.1849647552641909,0.3082745921069849,0.0,0.0,0.0,0.0,0.0,0.0,1.0,1.0,0.6931471805599453,0.0,0.0,1.0,0.0,0.184965,0.0,0.382504,0.0,1.0,0.044901,0.0,0.0,0.0,0.118552,0.818182,0.022826,0.0,0.0,0.0,1.0,0.166042,0.054542,0.268914,0.887769,0.041032,0.887418,0.16572,0.0,0.221441,0.0,0.0,0.0,0.0,0.018207,0.0,0.0,0.0,0.0,1.0,0.0,1.0,0.0,0.0,0.0,0.043645,0.016165,0.0,0.089005,0.0,1.0,0.0,0.0,0.0,0.0,0.0,0.0,0.0,0.0,0.0,0.0,1.0,0.0,0.0,0.0,0.0,0.0,0.0,0.0,0.0,0.0,0.0,0.0,-3.4000828,4,-0.8408012403256914,-0.52965516,-0.9732150299556276,-1.1056288195855637,-1.2380425943143387,-1.3704563988454361,-1.6352839483029862
Bank,Bank:6:task_7:apache02:2021-03-06 18:52:00,Bank:apache02:2021-03-06 18:52:00,6,task_7,2021_03_06,apache02,servicetest1,21,-0.105522,0,0.0476190476190476,3.091042453358316,0.1588984716693934,0.2648307861156556,0.0,0.0,0.0,0.0,0.0,0.0,1.0,1.0,0.6931471805599453,0.0,0.0,1.0,0.0,0.158898,0.0,0.382504,0.0,1.0,0.04221,0.0,0.0,0.0,0.118552,0.818182,0.018812,0.0,0.0,0.0,1.0,0.142643,0.046832,0.268914,0.887769,0.035249,0.887418,0.141924,0.0,0.215251,0.0,0.0,0.0,0.0,0.015641,0.0,0.0,0.0,0.0,1.0,0.0,1.0,0.0,0.0,0.0,0.043792,0.015196,0.0,0.089005,0.0,1.0,0.0,0.0,0.0,0.0,0.0,0.0,0.0,0.0,0.0,0.0,1.0,0.0,0.0,0.0,0.0,0.0,0.0,0.0,0.0,0.0,0.0,0.0,-3.4000828,4,-0.8629986186697791,-0.52965516,-0.9954124082997153,-1.1278261979296516,-1.2602399726584266,-1.392653777189524,-1.657481326647074
Bank,Bank:6:task_7:apache02:2021-03-06 18:52:00,Bank:apache02:2021-03-06 18:52:00,6,task_7,2021_03_06,apache02,tomcat04,22,-0.109402,0,0.0454545454545454,3.1354942159291497,1.0,1.0,0.3773584905660377,0.0,0.0,0.0,0.0,0.0,1.0,1.0,0.6931471805599453,0.0,0.0,1.0,-0.0691666666666666,1.0,0.0,0.382504,0.0,1.0,0.129036,0.0,0.0,0.0,0.118552,1.0,0.1286,0.0,0.0,0.0,0.20886,0.538618,0.060353,0.268914,0.887769,0.133102,0.887418,0.213375,0.0,0.227763,0.0,0.0,0.0,0.0,0.098433,0.0,0.0,0.0,0.0,1.0,0.0,1.0,0.0,0.0,0.0,0.084249,0.046455,0.0,0.141751,0.0,0.0,1.0,0.0,0.0,0.0,1.0,0.0,0.0,0.0,0.0,0.0,0.0,0.0,0.0,0.0,0.0,0.0,0.0,0.0,0.0,0.0,0.0,0.0,-3.0718634,4,-0.8813505956514668,-0.11429749,-0.9099249673618864,-0.9384993390723061,-0.9670737126453709,-0.9956480824931454,-1.052796829639275
Bank,Bank:6:task_7:apache02:2021-03-06 18:52:00,Bank:apache02:2021-03-06 18:52:00,6,task_7,2021_03_06,apache02,servicetest4,23,-0.111921,0,0.0434782608695652,3.1780538303479458,0.1232498138040553,0.2054163563400921,0.0,0.0,0.0,0.0,0.0,0.0,1.0,1.0,0.6931471805599453,0.0,0.0,1.0,0.0,0.12325,0.0,0.382504,0.0,1.0,0.03853,0.0,0.0,0.0,0.118552,0.818182,0.013322,0.0,0.0,0.0,1.0,0.110641,0.0363,0.268914,0.887769,0.027341,0.887418,0.109613,0.0,0.206805,0.0,0.0,0.0,0.0,0.012132,0.0,0.0,0.0,0.0,1.0,0.0,1.0,0.0,0.0,0.0,0.043993,0.013871,0.0,0.089005,0.0,1.0,0.0,0.0,0.0,0.0,0.0,0.0,0.0,0.0,0.0,0.0,1.0,0.0,0.0,0.0,0.0,0.0,0.0,0.0,0.0,0.0,0.0,0.0,-3.4000828,4,-0.8932651910166399,-0.52965516,-1.025678980646576,-1.1580927702765123,-1.2905065450052873,-1.4229203495363847,-1.6877478989939347
Bank,Bank:6:task_7:apache02:2021-03-06 18:52:00,Bank:apache02:2021-03-06 18:52:00,6,task_7,2021_03_06,apache02,servicetest3,24,-0.118304,0,0.0416666666666666,3.218875824868201,0.0875625449456233,0.1459375749093723,0.0,0.0,0.0,0.0,0.0,0.0,1.0,1.0,0.6931471805599453,0.0,0.0,1.0,0.0,0.087563,0.0,0.382504,0.0,1.0,0.034846,0.0,0.0,0.0,0.118552,0.818182,0.007826,0.0,0.0,0.0,1.0,0.078605,0.025772,0.268914,0.887769,0.019425,0.887418,0.077538,0.0,0.198374,0.0,0.0,0.0,0.0,0.008619,0.0,0.0,0.0,0.0,1.0,0.0,1.0,0.0,0.0,0.0,0.044194,0.012545,0.0,0.089005,0.0,1.0,0.0,0.0,0.0,0.0,0.0,0.0,0.0,0.0,0.0,0.0,1.0,0.0,0.0,0.0,0.0,0.0,0.0,0.0,0.0,0.0,0.0,0.0,-3.4000828,4,-0.923456085107906,-0.52965516,-1.055869874737842,-1.1882836643677783,-1.3206974390965533,-1.4531112436276508,-1.7179387930852008
Bank,Bank:6:task_7:apache02:2021-03-06 18:52:00,Bank:apache02:2021-03-06 18:52:00,6,task_7,2021_03_06,apache02,servicetest6,25,-0.12024,0,0.04,3.258096538021482,0.0767170547883344,0.1278617579805575,0.0,0.0,0.0,0.0,0.0,0.0,1.0,1.0,0.6931471805599453,0.0,0.0,1.0,0.0,0.076717,0.0,0.382504,0.0,1.0,0.033727,0.0,0.0,0.0,0.118552,0.818182,0.006156,0.0,0.0,0.0,1.0,0.068869,0.022575,0.268914,0.887769,0.017019,0.887418,0.067845,0.0,0.195817,0.0,0.0,0.0,0.0,0.007552,0.0,0.0,0.0,0.0,1.0,0.0,1.0,0.0,0.0,0.0,0.044255,0.012142,0.0,0.089005,0.0,1.0,0.0,0.0,0.0,0.0,0.0,0.0,0.0,0.0,0.0,0.0,1.0,0.0,0.0,0.0,0.0,0.0,0.0,0.0,0.0,0.0,0.0,0.0,-3.4000828,4,-0.9326131540348512,-0.52965516,-1.0650269436647875,-1.1974407332947237,-1.3298545080234987,-1.462268312554596,-1.7270958620121462
Bank,Bank:6:task_7:apache02:2021-03-06 18:52:00,Bank:apache02:2021-03-06 18:52:00,6,task_7,2021_03_06,apache02,servicetest10,26,-0.124297,0,0.0384615384615384,3.295836866004329,0.0539473039862764,0.0899121733104607,0.0,0.0,0.0,0.0,0.0,0.0,1.0,1.0,0.6931471805599453,0.0,0.0,1.0,0.0,0.053947,0.0,0.382504,0.0,1.0,0.031376,0.0,0.0,0.0,0.118552,0.818182,0.002649,0.0,0.0,0.0,1.0,0.048428,0.015868,0.268914,0.887769,0.011967,0.887418,0.047576,0.0,0.190456,0.0,0.0,0.0,0.0,0.00531,0.0,0.0,0.0,0.0,1.0,0.0,1.0,0.0,0.0,0.0,0.044384,0.011296,0.0,0.089005,0.0,1.0,0.0,0.0,0.0,0.0,0.0,0.0,0.0,0.0,0.0,0.0,1.0,0.0,0.0,0.0,0.0,0.0,0.0,0.0,0.0,0.0,0.0,0.0,-3.4000828,4,-0.9518023217190542,-0.52965516,-1.0842161113489905,-1.2166299009789268,-1.3490436757077018,-1.4814574802387992,-1.7462850296963492
Bank,Bank:6:task_7:apache02:2021-03-06 18:52:00,Bank:apache02:2021-03-06 18:52:00,6,task_7,2021_03_06,apache02,servicetest8,27,-0.124699,0,0.037037037037037,3.332204510175204,0.051689697096694,0.0861494951611566,0.0,0.0,0.0,0.0,0.0,0.0,1.0,1.0,0.6931471805599453,0.0,0.0,1.0,0.0,0.05169,0.0,0.382504,0.0,1.0,0.031143,0.0,0.0,0.0,0.118552,0.818182,0.002302,0.0,0.0,0.0,1.0,0.046402,0.015203,0.268914,0.887769,0.011467,0.887418,0.045572,0.0,0.189925,0.0,0.0,0.0,0.0,0.005088,0.0,0.0,0.0,0.0,1.0,0.0,1.0,0.0,0.0,0.0,0.044396,0.011212,0.0,0.089005,0.0,1.0,0.0,0.0,0.0,0.0,0.0,0.0,0.0,0.0,0.0,0.0,1.0,0.0,0.0,0.0,0.0,0.0,0.0,0.0,0.0,0.0,0.0,0.0,-3.4000828,4,-0.9537037378908683,-0.52965516,-1.0861175275208046,-1.2185313171507408,-1.3509450918795158,-1.4833588964106132,-1.7481864458681633
Bank,Bank:6:task_7:apache02:2021-03-06 18:52:00,Bank:apache02:2021-03-06 18:52:00,6,task_7,2021_03_06,apache02,servicetest2,28,-0.127356,0,0.0357142857142857,3.367295829986474,0.0367439014185239,0.06123983569754,0.0,0.0,0.0,0.0,0.0,0.0,1.0,1.0,0.6931471805599453,0.0,0.0,1.0,0.0,0.036744,0.0,0.382504,0.0,1.0,0.0296,0.0,0.0,0.0,0.118552,0.818182,0.0,0.0,0.0,0.0,1.0,0.032985,0.010804,0.268914,0.887769,0.008151,0.887418,0.032336,0.0,0.186411,0.0,0.0,0.0,0.0,0.003617,0.0,0.0,0.0,0.0,1.0,0.0,1.0,0.0,0.0,0.0,0.044481,0.010656,0.0,0.089005,0.0,1.0,0.0,0.0,0.0,0.0,0.0,0.0,0.0,0.0,0.0,0.0,1.0,0.0,0.0,0.0,0.0,0.0,0.0,0.0,0.0,0.0,0.0,0.0,-3.4000828,4,-0.9662710582105446,-0.52965516,-1.098684847840481,-1.2310986374704171,-1.3635124121991922,-1.4959262167302896,-1.7607537661878396
Bank,Bank:6:task_7:apache02:2021-03-06 18:52:00,Bank:apache02:2021-03-06 18:52:00,6,task_7,2021_03_06,apache02,tomcat03,29,-0.161421,0,0.0344827586206896,3.4011973816621555,1.0,1.0,0.3773584905660377,0.0,0.0,1.0,4.0,5.0,0.0,1.0,0.6931471805599453,1.0,2.8705384054303007,1.0,-0.0522222222222222,1.0,0.511947,0.481991,0.359829,0.640171,0.656286,0.916058,0.391231,0.2,0.0,0.526386,0.659776,0.180887,0.772277,0.2,0.346266,0.872567,0.541688,0.954395,0.103535,0.210403,0.980134,0.660569,0.964286,0.0,0.469288,0.739596,0.625,0.716584,0.556359,0.263629,1.0,0.792077,0.0,0.0,1.0,0.884004,1.0,0.999788,1.0,1.0,0.616614,0.999883,1.0,1.0,0.0,0.0,0.0,0.0,0.0,1.0,0.0,0.0,0.0,0.0,0.0,0.0,0.0,0.0,0.0,0.0,0.0,0.0,0.0,0.0,0.0,0.0,0.0,-2.980117,4,-1.1273947942623985,0.0018063725,-1.1269432011264493,-1.1264916079905,-1.1260400149127585,-1.1255884217186016,-1.1246852355631185
Bank,Bank:10:task_3:Tomcat02:2021-03-07 07:32:00,Bank:Tomcat02:2021-03-07 07:32:00,10,task_3,2021_03_07,Tomcat02,redis02,1,0.556961,0,1.0,0.6931471805599453,0.9056603773584906,1.0,0.0,0.0,0.0,0.0,3.0,3.0,0.0,1.0,0.6931471805599453,0.0,2.2298170703765843,1.0,0.0,0.90566,0.329319,0.054095,0.862593,0.137407,0.676281,0.796257,0.0,1.0,1.0,0.374413,0.556175,0.0,0.820697,1.0,0.124689,1.0,1.0,0.0,0.904779,1.0,0.0,0.653465,1.0,1.0,1.0,0.0,0.777778,0.0,0.559429,0.375992,0.5,0.678434,0.0,0.0,1.0,0.014015,1.0,0.0,1.0,0.303337,0.794866,0.45,0.238997,0.0,0.0,1.0,0.0,0.0,0.0,0.0,0.0,0.0,0.0,0.0,1.0,0.0,0.0,0.0,0.0,0.0,0.0,0.0,0.0,0.0,0.0,0.0,0.0,-1.1993966,5,2.493851361337009,1.355596,2.8327503479149967,3.1716493344929844,3.5105482912686496,3.8494473076489597,4.527245221200291
Bank,Bank:10:task_3:Tomcat02:2021-03-07 07:32:00,Bank:Tomcat02:2021-03-07 07:32:00,10,task_3,2021_03_07,Tomcat02,tomcat02,2,0.519285,1,0.5,1.0986122886681096,1.0,1.0,0.3773584905660377,0.0,0.0,0.0,3.0,3.0,0.0,1.0,0.6931471805599453,0.0,2.2298170703765843,1.0,-0.0508333333333333,1.0,0.297484,0.300567,0.223205,0.776795,0.684825,0.796257,0.0,1.0,1.0,0.556231,0.658986,0.0,0.820697,1.0,0.00617,1.0,0.93598,0.0,0.904779,1.0,0.0,0.503554,1.0,0.927139,0.806661,1.0,0.777778,0.0,0.515825,0.33341,0.5,0.668281,0.0,0.0,1.0,0.864751,1.0,1.0,1.0,0.79364,0.942932,1.0,0.586344,0.0,0.0,1.0,0.0,0.0,0.0,1.0,0.0,0.0,0.0,0.0,0.0,0.0,0.0,0.0,0.0,0.0,0.0,0.0,0.0,0.0,0.0,0.0,0.0,-0.5319528,5,2.2842021306774525,2.1228774,2.814921470525017,3.345640810372582,3.8763602098247913,4.407079490067711,5.46851828897213
Bank,Bank:10:task_3:Tomcat02:2021-03-07 07:32:00,Bank:Tomcat02:2021-03-07 07:32:00,10,task_3,2021_03_07,Tomcat02,apache02,3,0.417936,0,0.3333333333333333,1.3862943611198906,0.9056603773584906,1.0,0.0,0.0,0.0,8.0,0.0,8.0,0.0,1.0,0.6931471805599453,6.770987697568192,0.0,1.0,0.0,0.90566,0.0,1.0,0.0,1.0,0.092905,0.0,1.0,1.0,0.12566,0.0,0.379948,1.0,0.0,1.0,0.399584,0.555556,0.733728,0.444711,1.0,0.262223,0.158106,0.664084,0.357143,0.545485,0.0,0.0,0.0,0.0,0.094601,0.0,0.5,0.0,0.0,1.0,0.0,1.0,0.0,0.0,0.0,0.375892,0.037231,0.0,0.410269,0.0,0.0,1.0,0.0,0.0,0.0,0.0,0.0,0.0,1.0,0.0,0.0,0.0,0.0,0.0,0.0,0.0,0.0,0.0,0.0,0.0,0.0,0.0,0.0,-3.1741247,5,1.7202425840664706,-0.9145162,1.491613531427463,1.2629844787884554,1.0343554261494479,0.8057263735104403,0.34846826823242516
Bank,Bank:10:task_3:Tomcat02:2021-03-07 07:32:00,Bank:Tomcat02:2021-03-07 07:32:00,10,task_3,2021_03_07,Tomcat02,redis01,4,0.304485,0,0.25,1.6094379124341005,0.9056603773584906,1.0,0.0,0.0,0.0,1.0,8.0,9.0,0.0,1.0,0.6931471805599453,0.905657634150934,6.770987697568193,1.0,0.0,0.90566,1.0,0.269245,0.654176,0.345824,1.0,1.0,0.0,1.0,0.12566,0.530913,1.0,0.133756,0.934537,1.0,0.144924,1.0,0.868373,0.830245,0.569759,0.713025,0.725015,0.678758,0.642857,0.395875,1.0,0.0,0.888889,0.0,1.0,0.257817,0.5,0.864333,0.0,0.0,1.0,0.042677,1.0,0.0,1.0,0.501073,0.963212,0.45,0.692712,1.0,0.0,0.0,0.0,0.0,0.0,0.0,0.0,0.0,0.0,0.0,1.0,0.0,0.0,0.0,0.0,0.0,0.0,0.0,0.0,0.0,0.0,0.0,0.0,-1.7924314,5,1.0889410959159955,0.6738538,1.25740454956647,1.4258680032169446,1.594331441966258,1.7627949105178937,2.09972178801652
Bank,Bank:10:task_3:Tomcat02:2021-03-07 07:32:00,Bank:Tomcat02:2021-03-07 07:32:00,10,task_3,2021_03_07,Tomcat02,ig01,5,0.264093,0,0.2,1.791759469228055,0.9056603773584906,1.0,0.0,0.0,0.0,3.0,4.0,7.0,0.0,1.0,0.6931471805599453,2.2298170703765843,3.106253601099682,1.0,0.0,0.90566,0.458759,0.212443,0.819226,0.180774,0.785498,0.823822,0.0,1.0,0.075396,0.439301,0.622142,0.329319,0.857455,1.0,0.243972,1.0,0.963916,0.812785,0.161539,0.654328,0.881325,0.800154,0.821429,0.455613,1.0,0.0,0.888889,0.0,0.911389,0.46832,0.5,0.919538,0.0,0.0,1.0,0.20549,1.0,0.0,1.0,0.571996,0.927999,0.45,0.77252,0.0,0.0,1.0,0.0,0.0,0.0,0.0,0.0,1.0,0.0,0.0,0.0,0.0,0.0,0.0,0.0,0.0,0.0,0.0,0.0,0.0,0.0,0.0,0.0,-2.1699553,5,0.8641786018932546,0.23985907,0.9241433704817975,0.9841081390703404,1.044072900208303,1.1040376762474264,1.2239671985233511
Bank,Bank:10:task_3:Tomcat02:2021-03-07 07:32:00,Bank:Tomcat02:2021-03-07 07:32:00,10,task_3,2021_03_07,Tomcat02,ig02,6,0.227292,0,0.1666666666666666,1.9459101490553128,0.905657634150934,1.0,0.0,0.0,0.0,4.0,4.0,8.0,0.0,1.0,0.6931471805599453,3.1062563443072397,3.148346188134231,1.0,0.0,0.905658,0.464976,0.100441,0.923355,0.076645,0.911446,0.793542,0.384106,1.0,0.097735,0.439301,0.666573,0.45876,0.869075,1.0,0.013927,1.0,0.799931,0.854938,0.592477,0.658091,0.881325,0.513416,0.678571,0.295939,1.0,0.0,1.0,0.0,0.970252,0.499247,0.5,0.904359,0.0,0.0,1.0,0.179321,1.0,0.0,1.0,0.556473,1.0,0.45,0.824756,0.0,0.0,1.0,0.0,0.0,0.0,0.0,0.0,1.0,0.0,0.0,0.0,0.0,0.0,0.0,0.0,0.0,0.0,0.0,0.0,0.0,0.0,0.0,0.0,0.31906527,5,0.6593983349460645,3.1011927,1.434696513142018,2.2099946913379713,2.9852929291385695,3.760591047729878,5.311187523331074
Bank,Bank:10:task_3:Tomcat02:2021-03-07 07:32:00,Bank:Tomcat02:2021-03-07 07:32:00,10,task_3,2021_03_07,Tomcat02,mysql01,7,0.221338,0,0.1428571428571428,2.079441541679836,0.9056603773584906,1.0,0.0,0.0,0.0,4.0,3.0,7.0,0.0,1.0,0.6931471805599453,3.135477447735074,2.2005932237411923,1.0,0.0,0.90566,0.325003,0.183963,0.858968,0.141032,0.658699,0.793993,0.0,1.0,0.083773,0.374413,0.504962,0.463075,0.809941,1.0,0.286805,1.0,0.974439,0.794877,0.636581,0.63894,0.779514,0.850968,0.785714,0.527262,1.0,0.0,0.777778,0.0,0.577773,0.402659,0.5,0.716731,0.0,0.0,1.0,0.360143,1.0,0.0,1.0,0.634253,0.895704,0.45,0.83847,0.0,0.0,0.0,1.0,0.0,0.0,0.0,0.0,0.0,0.0,1.0,0.0,0.0,0.0,0.0,0.0,0.0,0.0,0.0,0.0,0.0,0.0,0.0,0.0,-2.1912081,5,0.626267123582146,0.21542716,0.6801239136479114,0.7339807037136767,0.7878374937794421,0.8416942838452075,0.9494078639767383
Bank,Bank:10:task_3:Tomcat02:2021-03-07 07:32:00,Bank:Tomcat02:2021-03-07 07:32:00,10,task_3,2021_03_07,Tomcat02,servicetest9,8,0.217037,0,0.125,2.19722457733622,0.6475642636537967,1.0,0.0,0.0,0.0,6.0,1.0,7.0,0.0,1.0,0.6931471805599453,4.6885091510300265,0.905657634150934,1.0,0.0,0.647564,0.133756,0.0,1.0,0.0,0.452318,0.728189,0.0,1.0,0.094245,0.150358,0.281499,0.692441,0.999997,1.0,0.226087,1.0,0.930496,0.919904,0.965401,0.700489,0.410828,0.778595,0.714286,0.473017,1.0,0.0,0.555556,0.0,0.495422,1.0,0.5,0.885426,0.0,0.0,1.0,0.112006,1.0,0.0,1.0,0.773215,0.676287,0.45,0.827694,0.0,1.0,0.0,0.0,0.0,0.0,0.0,0.0,0.0,0.0,0.0,0.0,1.0,0.0,0.0,0.0,0.0,0.0,0.0,0.0,0.0,0.0,0.0,0.0,-2.5699444,5,0.6023340802371319,-0.21996129,0.5473437588393505,0.4923534374415691,0.43736311604378775,0.3823727946460064,0.27239215185044363
Bank,Bank:10:task_3:Tomcat02:2021-03-07 07:32:00,Bank:Tomcat02:2021-03-07 07:32:00,10,task_3,2021_03_07,Tomcat02,servicetest8,9,0.191901,0,0.1111111111111111,2.302585092994046,0.6473713259364614,1.0,0.0,0.0,0.0,5.0,2.0,7.0,0.0,1.0,0.6931471805599453,4.041137825093565,1.5532218978047307,1.0,0.0,0.647371,0.229394,0.0,1.0,0.0,0.543115,0.765627,0.0,1.0,0.089757,0.278654,0.352169,0.596831,0.857508,1.0,0.226087,1.0,0.934044,0.830614,0.902425,0.654345,0.624011,0.778595,0.75,0.499858,1.0,0.0,0.666667,0.0,0.594252,0.64232,0.5,0.98275,0.0,0.0,1.0,0.101757,1.0,0.0,1.0,0.742896,0.739164,0.45,0.844417,0.0,1.0,0.0,0.0,0.0,0.0,0.0,0.0,0.0,0.0,0.0,0.0,1.0,0.0,0.0,0.0,0.0,0.0,0.0,0.0,0.0,0.0,0.0,0.0,-2.6920834,5,0.4624640552382305,-0.36037007,0.3723715378026798,0.2822790203671291,0.1921864954809978,0.10209398549602772,-0.07809106427623486
Bank,Bank:10:task_3:Tomcat02:2021-03-07 07:32:00,Bank:Tomcat02:2021-03-07 07:32:00,10,task_3,2021_03_07,Tomcat02,servicetest10,10,0.164529,0,0.1,2.3978952727983707,0.6553364218085015,1.0,0.0,0.0,0.0,2.0,7.0,9.0,0.0,1.0,0.6931471805599453,1.8113180115094245,6.115651275759691,1.0,0.0,0.655336,0.903214,0.068154,0.933208,0.066792,0.884509,1.0,0.0,1.0,0.12566,0.521601,0.817067,0.267512,0.964671,1.0,0.226087,1.0,0.898415,0.926672,0.0,0.689049,1.0,0.778595,0.607143,0.317344,1.0,0.0,0.777778,0.0,0.86713,0.259689,0.5,0.89461,0.0,0.0,1.0,0.028782,1.0,0.0,1.0,0.607324,0.882914,0.45,0.782428,0.0,1.0,0.0,0.0,0.0,0.0,0.0,0.0,0.0,0.0,0.0,0.0,1.0,0.0,0.0,0.0,0.0,0.0,0.0,0.0,0.0,0.0,0.0,0.0,-3.1209626,5,0.31015174125549966,-0.853402,0.09680123661873513,-0.1165492680180294,-0.32989974285247153,-0.5432502772915584,-0.9699512269604427
Bank,Bank:10:task_3:Tomcat02:2021-03-07 07:32:00,Bank:Tomcat02:2021-03-07 07:32:00,10,task_3,2021_03_07,Tomcat02,mysql02,11,0.159721,0,0.0909090909090909,2.4849066497880004,0.9056603773584906,1.0,0.0,0.0,0.0,2.0,6.0,8.0,0.0,1.0,0.6931471805599453,1.9056603773584904,4.430413037325334,1.0,0.0,0.90566,0.654323,0.383985,0.612723,0.387277,0.762265,0.940597,0.0,0.75,0.0,0.506153,0.747865,0.281445,0.815319,0.75,0.409334,1.0,0.978704,0.82461,0.181395,0.52149,0.979487,1.0,0.928571,0.480141,1.0,0.0,0.777778,1.0,0.834935,0.307098,0.5,0.820071,0.0,0.0,1.0,0.306483,1.0,0.0,1.0,0.705333,0.920482,0.45,0.979913,0.0,0.0,0.0,1.0,0.0,0.0,0.0,0.0,0.0,0.0,1.0,0.0,0.0,0.0,0.0,0.0,0.0,0.0,0.0,0.0,0.0,0.0,0.0,0.0,-1.6206708,5,0.28339748122229164,0.8713067,0.5012241605712373,0.7190508399201829,0.9368775341702897,1.1547041986180742,1.5903575871182878
Bank,Bank:10:task_3:Tomcat02:2021-03-07 07:32:00,Bank:Tomcat02:2021-03-07 07:32:00,10,task_3,2021_03_07,Tomcat02,servicetest3,12,0.113741,0,0.0833333333333333,2.5649493574615367,0.6816890116087481,1.0,0.0,0.0,0.0,3.0,6.0,9.0,0.0,1.0,0.6931471805599453,2.466654433317926,5.433962264150944,1.0,0.0,0.681689,0.802536,0.082897,0.929988,0.070012,0.791813,1.0,0.0,1.0,0.12566,0.506153,0.738663,0.364298,1.0,1.0,0.226087,1.0,0.889903,0.955503,0.064376,0.70049,0.979487,0.778595,0.571429,0.302577,1.0,0.0,0.666667,0.0,0.737549,0.244707,0.5,0.828089,0.0,0.0,1.0,0.034726,1.0,0.0,1.0,0.682683,0.817935,0.45,0.833101,0.0,1.0,0.0,0.0,0.0,0.0,0.0,0.0,0.0,0.0,0.0,0.0,1.0,0.0,0.0,0.0,0.0,0.0,0.0,0.0,0.0,0.0,0.0,0.0,-3.1424382,5,0.02754039379989028,-0.87808996,-0.19198209729755997,-0.41150458839501025,-0.6310270943936217,-0.8505495705899108,-1.2895945825871336
Bank,Bank:10:task_3:Tomcat02:2021-03-07 07:32:00,Bank:Tomcat02:2021-03-07 07:32:00,10,task_3,2021_03_07,Tomcat02,apache01,13,0.111462,0,0.0769230769230769,2.639057329615259,0.9056603773584906,1.0,0.0,0.0,0.0,4.0,5.0,9.0,0.0,1.0,0.6931471805599453,3.1483434449266743,4.528301886792453,1.0,0.0,0.90566,0.66878,0.382504,0.7,0.3,0.686832,1.0,0.0,1.0,0.12566,0.480667,0.723643,0.464976,1.0,1.0,0.106907,1.0,0.815636,0.964402,0.545278,0.70049,0.943347,0.63114,0.535714,0.26027,1.0,0.0,0.555556,0.0,0.697483,0.265682,0.5,0.884362,0.0,0.0,1.0,0.101086,1.0,0.0,0.833333,0.744267,0.766864,0.45,0.873975,0.0,0.0,1.0,0.0,0.0,0.0,0.0,0.0,0.0,1.0,0.0,0.0,0.0,0.0,0.0,0.0,0.0,0.0,0.0,0.0,0.0,0.0,0.0,0.0,-2.0794837,5,0.014858830027910075,0.34386352,0.10082470928940376,0.18679058855089745,0.2727564752629717,0.3587223470738848,0.5306541204980334
Bank,Bank:10:task_3:Tomcat02:2021-03-07 07:32:00,Bank:Tomcat02:2021-03-07 07:32:00,10,task_3,2021_03_07,Tomcat02,dockerb1,14,0.078707,0,0.0714285714285714,2.70805020110221,0.9056603773584906,1.0,0.0,0.0,0.0,0.0,0.0,0.0,1.0,1.0,0.6931471805599453,0.0,0.0,1.0,0.0166666666666666,0.90566,0.0,0.382504,0.0,1.0,0.102994,0.0,0.0,0.0,0.12566,0.818182,0.105951,0.0,0.0,0.0,1.0,0.555556,0.535743,0.035339,0.963412,0.143031,0.59187,0.625868,0.0,0.537919,0.0,0.0,0.0,0.0,0.094601,0.0,0.5,0.0,0.0,1.0,0.0,1.0,0.0,0.0,0.0,0.063212,0.041274,0.0,0.076756,0.0,0.0,0.0,0.0,1.0,0.0,0.0,0.0,0.0,0.0,0.0,0.0,0.0,0.0,0.0,0.0,0.0,0.0,0.0,0.0,0.0,0.0,0.0,0.0,-3.3267956,5,-0.16740734871329818,-1.0900239,-0.439913317522426,-0.7124192863315538,-0.9849252253383592,-1.2574312239498093,-1.8024431019634202
Bank,Bank:10:task_3:Tomcat02:2021-03-07 07:32:00,Bank:Tomcat02:2021-03-07 07:32:00,10,task_3,2021_03_07,Tomcat02,servicetest1,15,0.069557,0,0.0666666666666666,2.772588722239781,0.9056603773584906,1.0,0.0,0.0,0.0,6.0,2.0,8.0,0.0,1.0,0.6931471805599453,4.959666942851212,1.8113207547169807,1.0,0.0,0.90566,0.267512,0.382504,0.7,0.3,0.313319,1.0,0.0,1.0,0.12566,0.278654,0.40278,0.732488,1.0,1.0,0.226087,1.0,0.849309,0.991101,0.9792,0.70049,0.624011,0.778595,0.428571,0.35297,1.0,0.0,0.222222,0.0,0.340513,0.270926,0.5,0.939673,0.0,0.0,1.0,0.164044,1.0,0.0,0.333333,0.964056,0.54775,0.45,0.967839,0.0,1.0,0.0,0.0,0.0,0.0,0.0,0.0,0.0,0.0,0.0,0.0,1.0,0.0,0.0,0.0,0.0,0.0,0.0,0.0,0.0,0.0,0.0,0.0,-2.7597773,5,-0.21832279781975694,-0.43818983,-0.32787025640883394,-0.43741771499791093,-0.5469651661364073,-0.6565126321760649,-0.8756075344530577
Bank,Bank:10:task_3:Tomcat02:2021-03-07 07:32:00,Bank:Tomcat02:2021-03-07 07:32:00,10,task_3,2021_03_07,Tomcat02,servicetest5,16,0.068973,0,0.0625,2.833213344056216,0.678856690426979,1.0,0.0,0.0,0.0,4.0,4.0,8.0,0.0,1.0,0.6931471805599453,3.4566207573080963,3.1062563443072397,1.0,0.0,0.678857,0.45876,0.150598,0.884798,0.115202,0.555413,0.92099,0.0,0.75,0.06283,0.439301,0.491468,0.510505,0.857456,0.75,0.226087,1.0,0.863071,0.866182,0.748297,0.535136,0.881325,0.78978,0.857143,0.390192,1.0,0.0,0.555556,0.5,0.725778,0.404537,0.5,0.942889,0.0,0.0,1.0,0.080522,1.0,0.0,1.0,0.847994,0.707789,0.45,0.965304,0.0,1.0,0.0,0.0,0.0,0.0,0.0,0.0,0.0,0.0,0.0,0.0,1.0,0.0,0.0,0.0,0.0,0.0,0.0,0.0,0.0,0.0,0.0,0.0,-2.7731895,5,-0.22157248331463902,-0.4536083,-0.33497455938017934,-0.44837663544571965,-0.5617787189618406,-0.6751807875768003,-0.9019849546090422
Bank,Bank:10:task_3:Tomcat02:2021-03-07 07:32:00,Bank:Tomcat02:2021-03-07 07:32:00,10,task_3,2021_03_07,Tomcat02,servicetest11,17,0.067395,0,0.0588235294117647,2.8903717578961645,0.6453000025911149,1.0,0.0,0.0,0.0,3.0,5.0,8.0,0.0,1.0,0.6931471805599453,2.811320754716981,3.785113034734218,1.0,0.0,0.6453,0.559019,0.127725,0.891928,0.108072,0.647079,0.932425,0.0,0.75,0.041887,0.480667,0.563857,0.415201,0.835879,0.75,0.226087,1.0,0.87222,0.845109,0.443647,0.528148,0.943347,0.78978,0.892857,0.3782,1.0,0.0,0.666667,0.666667,0.824801,0.380557,0.5,1.0,0.0,0.0,1.0,0.0,1.0,0.0,1.0,0.815538,0.74911,0.45,0.960923,0.0,1.0,0.0,0.0,0.0,0.0,0.0,0.0,0.0,0.0,0.0,0.0,1.0,0.0,0.0,0.0,0.0,0.0,0.0,0.0,0.0,0.0,0.0,0.0,-2.7836876,5,-0.23035331158676936,-0.46567667,-0.3467724779132922,-0.463191644239815,-0.5796108105663378,-0.6960299768928606,-0.9288683095459063
Bank,Bank:10:task_3:Tomcat02:2021-03-07 07:32:00,Bank:Tomcat02:2021-03-07 07:32:00,10,task_3,2021_03_07,Tomcat02,mg01,18,0.061525,0,0.0555555555555555,2.9444389791664403,0.9056603773584906,1.0,0.0,0.0,0.0,4.0,4.0,8.0,0.0,1.0,0.6931471805599453,3.148346188134231,3.6226415094339615,1.0,0.0,0.90566,0.535024,0.382504,0.7,0.3,0.565518,1.0,0.0,1.0,0.12566,0.439301,0.615459,0.464976,1.0,1.0,0.089341,1.0,0.796006,0.973302,0.54528,0.70049,0.881325,0.609009,0.5,0.240656,1.0,0.0,0.444444,0.0,0.562628,0.257817,0.5,0.864333,0.0,0.0,1.0,0.065874,1.0,0.0,0.666667,0.816349,0.677588,0.45,0.889993,1.0,0.0,0.0,0.0,0.0,0.0,0.0,1.0,0.0,0.0,0.0,0.0,0.0,0.0,0.0,0.0,0.0,0.0,0.0,0.0,0.0,0.0,0.0,0.0,-2.3915842,5,-0.26301710243430076,-0.014921558,-0.26674749195668934,-0.2704778814790779,-0.27420827123429714,-0.2779386605238551,-0.2853994400342935
Bank,Bank:10:task_3:Tomcat02:2021-03-07 07:32:00,Bank:Tomcat02:2021-03-07 07:32:00,10,task_3,2021_03_07,Tomcat02,servicetest6,19,0.05705,0,0.0526315789473684,2.995732273553991,0.9056603773584906,1.0,0.0,0.0,0.0,7.0,1.0,8.0,0.0,1.0,0.6931471805599453,5.865327320209702,0.9056603773584906,1.0,0.0,0.90566,0.133756,0.382504,0.7,0.3,0.200491,1.0,0.0,1.0,0.12566,0.150358,0.306134,0.866244,1.0,1.0,0.226087,1.0,0.83916,1.0,0.996568,0.70049,0.410828,0.778595,0.392857,0.356397,1.0,0.0,0.111111,0.0,0.18186,0.19227,0.5,0.513625,0.0,0.0,1.0,0.352437,1.0,0.0,0.166667,1.0,0.53157,0.45,1.0,0.0,1.0,0.0,0.0,0.0,0.0,0.0,0.0,0.0,0.0,0.0,0.0,1.0,0.0,0.0,0.0,0.0,0.0,0.0,0.0,0.0,0.0,0.0,0.0,-3.0503721,5,-0.2879183739918311,-0.77225244,-0.48098148410497504,-0.674044594218119,-0.8671076745289406,-1.0601708144444069,-1.44629697506605
Bank,Bank:10:task_3:Tomcat02:2021-03-07 07:32:00,Bank:Tomcat02:2021-03-07 07:32:00,10,task_3,2021_03_07,Tomcat02,mg02,20,0.018673,0,0.05,3.044522437723423,0.9056603773584906,1.0,0.0,0.0,0.0,5.0,3.0,8.0,0.0,1.0,0.6931471805599453,4.054006565492721,2.716981132075472,1.0,0.0,0.90566,0.401268,0.382504,0.7,0.3,0.439288,1.0,0.0,1.0,0.12566,0.374413,0.507604,0.598732,1.0,1.0,0.07416,1.0,0.777659,0.982201,0.891463,0.70049,0.779514,0.589829,0.464286,0.254873,1.0,0.0,0.333333,0.0,0.403974,0.227228,0.5,0.705529,0.0,0.0,1.0,0.08946,1.0,0.0,0.5,0.90398,0.604669,0.45,0.941312,1.0,0.0,0.0,0.0,0.0,0.0,0.0,1.0,0.0,0.0,0.0,0.0,0.0,0.0,0.0,0.0,0.0,0.0,0.0,0.0,0.0,0.0,0.0,0.0,-2.2668757,5,-0.5014683401512373,0.128441,-0.4693580886649359,-0.43724783717863447,-0.40513758569233305,-0.3730273342060316,-0.3088068312334288
Bank,Bank:10:task_3:Tomcat02:2021-03-07 07:32:00,Bank:Tomcat02:2021-03-07 07:32:00,10,task_3,2021_03_07,Tomcat02,dockera2,21,-0.033582,0,0.0476190476190476,3.091042453358316,0.9056603773584906,1.0,0.0,0.0,0.0,0.0,0.0,0.0,1.0,1.0,0.6931471805599453,0.0,0.0,1.0,0.0166666666666666,0.90566,0.0,0.382504,0.0,1.0,0.102994,0.0,0.0,0.0,0.12566,0.818182,0.105951,0.0,0.0,0.0,0.230516,0.555556,0.176978,0.035339,0.963412,0.143031,0.59187,0.375252,0.0,0.196944,0.0,0.0,0.0,0.0,0.094601,0.0,0.5,0.0,0.0,1.0,0.0,1.0,0.0,0.0,0.0,0.063212,0.041274,0.0,0.076756,0.0,0.0,0.0,0.0,1.0,0.0,0.0,0.0,0.0,0.0,0.0,0.0,0.0,0.0,0.0,0.0,0.0,0.0,0.0,0.0,0.0,0.0,0.0,0.0,-3.1593266,5,-0.7922428530537509,-0.8975045,-1.0166189801775836,-1.2409951073014163,-1.4653712195240878,-1.6897473615490817,-2.138499585994425
Bank,Bank:10:task_3:Tomcat02:2021-03-07 07:32:00,Bank:Tomcat02:2021-03-07 07:32:00,10,task_3,2021_03_07,Tomcat02,servicetest2,22,-0.044583,0,0.0454545454545454,3.1354942159291497,0.6597235927352201,1.0,0.0,0.0,0.0,0.0,0.0,0.0,1.0,1.0,0.6931471805599453,0.0,0.0,1.0,0.0,0.659724,0.0,0.382504,0.0,1.0,0.081076,0.0,0.0,0.0,0.12566,0.818182,0.072845,0.0,0.0,0.0,0.226087,0.555556,0.174725,0.035339,0.963412,0.143031,0.59187,0.371416,0.0,0.194544,0.0,0.0,0.0,0.0,0.068911,0.0,0.5,0.0,0.0,1.0,0.0,1.0,0.0,0.0,0.0,0.065245,0.032491,0.0,0.076756,0.0,1.0,0.0,0.0,0.0,0.0,0.0,0.0,0.0,0.0,0.0,0.0,1.0,0.0,0.0,0.0,0.0,0.0,0.0,0.0,0.0,0.0,0.0,0.0,-3.1856337,5,-0.8534582471105981,-0.9277467,-1.0853949254009652,-1.3173316036913323,-1.5492682670805382,-1.7812049602720665,-2.2450782870504784
Bank,Bank:10:task_3:Tomcat02:2021-03-07 07:32:00,Bank:Tomcat02:2021-03-07 07:32:00,10,task_3,2021_03_07,Tomcat02,servicetest4,23,-0.045042,0,0.0434782608695652,3.1780538303479458,0.6485746341401679,1.0,0.0,0.0,0.0,0.0,0.0,0.0,1.0,1.0,0.6931471805599453,0.0,0.0,1.0,0.0,0.648575,0.0,0.382504,0.0,1.0,0.080082,0.0,0.0,0.0,0.12566,0.818182,0.071344,0.0,0.0,0.0,0.226087,0.555556,0.174725,0.035339,0.963412,0.143031,0.59187,0.371416,0.0,0.194544,0.0,0.0,0.0,0.0,0.067747,0.0,0.5,0.0,0.0,1.0,0.0,1.0,0.0,0.0,0.0,0.065337,0.032092,0.0,0.076756,0.0,1.0,0.0,0.0,0.0,0.0,0.0,0.0,0.0,0.0,0.0,0.0,1.0,0.0,0.0,0.0,0.0,0.0,0.0,0.0,0.0,0.0,0.0,0.0,-3.1856337,5,-0.8560123663608566,-0.9277467,-1.0879490446512237,-1.3198857229415908,-1.5518223863307967,-1.783759079522325,-2.247632406300737
Bank,Bank:10:task_3:Tomcat02:2021-03-07 07:32:00,Bank:Tomcat02:2021-03-07 07:32:00,10,task_3,2021_03_07,Tomcat02,servicetest7,24,-0.045945,0,0.0416666666666666,3.218875824868201,0.6266177937187221,1.0,0.0,0.0,0.0,0.0,0.0,0.0,1.0,1.0,0.6931471805599453,0.0,0.0,1.0,0.0,0.626618,0.0,0.382504,0.0,1.0,0.078125,0.0,0.0,0.0,0.12566,0.818182,0.068388,0.0,0.0,0.0,0.226087,0.555556,0.174725,0.035339,0.963412,0.143031,0.59187,0.371416,0.0,0.194544,0.0,0.0,0.0,0.0,0.065453,0.0,0.5,0.0,0.0,1.0,0.0,1.0,0.0,0.0,0.0,0.065519,0.031308,0.0,0.076756,0.0,1.0,0.0,0.0,0.0,0.0,0.0,0.0,0.0,0.0,0.0,0.0,1.0,0.0,0.0,0.0,0.0,0.0,0.0,0.0,0.0,0.0,0.0,0.0,-3.1856337,5,-0.8610371369120187,-0.9277467,-1.0929738152023858,-1.324910493492753,-1.5568471568819588,-1.7887838500734872,-2.252657176851899
Bank,Bank:10:task_3:Tomcat02:2021-03-07 07:32:00,Bank:Tomcat02:2021-03-07 07:32:00,10,task_3,2021_03_07,Tomcat02,dockera1,25,-0.099679,0,0.04,3.258096538021482,0.0,0.0,0.0,0.0,0.0,0.0,0.0,0.0,1.0,1.0,0.6931471805599453,0.0,0.0,1.0,0.0,0.0,0.0,0.382504,0.0,1.0,0.0,0.0,0.0,0.0,0.12566,0.636364,0.0,0.0,0.0,0.0,0.226087,0.0,0.0,0.035339,0.963412,0.0,0.59187,0.0,0.0,0.0,0.0,0.0,0.0,0.0,0.0,0.0,0.5,0.0,0.0,1.0,0.0,1.0,0.0,0.0,0.0,0.0,0.0,0.0,0.0,0.0,1.0,0.0,0.0,0.0,0.0,0.0,0.0,0.0,0.0,0.0,0.0,0.0,0.0,0.0,0.0,0.0,0.0,0.0,0.0,0.0,0.0,0.0,0.0,-3.01432,5,-1.1600415896209206,-0.7308075,-1.3427434604199853,-1.52544533121905,-1.7081471871169533,-1.8908490728171792,-2.256252784612986
Bank,Bank:10:task_3:Tomcat02:2021-03-07 07:32:00,Bank:Tomcat02:2021-03-07 07:32:00,10,task_3,2021_03_07,Tomcat02,dockerb2,26,-0.099679,0,0.0384615384615384,3.295836866004329,0.0,0.0,0.0,0.0,0.0,0.0,0.0,0.0,1.0,1.0,0.6931471805599453,0.0,0.0,1.0,0.0,0.0,0.0,0.382504,0.0,1.0,0.0,0.0,0.0,0.0,0.12566,0.636364,0.0,0.0,0.0,0.0,0.226087,0.0,0.0,0.035339,0.963412,0.0,0.59187,0.0,0.0,0.0,0.0,0.0,0.0,0.0,0.0,0.0,0.5,0.0,0.0,1.0,0.0,1.0,0.0,0.0,0.0,0.0,0.0,0.0,0.0,0.0,1.0,0.0,0.0,0.0,0.0,0.0,0.0,0.0,0.0,0.0,0.0,0.0,0.0,0.0,0.0,0.0,0.0,0.0,0.0,0.0,0.0,0.0,0.0,-3.01432,5,-1.1600415896209206,-0.7308075,-1.3427434604199853,-1.52544533121905,-1.7081471871169533,-1.8908490728171792,-2.256252784612986
Bank,Bank:10:task_3:Tomcat02:2021-03-07 07:32:00,Bank:Tomcat02:2021-03-07 07:32:00,10,task_3,2021_03_07,Tomcat02,tomcat04,27,-0.112802,0,0.037037037037037,3.332204510175204,1.0,1.0,0.3773584905660377,0.0,0.0,0.0,0.0,0.0,1.0,1.0,0.6931471805599453,0.0,0.0,1.0,0.0,1.0,0.0,0.382504,0.0,1.0,0.111401,0.0,0.0,0.0,0.12566,1.0,0.101393,0.0,0.0,0.0,0.097722,0.555556,0.108272,0.035339,0.963412,0.143031,0.59187,0.245703,0.0,0.122329,0.0,0.0,0.0,0.0,0.104455,0.0,0.5,0.0,0.0,1.0,0.0,1.0,0.0,0.0,0.0,0.133975,0.044643,0.0,0.153512,1.0,0.0,0.0,0.0,0.0,0.0,1.0,0.0,0.0,0.0,0.0,0.0,0.0,0.0,0.0,0.0,0.0,0.0,0.0,0.0,0.0,0.0,0.0,0.0,-1.7448188,5,-1.2330649162465006,0.72858834,-1.0509178305798441,-0.8687707449131876,-0.6866236592465311,-0.5044765735798746,-0.14018240224656164
Bank,Bank:10:task_3:Tomcat02:2021-03-07 07:32:00,Bank:Tomcat02:2021-03-07 07:32:00,10,task_3,2021_03_07,Tomcat02,tomcat01,28,-0.120366,0,0.0357142857142857,3.367295829986474,1.0,1.0,0.3773584905660377,0.0,0.0,0.0,0.0,0.0,1.0,1.0,0.6931471805599453,0.0,0.0,1.0,-0.0633333333333333,1.0,0.0,0.382504,0.0,1.0,0.111401,0.0,0.0,0.0,0.12566,1.0,0.101393,0.0,0.0,0.0,0.06395,0.555556,0.090467,0.035339,0.963412,0.143031,0.59187,0.208548,0.0,0.102583,0.0,0.0,0.0,0.0,0.104455,0.0,0.5,0.0,0.0,1.0,0.0,1.0,0.0,0.0,0.0,0.133975,0.044643,0.0,0.153512,0.0,0.0,1.0,0.0,0.0,0.0,1.0,0.0,0.0,0.0,0.0,0.0,0.0,0.0,0.0,0.0,0.0,0.0,0.0,0.0,0.0,0.0,0.0,0.0,-1.685088,5,-1.2751550208411733,0.7972538,-1.0758415739617864,-0.8765281270823995,-0.6772146951041738,-0.47790123332362566,-0.07927436936717425
Bank,Bank:10:task_3:Tomcat02:2021-03-07 07:32:00,Bank:Tomcat02:2021-03-07 07:32:00,10,task_3,2021_03_07,Tomcat02,tomcat03,29,-0.135023,0,0.0344827586206896,3.4011973816621555,1.0,1.0,0.3773584905660377,0.0,0.0,0.0,0.0,0.0,1.0,1.0,0.6931471805599453,0.0,0.0,1.0,-0.0725,1.0,0.0,0.382504,0.0,1.0,0.111401,0.0,0.0,0.0,0.12566,1.0,0.101393,0.0,0.0,0.0,0.0,0.555556,0.056491,0.035339,0.963412,0.143031,0.59187,0.134873,0.0,0.064588,0.0,0.0,0.0,0.0,0.104455,0.0,0.5,0.0,0.0,1.0,0.0,1.0,0.0,0.0,0.0,0.133975,0.044643,0.0,0.153512,0.0,0.0,1.0,0.0,0.0,0.0,1.0,0.0,0.0,0.0,0.0,0.0,0.0,0.0,0.0,0.0,0.0,0.0,0.0,0.0,0.0,0.0,0.0,0.0,-1.4868813,5,-1.3567143364207759,1.0251088,-1.1004371328609004,-0.8441599293010249,-0.5878827257411494,-0.3316055221812739,0.18094888493847705
Bank,Bank:17:task_6:Tomcat01:2021-03-09 11:20:00,Bank:Tomcat01:2021-03-09 11:20:00,17,task_6,2021_03_09,Tomcat01,ig02,1,0.649702,0,1.0,0.6931471805599453,1.0,1.0,0.0,0.0,0.0,0.0,4.0,4.0,0.0,1.0,0.6931471805599453,0.0,3.999997561124657,1.0,0.0,1.0,1.0,0.046379,0.889,0.111,1.0,0.85,1.0,1.0,1.0,0.536923,1.0,0.0,0.999999,1.0,0.64551,1.0,1.0,0.119454,0.617238,1.0,0.999997,0.860025,1.0,1.0,1.0,0.0,1.0,0.0,1.0,0.502285,0.5,0.81836,0.0,0.0,1.0,0.0,1.0,0.0,1.0,0.221706,1.0,0.45,0.276611,0.0,0.0,1.0,0.0,0.0,0.0,0.0,0.0,1.0,0.0,0.0,0.0,0.0,0.0,0.0,0.0,0.0,0.0,0.0,0.0,0.0,0.0,0.0,0.0,-2.0084956,5,2.461055741010727,0.37312794,2.5543377253399506,2.6476197096691743,2.740901693998398,2.8341836783276215,3.020747646986069
Bank,Bank:17:task_6:Tomcat01:2021-03-09 11:20:00,Bank:Tomcat01:2021-03-09 11:20:00,17,task_6,2021_03_09,Tomcat01,apache02,2,0.539204,0,0.5,1.0986122886681096,1.0,1.0,0.0,0.0,0.0,2.0,0.0,2.0,0.0,1.0,0.6931471805599453,2.0,0.0,1.0,0.0,1.0,0.0,0.907662,0.0,1.0,0.109804,0.0,1.0,1.0,0.071982,0.0,0.468349,0.4,0.0,1.0,0.579147,0.555556,0.74092,0.255973,0.847639,0.240175,0.0,0.524497,0.928571,0.753192,0.0,0.0,0.0,0.0,0.096957,0.0,0.5,0.0,0.0,1.0,0.0,1.0,0.0,0.0,0.0,0.253967,0.04492,0.0,0.285167,1.0,0.0,0.0,0.0,0.0,0.0,0.0,0.0,0.0,1.0,0.0,0.0,0.0,0.0,0.0,0.0,0.0,0.0,0.0,0.0,0.0,0.0,0.0,0.0,-2.3182552,5,1.9912773739811338,0.114365876,2.0198688429113782,2.0484603118416227,2.077051780771867,2.1056432497021116,2.1628261875626005
Bank,Bank:17:task_6:Tomcat01:2021-03-09 11:20:00,Bank:Tomcat01:2021-03-09 11:20:00,17,task_6,2021_03_09,Tomcat01,apache01,3,0.535411,0,0.3333333333333333,1.3862943611198906,1.0,1.0,0.0,0.0,0.0,3.0,0.0,3.0,0.0,1.0,0.6931471805599453,3.0,0.0,1.0,0.0,1.0,0.0,1.0,0.0,1.0,0.109804,0.0,1.0,1.0,0.031992,0.0,0.47379,0.6,0.0,1.0,1.0,0.555556,0.74886,0.3157,0.971754,0.240175,0.0,0.695044,0.678571,0.79357,0.0,0.0,0.0,0.0,0.096957,0.0,0.5,0.0,0.0,1.0,0.0,1.0,0.0,0.0,0.0,0.273732,0.04492,0.0,0.306574,0.0,0.0,1.0,0.0,0.0,0.0,0.0,0.0,0.0,1.0,0.0,0.0,0.0,0.0,0.0,0.0,0.0,0.0,0.0,0.0,0.0,0.0,0.0,0.0,-2.041042,5,1.9751515676666007,0.34593973,2.0616364990759597,2.1481214304853187,2.234606354444097,2.3210912933040366,2.4940611412215934
Bank,Bank:17:task_6:Tomcat01:2021-03-09 11:20:00,Bank:Tomcat01:2021-03-09 11:20:00,17,task_6,2021_03_09,Tomcat01,mg01,4,0.528458,0,0.25,1.6094379124341005,1.0,1.0,0.0,0.0,0.0,0.0,2.0,2.0,0.0,1.0,0.6931471805599453,0.0,2.0,1.0,0.0,1.0,0.5,0.125058,0.7,0.3,0.410341,1.0,1.0,1.0,1.0,0.340577,0.642457,0.0,1.0,1.0,0.262933,1.0,0.9283,0.119454,0.617238,1.0,0.644211,0.657349,1.0,0.921761,1.0,0.0,0.285714,0.0,0.388433,0.324246,0.5,0.913851,0.0,0.0,1.0,0.235486,1.0,0.0,0.333333,0.349219,0.638898,0.45,0.223534,0.0,0.0,1.0,0.0,0.0,0.0,0.0,1.0,0.0,0.0,0.0,0.0,0.0,0.0,0.0,0.0,0.0,0.0,0.0,0.0,0.0,0.0,0.0,0.0,-1.87511,5,1.945591132310696,0.4845534,2.066729481486149,2.1878678306616024,2.3090061947382168,2.4301445290125088,2.6724212571657375
Bank,Bank:17:task_6:Tomcat01:2021-03-09 11:20:00,Bank:Tomcat01:2021-03-09 11:20:00,17,task_6,2021_03_09,Tomcat01,tomcat02,5,0.413962,0,0.2,1.791759469228055,1.0,1.0,0.4166666666666667,0.0,0.0,0.0,4.0,4.0,0.0,1.0,0.6931471805599453,0.0,4.0,1.0,-0.0736111111111111,1.0,0.863103,0.320997,0.218,0.782,0.801853,0.93,0.0,1.0,1.0,0.759146,0.943147,0.0,1.0,1.0,0.0,1.0,0.878878,0.119454,0.617238,1.0,1.0,0.51581,1.0,0.831589,0.726204,1.0,0.714286,0.0,0.705189,0.338307,0.5,0.928238,0.0,0.0,1.0,0.896749,1.0,1.0,0.833333,0.804061,0.952113,1.0,0.648827,0.0,0.0,1.0,0.0,0.0,0.0,1.0,0.0,0.0,0.0,0.0,0.0,0.0,0.0,0.0,0.0,0.0,0.0,0.0,0.0,0.0,0.0,0.0,0.0,-0.052256905,5,1.458815408664835,2.0072994,1.9606402644692784,2.4624651202737216,2.964289976078165,3.4661148318826083,4.469764543491495
Bank,Bank:17:task_6:Tomcat01:2021-03-09 11:20:00,Bank:Tomcat01:2021-03-09 11:20:00,17,task_6,2021_03_09,Tomcat01,tomcat01,6,0.262692,1,0.1666666666666666,1.9459101490553128,1.0,1.0,0.0,0.0,0.0,3.0,1.0,4.0,0.0,1.0,0.6931471805599453,2.999997561124657,1.0,1.0,0.0,1.0,0.25,0.0,1.0,0.0,0.540046,0.7375,0.0,1.0,0.071982,0.183771,0.425153,0.6,1.0,1.0,0.066154,1.0,0.813732,0.861775,0.959436,0.672489,0.34944,0.551443,0.892857,0.49168,1.0,0.0,0.571429,0.0,0.546424,1.0,0.5,0.760265,0.0,0.0,1.0,0.22889,1.0,0.0,0.833333,0.616925,0.767783,0.45,0.705566,1.0,0.0,0.0,0.0,0.0,0.0,1.0,0.0,0.0,0.0,0.0,0.0,0.0,0.0,0.0,0.0,0.0,0.0,0.0,0.0,0.0,0.0,0.0,0.0,0.7713346,5,0.8156963152824513,2.6952982,1.4895208640037647,2.163345412725078,2.8371699614463917,3.510994510167705,4.8586436076103325
Bank,Bank:17:task_6:Tomcat01:2021-03-09 11:20:00,Bank:Tomcat01:2021-03-09 11:20:00,17,task_6,2021_03_09,Tomcat01,servicetest8,7,0.201068,0,0.1428571428571428,2.079441541679836,0.999997561124657,1.0,0.0,0.0,0.0,2.0,2.0,4.0,0.0,1.0,0.6931471805599453,2.0,2.0,1.0,0.0,0.999998,0.5,0.0,1.0,0.0,0.693431,0.79,0.0,1.0,0.071982,0.340577,0.565241,0.4,1.0,1.0,0.726885,1.0,0.947246,0.853242,0.730761,0.672489,0.644211,0.902025,0.928571,0.572432,1.0,0.0,0.714286,0.0,0.428483,0.3688,0.5,0.479158,0.0,0.0,1.0,0.12789,1.0,0.0,1.0,0.594236,0.837356,0.45,0.735688,0.0,1.0,0.0,0.0,0.0,0.0,0.0,0.0,0.0,0.0,0.0,0.0,1.0,0.0,0.0,0.0,0.0,0.0,0.0,0.0,0.0,0.0,0.0,0.0,-2.1772017,5,0.5537040431161526,0.23219685,0.6117532562573555,0.6698024693985585,0.7278516788144711,0.7859008956809643,0.9019993145127896
Bank,Bank:17:task_6:Tomcat01:2021-03-09 11:20:00,Bank:Tomcat01:2021-03-09 11:20:00,17,task_6,2021_03_09,Tomcat01,mysql01,8,0.162907,0,0.125,2.19722457733622,1.0,1.0,0.0,0.0,0.0,1.0,3.0,4.0,0.0,1.0,0.6931471805599453,1.0,2.999997561124657,1.0,0.0,1.0,0.75,0.040214,0.951999,0.048001,0.84674,0.825,0.0,1.0,0.071982,0.457615,0.720925,0.2,0.999999,1.0,0.574142,1.0,0.928378,0.844709,0.0,0.672489,0.859226,0.822787,0.964286,0.250947,1.0,0.0,0.857143,0.0,0.572381,0.352583,0.5,0.586784,0.0,0.0,1.0,0.078969,1.0,0.0,1.0,0.491134,0.923468,0.45,0.655058,0.0,0.0,0.0,1.0,0.0,0.0,0.0,0.0,0.0,0.0,1.0,0.0,0.0,0.0,0.0,0.0,0.0,0.0,0.0,0.0,0.0,0.0,0.0,0.0,-2.8853927,5,0.3914638915820405,-0.3594004,0.3016137936873719,0.21176369579270332,0.12191359789803474,0.03206350000336616,-0.147636695785971
Bank,Bank:17:task_6:Tomcat01:2021-03-09 11:20:00,Bank:Tomcat01:2021-03-09 11:20:00,17,task_6,2021_03_09,Tomcat01,tomcat03,9,0.112249,0,0.1111111111111111,2.302585092994046,1.0,1.0,0.0,0.0,0.0,1.0,1.0,2.0,0.0,1.0,0.6931471805599453,1.0,1.0,1.0,0.0,1.0,0.25,0.248713,0.7,0.3,0.258649,1.0,0.0,1.0,0.071982,0.183771,0.395831,0.2,1.0,1.0,0.134377,1.0,0.845856,0.84471,0.0,0.672489,0.34944,0.588197,0.964286,0.166761,1.0,0.0,0.142857,0.0,0.230878,0.297956,0.5,0.8125,0.0,0.0,1.0,0.161287,1.0,0.0,0.166667,0.750836,0.514272,0.45,0.679283,0.0,0.0,1.0,0.0,0.0,0.0,1.0,0.0,0.0,0.0,0.0,0.0,0.0,0.0,0.0,0.0,0.0,0.0,0.0,0.0,0.0,0.0,0.0,0.0,0.16728944,5,0.17609318336121157,2.1907005,0.7237683161126764,1.2714434488641413,1.8191185816156061,2.3667937143670708,3.4621439798700004
Bank,Bank:17:task_6:Tomcat01:2021-03-09 11:20:00,Bank:Tomcat01:2021-03-09 11:20:00,17,task_6,2021_03_09,Tomcat01,tomcat04,10,0.089116,0,0.1,2.3978952727983707,1.0,1.0,0.0,0.0,0.0,5.0,3.0,8.0,0.0,1.0,0.6931471805599453,4.9999975611246565,3.0,1.0,0.0,1.0,0.75,0.296354,0.784,0.216,0.624436,0.9125,0.391231,0.75,0.0,0.457615,0.702966,1.0,1.0,0.75,0.084204,1.0,0.700732,0.938567,1.0,0.563319,0.859226,0.563873,0.821429,0.311805,1.0,0.0,0.571429,0.4,0.632642,0.397274,0.5,0.909007,0.0,0.0,1.0,0.115426,1.0,0.0,0.666667,0.786419,0.766204,0.45,0.955757,0.0,0.0,1.0,0.0,0.0,0.0,1.0,0.0,0.0,0.0,0.0,0.0,0.0,0.0,0.0,0.0,0.0,0.0,0.0,0.0,0.0,0.0,0.0,0.0,0.05967392,5,0.0777440461415733,2.1008024,0.6029446515340293,1.1281452569264854,1.6533458623189414,2.1785464677113975,3.2289476784963096
Bank,Bank:17:task_6:Tomcat01:2021-03-09 11:20:00,Bank:Tomcat01:2021-03-09 11:20:00,17,task_6,2021_03_09,Tomcat01,redis01,11,0.014255,0,0.0909090909090909,2.4849066497880004,1.0,1.0,0.0,0.0,0.0,4.0,1.0,5.0,0.0,1.0,0.6931471805599453,4.0,1.0,1.0,0.0,1.0,0.25,0.405881,0.7,0.3,0.240348,1.0,0.0,0.6,0.026993,0.183771,0.398785,0.8,1.0,0.6,0.294166,1.0,0.652606,1.0,0.994894,0.497817,0.34944,0.67253,0.714286,0.264614,1.0,0.0,0.142857,0.5,0.254511,0.350536,0.5,1.0,0.0,0.0,1.0,0.103529,1.0,0.0,0.166667,1.0,0.488408,0.45,0.982867,0.0,0.0,1.0,0.0,0.0,0.0,0.0,0.0,0.0,0.0,0.0,1.0,0.0,0.0,0.0,0.0,0.0,0.0,0.0,0.0,0.0,0.0,0.0,0.0,-2.7835314,5,-0.24052486672745968,-0.27430916,-0.3091021563087585,-0.3776794458900573,-0.44625673547135614,-0.514834025052655,-0.6519886042152526
Bank,Bank:17:task_6:Tomcat01:2021-03-09 11:20:00,Bank:Tomcat01:2021-03-09 11:20:00,17,task_6,2021_03_09,Tomcat01,mysql02,12,0.007691,0,0.0833333333333333,2.5649493574615367,1.0,1.0,0.0,0.0,0.0,3.0,2.0,5.0,0.0,1.0,0.6931471805599453,3.0,2.0,1.0,0.0,1.0,0.5,0.36845,0.7,0.3,0.39204,1.0,0.0,0.6,0.020566,0.340577,0.532089,0.6,1.0,0.6,0.899725,1.0,0.776175,0.991468,0.95786,0.497817,0.644211,1.0,0.75,0.406755,1.0,0.0,0.285714,0.666667,0.270267,0.192795,0.5,0.4375,0.0,0.0,1.0,0.276867,1.0,0.0,0.333333,0.902459,0.644578,0.45,1.0,0.0,0.0,0.0,1.0,0.0,0.0,0.0,0.0,0.0,0.0,1.0,0.0,0.0,0.0,0.0,0.0,0.0,0.0,0.0,0.0,0.0,0.0,0.0,0.0,-2.8729715,5,-0.268431482242512,-0.3490242,-0.3556875338424914,-0.4429435854424708,-0.5301996444930308,-0.6174556886424296,-0.7919678067435496
Bank,Bank:17:task_6:Tomcat01:2021-03-09 11:20:00,Bank:Tomcat01:2021-03-09 11:20:00,17,task_6,2021_03_09,Tomcat01,ig01,13,-0.045671,0,0.0769230769230769,2.639057329615259,1.0,1.0,0.0,0.0,0.0,2.0,3.0,5.0,0.0,1.0,0.6931471805599453,2.0,3.0,1.0,0.0,1.0,0.75,0.319343,0.7,0.3,0.544444,1.0,0.0,0.6,0.011997,0.457615,0.668269,0.4,1.0,0.6,0.532545,1.0,0.717031,0.982935,0.712811,0.497817,0.859226,0.805794,0.785714,0.218348,1.0,0.0,0.428571,1.0,0.498721,0.297956,0.5,0.878676,0.0,0.0,1.0,0.071236,1.0,0.0,0.5,0.873217,0.680458,0.45,0.994594,0.0,0.0,1.0,0.0,0.0,0.0,0.0,0.0,1.0,0.0,0.0,0.0,0.0,0.0,0.0,0.0,0.0,0.0,0.0,0.0,0.0,0.0,0.0,0.0,-3.0430045,5,-0.4952981515164643,-0.49106365,-0.6180640651221543,-0.7408299787278443,-0.8635959072346955,-0.9863618059392243,-1.2318936629529267
Bank,Bank:17:task_6:Tomcat01:2021-03-09 11:20:00,Bank:Tomcat01:2021-03-09 11:20:00,17,task_6,2021_03_09,Tomcat01,servicetest1,14,-0.064424,0,0.0714285714285714,2.70805020110221,0.999999924817692,1.0,0.0,0.0,0.0,0.0,0.0,0.0,1.0,1.0,0.6931471805599453,0.0,0.0,1.0,0.0,1.0,0.0,0.405881,0.0,1.0,0.122004,0.0,0.0,0.0,0.071982,1.0,0.143367,0.0,0.0,0.0,0.726885,0.555556,0.166137,0.0,0.790124,0.131004,0.599769,0.430297,0.0,0.226204,0.0,0.0,0.0,0.0,0.096957,0.0,0.5,0.0,0.0,1.0,0.0,1.0,0.0,0.0,0.0,0.073516,0.049911,0.0,0.091024,0.0,1.0,0.0,0.0,0.0,0.0,0.0,0.0,0.0,0.0,0.0,0.0,1.0,0.0,0.0,0.0,0.0,0.0,0.0,0.0,0.0,0.0,0.0,0.0,-3.2831051,5,-0.5750258725331883,-0.6916351,-0.7479346405910114,-0.9208434086488346,-1.0937521618054966,-1.266660944764481,-1.612478451077805
Bank,Bank:17:task_6:Tomcat01:2021-03-09 11:20:00,Bank:Tomcat01:2021-03-09 11:20:00,17,task_6,2021_03_09,Tomcat01,servicetest10,15,-0.064424,0,0.0666666666666666,2.772588722239781,0.9999999999985754,1.0,0.0,0.0,0.0,0.0,0.0,0.0,1.0,1.0,0.6931471805599453,0.0,0.0,1.0,0.0,1.0,0.0,0.405881,0.0,1.0,0.122004,0.0,0.0,0.0,0.071982,1.0,0.143367,0.0,0.0,0.0,0.726885,0.555556,0.166137,0.0,0.790124,0.131004,0.599769,0.430297,0.0,0.226204,0.0,0.0,0.0,0.0,0.096957,0.0,0.5,0.0,0.0,1.0,0.0,1.0,0.0,0.0,0.0,0.073516,0.049911,0.0,0.091024,0.0,1.0,0.0,0.0,0.0,0.0,0.0,0.0,0.0,0.0,0.0,0.0,1.0,0.0,0.0,0.0,0.0,0.0,0.0,0.0,0.0,0.0,0.0,0.0,-3.2831051,5,-0.5750258725331883,-0.6916351,-0.7479346405910114,-0.9208434086488346,-1.0937521618054966,-1.266660944764481,-1.612478451077805
Bank,Bank:17:task_6:Tomcat01:2021-03-09 11:20:00,Bank:Tomcat01:2021-03-09 11:20:00,17,task_6,2021_03_09,Tomcat01,servicetest2,16,-0.064424,0,0.0625,2.833213344056216,0.9999963447720288,1.0,0.0,0.0,0.0,0.0,0.0,0.0,1.0,1.0,0.6931471805599453,0.0,0.0,1.0,0.0,0.999996,0.0,0.405881,0.0,1.0,0.122004,0.0,0.0,0.0,0.071982,1.0,0.143366,0.0,0.0,0.0,0.726885,0.555556,0.166137,0.0,0.790124,0.131004,0.599769,0.430297,0.0,0.226204,0.0,0.0,0.0,0.0,0.096956,0.0,0.5,0.0,0.0,1.0,0.0,1.0,0.0,0.0,0.0,0.073516,0.049911,0.0,0.091024,0.0,1.0,0.0,0.0,0.0,0.0,0.0,0.0,0.0,0.0,0.0,0.0,1.0,0.0,0.0,0.0,0.0,0.0,0.0,0.0,0.0,0.0,0.0,0.0,-3.3060265,5,-0.5750258725331883,-0.7107827,-0.7527215492175678,-0.9304172259019474,-1.1081128876851658,-1.2858085792707066,-1.6411999028371433
Bank,Bank:17:task_6:Tomcat01:2021-03-09 11:20:00,Bank:Tomcat01:2021-03-09 11:20:00,17,task_6,2021_03_09,Tomcat01,servicetest3,17,-0.064424,0,0.0588235294117647,2.8903717578961645,0.9999999999983664,1.0,0.0,0.0,0.0,0.0,0.0,0.0,1.0,1.0,0.6931471805599453,0.0,0.0,1.0,0.0,1.0,0.0,0.405881,0.0,1.0,0.122004,0.0,0.0,0.0,0.071982,1.0,0.143367,0.0,0.0,0.0,0.726885,0.555556,0.166137,0.0,0.790124,0.131004,0.599769,0.430297,0.0,0.226204,0.0,0.0,0.0,0.0,0.096957,0.0,0.5,0.0,0.0,1.0,0.0,1.0,0.0,0.0,0.0,0.073516,0.049911,0.0,0.091024,0.0,1.0,0.0,0.0,0.0,0.0,0.0,0.0,0.0,0.0,0.0,0.0,1.0,0.0,0.0,0.0,0.0,0.0,0.0,0.0,0.0,0.0,0.0,0.0,-3.2831051,5,-0.5750258725331883,-0.6916351,-0.7479346405910114,-0.9208434086488346,-1.0937521618054966,-1.266660944764481,-1.612478451077805
Bank,Bank:17:task_6:Tomcat01:2021-03-09 11:20:00,Bank:Tomcat01:2021-03-09 11:20:00,17,task_6,2021_03_09,Tomcat01,servicetest5,18,-0.064424,0,0.0555555555555555,2.9444389791664403,0.9999999999999798,1.0,0.0,0.0,0.0,0.0,0.0,0.0,1.0,1.0,0.6931471805599453,0.0,0.0,1.0,0.0,1.0,0.0,0.405881,0.0,1.0,0.122004,0.0,0.0,0.0,0.071982,1.0,0.143367,0.0,0.0,0.0,0.726885,0.555556,0.166137,0.0,0.790124,0.131004,0.599769,0.430297,0.0,0.226204,0.0,0.0,0.0,0.0,0.096957,0.0,0.5,0.0,0.0,1.0,0.0,1.0,0.0,0.0,0.0,0.073516,0.049911,0.0,0.091024,0.0,1.0,0.0,0.0,0.0,0.0,0.0,0.0,0.0,0.0,0.0,0.0,1.0,0.0,0.0,0.0,0.0,0.0,0.0,0.0,0.0,0.0,0.0,0.0,-3.2831051,5,-0.5750258725331883,-0.6916351,-0.7479346405910114,-0.9208434086488346,-1.0937521618054966,-1.266660944764481,-1.612478451077805
Bank,Bank:17:task_6:Tomcat01:2021-03-09 11:20:00,Bank:Tomcat01:2021-03-09 11:20:00,17,task_6,2021_03_09,Tomcat01,servicetest9,19,-0.064424,0,0.0526315789473684,2.995732273553991,0.9999903828372676,1.0,0.0,0.0,0.0,0.0,0.0,0.0,1.0,1.0,0.6931471805599453,0.0,0.0,1.0,0.0,0.99999,0.0,0.405881,0.0,1.0,0.122003,0.0,0.0,0.0,0.071982,1.0,0.143365,0.0,0.0,0.0,0.726885,0.555556,0.166137,0.0,0.790124,0.131004,0.599769,0.430297,0.0,0.226204,0.0,0.0,0.0,0.0,0.096956,0.0,0.5,0.0,0.0,1.0,0.0,1.0,0.0,0.0,0.0,0.073516,0.04991,0.0,0.091024,0.0,1.0,0.0,0.0,0.0,0.0,0.0,0.0,0.0,0.0,0.0,0.0,1.0,0.0,0.0,0.0,0.0,0.0,0.0,0.0,0.0,0.0,0.0,0.0,-3.3060265,5,-0.5750258725331883,-0.7107827,-0.7527215492175678,-0.9304172259019474,-1.1081128876851658,-1.2858085792707066,-1.6411999028371433
Bank,Bank:17:task_6:Tomcat01:2021-03-09 11:20:00,Bank:Tomcat01:2021-03-09 11:20:00,17,task_6,2021_03_09,Tomcat01,servicetest6,20,-0.064425,0,0.05,3.044522437723423,0.9999760318871548,1.0,0.0,0.0,0.0,0.0,0.0,0.0,1.0,1.0,0.6931471805599453,0.0,0.0,1.0,0.0,0.999976,0.0,0.405881,0.0,1.0,0.122002,0.0,0.0,0.0,0.071982,1.0,0.143363,0.0,0.0,0.0,0.726885,0.555556,0.166137,0.0,0.790124,0.131004,0.599769,0.430297,0.0,0.226204,0.0,0.0,0.0,0.0,0.096954,0.0,0.5,0.0,0.0,1.0,0.0,1.0,0.0,0.0,0.0,0.073517,0.04991,0.0,0.091024,0.0,1.0,0.0,0.0,0.0,0.0,0.0,0.0,0.0,0.0,0.0,0.0,1.0,0.0,0.0,0.0,0.0,0.0,0.0,0.0,0.0,0.0,0.0,0.0,-3.3060265,5,-0.5750301239980747,-0.7107827,-0.7527258006824543,-0.9304214773668339,-1.1081171391500524,-1.2858128307355932,-1.64120415430203
Bank,Bank:17:task_6:Tomcat01:2021-03-09 11:20:00,Bank:Tomcat01:2021-03-09 11:20:00,17,task_6,2021_03_09,Tomcat01,servicetest11,21,-0.064484,0,0.0476190476190476,3.091042453358316,0.9986632029728948,1.0,0.0,0.0,0.0,0.0,0.0,0.0,1.0,1.0,0.6931471805599453,0.0,0.0,1.0,0.0,0.998663,0.0,0.405881,0.0,1.0,0.121874,0.0,0.0,0.0,0.071982,1.0,0.143149,0.0,0.0,0.0,0.726885,0.555556,0.166137,0.0,0.790124,0.131004,0.599769,0.430297,0.0,0.226204,0.0,0.0,0.0,0.0,0.096827,0.0,0.5,0.0,0.0,1.0,0.0,1.0,0.0,0.0,0.0,0.073529,0.049858,0.0,0.091024,0.0,1.0,0.0,0.0,0.0,0.0,0.0,0.0,0.0,0.0,0.0,0.0,1.0,0.0,0.0,0.0,0.0,0.0,0.0,0.0,0.0,0.0,0.0,0.0,-3.3060265,5,-0.5752809604263789,-0.7107827,-0.7529766371107585,-0.930672313795138,-1.1083679755783564,-1.2860636671638972,-1.641454990730334
Bank,Bank:17:task_6:Tomcat01:2021-03-09 11:20:00,Bank:Tomcat01:2021-03-09 11:20:00,17,task_6,2021_03_09,Tomcat01,servicetest7,22,-0.06457,0,0.0454545454545454,3.1354942159291497,0.9967668982928268,1.0,0.0,0.0,0.0,0.0,0.0,0.0,1.0,1.0,0.6931471805599453,0.0,0.0,1.0,0.0,0.996767,0.0,0.405881,0.0,1.0,0.121689,0.0,0.0,0.0,0.071982,1.0,0.142841,0.0,0.0,0.0,0.726885,0.555556,0.166137,0.0,0.790124,0.131004,0.599769,0.430297,0.0,0.226204,0.0,0.0,0.0,0.0,0.096643,0.0,0.5,0.0,0.0,1.0,0.0,1.0,0.0,0.0,0.0,0.073547,0.049782,0.0,0.091024,0.0,1.0,0.0,0.0,0.0,0.0,0.0,0.0,0.0,0.0,0.0,0.0,1.0,0.0,0.0,0.0,0.0,0.0,0.0,0.0,0.0,0.0,0.0,0.0,-3.3060265,5,-0.5756465864066188,-0.7107827,-0.7533422630909984,-0.931037939775378,-1.1087336015585962,-1.286429293144137,-1.6418206167105738
Bank,Bank:17:task_6:Tomcat01:2021-03-09 11:20:00,Bank:Tomcat01:2021-03-09 11:20:00,17,task_6,2021_03_09,Tomcat01,servicetest4,23,-0.068494,0,0.0434782608695652,3.1780538303479458,0.909897879206217,1.0,0.0,0.0,0.0,0.0,0.0,0.0,1.0,1.0,0.6931471805599453,0.0,0.0,1.0,0.0,0.909898,0.0,0.405881,0.0,1.0,0.11321,0.0,0.0,0.0,0.071982,1.0,0.128711,0.0,0.0,0.0,0.726885,0.555556,0.166137,0.0,0.790124,0.131004,0.599769,0.430297,0.0,0.226204,0.0,0.0,0.0,0.0,0.088221,0.0,0.5,0.0,0.0,1.0,0.0,1.0,0.0,0.0,0.0,0.074377,0.046313,0.0,0.091024,0.0,1.0,0.0,0.0,0.0,0.0,0.0,0.0,0.0,0.0,0.0,0.0,1.0,0.0,0.0,0.0,0.0,0.0,0.0,0.0,0.0,0.0,0.0,0.0,-3.3060265,5,-0.5923293346212843,-0.7107827,-0.7700250113056639,-0.9477206879900435,-1.1254163497732619,-1.3031120413588027,-1.6585033649252394
Bank,Bank:17:task_6:Tomcat01:2021-03-09 11:20:00,Bank:Tomcat01:2021-03-09 11:20:00,17,task_6,2021_03_09,Tomcat01,redis02,24,-0.114922,0,0.0416666666666666,3.218875824868201,0.7870124371950072,1.0,0.0,0.0,0.0,0.0,0.0,0.0,1.0,1.0,0.6931471805599453,0.0,0.0,1.0,0.0,0.787012,0.0,0.405881,0.0,1.0,0.101216,0.0,0.0,0.0,0.071982,1.0,0.108723,0.0,0.0,0.0,0.258502,0.555556,0.081428,0.0,0.790124,0.131004,0.599769,0.229709,0.0,0.113025,0.0,0.0,0.0,0.0,0.076306,0.0,0.5,0.0,0.0,1.0,0.0,1.0,0.0,0.0,0.0,0.075551,0.041407,0.0,0.091024,0.0,0.0,0.0,1.0,0.0,0.0,0.0,0.0,0.0,0.0,0.0,1.0,0.0,0.0,0.0,0.0,0.0,0.0,0.0,0.0,0.0,0.0,0.0,0.0,-3.2054143,5,-0.7897163463721757,-0.626735,-0.9464000893722062,-1.1030838323722367,-1.2597675753722672,-1.4164513183722978,-1.7298188043723588
Bank,Bank:17:task_6:Tomcat01:2021-03-09 11:20:00,Bank:Tomcat01:2021-03-09 11:20:00,17,task_6,2021_03_09,Tomcat01,mg02,25,-0.118079,0,0.04,3.258096538021482,1.0,1.0,0.0,0.0,0.0,0.0,0.0,0.0,1.0,1.0,0.6931471805599453,0.0,0.0,1.0,0.0,1.0,0.0,0.405881,0.0,1.0,0.122004,0.0,0.0,0.0,0.071982,1.0,0.143367,0.0,0.0,0.0,0.121594,0.555556,0.05613,0.0,0.790124,0.131004,0.599769,0.162753,0.0,0.078416,0.0,0.0,0.0,0.0,0.096957,0.0,0.5,0.0,0.0,1.0,0.0,1.0,0.0,0.0,0.0,0.073516,0.049911,0.0,0.091024,0.0,0.0,1.0,0.0,0.0,0.0,0.0,1.0,0.0,0.0,0.0,0.0,0.0,0.0,0.0,0.0,0.0,0.0,0.0,0.0,0.0,0.0,0.0,0.0,-1.426789,5,-0.803138221018888,0.85906464,-0.5883720613652244,-0.3736059017115607,-0.1588397271567359,0.05592641759576655,0.4854587667054162
Bank,Bank:17:task_6:Tomcat01:2021-03-09 11:20:00,Bank:Tomcat01:2021-03-09 11:20:00,17,task_6,2021_03_09,Tomcat01,dockera1,26,-0.133867,0,0.0384615384615384,3.295836866004329,0.0,0.0,0.0,0.0,0.0,0.0,0.0,0.0,1.0,1.0,0.6931471805599453,0.0,0.0,1.0,0.0,0.0,0.0,0.405881,0.0,1.0,0.0,0.0,0.0,0.0,0.071982,0.777778,0.0,0.0,0.0,0.0,0.726885,0.0,0.0,0.0,0.790124,0.0,0.599769,0.0,0.0,0.0,0.0,0.0,0.0,0.0,0.0,0.0,0.5,0.0,0.0,1.0,0.0,1.0,0.0,0.0,0.0,0.0,0.0,0.0,0.0,0.0,1.0,0.0,0.0,0.0,0.0,0.0,0.0,0.0,0.0,0.0,0.0,0.0,0.0,0.0,0.0,0.0,0.0,0.0,0.0,0.0,0.0,0.0,0.0,-3.134978,5,-0.8702603486471095,-0.56789505,-1.0122341123514094,-1.1542078760557093,-1.2961816397600092,-1.4381554034643091,-1.722102930872909
Bank,Bank:17:task_6:Tomcat01:2021-03-09 11:20:00,Bank:Tomcat01:2021-03-09 11:20:00,17,task_6,2021_03_09,Tomcat01,dockera2,27,-0.133867,0,0.037037037037037,3.332204510175204,0.0,0.0,0.0,0.0,0.0,0.0,0.0,0.0,1.0,1.0,0.6931471805599453,0.0,0.0,1.0,0.0,0.0,0.0,0.405881,0.0,1.0,0.0,0.0,0.0,0.0,0.071982,0.777778,0.0,0.0,0.0,0.0,0.726885,0.0,0.0,0.0,0.790124,0.0,0.599769,0.0,0.0,0.0,0.0,0.0,0.0,0.0,0.0,0.0,0.5,0.0,0.0,1.0,0.0,1.0,0.0,0.0,0.0,0.0,0.0,0.0,0.0,0.0,1.0,0.0,0.0,0.0,0.0,0.0,0.0,0.0,0.0,0.0,0.0,0.0,0.0,0.0,0.0,0.0,0.0,0.0,0.0,0.0,0.0,0.0,0.0,-3.134978,5,-0.8702603486471095,-0.56789505,-1.0122341123514094,-1.1542078760557093,-1.2961816397600092,-1.4381554034643091,-1.722102930872909
Bank,Bank:17:task_6:Tomcat01:2021-03-09 11:20:00,Bank:Tomcat01:2021-03-09 11:20:00,17,task_6,2021_03_09,Tomcat01,dockerb1,28,-0.133867,0,0.0357142857142857,3.367295829986474,0.0,0.0,0.0,0.0,0.0,0.0,0.0,0.0,1.0,1.0,0.6931471805599453,0.0,0.0,1.0,0.0,0.0,0.0,0.405881,0.0,1.0,0.0,0.0,0.0,0.0,0.071982,0.777778,0.0,0.0,0.0,0.0,0.726885,0.0,0.0,0.0,0.790124,0.0,0.599769,0.0,0.0,0.0,0.0,0.0,0.0,0.0,0.0,0.0,0.5,0.0,0.0,1.0,0.0,1.0,0.0,0.0,0.0,0.0,0.0,0.0,0.0,0.0,1.0,0.0,0.0,0.0,0.0,0.0,0.0,0.0,0.0,0.0,0.0,0.0,0.0,0.0,0.0,0.0,0.0,0.0,0.0,0.0,0.0,0.0,0.0,-3.134978,5,-0.8702603486471095,-0.56789505,-1.0122341123514094,-1.1542078760557093,-1.2961816397600092,-1.4381554034643091,-1.722102930872909
Bank,Bank:17:task_6:Tomcat01:2021-03-09 11:20:00,Bank:Tomcat01:2021-03-09 11:20:00,17,task_6,2021_03_09,Tomcat01,dockerb2,29,-0.133867,0,0.0344827586206896,3.4011973816621555,0.0,0.0,0.0,0.0,0.0,0.0,0.0,0.0,1.0,1.0,0.6931471805599453,0.0,0.0,1.0,0.0,0.0,0.0,0.405881,0.0,1.0,0.0,0.0,0.0,0.0,0.071982,0.777778,0.0,0.0,0.0,0.0,0.726885,0.0,0.0,0.0,0.790124,0.0,0.599769,0.0,0.0,0.0,0.0,0.0,0.0,0.0,0.0,0.0,0.5,0.0,0.0,1.0,0.0,1.0,0.0,0.0,0.0,0.0,0.0,0.0,0.0,0.0,1.0,0.0,0.0,0.0,0.0,0.0,0.0,0.0,0.0,0.0,0.0,0.0,0.0,0.0,0.0,0.0,0.0,0.0,0.0,0.0,0.0,0.0,0.0,-3.134978,5,-0.8702603486471095,-0.56789505,-1.0122341123514094,-1.1542078760557093,-1.2961816397600092,-1.4381554034643091,-1.722102930872909
Bank,Bank:19:task_3:MG02:2021-03-09 14:14:00,Bank:MG02:2021-03-09 14:14:00,19,task_3,2021_03_09,MG02,redis02,1,0.651061,0,1.0,0.6931471805599453,1.0,1.0,0.0,0.0,0.0,0.0,3.0,3.0,0.0,1.0,0.6931471805599453,0.0,2.0381396161100134,1.0,0.0,1.0,0.648565,0.10239,0.739539,0.260461,1.0,0.787694,0.043357,1.0,1.0,0.324968,0.903783,0.0,0.67938,1.0,0.299528,0.71817,0.848626,0.0,0.495213,0.842855,0.0,0.50943,1.0,1.0,1.0,0.0,1.0,0.0,0.646871,0.2633,0.5,0.617742,0.0,0.0,1.0,0.0,1.0,0.0,1.0,0.149868,1.0,0.45,0.159449,0.0,0.0,0.0,1.0,0.0,0.0,0.0,0.0,0.0,0.0,0.0,1.0,0.0,0.0,0.0,0.0,0.0,0.0,0.0,0.0,0.0,0.0,0.0,0.0,-0.097019434,5,2.405506086406424,3.19005,3.203018558082297,4.00053102975817,4.798043441829398,5.595555973109915,7.190580797252371
Bank,Bank:19:task_3:MG02:2021-03-09 14:14:00,Bank:MG02:2021-03-09 14:14:00,19,task_3,2021_03_09,MG02,redis01,2,0.498245,0,0.5,1.0986122886681096,1.0,1.0,0.0,0.0,0.0,0.0,3.0,3.0,0.0,1.0,0.6931471805599453,0.0,3.0,1.0,0.0,1.0,0.954643,0.117855,0.7,0.3,0.767383,1.0,0.0,1.0,1.0,0.457615,0.922657,0.0,1.0,1.0,0.282725,0.918699,0.925,0.181811,0.526651,1.0,0.905321,0.625582,1.0,0.914392,1.0,0.0,0.428571,0.0,0.755605,0.212625,0.5,0.937757,0.0,0.0,1.0,0.008807,1.0,0.0,0.5,0.345932,0.751796,0.45,0.286948,1.0,0.0,0.0,0.0,0.0,0.0,0.0,0.0,0.0,0.0,0.0,1.0,0.0,0.0,0.0,0.0,0.0,0.0,0.0,0.0,0.0,0.0,0.0,0.0,-2.827073,5,1.8005455296846626,-0.019289091,1.795723256877303,1.7909009840699432,1.7860787112625836,1.7812564384552239,1.7716118928405045
Bank,Bank:19:task_3:MG02:2021-03-09 14:14:00,Bank:MG02:2021-03-09 14:14:00,19,task_3,2021_03_09,MG02,tomcat02,3,0.423704,0,0.3333333333333333,1.3862943611198906,1.0,1.0,0.4166666666666667,0.0,0.0,0.0,3.0,3.0,0.0,1.0,0.6931471805599453,0.0,3.0,1.0,-0.0630555555555555,1.0,0.841534,0.309214,0.2,0.8,0.767383,1.0,0.0,1.0,1.0,0.679838,1.0,0.0,1.0,1.0,0.001771,0.918699,0.86356,0.181811,0.526651,1.0,0.905321,0.458385,1.0,0.829094,0.763034,1.0,0.428571,0.0,0.70133,0.193436,0.5,0.937757,0.0,0.0,1.0,0.897269,1.0,1.0,0.5,0.8621,0.883692,1.0,0.637528,0.0,0.0,1.0,0.0,0.0,0.0,1.0,0.0,0.0,0.0,0.0,0.0,0.0,0.0,0.0,0.0,0.0,0.0,0.0,0.0,0.0,0.0,0.0,0.0,-0.52626395,5,1.5054562402215381,2.6854477,2.176818163439312,2.848180086657085,3.5195420098748587,4.190903933092632,5.533627779528179
Bank,Bank:19:task_3:MG02:2021-03-09 14:14:00,Bank:MG02:2021-03-09 14:14:00,19,task_3,2021_03_09,MG02,tomcat01,4,0.416426,0,0.25,1.6094379124341005,1.0,1.0,0.0,0.0,0.0,4.0,0.0,4.0,0.0,1.0,0.6931471805599453,3.142536931824857,0.0,1.0,0.0,1.0,0.0,1.0,0.0,1.0,0.151374,0.0,0.161605,1.0,0.146465,0.0,0.558982,0.785634,0.0,1.0,0.173951,0.487805,0.600563,0.35193,0.98328,0.237581,0.327441,0.299221,0.75,0.638989,0.0,0.0,0.0,0.0,0.154205,0.0,0.5,0.0,0.0,1.0,0.0,1.0,0.0,0.0,0.0,0.265817,0.061926,0.0,0.295554,1.0,0.0,0.0,0.0,0.0,0.0,1.0,0.0,0.0,0.0,0.0,0.0,0.0,0.0,0.0,0.0,0.0,0.0,0.0,0.0,0.0,0.0,0.0,0.0,-1.6284724,5,1.4766444473999685,1.3897365,1.824078580691213,2.1715127139824575,2.5189468174713796,2.8663809805649465,3.5612491875427907
Bank,Bank:19:task_3:MG02:2021-03-09 14:14:00,Bank:MG02:2021-03-09 14:14:00,19,task_3,2021_03_09,MG02,apache02,5,0.402783,0,0.2,1.791759469228055,1.0,1.0,0.0,0.0,0.0,2.0,1.0,3.0,0.0,1.0,0.6931471805599453,1.0381396161100132,1.0,1.0,0.0,1.0,0.318214,0.0,1.0,0.0,0.780465,0.734489,0.0,1.0,0.146465,0.183771,0.564498,0.259535,1.0,1.0,1.0,0.878049,1.0,0.878487,0.131275,0.665227,0.562461,1.0,0.928571,0.496365,1.0,0.0,0.714286,0.0,1.0,1.0,0.5,1.0,0.0,0.0,1.0,0.038349,1.0,0.0,0.833333,0.484377,0.84447,0.45,0.564803,0.0,0.0,1.0,0.0,0.0,0.0,0.0,0.0,0.0,1.0,0.0,0.0,0.0,0.0,0.0,0.0,0.0,0.0,0.0,0.0,0.0,0.0,0.0,0.0,-2.313527,5,1.4226352018016344,0.5844145,1.5687388223308092,1.714842442859984,1.8609460633891588,2.007049683918334,2.2992569249766834
Bank,Bank:19:task_3:MG02:2021-03-09 14:14:00,Bank:MG02:2021-03-09 14:14:00,19,task_3,2021_03_09,MG02,mysql01,6,0.326258,0,0.1666666666666666,1.9459101490553128,1.0,1.0,0.0,0.0,0.0,3.0,4.0,7.0,0.0,1.0,0.6931471805599453,2.038139616110013,3.142536931824857,1.0,0.0,1.0,1.0,0.506033,0.549944,0.450056,0.77903,1.0,0.391231,1.0,0.146465,0.421138,0.981149,0.509535,0.785634,1.0,0.375036,0.780419,0.813745,0.765029,0.788751,0.569842,1.0,0.591015,0.892857,0.515855,1.0,0.0,0.571429,0.0,0.854454,0.215947,0.5,0.940138,0.0,0.0,1.0,0.094625,1.0,0.0,0.666667,0.575355,0.822828,0.45,0.682637,0.0,0.0,1.0,0.0,0.0,0.0,0.0,0.0,0.0,0.0,1.0,0.0,0.0,0.0,0.0,0.0,0.0,0.0,0.0,0.0,0.0,0.0,0.0,0.0,-2.5878725,5,1.1196917495248255,0.26190528,1.1851680702087817,1.2506443908927378,1.3161207041261134,1.3815970322606501,1.5125496587274012
Bank,Bank:19:task_3:MG02:2021-03-09 14:14:00,Bank:MG02:2021-03-09 14:14:00,19,task_3,2021_03_09,MG02,mysql02,7,0.324069,0,0.1428571428571428,2.079441541679836,1.0,1.0,0.4166666666666667,0.0,0.0,4.0,0.0,4.0,0.0,1.0,0.6931471805599453,4.0,0.0,1.0,0.0,1.0,0.0,1.0,0.0,1.0,0.151374,0.0,1.0,0.5,0.073233,0.222222,0.589008,1.0,0.0,0.5,0.730574,0.487805,0.553036,0.441039,1.0,0.021598,0.327441,0.540473,0.857143,0.568743,0.0,0.0,0.0,0.5,0.154205,0.0,0.5,0.0,0.0,1.0,0.0,1.0,0.0,0.0,0.0,0.476707,0.061926,0.0,0.521305,0.0,0.0,0.0,1.0,0.0,0.0,0.0,0.0,0.0,0.0,1.0,0.0,0.0,0.0,0.0,0.0,0.0,0.0,0.0,0.0,0.0,0.0,0.0,0.0,-3.0305433,5,1.1110260426704128,-0.25848034,1.0464059576098164,0.9817858725492199,0.9171657800380428,0.852545702428027,0.7233055174056728
Bank,Bank:19:task_3:MG02:2021-03-09 14:14:00,Bank:MG02:2021-03-09 14:14:00,19,task_3,2021_03_09,MG02,ig01,8,0.25515,0,0.125,2.19722457733622,1.0,1.0,0.0,0.0,0.0,1.0,3.0,4.0,0.0,1.0,0.6931471805599453,1.0,2.142536931824857,1.0,0.0,1.0,0.681786,0.383443,0.499925,0.500075,0.585992,1.0,0.0,1.0,0.146465,0.324968,0.776619,0.25,0.714179,1.0,0.966237,0.747876,0.91635,0.73261,0.0,0.538047,0.905321,0.875119,0.857143,0.406588,1.0,0.0,0.428571,0.0,0.603871,0.199336,0.5,0.840036,0.0,0.0,1.0,0.08577,1.0,0.0,0.5,0.588426,0.702079,0.45,0.595526,0.0,0.0,1.0,0.0,0.0,0.0,0.0,0.0,1.0,0.0,0.0,0.0,0.0,0.0,0.0,0.0,0.0,0.0,0.0,0.0,0.0,0.0,0.0,0.0,-2.9161348,5,0.838192853680339,-0.12398641,0.8071962516517307,0.7761996496231224,0.7452030513198044,0.7142064455659057,0.6522132489592697
Bank,Bank:19:task_3:MG02:2021-03-09 14:14:00,Bank:MG02:2021-03-09 14:14:00,19,task_3,2021_03_09,MG02,mg01,9,0.237962,0,0.1111111111111111,2.302585092994046,1.0,1.0,0.0,0.0,0.0,2.0,2.0,4.0,0.0,1.0,0.6931471805599453,2.0,1.142536931824857,1.0,0.0,1.0,0.363572,0.571952,0.399888,0.600112,0.376657,1.0,0.0,1.0,0.146465,0.191397,0.647664,0.5,0.571268,1.0,0.355124,0.68279,0.748515,0.659672,0.777788,0.474457,0.760711,0.516163,0.821429,0.520075,1.0,0.0,0.285714,0.0,0.428463,0.20598,0.5,0.932764,0.0,0.0,1.0,0.123433,1.0,0.0,0.333333,0.715473,0.589465,0.45,0.67672,1.0,0.0,0.0,0.0,0.0,0.0,0.0,1.0,0.0,0.0,0.0,0.0,0.0,0.0,0.0,0.0,0.0,0.0,0.0,0.0,0.0,0.0,0.0,0.0,-2.3043468,5,0.77014983430453,0.59520644,0.9189514441783017,1.0677530540520732,1.2165546490246837,1.3653562737996165,1.6629594637448375
Bank,Bank:19:task_3:MG02:2021-03-09 14:14:00,Bank:MG02:2021-03-09 14:14:00,19,task_3,2021_03_09,MG02,servicetest10,10,0.122221,0,0.1,2.3978952727983707,0.0381396161100132,0.063566026850022,0.0,0.0,0.0,1.0,2.0,3.0,0.0,1.0,0.6931471805599453,1.0,2.0,1.0,0.0,0.03814,0.636428,0.0,1.0,0.0,0.851868,0.78612,0.0,1.0,0.146465,0.340577,0.496919,0.25,1.0,1.0,0.68638,0.535451,0.828916,0.870386,0.105209,0.574213,0.760711,0.576511,0.964286,0.242427,1.0,0.0,0.857143,0.0,0.49494,0.310814,0.5,0.640875,0.0,0.0,1.0,0.039892,1.0,0.0,1.0,0.49365,0.913132,0.45,0.641997,0.0,1.0,0.0,0.0,0.0,0.0,0.0,0.0,0.0,0.0,0.0,0.0,1.0,0.0,0.0,0.0,0.0,0.0,0.0,0.0,0.0,0.0,0.0,0.0,-2.5095453,5,0.31195998641207473,0.35398352,0.40045586677744643,0.48895174714281814,0.5774476275081899,0.6659435078735616,0.842935268604305
Bank,Bank:19:task_3:MG02:2021-03-09 14:14:00,Bank:MG02:2021-03-09 14:14:00,19,task_3,2021_03_09,MG02,servicetest9,11,0.010122,0,0.0909090909090909,2.4849066497880004,0.142536931824857,0.2375615530414284,0.0,0.0,0.0,3.0,1.0,4.0,0.0,1.0,0.6931471805599453,3.0,1.0,1.0,0.0,0.142537,0.318214,0.0,1.0,0.0,0.22597,1.0,0.0,1.0,0.146465,0.183771,0.195192,0.75,1.0,1.0,0.68638,0.599108,0.802476,0.91089,0.970684,0.591124,0.562461,0.624235,0.785714,0.520402,1.0,0.0,0.142857,0.0,0.159801,0.146179,0.5,0.509849,0.0,0.0,1.0,0.060923,1.0,0.0,0.166667,0.91203,0.46897,0.45,0.831236,0.0,1.0,0.0,0.0,0.0,0.0,0.0,0.0,0.0,0.0,0.0,0.0,1.0,0.0,0.0,0.0,0.0,0.0,0.0,0.0,0.0,0.0,0.0,0.0,-3.4316938,5,-0.13181208881534112,-0.73005635,-0.3143261751810409,-0.49684026154674066,-0.6793543628136016,-0.8618684342781402,-1.2268966368118621
Bank,Bank:19:task_3:MG02:2021-03-09 14:14:00,Bank:MG02:2021-03-09 14:14:00,19,task_3,2021_03_09,MG02,apache01,12,-0.00504,0,0.0833333333333333,2.5649493574615367,1.0,1.0,0.0,0.0,0.0,2.0,2.0,4.0,0.0,1.0,0.6931471805599453,2.0,2.0,1.0,0.0,1.0,0.636428,0.300951,0.7,0.3,0.548872,1.0,0.0,0.5,0.0,0.340577,0.674011,0.5,1.0,0.5,0.548658,0.939024,0.731209,0.991899,0.769487,0.465443,0.760711,0.795673,0.928571,0.326761,1.0,0.0,0.285714,1.0,0.505022,0.186047,0.5,0.775178,0.0,0.0,1.0,0.017429,1.0,0.0,0.333333,0.927163,0.626188,0.45,0.995459,0.0,0.0,1.0,0.0,0.0,0.0,0.0,0.0,0.0,1.0,0.0,0.0,0.0,0.0,0.0,0.0,0.0,0.0,0.0,0.0,0.0,0.0,0.0,0.0,-2.82104,5,-0.19183467781790206,-0.012196731,-0.19488386052348325,-0.19793304322906444,-0.20098222593464563,-0.2040314086402268,-0.2101297740513892
Bank,Bank:19:task_3:MG02:2021-03-09 14:14:00,Bank:MG02:2021-03-09 14:14:00,19,task_3,2021_03_09,MG02,mg02,13,-0.041919,1,0.0769230769230769,2.639057329615259,1.0,1.0,0.0,0.0,0.0,3.0,1.0,4.0,0.0,1.0,0.6931471805599453,3.0,1.0,1.0,0.0,1.0,0.318214,0.347229,0.7,0.3,0.339751,1.0,0.0,0.5,0.048822,0.183771,0.511674,0.75,1.0,0.5,0.0,1.0,0.619276,1.0,0.969364,0.481641,0.562461,0.476783,0.892857,0.25301,1.0,0.0,0.142857,0.666667,0.292026,0.146179,0.5,0.509849,0.0,0.0,1.0,0.110054,1.0,0.0,0.166667,1.0,0.531149,0.45,1.0,1.0,0.0,0.0,0.0,0.0,0.0,0.0,1.0,0.0,0.0,0.0,0.0,0.0,0.0,0.0,0.0,0.0,0.0,0.0,0.0,0.0,0.0,0.0,0.0,-1.5268131,5,-0.3378294713692439,1.5092431,0.039481311301730826,0.41679209397270556,0.7941029064460027,1.1714136593146551,1.9260352842612494
Bank,Bank:19:task_3:MG02:2021-03-09 14:14:00,Bank:MG02:2021-03-09 14:14:00,19,task_3,2021_03_09,MG02,dockerb1,14,-0.095884,0,0.0714285714285714,2.70805020110221,1.0,1.0,0.0,0.0,0.0,0.0,0.0,0.0,1.0,1.0,0.6931471805599453,0.0,0.0,1.0,0.0666666666666666,1.0,0.0,0.382504,0.0,1.0,0.168194,0.0,0.0,0.0,0.146465,1.0,0.196681,0.0,0.0,0.0,0.384224,0.487805,0.100506,0.068399,0.679251,0.12959,0.730821,0.260523,0.0,0.137956,0.0,0.0,0.0,0.0,0.154205,0.0,0.5,0.0,0.0,1.0,0.0,1.0,0.0,0.0,0.0,0.073159,0.068807,0.0,0.091181,0.0,0.0,0.0,0.0,1.0,0.0,0.0,0.0,0.0,0.0,0.0,0.0,0.0,0.0,0.0,0.0,0.0,0.0,0.0,0.0,0.0,0.0,0.0,0.0,-3.3976977,5,-0.5514634916517397,-0.6900919,-0.7239864686462542,-0.8965094456407686,-1.0690324375364444,-1.2415553996297977,-1.586601383421149
Bank,Bank:19:task_3:MG02:2021-03-09 14:14:00,Bank:MG02:2021-03-09 14:14:00,19,task_3,2021_03_09,MG02,ig02,15,-0.099491,0,0.0666666666666666,2.772588722239781,1.0,1.0,0.0,0.0,0.0,0.0,0.0,0.0,1.0,1.0,0.6931471805599453,0.0,0.0,1.0,0.0,1.0,0.0,0.382504,0.0,1.0,0.168194,0.0,0.0,0.0,0.146465,1.0,0.196681,0.0,0.0,0.0,0.34912,0.487805,0.093055,0.068399,0.679251,0.12959,0.730821,0.242902,0.0,0.127934,0.0,0.0,0.0,0.0,0.154205,0.0,0.5,0.0,0.0,1.0,0.0,1.0,0.0,0.0,0.0,0.073159,0.068807,0.0,0.091181,1.0,0.0,0.0,0.0,0.0,0.0,0.0,0.0,1.0,0.0,0.0,0.0,0.0,0.0,0.0,0.0,0.0,0.0,0.0,0.0,0.0,0.0,0.0,0.0,-3.3976977,5,-0.5657427080171425,-0.6900919,-0.738265685011657,-0.9107886620061715,-1.083311653901847,-1.2558346159952003,-1.6008805997865516
Bank,Bank:19:task_3:MG02:2021-03-09 14:14:00,Bank:MG02:2021-03-09 14:14:00,19,task_3,2021_03_09,MG02,tomcat03,16,-0.103343,0,0.0625,2.833213344056216,1.0,1.0,0.0,0.0,0.0,0.0,0.0,0.0,1.0,1.0,0.6931471805599453,0.0,0.0,1.0,0.0,1.0,0.0,0.382504,0.0,1.0,0.168194,0.0,0.0,0.0,0.146465,1.0,0.196681,0.0,0.0,0.0,0.311946,0.487805,0.085142,0.068399,0.679251,0.12959,0.730821,0.223913,0.0,0.117258,0.0,0.0,0.0,0.0,0.154205,0.0,0.5,0.0,0.0,1.0,0.0,1.0,0.0,0.0,0.0,0.073159,0.068807,0.0,0.091181,0.0,0.0,1.0,0.0,0.0,0.0,1.0,0.0,0.0,0.0,0.0,0.0,0.0,0.0,0.0,0.0,0.0,0.0,0.0,0.0,0.0,0.0,0.0,0.0,-3.312816,5,-0.5809918184800013,-0.59030837,-0.7285689105315073,-0.8761460025830133,-1.023723079733358,-1.1713001866860253,-1.466454340986715
Bank,Bank:19:task_3:MG02:2021-03-09 14:14:00,Bank:MG02:2021-03-09 14:14:00,19,task_3,2021_03_09,MG02,tomcat04,17,-0.112213,0,0.0588235294117647,2.8903717578961645,1.0,1.0,0.0,0.0,0.0,0.0,0.0,0.0,1.0,1.0,0.6931471805599453,0.0,0.0,1.0,0.0,1.0,0.0,0.382504,0.0,1.0,0.168194,0.0,0.0,0.0,0.146465,1.0,0.196681,0.0,0.0,0.0,0.227445,0.487805,0.067077,0.068399,0.679251,0.12959,0.730821,0.179639,0.0,0.092772,0.0,0.0,0.0,0.0,0.154205,0.0,0.5,0.0,0.0,1.0,0.0,1.0,0.0,0.0,0.0,0.073159,0.068807,0.0,0.091181,0.0,0.0,1.0,0.0,0.0,0.0,1.0,0.0,0.0,0.0,0.0,0.0,0.0,0.0,0.0,0.0,0.0,0.0,0.0,0.0,0.0,0.0,0.0,0.0,-3.312816,5,-0.6161059435593256,-0.59030837,-0.7636830356108316,-0.9112601276623377,-1.0588372048126824,-1.2064143117653496,-1.5015684660660393
Bank,Bank:19:task_3:MG02:2021-03-09 14:14:00,Bank:MG02:2021-03-09 14:14:00,19,task_3,2021_03_09,MG02,servicetest6,18,-0.130399,0,0.0555555555555555,2.9444389791664403,0.4106187942097241,0.684364657016207,0.0,0.0,0.0,0.0,0.0,0.0,1.0,1.0,0.6931471805599453,0.0,0.0,1.0,0.0,0.410619,0.0,0.382504,0.0,1.0,0.088889,0.0,0.0,0.0,0.146465,1.0,0.076251,0.0,0.0,0.0,0.68638,0.333836,0.111575,0.068399,0.679251,0.088687,0.730821,0.266145,0.0,0.150345,0.0,0.0,0.0,0.0,0.06332,0.0,0.5,0.0,0.0,1.0,0.0,1.0,0.0,0.0,0.0,0.081358,0.036364,0.0,0.091181,0.0,1.0,0.0,0.0,0.0,0.0,0.0,0.0,0.0,0.0,0.0,0.0,1.0,0.0,0.0,0.0,0.0,0.0,0.0,0.0,0.0,0.0,0.0,0.0,-3.5575979,5,-0.688099796850486,-0.87806404,-0.9076158059428169,-1.1271318150351477,-1.3466477943251562,-1.5661638332198096,-2.0051957917998267
Bank,Bank:19:task_3:MG02:2021-03-09 14:14:00,Bank:MG02:2021-03-09 14:14:00,19,task_3,2021_03_09,MG02,servicetest7,19,-0.131844,0,0.0526315789473684,2.995732273553991,0.403593067886577,0.6726551131442952,0.0,0.0,0.0,0.0,0.0,0.0,1.0,1.0,0.6931471805599453,0.0,0.0,1.0,0.0,0.403593,0.0,0.382504,0.0,1.0,0.087944,0.0,0.0,0.0,0.146465,1.0,0.074816,0.0,0.0,0.0,0.68638,0.328124,0.109652,0.068399,0.679251,0.087169,0.730821,0.261386,0.0,0.147733,0.0,0.0,0.0,0.0,0.062236,0.0,0.5,0.0,0.0,1.0,0.0,1.0,0.0,0.0,0.0,0.081456,0.035977,0.0,0.091181,0.0,1.0,0.0,0.0,0.0,0.0,0.0,0.0,0.0,0.0,0.0,0.0,1.0,0.0,0.0,0.0,0.0,0.0,0.0,0.0,0.0,0.0,0.0,0.0,-3.5575979,5,-0.6938201926497671,-0.87806404,-0.9133362017420981,-1.132852210834429,-1.3523681901244375,-1.5718842290190909,-2.0109161875991077
Bank,Bank:19:task_3:MG02:2021-03-09 14:14:00,Bank:MG02:2021-03-09 14:14:00,19,task_3,2021_03_09,MG02,servicetest8,20,-0.140055,0,0.05,3.044522437723423,0.0283175123355246,0.0471958538925411,0.0,0.0,0.0,0.0,0.0,0.0,1.0,1.0,0.6931471805599453,0.0,0.0,1.0,0.0,0.028318,0.0,0.382504,0.0,1.0,0.037449,0.0,0.0,0.0,0.146465,0.777778,0.024332,0.0,0.0,0.0,0.68638,0.023022,0.007639,0.068399,0.679251,0.006116,0.730821,0.017546,0.0,0.010211,0.0,0.0,0.0,0.0,0.004367,0.0,0.5,0.0,0.0,1.0,0.0,1.0,0.0,0.0,0.0,0.0,0.01532,0.0,0.0,0.0,1.0,0.0,0.0,0.0,0.0,0.0,0.0,0.0,0.0,0.0,0.0,1.0,0.0,0.0,0.0,0.0,0.0,0.0,0.0,0.0,0.0,0.0,0.0,-3.1620357,5,-0.7263255005445058,-0.41305736,-0.8295898398127134,-0.9328541790809209,-1.0361185257997092,-1.1393828576173362,-1.3459115510549124
Bank,Bank:19:task_3:MG02:2021-03-09 14:14:00,Bank:MG02:2021-03-09 14:14:00,19,task_3,2021_03_09,MG02,servicetest5,21,-0.141048,0,0.0476190476190476,3.091042453358316,0.0233448481506955,0.0389080802511592,0.0,0.0,0.0,0.0,0.0,0.0,1.0,1.0,0.6931471805599453,0.0,0.0,1.0,0.0,0.023345,0.0,0.382504,0.0,1.0,0.03678,0.0,0.0,0.0,0.146465,0.777778,0.023316,0.0,0.0,0.0,0.68638,0.01898,0.006297,0.068399,0.679251,0.005042,0.730821,0.014456,0.0,0.008416,0.0,0.0,0.0,0.0,0.0036,0.0,0.5,0.0,0.0,1.0,0.0,1.0,0.0,0.0,0.0,6e-05,0.015046,0.0,0.0,0.0,1.0,0.0,0.0,0.0,0.0,0.0,0.0,0.0,0.0,0.0,0.0,1.0,0.0,0.0,0.0,0.0,0.0,0.0,0.0,0.0,0.0,0.0,0.0,-3.1620357,5,-0.7302565407027661,-0.41305736,-0.8335208799709737,-0.9367852192391812,-1.0400495659579694,-1.1433138977755963,-1.3498425912131726
Bank,Bank:19:task_3:MG02:2021-03-09 14:14:00,Bank:MG02:2021-03-09 14:14:00,19,task_3,2021_03_09,MG02,dockera1,22,-0.149663,0,0.0454545454545454,3.1354942159291497,0.0,0.0,0.0,0.0,0.0,0.0,0.0,0.0,1.0,1.0,0.6931471805599453,0.0,0.0,1.0,0.0,0.0,0.0,0.382504,0.0,1.0,0.0,0.0,0.0,0.0,0.146465,0.777778,0.016581,0.0,0.0,0.0,0.68638,0.0,0.0,0.068399,0.679251,0.0,0.730821,0.0,0.0,0.0,0.0,0.0,0.0,0.0,0.0,0.0,0.5,0.0,0.0,1.0,0.0,1.0,0.0,0.0,0.0,0.003379,0.0,0.0,0.0,0.0,1.0,0.0,0.0,0.0,0.0,0.0,0.0,0.0,0.0,0.0,0.0,0.0,0.0,0.0,0.0,0.0,0.0,0.0,0.0,0.0,0.0,0.0,0.0,-3.1620357,5,-0.7643611841704526,-0.41305736,-0.8676255234386602,-0.9708898627068677,-1.074154209425656,-1.177418541243283,-1.3839472346808592
Bank,Bank:19:task_3:MG02:2021-03-09 14:14:00,Bank:MG02:2021-03-09 14:14:00,19,task_3,2021_03_09,MG02,dockera2,23,-0.149663,0,0.0434782608695652,3.1780538303479458,0.0,0.0,0.0,0.0,0.0,0.0,0.0,0.0,1.0,1.0,0.6931471805599453,0.0,0.0,1.0,0.0,0.0,0.0,0.382504,0.0,1.0,0.0,0.0,0.0,0.0,0.146465,0.777778,0.016581,0.0,0.0,0.0,0.68638,0.0,0.0,0.068399,0.679251,0.0,0.730821,0.0,0.0,0.0,0.0,0.0,0.0,0.0,0.0,0.0,0.5,0.0,0.0,1.0,0.0,1.0,0.0,0.0,0.0,0.003379,0.0,0.0,0.0,0.0,1.0,0.0,0.0,0.0,0.0,0.0,0.0,0.0,0.0,0.0,0.0,0.0,0.0,0.0,0.0,0.0,0.0,0.0,0.0,0.0,0.0,0.0,0.0,-3.1620357,5,-0.7643611841704526,-0.41305736,-0.8676255234386602,-0.9708898627068677,-1.074154209425656,-1.177418541243283,-1.3839472346808592
Bank,Bank:19:task_3:MG02:2021-03-09 14:14:00,Bank:MG02:2021-03-09 14:14:00,19,task_3,2021_03_09,MG02,dockerb2,24,-0.149663,0,0.0416666666666666,3.218875824868201,0.0,0.0,0.0,0.0,0.0,0.0,0.0,0.0,1.0,1.0,0.6931471805599453,0.0,0.0,1.0,0.0,0.0,0.0,0.382504,0.0,1.0,0.0,0.0,0.0,0.0,0.146465,0.777778,0.016581,0.0,0.0,0.0,0.68638,0.0,0.0,0.068399,0.679251,0.0,0.730821,0.0,0.0,0.0,0.0,0.0,0.0,0.0,0.0,0.0,0.5,0.0,0.0,1.0,0.0,1.0,0.0,0.0,0.0,0.003379,0.0,0.0,0.0,0.0,1.0,0.0,0.0,0.0,0.0,0.0,0.0,0.0,0.0,0.0,0.0,0.0,0.0,0.0,0.0,0.0,0.0,0.0,0.0,0.0,0.0,0.0,0.0,-3.1620357,5,-0.7643611841704526,-0.41305736,-0.8676255234386602,-0.9708898627068677,-1.074154209425656,-1.177418541243283,-1.3839472346808592
Bank,Bank:19:task_3:MG02:2021-03-09 14:14:00,Bank:MG02:2021-03-09 14:14:00,19,task_3,2021_03_09,MG02,servicetest1,25,-0.177863,0,0.04,3.258096538021482,0.177910939031432,0.2965182317190534,0.0,0.0,0.0,0.0,0.0,0.0,1.0,1.0,0.6931471805599453,0.0,0.0,1.0,0.0,0.177911,0.0,0.382504,0.0,1.0,0.057577,0.0,0.0,0.0,0.146465,1.0,0.028702,0.0,0.0,0.0,0.68638,0.144643,0.048132,0.068399,0.679251,0.038426,0.730821,0.112256,0.0,0.064546,0.0,0.0,0.0,0.0,0.027435,0.0,0.5,0.0,0.0,1.0,0.0,1.0,0.0,0.0,0.0,0.084595,0.023554,0.0,0.091181,0.0,1.0,0.0,0.0,0.0,0.0,0.0,0.0,0.0,0.0,0.0,0.0,1.0,0.0,0.0,0.0,0.0,0.0,0.0,0.0,0.0,0.0,0.0,0.0,-3.3285081,5,-0.8759979741633439,-0.6087555,-1.0281868563950562,-1.1803757386267686,-1.3325646059573197,-1.4847535030901933,-1.7891312377512956
Bank,Bank:19:task_3:MG02:2021-03-09 14:14:00,Bank:MG02:2021-03-09 14:14:00,19,task_3,2021_03_09,MG02,servicetest3,26,-0.182287,0,0.0384615384615384,3.295836866004329,0.1560182003651398,0.2600303339418998,0.0,0.0,0.0,0.0,0.0,0.0,1.0,1.0,0.6931471805599453,0.0,0.0,1.0,0.0,0.156018,0.0,0.382504,0.0,1.0,0.054632,0.0,0.0,0.0,0.146465,1.0,0.024229,0.0,0.0,0.0,0.68638,0.126844,0.042191,0.068399,0.679251,0.033697,0.730821,0.098185,0.0,0.056553,0.0,0.0,0.0,0.0,0.024059,0.0,0.5,0.0,0.0,1.0,0.0,1.0,0.0,0.0,0.0,0.0849,0.022349,0.0,0.091181,0.0,1.0,0.0,0.0,0.0,0.0,0.0,0.0,0.0,0.0,0.0,0.0,1.0,0.0,0.0,0.0,0.0,0.0,0.0,0.0,0.0,0.0,0.0,0.0,-3.3285081,5,-0.8935114904374061,-0.6087555,-1.0457003726691183,-1.1978892549008306,-1.3500781222313818,-1.5022670193642553,-1.8066447540253576
Bank,Bank:19:task_3:MG02:2021-03-09 14:14:00,Bank:MG02:2021-03-09 14:14:00,19,task_3,2021_03_09,MG02,servicetest2,27,-0.191798,0,0.037037037037037,3.332204510175204,0.1088278449276164,0.1813797415460273,0.0,0.0,0.0,0.0,0.0,0.0,1.0,1.0,0.6931471805599453,0.0,0.0,1.0,0.0,0.108828,0.0,0.382504,0.0,1.0,0.048282,0.0,0.0,0.0,0.146465,1.0,0.014586,0.0,0.0,0.0,0.68638,0.088478,0.029403,0.068399,0.679251,0.023505,0.730821,0.068099,0.0,0.039372,0.0,0.0,0.0,0.0,0.016782,0.0,0.5,0.0,0.0,1.0,0.0,1.0,0.0,0.0,0.0,0.085556,0.019752,0.0,0.091181,0.0,1.0,0.0,0.0,0.0,0.0,0.0,0.0,0.0,0.0,0.0,0.0,1.0,0.0,0.0,0.0,0.0,0.0,0.0,0.0,0.0,0.0,0.0,0.0,-3.3285081,5,-0.9311631751757886,-0.6087555,-1.083352057407501,-1.2355409396392134,-1.3877298069697646,-1.539918704102638,-1.8442964387637404
Bank,Bank:19:task_3:MG02:2021-03-09 14:14:00,Bank:MG02:2021-03-09 14:14:00,19,task_3,2021_03_09,MG02,servicetest11,28,-0.200575,0,0.0357142857142857,3.367295829986474,0.0651280979136698,0.1085468298561163,0.0,0.0,0.0,0.0,0.0,0.0,1.0,1.0,0.6931471805599453,0.0,0.0,1.0,0.0,0.065128,0.0,0.382504,0.0,1.0,0.042402,0.0,0.0,0.0,0.146465,1.0,0.005657,0.0,0.0,0.0,0.68638,0.05295,0.017581,0.068399,0.679251,0.014067,0.730821,0.040538,0.0,0.02352,0.0,0.0,0.0,0.0,0.010043,0.0,0.5,0.0,0.0,1.0,0.0,1.0,0.0,0.0,0.0,0.086164,0.017346,0.0,0.091181,0.0,1.0,0.0,0.0,0.0,0.0,0.0,0.0,0.0,0.0,0.0,0.0,1.0,0.0,0.0,0.0,0.0,0.0,0.0,0.0,0.0,0.0,0.0,0.0,-3.3285081,5,-0.9659091363732216,-0.6087555,-1.1180980186049339,-1.2702869008366462,-1.4224757681671973,-1.5746646653000709,-1.8790423999611732
Bank,Bank:19:task_3:MG02:2021-03-09 14:14:00,Bank:MG02:2021-03-09 14:14:00,19,task_3,2021_03_09,MG02,servicetest4,29,-0.20612,0,0.0344827586206896,3.4011973816621555,0.0374434513218728,0.0624057522031214,0.0,0.0,0.0,0.0,0.0,0.0,1.0,1.0,0.6931471805599453,0.0,0.0,1.0,0.0,0.037443,0.0,0.382504,0.0,1.0,0.038677,0.0,0.0,0.0,0.146465,1.0,0.0,0.0,0.0,0.0,0.68638,0.030442,0.010102,0.068399,0.679251,0.008087,0.730821,0.023227,0.0,0.013507,0.0,0.0,0.0,0.0,0.005774,0.0,0.5,0.0,0.0,1.0,0.0,1.0,0.0,0.0,0.0,0.086549,0.015822,0.0,0.091181,0.0,1.0,0.0,0.0,0.0,0.0,0.0,0.0,0.0,0.0,0.0,0.0,1.0,0.0,0.0,0.0,0.0,0.0,0.0,0.0,0.0,0.0,0.0,0.0,-3.3285081,5,-0.987860412987072,-0.6087555,-1.1400492952187844,-1.2922381774504967,-1.4444270447810479,-1.5966159419139214,-1.9009936765750237
