system,query_id,fold_key,query_index,task_index,telemetry_date,ground_truth,object_id,base_rank,base_score,label,rank_recip,rank_log,anomaly_score,metric_score,log_score,trace_score,change_score,degree_in,degree_out,degree_total,is_isolated,member_count,member_log,incoming_mass,topological_mass,has_earliest,earliest_offset,noise_local_noise,noise_resonance_mass,noise_source_signal,noise_reverb_mass,noise_unexplained_residual,noise_collapse_gain,noise_collapse_recovery_score,noise_exclusive_explanation,noise_temporal_source_score,noise_multi_lead_consistency,noise_hotspot_bias,noise_root_source_score,structure_upstream_context,structure_downstream_context,structure_temporal_lead,structure_mechanism_focus,structure_propagation_signature,structure_source_likelihood,structure_symptom_likelihood,structure_structural_uniqueness,structure_propagation_role_score,structure_hard_negative_resistance,structure_multi_view_consistency,structure_topological_eccentricity,structure_structural_score,delay_source_time_consistency,delay_average_delay_gain,delay_observer_coverage,delay_reverse_penalty,beam_beamformed_explanation,beam_directional_focus,beam_offbeam_penalty,beam_mechanism_coherence,subspace_local_residual_source_energy,subspace_sector_source_ratio,subspace_sector_reverb_ratio,subspace_residual_distinctiveness,subspace_local_common_mode_alignment,subspace_replaceability,subspace_sector_size,mask_gated_reverb_penalty,mask_source_protection,mask_replaceability_penalty,mask_local_hub_pressure,reason_cpu,reason_memory,reason_disk,reason_db,reason_network,reason_process,prefix_tomcat,prefix_mg,prefix_ig,prefix_apache,prefix_mysql,prefix_redis,prefix_servicetest,prefix_node,prefix_adservice,prefix_frontend,prefix_checkoutservice,prefix_shippingservice,prefix_paymentservice,prefix_recommendationservice,prefix_emailservice,prefix_currencyservice,prefix_productcatalogservice,prefix_cartservice,ltr_score,fold,base_z,ltr_z,blend_a0p25,blend_a0p5,blend_a0p75,blend_a1,blend_a1p5
Bank,Bank:1:task_6:Redis02:2021-03-04 18:09:00,Bank:Redis02:2021-03-04 18:09:00,1,task_6,2021_03_04,Redis02,tomcat02,1,0.684805,0,1.0,0.6931471805599453,1.0,1.0,0.37735849056603776,0.0,0.0,0.0,5.0,5.0,0.0,1.0,0.6931471805599453,0.0,2.248503640106686,1.0,-0.06138888888888889,1.0,0.554296,0.323336,0.16194,0.83806,0.602645,0.892258,1.0,1.0,1.0,0.507988,0.928877,0.0,0.449701,1.0,0.105762,0.658936,0.826663,0.0,0.86272,1.0,0.0,0.487292,1.0,1.0,0.768939,1.0,0.6,0.0,0.497742,0.213084,0.0,0.755726,0.0,0.0,1.0,0.783647,1.0,0.998866,1.0,0.426325,0.785631,0.999376,0.409687,0.0,0.0,1.0,0.0,0.0,0.0,1.0,0.0,0.0,0.0,0.0,0.0,0.0,0.0,0.0,0.0,0.0,0.0,0.0,0.0,0.0,0.0,0.0,0.0,0.8081396,1,2.1133063029535464,3.7710485,3.056068439412897,3.9988305758722476,4.941592712331598,5.884354848790949,7.76987912170965
Bank,Bank:1:task_6:Redis02:2021-03-04 18:09:00,Bank:Redis02:2021-03-04 18:09:00,1,task_6,2021_03_04,Redis02,ig01,2,0.64084,0,0.5,1.0986122886681096,0.9056603773584906,1.0,0.0,0.0,0.0,0.0,5.0,5.0,0.0,1.0,0.6931471805599453,0.0,3.072064684169062,1.0,0.0,0.90566,0.600913,0.103835,0.735849,0.264151,1.0,0.813635,0.925263,0.8,0.624914,0.386338,0.932206,0.0,0.614413,0.8,0.647443,0.748387,0.846365,0.126614,0.834287,0.895731,0.511528,0.773387,1.0,0.923056,0.889197,0.0,1.0,0.0,1.0,0.385188,0.8,0.901223,0.0,0.0,1.0,0.187431,1.0,0.0,1.0,0.18579,0.947429,0.45,0.338859,0.0,0.0,1.0,0.0,0.0,0.0,0.0,0.0,1.0,0.0,0.0,0.0,0.0,0.0,0.0,0.0,0.0,0.0,0.0,0.0,0.0,0.0,0.0,0.0,-2.2537801,1,1.9258783144804437,-0.23724867,1.8665661459716756,1.8072539774629075,1.7479418052288491,1.6886296404453713,1.5700052959772546
Bank,Bank:1:task_6:Redis02:2021-03-04 18:09:00,Bank:Redis02:2021-03-04 18:09:00,1,task_6,2021_03_04,Redis02,tomcat04,3,0.517473,0,0.3333333333333333,1.3862943611198906,1.0,1.0,0.37735849056603776,0.0,0.0,1.0,0.0,1.0,0.0,1.0,0.6931471805599453,1.0,0.0,1.0,-0.06972222222222223,1.0,0.0,0.706541,0.0,1.0,0.128266,0.0,1.0,1.0,0.087165,0.222222,0.509329,0.256751,0.0,1.0,0.0,0.493482,0.654304,0.303702,0.685379,0.442303,0.664957,0.367462,0.928571,0.682128,0.450891,0.0,0.0,0.0,0.112467,0.0,0.0,0.0,0.0,1.0,0.0,1.0,0.0,0.0,0.0,0.135817,0.284052,0.0,0.29817,0.0,0.0,1.0,0.0,0.0,0.0,1.0,0.0,0.0,0.0,0.0,0.0,0.0,0.0,0.0,0.0,0.0,0.0,0.0,0.0,0.0,0.0,0.0,0.0,-1.9554622,1,1.3999502204519831,0.15327327,1.438268537835511,1.4765868552190387,1.514905168877276,1.5532234899860942,1.629860117302569
Bank,Bank:1:task_6:Redis02:2021-03-04 18:09:00,Bank:Redis02:2021-03-04 18:09:00,1,task_6,2021_03_04,Redis02,tomcat03,4,0.464044,0,0.25,1.6094379124341003,1.0,1.0,0.37735849056603776,0.0,0.0,2.0,3.0,5.0,0.0,1.0,0.6931471805599453,1.8113207547169812,1.1664043068105714,1.0,-0.03333333333333333,1.0,0.290242,0.752411,0.161732,0.838268,0.687523,0.737508,0.0,1.0,0.12276,0.414542,0.78345,0.465058,0.388801,1.0,0.05937,0.61789,0.729391,0.455306,0.355842,0.614717,0.664957,0.448131,0.928571,0.618706,0.929173,0.84041,0.8,0.0,0.837423,0.538715,0.0,0.842763,0.0,0.0,1.0,0.842487,1.0,1.0,1.0,0.465821,1.0,1.0,0.744474,0.0,0.0,1.0,0.0,0.0,0.0,1.0,0.0,0.0,0.0,0.0,0.0,0.0,0.0,0.0,0.0,0.0,0.0,0.0,0.0,0.0,0.0,0.0,0.0,-1.6643518,1,1.1721760820207445,0.53436,1.305766079908356,1.4393560777959673,1.5729460905847399,1.70653607357119,1.9737160991487352
Bank,Bank:1:task_6:Redis02:2021-03-04 18:09:00,Bank:Redis02:2021-03-04 18:09:00,1,task_6,2021_03_04,Redis02,mg02,5,0.392662,0,0.2,1.791759469228055,0.9056603773584906,1.0,0.0,0.0,0.0,3.0,5.0,8.0,0.0,1.0,0.6931471805599453,1.1664043068105714,3.3222148286539137,1.0,0.0,0.90566,0.883672,0.472245,0.583038,0.416962,0.786107,0.904397,0.0,1.0,0.031142,0.48691,0.902897,0.299475,0.664443,1.0,0.43214,0.801027,0.860785,0.585068,0.0,0.764048,0.977454,0.705207,0.785714,0.573136,1.0,0.0,0.9,0.0,0.847197,0.361875,0.0,0.805491,0.0,0.0,1.0,0.152386,1.0,0.0,1.0,0.240762,0.89085,0.45,0.457779,0.0,0.0,1.0,0.0,0.0,0.0,0.0,1.0,0.0,0.0,0.0,0.0,0.0,0.0,0.0,0.0,0.0,0.0,0.0,0.0,0.0,0.0,0.0,0.0,-2.2160566,1,0.8678661838474925,-0.18786556,0.8208997950258906,0.7739334062042887,0.7269670173826869,0.680000628561085,0.5860678509178813
Bank,Bank:1:task_6:Redis02:2021-03-04 18:09:00,Bank:Redis02:2021-03-04 18:09:00,1,task_6,2021_03_04,Redis02,apache01,6,0.388181,0,0.16666666666666666,1.9459101490553132,0.8882968885832869,1.0,0.0,0.0,0.0,7.0,1.0,8.0,0.0,1.0,0.6931471805599453,3.776918701587989,0.7290639226516995,1.0,0.0,0.888297,0.193923,0.093452,0.928707,0.071293,0.344804,0.779033,0.0,1.0,0.043599,0.183771,0.363853,0.969726,0.729064,1.0,1.0,0.888268,1.0,0.632547,0.992443,0.811703,0.765531,1.0,0.642857,0.790256,1.0,0.0,0.5,0.0,0.428882,1.0,0.0,0.757446,0.0,0.0,1.0,0.447756,1.0,0.0,0.833333,0.32204,0.691096,0.45,0.536531,0.0,0.0,1.0,0.0,0.0,0.0,0.0,0.0,0.0,1.0,0.0,0.0,0.0,0.0,0.0,0.0,0.0,0.0,0.0,0.0,0.0,0.0,0.0,0.0,-1.9772613,1,0.8487631515184131,0.124736525,0.8799472827980008,0.9111314140775886,0.9423155472198215,0.9734996766367641,1.0358679429212299
Bank,Bank:1:task_6:Redis02:2021-03-04 18:09:00,Bank:Redis02:2021-03-04 18:09:00,1,task_6,2021_03_04,Redis02,mg01,7,0.376356,0,0.14285714285714285,2.0794415416798357,0.9056603773584906,1.0,0.0,0.0,0.0,3.0,7.0,10.0,0.0,1.0,0.6931471805599453,2.811320754716981,3.7595552128127854,1.0,0.0,0.90566,1.0,0.608788,0.444098,0.555902,0.789364,0.943151,0.0,0.9,0.0,0.406452,1.0,0.721809,0.537079,0.9,0.204122,0.710076,0.716055,0.549888,0.817176,0.599341,1.0,0.559066,0.892857,0.603394,1.0,0.0,0.8,0.403904,0.954764,0.268546,0.054225,0.8482,0.0,0.0,1.0,0.073754,1.0,0.0,1.0,0.30152,0.83882,0.45,0.588864,0.0,0.0,1.0,0.0,0.0,0.0,0.0,1.0,0.0,0.0,0.0,0.0,0.0,0.0,0.0,0.0,0.0,0.0,0.0,0.0,0.0,0.0,0.0,0.0,-2.3267,1,0.7983517796613806,-0.33270657,0.7151751370050543,0.631998494348728,0.5488218516924017,0.4656452090360754,0.29929192372342284
Bank,Bank:1:task_6:Redis02:2021-03-04 18:09:00,Bank:Redis02:2021-03-04 18:09:00,1,task_6,2021_03_04,Redis02,redis02,8,0.341069,1,0.125,2.1972245773362196,0.9056603773584906,1.0,0.0,0.0,0.0,5.0,3.0,8.0,0.0,1.0,0.6931471805599453,2.7763637216100063,1.7122554138544783,1.0,0.0,0.90566,0.455441,0.546453,0.556942,0.443058,0.513372,0.852411,0.0,1.0,0.038927,0.324968,0.653785,0.712833,0.570752,1.0,0.203452,0.742866,0.757986,0.559676,0.804378,0.714457,0.912255,0.570674,0.714286,0.62818,1.0,0.0,0.7,0.0,0.610955,0.492185,0.0,0.771311,0.0,0.0,1.0,0.171952,1.0,0.0,1.0,0.311354,0.727597,0.45,0.534148,0.0,0.0,1.0,0.0,0.0,0.0,0.0,0.0,0.0,0.0,0.0,1.0,0.0,0.0,0.0,0.0,0.0,0.0,0.0,0.0,0.0,0.0,0.0,0.0,-2.1427903,1,0.6479191302982421,-0.09195416,0.6249305911091418,0.6019420519200416,0.5789535164562316,0.555964973541841,0.5099879026142211
Bank,Bank:1:task_6:Redis02:2021-03-04 18:09:00,Bank:Redis02:2021-03-04 18:09:00,1,task_6,2021_03_04,Redis02,ig02,9,0.331588,0,0.1111111111111111,2.302585092994046,0.7290639226516995,1.0,0.0,0.0,0.0,5.0,4.0,9.0,0.0,1.0,0.6931471805599453,3.498811283360705,1.2485036401066856,1.0,0.0,0.729064,0.332088,0.79382,0.299683,0.700317,0.279292,1.0,0.348769,1.0,0.045297,0.189567,0.602114,0.898322,0.312126,1.0,0.246508,0.57367,0.670997,0.475542,0.978731,0.575097,0.664957,0.508534,0.607143,0.662771,1.0,0.0,0.4,0.0,0.294348,0.203689,0.0,0.649764,0.0,0.0,1.0,0.055324,1.0,0.0,0.666667,0.377084,0.508398,0.45,0.550911,0.0,0.0,1.0,0.0,0.0,0.0,0.0,0.0,1.0,0.0,0.0,0.0,0.0,0.0,0.0,0.0,0.0,0.0,0.0,0.0,0.0,0.0,0.0,0.0,-1.6909186,1,0.6075005073319396,0.49958202,0.7323960129390678,0.8572915185461959,0.9821870167027434,1.107082529760452,1.3568735260735472
Bank,Bank:1:task_6:Redis02:2021-03-04 18:09:00,Bank:Redis02:2021-03-04 18:09:00,1,task_6,2021_03_04,Redis02,servicetest5,10,0.318967,0,0.1,2.3978952727983707,0.14102103106198174,0.23503505176996958,0.0,0.0,0.0,5.0,0.0,5.0,0.0,1.0,0.6931471805599453,2.836546531696404,0.0,1.0,0.0,0.141021,0.0,1.0,0.0,1.0,0.040332,0.0,0.173704,0.8,0.038058,0.0,0.313765,0.728285,0.0,0.8,0.487579,0.115986,0.354931,0.444076,0.90936,0.146758,0.664957,0.347843,0.428571,0.496523,0.450891,0.0,0.0,0.4,0.01586,0.0,0.0,0.0,0.0,1.0,0.0,1.0,0.0,0.0,0.0,0.158244,0.247323,0.0,0.333853,0.0,1.0,0.0,0.0,0.0,0.0,0.0,0.0,0.0,0.0,0.0,0.0,1.0,0.0,0.0,0.0,0.0,0.0,0.0,0.0,0.0,0.0,0.0,0.0,-2.5349786,1,0.5536956934454611,-0.6053599,0.40235571546580107,0.25101573748614103,0.099675759506481,-0.051664218473179035,-0.3543441744324991
Bank,Bank:1:task_6:Redis02:2021-03-04 18:09:00,Bank:Redis02:2021-03-04 18:09:00,1,task_6,2021_03_04,Redis02,mysql01,11,0.318185,0,0.09090909090909091,2.4849066497880004,0.9056603773584906,1.0,0.0,0.0,0.0,1.0,4.0,5.0,0.0,1.0,0.6931471805599453,0.9056603773584906,2.1664043068105716,1.0,0.0,0.90566,0.360018,0.199969,0.744811,0.255189,0.8463,0.783842,0.0,0.8,0.062284,0.305353,0.687334,0.232529,0.541601,0.8,0.498572,0.713417,0.738314,0.527562,0.282592,0.541207,0.838776,0.689101,0.964286,0.58461,0.875518,0.0,0.9,0.0,0.897127,0.440555,1.0,0.846166,0.0,0.0,1.0,0.309653,1.0,0.0,1.0,0.293095,0.886203,0.45,0.602242,0.0,0.0,1.0,0.0,0.0,0.0,0.0,0.0,0.0,0.0,1.0,0.0,0.0,0.0,0.0,0.0,0.0,0.0,0.0,0.0,0.0,0.0,0.0,0.0,-2.2711296,1,0.5503619350697994,-0.25996053,0.4853718020226955,0.4203816689755916,0.3553915359284877,0.29040140288138383,0.16042113678717607
Bank,Bank:1:task_6:Redis02:2021-03-04 18:09:00,Bank:Redis02:2021-03-04 18:09:00,1,task_6,2021_03_04,Redis02,redis01,12,0.233577,0,0.08333333333333333,2.5649493574615367,0.7042990374409446,1.0,0.0,0.0,0.0,4.0,4.0,8.0,0.0,1.0,0.6931471805599453,2.072064684169062,2.617915791212969,1.0,0.0,0.704299,0.696337,0.30653,0.762163,0.237837,0.643273,0.886982,0.0,1.0,0.035591,0.421138,0.685743,0.532004,0.654479,1.0,0.134814,0.779217,0.766018,0.586753,0.313041,0.754314,0.952771,0.55529,0.75,0.55402,1.0,0.0,0.8,0.0,0.433643,0.285088,0.0,0.558953,0.0,0.0,1.0,0.0,1.0,0.0,1.0,0.301192,0.753839,0.45,0.525854,0.0,0.0,0.0,1.0,0.0,0.0,0.0,0.0,0.0,0.0,0.0,1.0,0.0,0.0,0.0,0.0,0.0,0.0,0.0,0.0,0.0,0.0,0.0,0.0,-2.0423946,1,0.1896680365429649,0.039471794,0.19953598502291534,0.20940393350286576,0.21927188291413877,0.22913983046276662,0.24887572928531262
Bank,Bank:1:task_6:Redis02:2021-03-04 18:09:00,Bank:Redis02:2021-03-04 18:09:00,1,task_6,2021_03_04,Redis02,servicetest4,13,0.17509,0,0.07692307692307693,2.639057329615259,0.17784781165070898,0.2964130194178483,0.0,0.0,0.0,4.0,6.0,10.0,0.0,1.0,0.6931471805599453,3.716981132075472,3.5817074011620766,1.0,0.0,0.177848,0.952694,0.0,1.0,0.0,0.674321,0.940806,0.0,0.9,0.015571,0.443297,0.616197,0.954337,0.596951,0.9,0.487579,0.480733,0.704904,0.578805,0.989183,0.554965,0.991836,0.560201,0.857143,0.607338,1.0,0.0,0.7,0.302928,0.521842,0.266732,0.0,0.726149,0.0,0.0,1.0,0.032968,1.0,0.0,1.0,0.337119,0.749672,0.45,0.617319,0.0,1.0,0.0,0.0,0.0,0.0,0.0,0.0,0.0,0.0,0.0,0.0,1.0,0.0,0.0,0.0,0.0,0.0,0.0,0.0,0.0,0.0,0.0,0.0,-2.2557738,1,-0.05966895337688872,-0.23985852,-0.1196335841296906,-0.1795982148824925,-0.2395628493605847,-0.2995274763880963,-0.4194567453442807
Bank,Bank:1:task_6:Redis02:2021-03-04 18:09:00,Bank:Redis02:2021-03-04 18:09:00,1,task_6,2021_03_04,Redis02,mysql02,14,0.163322,0,0.07142857142857142,2.70805020110221,0.9056603773584906,1.0,0.0,0.0,0.0,2.0,3.0,5.0,0.0,1.0,0.6931471805599453,1.7290639226516995,0.34284326274819504,1.0,0.0,0.90566,0.091193,0.801115,0.08833,0.91167,0.166339,1.0,0.0,0.8,0.03079,0.059672,0.530602,0.443938,0.114281,0.8,0.483862,0.468804,0.508375,0.471926,0.545361,0.287701,0.664957,0.54321,0.535714,0.531877,1.0,0.0,0.3,1.0,0.143387,0.169101,0.0,0.4375,0.0,0.0,1.0,0.300723,1.0,0.0,0.5,0.451763,0.513096,0.45,0.728895,0.0,0.0,1.0,0.0,0.0,0.0,0.0,0.0,0.0,0.0,1.0,0.0,0.0,0.0,0.0,0.0,0.0,0.0,0.0,0.0,0.0,0.0,0.0,0.0,-2.2318978,1,-0.10983732750065703,-0.208603,-0.1619880761707582,-0.21413882484085936,-0.2662895660603799,-0.31844032218106166,-0.4227418046201028
Bank,Bank:1:task_6:Redis02:2021-03-04 18:09:00,Bank:Redis02:2021-03-04 18:09:00,1,task_6,2021_03_04,Redis02,servicetest8,15,0.151385,0,0.06666666666666667,2.772588722239781,0.09489460261949192,0.15815767103248654,0.0,0.0,0.0,6.0,2.0,8.0,0.0,1.0,0.6931471805599453,3.6820240989684967,1.6173608112349864,1.0,0.0,0.094895,0.4302,0.0,1.0,0.0,0.401728,0.847524,0.0,1.0,0.041523,0.340577,0.297079,0.945362,0.80868,1.0,0.487579,0.576692,0.777384,0.658021,0.983659,0.750808,0.85037,0.609613,0.678571,0.626202,1.0,0.0,0.6,0.0,0.264303,0.424231,0.0,0.723374,0.0,0.0,1.0,0.067882,1.0,0.0,1.0,0.372326,0.61931,0.45,0.613058,0.0,1.0,0.0,0.0,0.0,0.0,0.0,0.0,0.0,0.0,0.0,0.0,1.0,0.0,0.0,0.0,0.0,0.0,0.0,0.0,0.0,0.0,0.0,0.0,-2.022852,1,-0.16072616858796349,0.06505474,-0.14446248433009853,-0.12819880007223358,-0.11193511767701378,-0.09567143155650368,-0.06314406676606407
Bank,Bank:1:task_6:Redis02:2021-03-04 18:09:00,Bank:Redis02:2021-03-04 18:09:00,1,task_6,2021_03_04,Redis02,servicetest6,16,0.145343,0,0.0625,2.833213344056216,0.08289611780137185,0.13816019633561977,0.0,0.0,0.0,5.0,5.0,10.0,0.0,1.0,0.6931471805599453,3.894828943726181,3.4988112833607046,1.0,0.0,0.082896,0.930645,0.0,1.0,0.0,0.649143,0.939645,0.0,0.9,0.024914,0.48691,0.576206,1.0,0.699762,0.9,0.487579,0.48205,0.700637,0.624464,1.0,0.591543,0.977454,0.56093,0.821429,0.58794,1.0,0.0,0.6,0.242343,0.504308,0.279357,0.0,0.68623,0.0,0.0,1.0,0.007938,1.0,0.0,1.0,0.360029,0.703178,0.45,0.642299,0.0,1.0,0.0,0.0,0.0,0.0,0.0,0.0,0.0,0.0,0.0,0.0,1.0,0.0,0.0,0.0,0.0,0.0,0.0,0.0,0.0,0.0,0.0,0.0,-2.2218664,1,-0.18648392831398386,-0.19547102,-0.2353516829521789,-0.28421943759037394,-0.3330871847779884,-0.381954946866764,-0.4796904412419929
Bank,Bank:1:task_6:Redis02:2021-03-04 18:09:00,Bank:Redis02:2021-03-04 18:09:00,1,task_6,2021_03_04,Redis02,servicetest3,17,0.101115,0,0.058823529411764705,2.8903717578961645,0.15327634386392777,0.2554605731065463,0.0,0.0,0.0,4.0,1.0,5.0,0.0,1.0,0.6931471805599453,2.683270187832476,0.14102103106198174,1.0,0.0,0.153276,0.03751,0.44861,0.644031,0.355969,0.058001,1.0,0.0,0.8,0.036039,0.021931,0.177239,0.688931,0.141021,0.8,0.487579,0.216334,0.405526,0.493493,0.849623,0.225057,0.664957,0.402814,0.464286,0.497192,1.0,0.0,0.1,0.5,0.048298,0.307456,0.0,1.0,0.0,0.0,1.0,0.377918,1.0,0.0,0.166667,0.447295,0.437231,0.45,0.666355,0.0,1.0,0.0,0.0,0.0,0.0,0.0,0.0,0.0,0.0,0.0,0.0,1.0,0.0,0.0,0.0,0.0,0.0,0.0,0.0,0.0,0.0,0.0,0.0,-2.2558522,1,-0.3750331168546046,-0.2399612,-0.4350234185828532,-0.4950137203111018,-0.5550040220393504,-0.614994323767599,-0.7349749272240962
Bank,Bank:1:task_6:Redis02:2021-03-04 18:09:00,Bank:Redis02:2021-03-04 18:09:00,1,task_6,2021_03_04,Redis02,apache02,18,0.065491,0,0.05555555555555555,2.9444389791664403,0.9056603773584906,1.0,0.0,0.0,0.0,0.0,0.0,0.0,1.0,1.0,0.6931471805599453,0.0,0.0,1.0,0.0,0.90566,0.0,0.382504,0.0,1.0,0.124827,0.0,0.0,0.5,0.062284,1.0,0.158385,0.0,0.0,0.5,0.290342,0.493482,0.118912,0.136591,0.923072,0.324928,0.837579,0.385508,0.0,0.501135,0.450891,0.0,0.0,0.0,0.101857,0.0,0.0,0.0,0.0,1.0,0.0,1.0,0.0,0.0,0.0,0.03259,0.282616,0.0,0.078818,1.0,0.0,0.0,0.0,0.0,0.0,0.0,0.0,0.0,1.0,0.0,0.0,0.0,0.0,0.0,0.0,0.0,0.0,0.0,0.0,0.0,0.0,0.0,0.0,-2.531797,1,-0.5269024370266918,-0.60119486,-0.6772011516644482,-0.8274998663022045,-0.9777985809399609,-1.1280972955777173,-1.42869472485323
Bank,Bank:1:task_6:Redis02:2021-03-04 18:09:00,Bank:Redis02:2021-03-04 18:09:00,1,task_6,2021_03_04,Redis02,dockera1,19,0.055666,0,0.05263157894736842,2.995732273553991,0.9056603773584906,1.0,0.0,0.0,0.0,0.0,0.0,0.0,1.0,1.0,0.6931471805599453,0.0,0.0,1.0,0.06666666666666667,0.90566,0.0,0.382504,0.0,1.0,0.124827,0.0,0.0,0.5,0.062284,1.0,0.158385,0.0,0.0,0.5,0.168033,0.493482,0.087649,0.136591,0.923072,0.324928,0.837579,0.333545,0.0,0.481239,0.450891,0.0,0.0,0.0,0.101857,0.0,0.0,0.0,0.0,1.0,0.0,1.0,0.0,0.0,0.0,0.03259,0.282616,0.0,0.078818,0.0,1.0,0.0,0.0,0.0,0.0,0.0,0.0,0.0,0.0,0.0,0.0,0.0,0.0,0.0,0.0,0.0,0.0,0.0,0.0,0.0,0.0,0.0,0.0,-2.3461802,1,-0.5687875726288352,-0.35820773,-0.6583395057385955,-0.7478914388483557,-0.8374433794086966,-0.9269953050678763,-1.106099186188558
Bank,Bank:1:task_6:Redis02:2021-03-04 18:09:00,Bank:Redis02:2021-03-04 18:09:00,1,task_6,2021_03_04,Redis02,dockera2,20,0.034872,0,0.05,3.044522437723423,0.0,0.0,0.0,0.0,0.0,0.0,0.0,0.0,1.0,1.0,0.6931471805599453,0.0,0.0,1.0,0.0,0.0,0.0,0.382504,0.0,1.0,0.0,0.0,0.0,0.5,0.062284,0.777778,0.01341,0.0,0.0,0.5,0.487579,0.0,0.0,0.136591,0.923072,0.184079,0.837579,0.170231,0.0,0.424029,0.450891,0.0,0.0,0.0,0.0,0.0,0.0,0.0,0.0,1.0,0.0,1.0,0.0,0.0,0.0,0.0,0.230477,0.0,0.0,0.0,1.0,0.0,0.0,0.0,0.0,0.0,0.0,0.0,0.0,0.0,0.0,0.0,0.0,0.0,0.0,0.0,0.0,0.0,0.0,0.0,0.0,0.0,0.0,-2.4955947,1,-0.6574348509709187,-0.55380327,-0.795885667244608,-0.9343364835182972,-1.0727873146931477,-1.2112381160656758,-1.4881397784153767
Bank,Bank:1:task_6:Redis02:2021-03-04 18:09:00,Bank:Redis02:2021-03-04 18:09:00,1,task_6,2021_03_04,Redis02,dockerb1,21,0.034872,0,0.047619047619047616,3.091042453358316,0.0,0.0,0.0,0.0,0.0,0.0,0.0,0.0,1.0,1.0,0.6931471805599453,0.0,0.0,1.0,0.0,0.0,0.0,0.382504,0.0,1.0,0.0,0.0,0.0,0.5,0.062284,0.777778,0.01341,0.0,0.0,0.5,0.487579,0.0,0.0,0.136591,0.923072,0.184079,0.837579,0.170231,0.0,0.424029,0.450891,0.0,0.0,0.0,0.0,0.0,0.0,0.0,0.0,1.0,0.0,1.0,0.0,0.0,0.0,0.0,0.230477,0.0,0.0,0.0,1.0,0.0,0.0,0.0,0.0,0.0,0.0,0.0,0.0,0.0,0.0,0.0,0.0,0.0,0.0,0.0,0.0,0.0,0.0,0.0,0.0,0.0,0.0,-2.4955947,1,-0.6574348509709187,-0.55380327,-0.795885667244608,-0.9343364835182972,-1.0727873146931477,-1.2112381160656758,-1.4881397784153767
Bank,Bank:1:task_6:Redis02:2021-03-04 18:09:00,Bank:Redis02:2021-03-04 18:09:00,1,task_6,2021_03_04,Redis02,dockerb2,22,0.034872,0,0.045454545454545456,3.1354942159291497,0.0,0.0,0.0,0.0,0.0,0.0,0.0,0.0,1.0,1.0,0.6931471805599453,0.0,0.0,1.0,0.0,0.0,0.0,0.382504,0.0,1.0,0.0,0.0,0.0,0.5,0.062284,0.777778,0.01341,0.0,0.0,0.5,0.487579,0.0,0.0,0.136591,0.923072,0.184079,0.837579,0.170231,0.0,0.424029,0.450891,0.0,0.0,0.0,0.0,0.0,0.0,0.0,0.0,1.0,0.0,1.0,0.0,0.0,0.0,0.0,0.230477,0.0,0.0,0.0,1.0,0.0,0.0,0.0,0.0,0.0,0.0,0.0,0.0,0.0,0.0,0.0,0.0,0.0,0.0,0.0,0.0,0.0,0.0,0.0,0.0,0.0,0.0,-2.4955947,1,-0.6574348509709187,-0.55380327,-0.795885667244608,-0.9343364835182972,-1.0727873146931477,-1.2112381160656758,-1.4881397784153767
Bank,Bank:1:task_6:Redis02:2021-03-04 18:09:00,Bank:Redis02:2021-03-04 18:09:00,1,task_6,2021_03_04,Redis02,servicetest9,23,0.012423,0,0.043478260869565216,3.1780538303479458,0.2512781178951139,0.41879686315852316,0.0,0.0,0.0,0.0,0.0,0.0,1.0,1.0,0.6931471805599453,0.0,0.0,1.0,0.0,0.251278,0.0,0.382504,0.0,1.0,0.054145,0.0,0.0,0.5,0.062284,1.0,0.037851,0.0,0.0,0.5,0.487579,0.206669,0.070076,0.136591,0.923072,0.243066,0.837579,0.28687,0.0,0.468636,0.450891,0.0,0.0,0.0,0.02826,0.0,0.0,0.0,0.0,1.0,0.0,1.0,0.0,0.0,0.0,0.035635,0.253093,0.0,0.078818,0.0,1.0,0.0,0.0,0.0,0.0,0.0,0.0,0.0,0.0,0.0,0.0,1.0,0.0,0.0,0.0,0.0,0.0,0.0,0.0,0.0,0.0,0.0,0.0,-2.5317156,1,-0.753137589813923,-0.6010884,-0.9034096909777871,-1.0536817921416513,-1.2039538933055154,-1.3542259944693795,-1.6547701967971078
Bank,Bank:1:task_6:Redis02:2021-03-04 18:09:00,Bank:Redis02:2021-03-04 18:09:00,1,task_6,2021_03_04,Redis02,servicetest7,24,0.006373,0,0.041666666666666664,3.2188758248682006,0.2106174299007563,0.3510290498345938,0.0,0.0,0.0,0.0,0.0,0.0,1.0,1.0,0.6931471805599453,0.0,0.0,1.0,0.0,0.210617,0.0,0.382504,0.0,1.0,0.049753,0.0,0.0,0.5,0.062284,1.0,0.030361,0.0,0.0,0.5,0.487579,0.173227,0.058691,0.136591,0.923072,0.233521,0.837579,0.26753,0.0,0.461357,0.450891,0.0,0.0,0.0,0.023687,0.0,0.0,0.0,0.0,1.0,0.0,1.0,0.0,0.0,0.0,0.035824,0.251258,0.0,0.078818,0.0,1.0,0.0,0.0,0.0,0.0,0.0,0.0,0.0,0.0,0.0,0.0,1.0,0.0,0.0,0.0,0.0,0.0,0.0,0.0,0.0,0.0,0.0,0.0,-2.5196414,1,-0.778929454484963,-0.58528227,-0.925250021019959,-1.071570587554955,-1.2178911391887899,-1.364211720624947,-1.6568528238926168
Bank,Bank:1:task_6:Redis02:2021-03-04 18:09:00,Bank:Redis02:2021-03-04 18:09:00,1,task_6,2021_03_04,Redis02,servicetest11,25,0.000493,0,0.04,3.258096538021482,0.04854588782228553,0.08090981303714255,0.0,0.0,0.0,3.0,2.0,5.0,0.0,1.0,0.6931471805599453,2.6347243000101903,0.2942973749259095,1.0,0.0,0.048546,0.07828,0.0,1.0,0.0,0.067386,1.0,0.0,0.8,0.033653,0.042217,0.051423,0.676467,0.147149,0.8,0.487579,0.157022,0.395583,0.490312,0.834641,0.210286,0.664957,0.370208,0.5,0.489096,1.0,0.0,0.2,0.666667,0.070278,0.307456,0.0,1.0,0.0,0.0,1.0,0.173405,1.0,0.0,0.333333,0.463437,0.402557,0.45,0.67971,0.0,1.0,0.0,0.0,0.0,0.0,0.0,0.0,0.0,0.0,0.0,0.0,1.0,0.0,0.0,0.0,0.0,0.0,0.0,0.0,0.0,0.0,0.0,0.0,-2.236466,1,-0.8039965890743372,-0.21458301,-0.8576423414446948,-0.9112880938150523,-0.9649338387348292,-1.0185795985557673,-1.1258710883953211
Bank,Bank:1:task_6:Redis02:2021-03-04 18:09:00,Bank:Redis02:2021-03-04 18:09:00,1,task_6,2021_03_04,Redis02,servicetest10,26,-0.006613,0,0.038461538461538464,3.295836866004329,0.12296247835891637,0.2049374639315273,0.0,0.0,0.0,0.0,0.0,0.0,1.0,1.0,0.6931471805599453,0.0,0.0,1.0,0.0,0.122962,0.0,0.382504,0.0,1.0,0.040285,0.0,0.0,0.5,0.062284,1.0,0.014216,0.0,0.0,0.5,0.487579,0.101133,0.034207,0.136591,0.923072,0.212944,0.837579,0.226444,0.0,0.445745,0.450891,0.0,0.0,0.0,0.013829,0.0,0.0,0.0,0.0,1.0,0.0,1.0,0.0,0.0,0.0,0.036232,0.247304,0.0,0.078818,0.0,1.0,0.0,0.0,0.0,0.0,0.0,0.0,0.0,0.0,0.0,0.0,1.0,0.0,0.0,0.0,0.0,0.0,0.0,0.0,0.0,0.0,0.0,0.0,-2.5196414,1,-0.8342903064879588,-0.58528227,-0.9806108730229548,-1.1269314395579508,-1.2732519911917857,-1.419572572627943,-1.7122136758956126
Bank,Bank:1:task_6:Redis02:2021-03-04 18:09:00,Bank:Redis02:2021-03-04 18:09:00,1,task_6,2021_03_04,Redis02,servicetest2,27,-0.01621,0,0.037037037037037035,3.332204510175204,0.05784296082744162,0.0964049347124027,0.0,0.0,0.0,0.0,0.0,0.0,1.0,1.0,0.6931471805599453,0.0,0.0,1.0,0.0,0.057843,0.0,0.382504,0.0,1.0,0.033251,0.0,0.0,0.5,0.062284,1.0,0.002221,0.0,0.0,0.5,0.487579,0.047574,0.016071,0.136591,0.923072,0.197657,0.837579,0.196466,0.0,0.434217,0.450891,0.0,0.0,0.0,0.006505,0.0,0.0,0.0,0.0,1.0,0.0,1.0,0.0,0.0,0.0,0.036535,0.244366,0.0,0.078818,0.0,1.0,0.0,0.0,0.0,0.0,0.0,0.0,0.0,0.0,0.0,0.0,1.0,0.0,0.0,0.0,0.0,0.0,0.0,0.0,0.0,0.0,0.0,0.0,-2.5196414,1,-0.8752034511570448,-0.58528227,-1.0215240176920408,-1.1678445842270369,-1.3141651358608717,-1.460485717297029,-1.7531268205646986
Bank,Bank:1:task_6:Redis02:2021-03-04 18:09:00,Bank:Redis02:2021-03-04 18:09:00,1,task_6,2021_03_04,Redis02,servicetest1,28,-0.017982,0,0.03571428571428571,3.367295829986474,0.04578592444432709,0.07630987407387849,0.0,0.0,0.0,0.0,0.0,0.0,1.0,1.0,0.6931471805599453,0.0,0.0,1.0,0.0,0.045786,0.0,0.382504,0.0,1.0,0.031949,0.0,0.0,0.5,0.062284,1.0,0.0,0.0,0.0,0.5,0.487579,0.037658,0.012718,0.136591,0.923072,0.194827,0.837579,0.190967,0.0,0.432089,0.450891,0.0,0.0,0.0,0.005149,0.0,0.0,0.0,0.0,1.0,0.0,1.0,0.0,0.0,0.0,0.036591,0.243822,0.0,0.078818,0.0,1.0,0.0,0.0,0.0,0.0,0.0,0.0,0.0,0.0,0.0,0.0,1.0,0.0,0.0,0.0,0.0,0.0,0.0,0.0,0.0,0.0,0.0,0.0,-2.5196414,1,-0.8827576964788766,-0.58528227,-1.0290782630138726,-1.1753988295488687,-1.3217193811827035,-1.4680399626188607,-1.7606810658865304
Bank,Bank:1:task_6:Redis02:2021-03-04 18:09:00,Bank:Redis02:2021-03-04 18:09:00,1,task_6,2021_03_04,Redis02,tomcat01,29,-0.464749,0,0.034482758620689655,3.4011973816621555,1.0,1.0,0.37735849056603776,0.0,0.0,1.0,1.0,2.0,0.0,1.0,0.6931471805599453,1.0,1.0,1.0,-0.051111111111111114,1.0,0.051254,0.0,1.0,0.0,0.286237,1.0,0.391231,0.0,0.000185,0.405993,0.290925,0.256751,1.0,0.0,0.131484,1.0,0.060989,1.0,0.37528,0.0,0.765531,0.0,0.964286,0.0,0.0,0.0,0.1,0.391346,0.125543,0.021998,0.0,1.0,0.0,0.0,1.0,0.738601,1.0,0.997274,0.166667,1.0,0.0,0.998501,1.0,0.0,0.0,1.0,0.0,0.0,0.0,1.0,0.0,0.0,0.0,0.0,0.0,0.0,0.0,0.0,0.0,0.0,0.0,0.0,0.0,0.0,0.0,0.0,0.0,0.36357418,1,-2.787378192922928,3.189077,-1.9901089678023838,-1.1928397426818393,-0.39557063677058446,0.4016987075592495,1.9962369193817593
Bank,Bank:3:task_1:Tomcat02:2021-03-04 19:22:00,Bank:Tomcat02:2021-03-04 19:22:00,3,task_1,2021_03_04,Tomcat02,mg02,1,0.739065,0,1.0,0.6931471805599453,1.0,1.0,0.0,0.0,0.0,0.0,7.0,7.0,0.0,1.0,0.6931471805599453,0.0,5.505331124204156,1.0,0.0,1.0,1.0,0.171866,0.561175,0.438825,1.0,0.982165,0.614952,1.0,1.0,0.483472,1.0,0.0,0.786476,1.0,0.551827,0.903518,1.0,0.0,0.897846,1.0,0.225142,0.824399,1.0,1.0,1.0,0.5,0.788177,0.5,1.0,0.171755,0.0,0.908664,0.0,0.0,1.0,0.043883,1.0,0.038818,1.0,0.260534,0.925302,0.837647,0.293044,0.0,0.0,1.0,0.0,0.0,0.0,0.0,1.0,0.0,0.0,0.0,0.0,0.0,0.0,0.0,0.0,0.0,0.0,0.0,0.0,0.0,0.0,0.0,0.0,0.72289926,1,3.1751485107249833,3.0062544,3.926712119371376,4.678275728017769,5.4298393962688065,6.181402945310555,7.68453028181263
Bank,Bank:3:task_1:Tomcat02:2021-03-04 19:22:00,Bank:Tomcat02:2021-03-04 19:22:00,3,task_1,2021_03_04,Tomcat02,mysql01,2,0.424308,0,0.5,1.0986122886681096,1.0,1.0,0.0,0.0,0.0,1.0,2.0,3.0,0.0,1.0,0.6931471805599453,0.29560620543425453,1.778642925901007,1.0,0.0,1.0,0.323076,0.0,1.0,0.0,0.862487,0.748812,0.0,1.0,0.0,0.340577,0.520124,0.053695,0.889321,1.0,0.483978,1.0,0.914593,0.34787,0.812077,0.955495,0.151033,0.850584,0.678571,0.732924,1.0,0.5,1.0,0.5,0.672389,0.533181,0.0,0.834198,0.0,0.0,1.0,0.107729,1.0,0.04101,1.0,0.302223,0.946426,0.839789,0.384477,0.0,0.0,0.0,1.0,0.0,0.0,0.0,0.0,0.0,0.0,1.0,0.0,0.0,0.0,0.0,0.0,0.0,0.0,0.0,0.0,0.0,0.0,0.0,0.0,-1.0716025,1,1.6056304262054442,0.67150694,1.7735071615350722,1.9413838968647001,2.109260647095489,2.277137367523956,2.6128908679855343
Bank,Bank:3:task_1:Tomcat02:2021-03-04 19:22:00,Bank:Tomcat02:2021-03-04 19:22:00,3,task_1,2021_03_04,Tomcat02,tomcat04,3,0.404988,0,0.3333333333333333,1.3862943611198906,1.0,1.0,0.0,0.0,0.0,9.0,0.0,9.0,0.0,1.0,0.6931471805599453,4.521458170734134,0.0,1.0,0.0,1.0,0.0,1.0,0.0,1.0,0.115176,0.0,1.0,1.0,0.0,0.0,0.387944,0.821287,0.0,1.0,0.381297,0.555556,0.567775,0.41499,0.991896,0.264709,0.0,0.490353,0.285714,0.381267,0.0,0.5,0.0,0.5,0.100604,0.0,0.0,0.0,0.0,1.0,0.0,1.0,0.0,0.0,0.0,0.306499,0.045595,0.0,0.368601,1.0,0.0,0.0,0.0,0.0,0.0,1.0,0.0,0.0,0.0,0.0,0.0,0.0,0.0,0.0,0.0,0.0,0.0,0.0,0.0,0.0,0.0,0.0,0.0,-1.2712029,1,1.5092923323968315,0.41181552,1.6122462134221458,1.7152000944474601,1.8181539754727745,1.9211078564980888,2.1270156185487172
Bank,Bank:3:task_1:Tomcat02:2021-03-04 19:22:00,Bank:Tomcat02:2021-03-04 19:22:00,3,task_1,2021_03_04,Tomcat02,redis02,4,0.285273,0,0.25,1.6094379124341003,1.0,1.0,0.0,0.0,0.0,1.0,8.0,9.0,0.0,1.0,0.6931471805599453,1.0,3.5214581707341335,1.0,0.0,1.0,0.639645,0.516911,0.308128,0.691872,0.657635,1.0,0.0,1.0,0.0,0.443961,0.736935,0.181642,0.440182,1.0,0.439369,0.796011,0.755078,0.608406,0.7381,0.486093,0.0,0.685024,0.571429,0.432697,1.0,0.5,0.788177,0.5,0.512788,0.107551,0.0,0.53037,0.0,0.0,1.0,0.104439,1.0,0.001499,1.0,0.509589,0.808413,0.801171,0.63572,0.0,0.0,1.0,0.0,0.0,0.0,0.0,0.0,0.0,0.0,0.0,1.0,0.0,0.0,0.0,0.0,0.0,0.0,0.0,0.0,0.0,0.0,0.0,0.0,-1.2629364,1,0.9123402154041778,0.4225708,1.0179829141093741,1.1236256128145705,1.2292683040691863,1.3349110102249633,1.5461963927341948
Bank,Bank:3:task_1:Tomcat02:2021-03-04 19:22:00,Bank:Tomcat02:2021-03-04 19:22:00,3,task_1,2021_03_04,Tomcat02,mysql02,5,0.268492,0,0.2,1.791759469228055,1.0,1.0,0.0,0.0,0.0,2.0,9.0,11.0,0.0,1.0,0.6931471805599453,1.778642925901007,4.5214581707341335,1.0,0.0,1.0,0.821287,0.611195,0.351669,0.648331,0.806502,1.0,0.941068,1.0,0.0,0.47224,0.883296,0.323076,0.502384,1.0,1.0,0.818676,0.89785,0.636844,0.548316,0.514436,1.0,1.0,0.607143,0.489622,1.0,0.5,0.8867,0.5,0.563097,0.117976,1.0,0.6967,0.0,0.0,1.0,0.450822,1.0,0.006694,1.0,0.580942,1.0,0.806248,0.971224,0.0,0.0,0.0,1.0,0.0,0.0,0.0,0.0,0.0,0.0,1.0,0.0,0.0,0.0,0.0,0.0,0.0,0.0,0.0,0.0,0.0,0.0,0.0,0.0,-2.211442,1,0.828662702350227,-0.8114883,0.6257906346603314,0.4229185669704357,0.2200464694782177,0.017174431590644468,-0.38856976339379157
Bank,Bank:3:task_1:Tomcat02:2021-03-04 19:22:00,Bank:Tomcat02:2021-03-04 19:22:00,3,task_1,2021_03_04,Tomcat02,apache02,6,0.257161,0,0.16666666666666666,1.9459101490553132,1.0,1.0,0.0,0.0,0.0,7.0,1.0,8.0,0.0,1.0,0.6931471805599453,5.505331124204156,0.29560620543425453,1.0,0.0,1.0,0.053695,0.435675,0.655142,0.344858,0.315168,0.699879,0.0,1.0,0.0,0.021931,0.331023,1.0,0.295606,1.0,0.727525,0.704062,0.832839,0.48021,1.0,0.410008,0.0,0.773333,0.75,0.615683,1.0,0.5,0.295567,0.5,0.226969,0.213533,0.0,0.459189,0.0,0.0,1.0,0.078784,1.0,0.028398,0.666667,0.788898,0.534932,0.827462,0.792676,0.0,0.0,1.0,0.0,0.0,0.0,0.0,0.0,0.0,1.0,0.0,0.0,0.0,0.0,0.0,0.0,0.0,0.0,0.0,0.0,0.0,0.0,0.0,0.0,-0.8069334,1,0.7721613078913557,1.0158563,1.0261253743967877,1.2800894409022199,1.534053507407652,1.7880175739130841,2.2959457069239484
Bank,Bank:3:task_1:Tomcat02:2021-03-04 19:22:00,Bank:Tomcat02:2021-03-04 19:22:00,3,task_1,2021_03_04,Tomcat02,redis01,7,0.213752,0,0.14285714285714285,2.0794415416798357,0.778642925901007,1.0,0.0,0.0,0.0,2.0,1.0,3.0,0.0,1.0,0.6931471805599453,1.2956062054342545,1.0,1.0,0.0,0.778643,0.181642,0.0,1.0,0.0,0.712661,0.713389,0.0,1.0,0.0,0.183771,0.389747,0.235337,1.0,1.0,0.132114,1.0,0.795484,0.923694,0.149047,0.741184,0.293956,0.629125,0.642857,0.197456,1.0,0.5,0.985222,0.5,0.558508,1.0,0.0,0.781627,0.0,0.0,1.0,0.167478,1.0,0.070729,1.0,0.518012,0.90161,0.868837,0.703943,0.0,0.0,0.0,1.0,0.0,0.0,0.0,0.0,0.0,0.0,0.0,1.0,0.0,0.0,0.0,0.0,0.0,0.0,0.0,0.0,0.0,0.0,0.0,0.0,-1.0247289,1,0.555704769892491,0.732492,0.7388277773092161,0.9219507847259413,1.1050738070438277,1.2881967995593917,1.6544428441951644
Bank,Bank:3:task_1:Tomcat02:2021-03-04 19:22:00,Bank:Tomcat02:2021-03-04 19:22:00,3,task_1,2021_03_04,Tomcat02,ig02,8,0.211109,0,0.125,2.1972245773362196,1.0,1.0,0.0,0.0,0.0,6.0,2.0,8.0,0.0,1.0,0.6931471805599453,4.505331124204156,1.2956062054342545,1.0,0.0,1.0,0.235337,0.409275,0.677571,0.322429,0.475886,0.797503,0.0,1.0,0.0,0.191397,0.447458,0.818358,0.647803,1.0,0.58556,0.852031,0.874703,0.680756,0.981823,0.575596,0.541923,0.807022,0.785714,0.513656,1.0,0.5,0.394089,0.5,0.390451,0.1983,0.0,0.731705,0.0,0.0,1.0,0.226369,1.0,0.056292,0.833333,0.757429,0.67,0.854726,0.860587,0.0,0.0,1.0,0.0,0.0,0.0,0.0,0.0,1.0,0.0,0.0,0.0,0.0,0.0,0.0,0.0,0.0,0.0,0.0,0.0,0.0,0.0,0.0,0.0,-1.4546831,1,0.542525598984822,0.17309757,0.5857999904273593,0.6290743818698966,0.6723487770377242,0.7156231647549712,0.8021719550906264
Bank,Bank:3:task_1:Tomcat02:2021-03-04 19:22:00,Bank:Tomcat02:2021-03-04 19:22:00,3,task_1,2021_03_04,Tomcat02,apache01,9,0.206384,0,0.1111111111111111,2.302585092994046,1.0,1.0,0.0,0.0,0.0,4.0,3.0,7.0,0.0,1.0,0.6931471805599453,2.5053311242041563,3.0,1.0,0.0,1.0,0.544926,0.352456,0.724831,0.275169,0.598248,0.968606,0.0,1.0,0.0,0.457615,0.591892,0.455074,1.0,1.0,0.644254,1.0,0.970527,0.872824,0.264868,0.741184,0.722798,0.948298,0.857143,0.403519,1.0,0.5,0.394089,0.5,0.674365,0.234267,0.0,0.920542,0.0,0.0,1.0,0.305607,1.0,0.03242,1.0,0.701005,0.742837,0.831393,0.862319,0.0,0.0,1.0,0.0,0.0,0.0,0.0,0.0,0.0,1.0,0.0,0.0,0.0,0.0,0.0,0.0,0.0,0.0,0.0,0.0,0.0,0.0,0.0,0.0,-2.080949,1,0.5189646521294549,-0.6417096,0.3585372456992104,0.19810983926896597,0.03768241793756033,-0.12274497359152292,-0.4435998162543342
Bank,Bank:3:task_1:Tomcat02:2021-03-04 19:22:00,Bank:Tomcat02:2021-03-04 19:22:00,3,task_1,2021_03_04,Tomcat02,servicetest11,10,0.18481,0,0.1,2.3978952727983707,0.5398331329107426,0.8997218881845711,0.0,0.0,0.0,3.0,6.0,9.0,0.0,1.0,0.6931471805599453,2.2441844791169765,2.737440558706415,1.0,0.0,0.539833,0.497234,0.463378,0.591605,0.408395,0.481155,1.0,0.0,1.0,0.0,0.443297,0.501634,0.407638,0.45624,1.0,0.59427,0.753636,0.757181,0.634893,0.629927,0.480876,0.0,0.740682,0.5,0.41133,1.0,0.5,0.591133,0.5,0.48653,0.169336,0.0,0.991068,0.0,0.0,1.0,0.053415,1.0,0.118793,1.0,0.73882,0.670836,0.915816,0.795612,0.0,1.0,0.0,0.0,0.0,0.0,0.0,0.0,0.0,0.0,0.0,0.0,1.0,0.0,0.0,0.0,0.0,0.0,0.0,0.0,0.0,0.0,0.0,0.0,-1.2375495,1,0.41138711404317063,0.45560044,0.5252872241687123,0.639187334294254,0.7530874295186345,0.8669875545453374,1.0947877449940984
Bank,Bank:3:task_1:Tomcat02:2021-03-04 19:22:00,Bank:Tomcat02:2021-03-04 19:22:00,3,task_1,2021_03_04,Tomcat02,ig01,11,0.15925,0,0.09090909090909091,2.4849066497880004,1.0,1.0,0.0,0.0,0.0,5.0,3.0,8.0,0.0,1.0,0.6931471805599453,3.5053311242041563,2.2956062054342548,1.0,0.0,1.0,0.416979,0.400392,0.685047,0.314953,0.636561,0.847205,0.0,1.0,0.0,0.324968,0.568813,0.636716,0.765202,1.0,0.135563,0.901354,0.805118,0.741952,0.870557,0.630792,0.722798,0.573021,0.821429,0.368434,1.0,0.5,0.492611,0.5,0.553933,0.193222,0.0,0.832092,0.0,0.0,1.0,0.059597,1.0,0.059747,1.0,0.726309,0.708259,0.858103,0.849772,0.0,0.0,1.0,0.0,0.0,0.0,0.0,0.0,1.0,0.0,0.0,0.0,0.0,0.0,0.0,0.0,0.0,0.0,0.0,0.0,0.0,0.0,0.0,0.0,-1.8543569,1,0.2839336110541365,-0.3469005,0.1972084878274939,0.11048336460085129,0.02375823392362808,-0.06296688185243393,-0.23641714320688034
Bank,Bank:3:task_1:Tomcat02:2021-03-04 19:22:00,Bank:Tomcat02:2021-03-04 19:22:00,3,task_1,2021_03_04,Tomcat02,tomcat03,12,0.138449,0,0.08333333333333333,2.5649493574615367,1.0,1.0,0.0,0.0,0.0,3.0,4.0,7.0,0.0,1.0,0.6931471805599453,1.505331124204156,4.0,1.0,0.0,1.0,0.726568,0.326603,0.718623,0.281377,0.758536,0.975914,0.0,1.0,0.0,0.536923,0.716773,0.273432,1.0,1.0,0.0,1.0,0.835484,0.864345,0.0,0.741184,0.841219,0.544968,0.892857,0.202452,1.0,0.5,0.492611,0.5,0.837847,0.221467,0.0,0.947207,0.0,0.0,1.0,0.01191,1.0,0.04449,1.0,0.666369,0.741863,0.843191,0.798764,0.0,0.0,1.0,0.0,0.0,0.0,1.0,0.0,0.0,0.0,0.0,0.0,0.0,0.0,0.0,0.0,0.0,0.0,0.0,0.0,0.0,0.0,0.0,0.0,-1.9446974,1,0.18021059400895253,-0.46443856,0.06410095460274831,-0.05200868480345591,-0.16811832420966014,-0.28422796361586433,-0.5164472424282728
Bank,Bank:3:task_1:Tomcat02:2021-03-04 19:22:00,Bank:Tomcat02:2021-03-04 19:22:00,3,task_1,2021_03_04,Tomcat02,servicetest1,13,0.137067,0,0.07692307692307693,2.639057329615259,0.2441844791169763,0.4069741318616272,0.0,0.0,0.0,2.0,7.0,9.0,0.0,1.0,0.6931471805599453,2.0,3.2772736916171574,1.0,0.0,0.244184,0.595291,0.0,1.0,0.0,0.534842,1.0,0.0,1.0,0.0,0.483472,0.412895,0.363284,0.468182,1.0,0.59427,0.569194,0.711487,0.633502,0.584078,0.437251,0.0,0.606735,0.535714,0.351206,1.0,0.5,0.689655,0.5,0.563143,0.171298,0.0,1.0,0.0,0.0,1.0,0.362596,1.0,0.129463,1.0,0.636938,0.813288,0.926245,0.775812,0.0,1.0,0.0,0.0,0.0,0.0,0.0,0.0,0.0,0.0,0.0,0.0,1.0,0.0,0.0,0.0,0.0,0.0,0.0,0.0,0.0,0.0,0.0,0.0,-1.2437615,1,0.17331932870649383,0.4475183,0.2851989009787945,0.39707847325109524,0.5089580306222348,0.6208376177956967,0.8445967325379757
Bank,Bank:3:task_1:Tomcat02:2021-03-04 19:22:00,Bank:Tomcat02:2021-03-04 19:22:00,3,task_1,2021_03_04,Tomcat02,servicetest3,14,0.131642,0,0.07142857142857142,2.70805020110221,0.29560620543425453,0.4926770090570909,0.0,0.0,0.0,3.0,2.0,5.0,0.0,1.0,0.6931471805599453,3.0,1.778642925901007,1.0,0.0,0.295606,0.323076,0.0,1.0,0.0,0.405667,0.874039,0.941068,1.0,0.0,0.340577,0.288109,0.544926,0.889321,1.0,0.59427,0.788615,0.849483,0.841051,0.66779,0.646295,0.541923,0.766051,0.714286,0.358765,1.0,0.5,0.295567,0.5,0.457337,0.339163,0.0,0.874474,0.0,0.0,1.0,0.229133,1.0,0.03813,1.0,0.797203,0.617051,0.836975,0.878024,0.0,1.0,0.0,0.0,0.0,0.0,0.0,0.0,0.0,0.0,0.0,0.0,1.0,0.0,0.0,0.0,0.0,0.0,0.0,0.0,0.0,0.0,0.0,0.0,-1.2199206,1,0.1462678712058871,0.47853667,0.26590203756578856,0.38553620392569,0.5051703851867526,0.6248045366454928,0.8640728991676181
Bank,Bank:3:task_1:Tomcat02:2021-03-04 19:22:00,Bank:Tomcat02:2021-03-04 19:22:00,3,task_1,2021_03_04,Tomcat02,servicetest10,15,0.108197,0,0.06666666666666667,2.772588722239781,0.22646774509110967,0.37744624181851616,0.0,0.0,0.0,1.0,6.0,7.0,0.0,1.0,0.6931471805599453,1.0,5.278863379113046,1.0,0.0,0.226468,0.958864,0.0,1.0,0.0,0.878474,0.98144,0.0,1.0,0.0,0.530964,0.678374,0.181642,0.879811,1.0,0.59427,0.688567,0.888317,0.776058,0.47979,0.616859,0.955397,0.693431,0.964286,0.369956,1.0,0.5,0.689655,0.5,0.595942,0.13641,0.0,0.667844,0.0,0.0,1.0,0.002179,1.0,0.101973,1.0,0.582695,0.83835,0.899376,0.728411,0.0,1.0,0.0,0.0,0.0,0.0,0.0,0.0,0.0,0.0,0.0,0.0,1.0,0.0,0.0,0.0,0.0,0.0,0.0,0.0,0.0,0.0,0.0,0.0,-2.3628335,1,0.02936069680925536,-1.0084571,-0.22275356934789492,-0.4748678355050452,-0.7269820718598731,-0.9790963678193457,-1.4833248405290014
Bank,Bank:3:task_1:Tomcat02:2021-03-04 19:22:00,Bank:Tomcat02:2021-03-04 19:22:00,3,task_1,2021_03_04,Tomcat02,servicetest5,16,0.078332,0,0.0625,2.833213344056216,0.2788633791130463,0.4647722985217439,0.0,0.0,0.0,2.0,5.0,7.0,0.0,1.0,0.6931471805599453,1.2264677450911097,5.0,1.0,0.0,0.278863,0.908211,0.0,1.0,0.0,0.839472,0.980463,0.0,1.0,0.0,0.587482,0.646021,0.222778,1.0,1.0,0.59427,0.776988,0.911359,0.855867,0.204344,0.683224,0.913362,0.757622,0.928571,0.319935,1.0,0.5,0.591133,0.5,0.58134,0.136353,0.0,0.568998,0.0,0.0,1.0,0.006165,1.0,0.006918,1.0,0.604634,0.798136,0.806467,0.779187,0.0,1.0,0.0,0.0,0.0,0.0,0.0,0.0,0.0,0.0,0.0,0.0,1.0,0.0,0.0,0.0,0.0,0.0,0.0,0.0,0.0,0.0,0.0,0.0,-2.3405278,1,-0.1195594466480023,-0.9794361,-0.3644184715303189,-0.6092774964126355,-0.8541365063937909,-1.0989955461772687,-1.5887135661395795
Bank,Bank:3:task_1:Tomcat02:2021-03-04 19:22:00,Bank:Tomcat02:2021-03-04 19:22:00,3,task_1,2021_03_04,Tomcat02,servicetest2,17,0.052701,0,0.058823529411764705,2.8903717578961645,0.27479556306395453,0.4579926051065909,0.0,0.0,0.0,4.0,5.0,9.0,0.0,1.0,0.6931471805599453,2.784017612027719,2.46264499564246,1.0,0.0,0.274796,0.44732,0.0,1.0,0.0,0.407615,1.0,0.0,1.0,0.0,0.48691,0.31034,0.505695,0.492529,1.0,0.59427,0.5919,0.699685,0.664908,0.75006,0.451941,0.0,0.623213,0.464286,0.34793,1.0,0.5,0.492611,0.5,0.405727,0.16659,0.0,0.978209,0.0,0.0,1.0,0.016582,1.0,0.003075,0.833333,0.765852,0.604381,0.802711,0.839556,0.0,1.0,0.0,0.0,0.0,0.0,0.0,0.0,0.0,0.0,0.0,0.0,1.0,0.0,0.0,0.0,0.0,0.0,0.0,0.0,0.0,0.0,0.0,0.0,-0.20622826,1,-0.24736698714533936,1.7974073,0.2019848302241217,0.6513366475935828,1.1006884947653661,1.5500402823325048,2.448743976676072
Bank,Bank:3:task_1:Tomcat02:2021-03-04 19:22:00,Bank:Tomcat02:2021-03-04 19:22:00,3,task_1,2021_03_04,Tomcat02,servicetest9,18,-0.061442,0,0.05555555555555555,2.9444389791664403,0.3727587240244486,0.6212645400407477,0.0,0.0,0.0,8.0,1.0,9.0,0.0,1.0,0.6931471805599453,4.148699446709686,1.0,1.0,0.0,0.372759,0.181642,0.0,1.0,0.0,0.193872,1.0,0.0,1.0,0.0,0.183771,0.162432,0.753579,1.0,1.0,0.59427,0.842194,0.761648,1.0,0.950449,0.700171,0.293956,0.804832,0.321429,0.252256,1.0,0.5,0.098522,0.5,0.127416,0.100686,0.0,0.459189,0.0,0.0,1.0,0.169001,1.0,0.006003,0.166667,0.974518,0.462689,0.805573,1.0,0.0,1.0,0.0,0.0,0.0,0.0,0.0,0.0,0.0,0.0,0.0,0.0,1.0,0.0,0.0,0.0,0.0,0.0,0.0,0.0,0.0,0.0,0.0,0.0,-0.53177816,1,-0.8165346394018858,1.3738486,-0.4730725000338285,-0.12961036066577125,0.2138518085046084,0.5573139180703433,1.2442382564111025
Bank,Bank:3:task_1:Tomcat02:2021-03-04 19:22:00,Bank:Tomcat02:2021-03-04 19:22:00,3,task_1,2021_03_04,Tomcat02,servicetest8,19,-0.068849,0,0.05263157894736842,2.995732273553991,0.3414465085483912,0.5690775142473187,0.0,0.0,0.0,7.0,2.0,9.0,0.0,1.0,0.6931471805599453,3.8072529381612945,1.3727587240244485,1.0,0.0,0.341447,0.249351,0.0,1.0,0.0,0.243131,1.0,0.0,1.0,0.0,0.340577,0.190941,0.691557,0.686379,1.0,0.59427,0.709984,0.715531,0.805391,0.929121,0.552604,0.541923,0.70899,0.357143,0.286252,1.0,0.5,0.197044,0.5,0.197706,0.141876,0.0,0.840083,0.0,0.0,1.0,0.095462,1.0,0.003194,0.333333,0.919531,0.485548,0.802827,0.946973,0.0,1.0,0.0,0.0,0.0,0.0,0.0,0.0,0.0,0.0,0.0,0.0,1.0,0.0,0.0,0.0,0.0,0.0,0.0,0.0,0.0,0.0,0.0,0.0,-1.2875893,1,-0.8534692284722994,0.3904959,-0.7558452543874453,-0.6582212803025912,-0.5605973062177371,-0.46297333213288294,-0.2677253839631747
Bank,Bank:3:task_1:Tomcat02:2021-03-04 19:22:00,Bank:Tomcat02:2021-03-04 19:22:00,3,task_1,2021_03_04,Tomcat02,mg01,20,-0.072056,0,0.05,3.044522437723423,1.0,1.0,0.0,0.0,0.0,0.0,0.0,0.0,1.0,1.0,0.6931471805599453,0.0,0.0,1.0,0.0,1.0,0.0,0.382504,0.0,1.0,0.127973,0.0,0.0,0.0,0.0,1.0,0.124448,0.0,0.0,0.0,0.270963,0.555556,0.101783,0.008026,0.964343,0.144386,0.504537,0.278235,0.0,0.11973,0.0,0.5,0.0,0.5,0.100604,0.0,0.0,0.0,0.0,1.0,0.0,1.0,0.0,0.0,0.0,0.074047,0.050661,0.0,0.098889,0.0,0.0,1.0,0.0,0.0,0.0,0.0,1.0,0.0,0.0,0.0,0.0,0.0,0.0,0.0,0.0,0.0,0.0,0.0,0.0,0.0,0.0,0.0,0.0,-2.4561882,1,-0.8694607536712757,-1.1299168,-1.1519399504581562,-1.4344191472450367,-1.7168983738342396,-1.9993775408187977,-2.5643359939972035
Bank,Bank:3:task_1:Tomcat02:2021-03-04 19:22:00,Bank:Tomcat02:2021-03-04 19:22:00,3,task_1,2021_03_04,Tomcat02,servicetest7,21,-0.075387,0,0.047619047619047616,3.091042453358316,0.46287082413534875,0.7714513735589145,0.0,0.0,0.0,6.0,3.0,9.0,0.0,1.0,0.6931471805599453,3.3443821140259455,1.7142052325728399,1.0,0.0,0.462871,0.311372,0.177311,0.864131,0.135869,0.308874,1.0,0.0,1.0,0.0,0.457615,0.283697,0.607481,0.571402,1.0,0.59427,0.747338,0.731122,0.728675,0.867219,0.520809,0.722798,0.736112,0.392857,0.324198,1.0,0.5,0.295567,0.5,0.277193,0.155606,0.0,0.922236,0.0,0.0,1.0,0.057343,1.0,0.204922,0.5,1.0,0.525839,1.0,0.981913,0.0,1.0,0.0,0.0,0.0,0.0,0.0,0.0,0.0,0.0,0.0,0.0,1.0,0.0,0.0,0.0,0.0,0.0,0.0,0.0,0.0,0.0,0.0,0.0,-1.2875893,1,-0.8860705978988374,0.3904959,-0.7884466238139832,-0.6908226497291291,-0.593198675644275,-0.49557470155942085,-0.3003267533897126
Bank,Bank:3:task_1:Tomcat02:2021-03-04 19:22:00,Bank:Tomcat02:2021-03-04 19:22:00,3,task_1,2021_03_04,Tomcat02,dockera1,22,-0.077734,0,0.045454545454545456,3.1354942159291497,1.0,1.0,0.0,0.0,0.0,0.0,0.0,0.0,1.0,1.0,0.6931471805599453,0.0,0.0,1.0,0.06666666666666667,1.0,0.0,0.382504,0.0,1.0,0.127973,0.0,0.0,0.0,0.0,1.0,0.124448,0.0,0.0,0.0,0.214772,0.555556,0.089401,0.008026,0.964343,0.144386,0.504537,0.247119,0.0,0.105436,0.0,0.5,0.0,0.5,0.100604,0.0,0.0,0.0,0.0,1.0,0.0,1.0,0.0,0.0,0.0,0.074047,0.050661,0.0,0.098889,0.0,1.0,0.0,0.0,0.0,0.0,0.0,0.0,0.0,0.0,0.0,0.0,0.0,0.0,0.0,0.0,0.0,0.0,0.0,0.0,0.0,0.0,0.0,0.0,-2.4561882,1,-0.8977737814479478,-1.1299168,-1.1802529782348283,-1.4627321750217088,-1.7452114016109117,-2.02769056859547,-2.592649021773876
Bank,Bank:3:task_1:Tomcat02:2021-03-04 19:22:00,Bank:Tomcat02:2021-03-04 19:22:00,3,task_1,2021_03_04,Tomcat02,tomcat02,23,-0.08411,1,0.043478260869565216,3.1780538303479458,1.0,1.0,0.0,0.0,0.0,0.0,0.0,0.0,1.0,1.0,0.6931471805599453,0.0,0.0,1.0,0.0,1.0,0.0,0.382504,0.0,1.0,0.127973,0.0,0.0,0.0,0.0,1.0,0.124448,0.0,0.0,0.0,0.15251,0.555556,0.075624,0.008026,0.964343,0.144386,0.504537,0.211756,0.0,0.089456,0.0,0.5,0.0,0.5,0.100604,0.0,0.0,0.0,0.0,1.0,0.0,1.0,0.0,0.0,0.0,0.074047,0.050661,0.0,0.098889,0.0,0.0,1.0,0.0,0.0,0.0,1.0,0.0,0.0,0.0,0.0,0.0,0.0,0.0,0.0,0.0,0.0,0.0,0.0,0.0,0.0,0.0,0.0,0.0,-2.240962,1,-0.9295673469823016,-0.8498955,-1.142041216306032,-1.3545150856297625,-1.566988954953493,-1.7794628242772235,-2.2044105629246844
Bank,Bank:3:task_1:Tomcat02:2021-03-04 19:22:00,Bank:Tomcat02:2021-03-04 19:22:00,3,task_1,2021_03_04,Tomcat02,servicetest6,24,-0.08658,0,0.041666666666666664,3.2188758248682006,0.28556893893427154,0.47594823155711924,0.0,0.0,0.0,5.0,4.0,9.0,0.0,1.0,0.6931471805599453,3.058813175091674,2.1770760567081884,1.0,0.0,0.285569,0.395449,0.0,1.0,0.0,0.363062,1.0,0.0,1.0,0.0,0.536923,0.270435,0.555609,0.544269,1.0,0.59427,0.63024,0.704007,0.704094,0.80727,0.480581,0.841219,0.651055,0.428571,0.288764,1.0,0.5,0.394089,0.5,0.350549,0.162471,0.0,0.958106,0.0,0.0,1.0,0.0,1.0,0.003217,0.666667,0.844394,0.555636,0.80285,0.907598,0.0,1.0,0.0,0.0,0.0,0.0,0.0,0.0,0.0,0.0,0.0,0.0,1.0,0.0,0.0,0.0,0.0,0.0,0.0,0.0,0.0,0.0,0.0,0.0,-1.3149955,1,-0.9418838631162184,0.35483888,-0.8531741436371344,-0.7644644241580504,-0.6757546972283858,-0.5870449851998824,-0.40962553134055313
Bank,Bank:3:task_1:Tomcat02:2021-03-04 19:22:00,Bank:Tomcat02:2021-03-04 19:22:00,3,task_1,2021_03_04,Tomcat02,tomcat01,25,-0.093127,0,0.04,3.258096538021482,1.0,1.0,0.0,0.0,0.0,0.0,0.0,0.0,1.0,1.0,0.6931471805599453,0.0,0.0,1.0,0.0,1.0,0.0,0.382504,0.0,1.0,0.127973,0.0,0.0,0.0,0.0,1.0,0.124448,0.0,0.0,0.0,0.065656,0.555556,0.056319,0.008026,0.964343,0.144386,0.504537,0.161132,0.0,0.066961,0.0,0.5,0.0,0.5,0.100604,0.0,0.0,0.0,0.0,1.0,0.0,1.0,0.0,0.0,0.0,0.074047,0.050661,0.0,0.098889,0.0,0.0,1.0,0.0,0.0,0.0,1.0,0.0,0.0,0.0,0.0,0.0,0.0,0.0,0.0,0.0,0.0,0.0,0.0,0.0,0.0,0.0,0.0,0.0,-2.2288878,1,-0.9745301105367664,-0.83418626,-1.18307667451973,-1.3916232385026936,-1.600169787584496,-1.8087163664686208,-2.2258094646322255
Bank,Bank:3:task_1:Tomcat02:2021-03-04 19:22:00,Bank:Tomcat02:2021-03-04 19:22:00,3,task_1,2021_03_04,Tomcat02,servicetest4,26,-0.098054,0,0.038461538461538464,3.295836866004329,0.3888392419540143,0.6480654032566906,0.0,0.0,0.0,0.0,0.0,0.0,1.0,1.0,0.6931471805599453,0.0,0.0,1.0,0.0,0.388839,0.0,0.382504,0.0,1.0,0.065404,0.0,0.0,0.0,0.0,1.0,0.038157,0.0,0.0,0.0,0.59427,0.360036,0.110892,0.008026,0.964343,0.093572,0.504537,0.277455,0.0,0.127902,0.0,0.5,0.0,0.5,0.039119,0.0,0.0,0.0,0.0,1.0,0.0,1.0,0.0,0.0,0.0,0.080027,0.025892,0.0,0.098889,0.0,1.0,0.0,0.0,0.0,0.0,0.0,0.0,0.0,0.0,0.0,0.0,1.0,0.0,0.0,0.0,0.0,0.0,0.0,0.0,0.0,0.0,0.0,0.0,-2.462364,1,-0.9990983190354743,-1.1379519,-1.2835862817582526,-1.568074244481031,-1.8525622072038093,-2.137050169926588,-2.7060260953721444
Bank,Bank:3:task_1:Tomcat02:2021-03-04 19:22:00,Bank:Tomcat02:2021-03-04 19:22:00,3,task_1,2021_03_04,Tomcat02,dockera2,27,-0.105561,0,0.037037037037037035,3.332204510175204,0.0,0.0,0.0,0.0,0.0,0.0,0.0,0.0,1.0,1.0,0.6931471805599453,0.0,0.0,1.0,0.0,0.0,0.0,0.382504,0.0,1.0,0.0,0.0,0.0,0.0,0.0,0.777778,0.0,0.0,0.0,0.0,0.59427,0.0,0.0,0.008026,0.964343,0.0,0.504537,0.0,0.0,0.0,0.0,0.5,0.0,0.5,0.0,0.0,0.0,0.0,0.0,1.0,0.0,1.0,0.0,0.0,0.0,0.0,0.0,0.0,0.0,0.0,1.0,0.0,0.0,0.0,0.0,0.0,0.0,0.0,0.0,0.0,0.0,0.0,0.0,0.0,0.0,0.0,0.0,0.0,0.0,0.0,0.0,0.0,0.0,-2.4189308,1,-1.0365315524837793,-1.0814428,-1.3068922607204736,-1.577252968957168,-1.8476136771938623,-2.1179743854305566,-2.6586958019039453
Bank,Bank:3:task_1:Tomcat02:2021-03-04 19:22:00,Bank:Tomcat02:2021-03-04 19:22:00,3,task_1,2021_03_04,Tomcat02,dockerb1,28,-0.105561,0,0.03571428571428571,3.367295829986474,0.0,0.0,0.0,0.0,0.0,0.0,0.0,0.0,1.0,1.0,0.6931471805599453,0.0,0.0,1.0,0.0,0.0,0.0,0.382504,0.0,1.0,0.0,0.0,0.0,0.0,0.0,0.777778,0.0,0.0,0.0,0.0,0.59427,0.0,0.0,0.008026,0.964343,0.0,0.504537,0.0,0.0,0.0,0.0,0.5,0.0,0.5,0.0,0.0,0.0,0.0,0.0,1.0,0.0,1.0,0.0,0.0,0.0,0.0,0.0,0.0,0.0,0.0,1.0,0.0,0.0,0.0,0.0,0.0,0.0,0.0,0.0,0.0,0.0,0.0,0.0,0.0,0.0,0.0,0.0,0.0,0.0,0.0,0.0,0.0,0.0,-2.4189308,1,-1.0365315524837793,-1.0814428,-1.3068922607204736,-1.577252968957168,-1.8476136771938623,-2.1179743854305566,-2.6586958019039453
Bank,Bank:3:task_1:Tomcat02:2021-03-04 19:22:00,Bank:Tomcat02:2021-03-04 19:22:00,3,task_1,2021_03_04,Tomcat02,dockerb2,29,-0.105561,0,0.034482758620689655,3.4011973816621555,0.0,0.0,0.0,0.0,0.0,0.0,0.0,0.0,1.0,1.0,0.6931471805599453,0.0,0.0,1.0,0.0,0.0,0.0,0.382504,0.0,1.0,0.0,0.0,0.0,0.0,0.0,0.777778,0.0,0.0,0.0,0.0,0.59427,0.0,0.0,0.008026,0.964343,0.0,0.504537,0.0,0.0,0.0,0.0,0.5,0.0,0.5,0.0,0.0,0.0,0.0,0.0,1.0,0.0,1.0,0.0,0.0,0.0,0.0,0.0,0.0,0.0,0.0,1.0,0.0,0.0,0.0,0.0,0.0,0.0,0.0,0.0,0.0,0.0,0.0,0.0,0.0,0.0,0.0,0.0,0.0,0.0,0.0,0.0,0.0,0.0,-2.0682223,1,-1.0365315524837793,-0.6251514,-1.1928194014332116,-1.349107250382644,-1.5053950993320764,-1.6616829482815088,-1.9742586461803735
Bank,Bank:0:task_1:Mysql02:2021-03-04 14:57:00,Bank:Mysql02:2021-03-04 14:57:00,0,task_1,2021_03_04,Mysql02,mysql02,1,0.727089,1,1.0,0.6931471805599453,0.9056603773584906,1.0,0.0,0.0,0.0,0.0,3.0,3.0,0.0,1.0,0.6931471805599453,0.0,1.013131708419666,1.0,0.0,0.90566,0.349585,0.286414,0.261022,0.738978,0.416006,1.0,0.051812,1.0,1.0,0.157353,0.754927,0.0,0.354429,1.0,0.408246,0.607718,1.0,0.0,0.574351,0.729576,0.0,1.0,1.0,1.0,1.0,0.0,0.5,0.0,0.408754,0.487413,0.5,0.620427,0.0,0.0,1.0,0.474037,1.0,0.0,0.5,0.134377,0.750423,0.45,0.059386,0.0,0.0,0.0,1.0,0.0,0.0,0.0,0.0,0.0,0.0,1.0,0.0,0.0,0.0,0.0,0.0,0.0,0.0,0.0,0.0,0.0,0.0,0.0,0.0,-1.5050855,2,2.1890469641121983,0.8504122,2.4016500116023183,2.614253059092438,2.8268561214837193,3.039459154072678,3.4646652788552403
Bank,Bank:0:task_1:Mysql02:2021-03-04 14:57:00,Bank:Mysql02:2021-03-04 14:57:00,0,task_1,2021_03_04,Mysql02,redis02,2,0.675511,0,0.5,1.0986122886681096,0.9056603773584906,1.0,0.0,0.0,0.0,0.0,2.0,2.0,0.0,1.0,0.6931471805599453,0.0,1.086776190801498,1.0,0.0,0.90566,0.374996,0.079475,0.797994,0.202006,0.863127,0.749999,0.0,1.0,1.0,0.156598,0.738769,0.0,0.570288,1.0,0.098792,0.749253,0.896472,0.094251,0.533563,0.822342,0.398811,0.689397,1.0,0.816426,1.0,0.0,0.833333,0.0,0.920007,1.0,0.5,0.678218,0.0,0.0,1.0,0.0,1.0,0.0,1.0,0.076098,0.869429,0.45,0.016451,0.0,0.0,1.0,0.0,0.0,0.0,0.0,0.0,0.0,0.0,0.0,1.0,0.0,0.0,0.0,0.0,0.0,0.0,0.0,0.0,0.0,0.0,0.0,0.0,-0.6042527,2,2.001325687402258,2.2233138,2.5571541395125483,3.112982591622839,3.6688110437331294,4.2246394958434195,5.3362964000640005
Bank,Bank:0:task_1:Mysql02:2021-03-04 14:57:00,Bank:Mysql02:2021-03-04 14:57:00,0,task_1,2021_03_04,Mysql02,tomcat01,3,0.654282,0,0.3333333333333333,1.3862943611198906,1.0,1.0,0.37735849056603776,0.0,0.0,0.0,2.0,2.0,0.0,1.0,0.6931471805599453,0.0,1.086776190801498,1.0,-0.06583333333333333,1.0,0.328734,0.306799,0.206489,0.793511,0.878339,0.749999,0.0,1.0,1.0,0.338416,0.904834,0.0,0.570288,1.0,0.057622,0.749253,0.874781,0.094251,0.533563,0.822342,0.398811,0.623702,1.0,0.799774,0.753266,1.0,0.833333,0.0,0.824048,0.843974,0.5,0.671602,0.0,0.0,1.0,0.898023,1.0,1.0,1.0,0.436952,1.0,1.0,0.352658,0.0,0.0,1.0,0.0,0.0,0.0,1.0,0.0,0.0,0.0,0.0,0.0,0.0,0.0,0.0,0.0,0.0,0.0,0.0,0.0,0.0,0.0,0.0,0.0,-0.61951196,2,1.924061447158834,2.200058,2.4740759430084434,3.0240904388580527,3.574104934707662,4.124119430557272,5.224148422256491
Bank,Bank:0:task_1:Mysql02:2021-03-04 14:57:00,Bank:Mysql02:2021-03-04 14:57:00,0,task_1,2021_03_04,Mysql02,tomcat02,4,0.600342,0,0.25,1.6094379124341003,1.0,1.0,0.37735849056603776,0.0,0.0,0.0,2.0,2.0,0.0,1.0,0.6931471805599453,0.0,1.9056603773584906,1.0,-0.06972222222222223,1.0,0.611178,0.312722,0.190566,0.809434,0.641338,1.0,0.95713,1.0,1.0,0.460472,1.0,0.0,1.0,1.0,0.074671,1.0,0.983853,0.281876,0.564407,1.0,0.853506,0.841056,1.0,0.738596,0.853313,0.595152,0.333333,0.0,0.855197,0.673442,0.5,1.0,0.0,0.0,1.0,0.823025,1.0,0.999078,0.333333,0.608784,0.812757,0.999493,0.488489,0.0,0.0,1.0,0.0,0.0,0.0,1.0,0.0,0.0,0.0,0.0,0.0,0.0,0.0,0.0,0.0,0.0,0.0,0.0,0.0,0.0,0.0,0.0,0.0,-0.574736,2,1.727743527391992,2.2682984,2.2948181242738586,2.861892721155725,3.4289673776422362,3.996041914919458,5.13019122789248
Bank,Bank:0:task_1:Mysql02:2021-03-04 14:57:00,Bank:Mysql02:2021-03-04 14:57:00,0,task_1,2021_03_04,Mysql02,mysql01,5,0.355122,0,0.2,1.791759469228055,0.9056603773584906,1.0,0.0,0.0,0.0,3.0,1.0,4.0,0.0,1.0,0.6931471805599453,2.716981132075472,0.08783327319002825,1.0,0.0,0.90566,0.030307,0.901636,0.067888,0.932112,0.182478,1.0,0.0,1.0,0.107737,0.017943,0.617921,0.75,0.092181,1.0,0.30822,0.472352,0.771957,0.481214,0.956985,0.329706,0.735488,0.744977,0.75,0.616931,1.0,0.0,0.166667,0.0,0.222722,0.534965,0.5,0.6875,0.0,0.0,1.0,0.257694,1.0,0.0,0.166667,0.55965,0.503417,0.45,0.632344,0.0,0.0,0.0,1.0,0.0,0.0,0.0,0.0,0.0,0.0,1.0,0.0,0.0,0.0,0.0,0.0,0.0,0.0,0.0,0.0,0.0,0.0,0.0,0.0,-2.5789137,2,0.8352503815776605,-0.7861406,0.6387152264005441,0.44218007122342773,0.24564493094747253,0.04910976086919494,-0.34396051968271546
Bank,Bank:0:task_1:Mysql02:2021-03-04 14:57:00,Bank:Mysql02:2021-03-04 14:57:00,0,task_1,2021_03_04,Mysql02,ig02,6,0.346037,0,0.16666666666666666,1.9459101490553132,0.9056603773584906,1.0,0.0,0.0,0.0,2.0,4.0,6.0,0.0,1.0,0.6931471805599453,1.086776190801498,2.8048144052655,1.0,0.0,0.90566,0.967812,0.448953,0.541972,0.458028,0.828125,1.0,0.0,1.0,0.075416,0.344567,0.941125,0.299996,0.735917,1.0,0.103745,0.823709,0.840463,0.742649,0.074355,0.590361,1.0,0.756172,0.857143,0.312398,1.0,0.0,0.666667,0.0,1.0,0.526049,0.5,0.736229,0.0,0.0,1.0,0.070521,1.0,0.0,0.666667,0.343191,0.833304,0.45,0.514598,0.0,0.0,1.0,0.0,0.0,0.0,0.0,0.0,1.0,0.0,0.0,0.0,0.0,0.0,0.0,0.0,0.0,0.0,0.0,0.0,0.0,0.0,0.0,0.0,-1.3104367,2,0.8021849699891963,1.1470639,1.088950932828323,1.3757168956674495,1.6624828883088985,1.9492488213457027,2.5227808066286004
Bank,Bank:0:task_1:Mysql02:2021-03-04 14:57:00,Bank:Mysql02:2021-03-04 14:57:00,0,task_1,2021_03_04,Mysql02,servicetest5,7,0.336815,0,0.14285714285714285,2.0794415416798357,0.08783327319002825,0.14638878865004706,0.0,0.0,0.0,4.0,0.0,4.0,0.0,1.0,0.6931471805599453,3.6226415094339623,0.0,1.0,0.0,0.087833,0.0,1.0,0.0,1.0,0.051593,0.0,0.885597,1.0,0.113124,0.0,0.430865,1.0,0.0,1.0,0.230961,0.076515,0.590163,0.447511,1.0,0.21426,0.735488,0.300098,0.714286,0.508047,0.0,0.0,0.0,0.0,0.018907,0.0,0.5,0.0,0.0,1.0,0.0,1.0,0.0,0.0,0.0,0.234948,0.020422,0.0,0.318536,0.0,1.0,0.0,0.0,0.0,0.0,0.0,0.0,0.0,0.0,0.0,0.0,1.0,0.0,0.0,0.0,0.0,0.0,0.0,0.0,0.0,0.0,0.0,0.0,-2.590805,2,0.7686209385451878,-0.80426353,0.5675550555047596,0.36648917246433144,0.16542330432506447,-0.03564259361652489,-0.4377743298950588
Bank,Bank:0:task_1:Mysql02:2021-03-04 14:57:00,Bank:Mysql02:2021-03-04 14:57:00,0,task_1,2021_03_04,Mysql02,mg01,8,0.315338,0,0.125,2.1972245773362196,0.9056603773584906,1.0,0.0,0.0,0.0,3.0,3.0,6.0,0.0,1.0,0.6931471805599453,1.9924365681599885,1.8991540279070094,1.0,0.0,0.90566,0.655311,0.565934,0.489296,0.510704,0.60495,1.0,0.0,1.0,0.090499,0.265883,0.79403,0.549996,0.664391,1.0,0.137181,0.78467,0.832235,0.717965,0.770128,0.561399,0.962764,0.779023,0.821429,0.476428,1.0,0.0,0.5,0.0,0.673049,0.463637,0.5,0.600962,0.0,0.0,1.0,0.213639,1.0,0.0,0.5,0.426815,0.745044,0.45,0.597753,0.0,0.0,1.0,0.0,0.0,0.0,0.0,1.0,0.0,0.0,0.0,0.0,0.0,0.0,0.0,0.0,0.0,0.0,0.0,0.0,0.0,0.0,0.0,0.0,-1.6164801,2,0.6904540871763991,0.6806428,0.8606147830868529,1.0307754789973067,1.2009361600065993,1.3710968708182143,1.7114182328367995
Bank,Bank:0:task_1:Mysql02:2021-03-04 14:57:00,Bank:Mysql02:2021-03-04 14:57:00,0,task_1,2021_03_04,Mysql02,apache01,9,0.288087,0,0.1111111111111111,2.302585092994046,0.9056603773584906,1.0,0.0,0.0,0.0,5.0,0.0,5.0,0.0,1.0,0.6931471805599453,3.013131708419666,0.0,1.0,0.0,0.90566,0.0,1.0,0.0,1.0,0.164549,0.0,1.0,0.2,0.030657,0.0,0.650129,0.83175,0.0,0.2,0.335064,0.522682,0.488947,0.574511,0.979693,0.0,0.735488,0.712038,0.821429,0.408602,0.0,0.0,0.0,0.796567,0.194952,0.0,0.5,0.0,0.0,1.0,0.0,1.0,0.0,0.0,0.0,0.368898,0.065134,0.0,0.516457,0.0,0.0,1.0,0.0,0.0,0.0,0.0,0.0,0.0,1.0,0.0,0.0,0.0,0.0,0.0,0.0,0.0,0.0,0.0,0.0,0.0,0.0,0.0,0.0,-2.0602772,2,0.5912724106549637,0.0042799995,0.5923424105369838,0.5934124104190038,0.5944824104174392,0.595552410183044,0.5976924101799147
Bank,Bank:0:task_1:Mysql02:2021-03-04 14:57:00,Bank:Mysql02:2021-03-04 14:57:00,0,task_1,2021_03_04,Mysql02,redis01,10,0.246071,0,0.1,2.3978952727983707,0.9056603773584906,1.0,0.0,0.0,0.0,4.0,2.0,6.0,0.0,1.0,0.6931471805599453,2.8980969455184793,0.9934936505485188,1.0,0.0,0.90566,0.342809,0.720037,0.383944,0.616056,0.382814,1.0,0.0,1.0,0.100555,0.156598,0.670288,0.799996,0.521338,1.0,0.0,0.70659,0.718316,0.662051,0.966453,0.503476,0.735488,0.500158,0.785714,0.490817,1.0,0.0,0.333333,0.0,0.39514,0.392308,0.5,0.4375,0.0,0.0,1.0,0.073614,1.0,0.0,0.333333,0.544335,0.570025,0.45,0.659701,1.0,0.0,0.0,0.0,0.0,0.0,0.0,0.0,0.0,0.0,0.0,1.0,0.0,0.0,0.0,0.0,0.0,0.0,0.0,0.0,0.0,0.0,0.0,0.0,-1.6136768,2,0.4383526161254192,0.6849151,0.6095813974679256,0.780810178810432,0.9520389750540996,1.1232677414954448,1.46572533398278
Bank,Bank:0:task_1:Mysql02:2021-03-04 14:57:00,Bank:Mysql02:2021-03-04 14:57:00,0,task_1,2021_03_04,Mysql02,ig01,11,0.177852,0,0.09090909090909091,2.4849066497880004,0.9056603773584906,1.0,0.0,0.0,0.0,2.0,4.0,6.0,0.0,1.0,0.6931471805599453,1.9056603773584906,2.8980969455184793,1.0,0.0,0.90566,1.0,0.368627,0.629107,0.370893,1.0,0.910648,0.0,0.666667,0.0,0.344567,0.968685,0.526042,0.760392,0.666667,0.001852,0.845041,0.679824,0.801343,0.715664,0.470767,1.0,0.598904,0.928571,0.320569,1.0,0.0,1.0,1.0,0.870002,0.48401,0.5,0.4375,0.0,0.0,1.0,0.030585,1.0,0.0,1.0,0.411491,0.977005,0.45,0.791979,0.0,0.0,0.0,0.0,1.0,0.0,0.0,0.0,1.0,0.0,0.0,0.0,0.0,0.0,0.0,0.0,0.0,0.0,0.0,0.0,0.0,0.0,0.0,0.0,-1.5906277,2,0.19006540499130345,0.7200428,0.370076111177598,0.5500868173638925,0.7300975533525095,0.9101082297364816,1.2701297017137156
Bank,Bank:0:task_1:Mysql02:2021-03-04 14:57:00,Bank:Mysql02:2021-03-04 14:57:00,0,task_1,2021_03_04,Mysql02,servicetest11,12,0.12685,0,0.08333333333333333,2.5649493574615367,0.047624682205143355,0.07937447034190559,0.0,0.0,0.0,1.0,2.0,3.0,0.0,1.0,0.6931471805599453,0.9056603773584906,0.9655070262145227,1.0,0.0,0.047625,0.333152,0.0,1.0,0.0,0.25444,1.0,0.0,1.0,0.150832,0.156598,0.185591,0.25,0.506652,1.0,0.230961,0.332895,0.772025,0.57103,0.0,0.442723,0.630721,0.523175,0.964286,0.368948,1.0,0.0,0.333333,0.0,0.215303,0.552797,0.5,0.800403,0.0,0.0,1.0,0.119978,1.0,0.0,0.333333,0.453154,0.533485,0.45,0.478762,0.0,1.0,0.0,0.0,0.0,0.0,0.0,0.0,0.0,0.0,0.0,0.0,1.0,0.0,0.0,0.0,0.0,0.0,0.0,0.0,0.0,0.0,0.0,0.0,-2.506962,2,0.004440515411242533,-0.67648375,-0.16468042217458814,-0.33380135976041886,-0.5029223271485719,-0.6720432349320802,-1.0102851697083863
Bank,Bank:0:task_1:Mysql02:2021-03-04 14:57:00,Bank:Mysql02:2021-03-04 14:57:00,0,task_1,2021_03_04,Mysql02,servicetest10,13,0.104051,0,0.07692307692307693,2.639057329615259,0.18111581344300737,0.301859689071679,0.0,0.0,0.0,3.0,3.0,6.0,0.0,1.0,0.6931471805599453,2.811320754716981,2.716981132075472,1.0,0.0,0.181116,0.937505,0.0,1.0,0.0,0.831238,0.906286,0.0,0.666667,0.050277,0.374413,0.584263,0.776042,0.950495,0.666667,0.230961,0.667149,0.742961,0.890894,0.957763,0.484061,0.962764,0.823926,0.892857,0.38778,1.0,0.0,0.833333,0.666667,0.710404,0.586827,0.5,0.579561,0.0,0.0,1.0,0.05121,1.0,0.0,0.833333,0.473986,0.872572,0.45,0.808595,0.0,1.0,0.0,0.0,0.0,0.0,0.0,0.0,0.0,0.0,0.0,0.0,1.0,0.0,0.0,0.0,0.0,0.0,0.0,0.0,0.0,0.0,0.0,0.0,-2.4618106,2,-0.07853783558549887,-0.6076713,-0.23045566569509512,-0.3823734958046914,-0.5342913408154488,-0.6862091560238839,-0.9900448460453988
Bank,Bank:0:task_1:Mysql02:2021-03-04 14:57:00,Bank:Mysql02:2021-03-04 14:57:00,0,task_1,2021_03_04,Mysql02,dockera1,14,0.075945,0,0.07142857142857142,2.70805020110221,0.9056603773584906,1.0,0.0,0.0,0.0,0.0,0.0,0.0,1.0,1.0,0.6931471805599453,0.0,0.0,1.0,0.05,0.90566,0.0,0.382504,0.0,1.0,0.182419,0.0,0.0,0.0,0.150832,0.818182,0.195537,0.0,0.0,0.0,1.0,0.522682,0.527324,0.211842,0.676983,0.216656,0.894134,0.855542,0.0,0.517973,0.0,0.0,0.0,0.0,0.194952,0.0,0.5,0.0,0.0,1.0,0.0,1.0,0.0,0.0,0.0,0.039647,0.072207,0.0,0.070642,0.0,0.0,0.0,0.0,1.0,0.0,0.0,0.0,0.0,0.0,0.0,0.0,0.0,0.0,0.0,0.0,0.0,0.0,0.0,0.0,0.0,0.0,0.0,0.0,-2.6025655,2,-0.18083133675284901,-0.8221869,-0.38637805856891194,-0.5919247803849749,-0.7974714872998766,-1.0030182240171008,-1.4141116378469043
Bank,Bank:0:task_1:Mysql02:2021-03-04 14:57:00,Bank:Mysql02:2021-03-04 14:57:00,0,task_1,2021_03_04,Mysql02,servicetest4,15,0.060766,0,0.06666666666666667,2.772588722239781,0.059846648856032046,0.09974441476005341,0.0,0.0,0.0,2.0,1.0,3.0,0.0,1.0,0.6931471805599453,0.953285059563634,0.9056603773584906,1.0,0.0,0.059847,0.312502,0.0,1.0,0.0,0.241877,1.0,0.0,1.0,0.150832,0.150358,0.177464,0.263146,0.950495,1.0,0.230961,0.587918,0.863667,0.79756,0.067001,0.611255,0.776041,0.750209,0.928571,0.328765,1.0,0.0,0.166667,0.0,0.192706,0.392308,0.5,0.4375,0.0,0.0,1.0,0.133248,1.0,0.0,0.166667,0.541093,0.488616,0.45,0.590721,0.0,1.0,0.0,0.0,0.0,0.0,0.0,0.0,0.0,0.0,0.0,0.0,1.0,0.0,0.0,0.0,0.0,0.0,0.0,0.0,0.0,0.0,0.0,0.0,-2.606386,2,-0.23607623301055936,-0.82800937,-0.4430785747578433,-0.6500809165051272,-0.8570832582524112,-1.0640855999996952,-1.478090283494263
Bank,Bank:0:task_1:Mysql02:2021-03-04 14:57:00,Bank:Mysql02:2021-03-04 14:57:00,0,task_1,2021_03_04,Mysql02,tomcat04,16,0.059526,0,0.0625,2.833213344056216,1.0,1.0,0.37735849056603776,0.0,0.0,1.0,1.0,2.0,0.0,1.0,0.6931471805599453,1.0,0.9056603773584906,1.0,-0.06138888888888889,1.0,0.276395,0.599033,0.181132,0.818868,0.396209,1.0,0.0,0.0,0.104943,0.332176,0.683123,0.276042,0.950495,0.0,0.084301,0.940828,0.496542,1.0,0.039695,0.283325,0.827919,0.66747,0.964286,0.0,0.76892,0.952488,0.166667,0.302754,0.513449,0.650538,0.5,1.0,0.0,0.0,1.0,0.893188,1.0,0.999965,0.166667,1.0,0.641383,0.999981,1.0,0.0,0.0,1.0,0.0,0.0,0.0,1.0,0.0,0.0,0.0,0.0,0.0,0.0,0.0,0.0,0.0,0.0,0.0,0.0,0.0,0.0,0.0,0.0,0.0,-1.5700988,2,-0.24058928863738333,0.7513296,-0.052756888434632165,0.135075511768119,0.32290789706970896,0.5107403121736214,0.8864050827768013
Bank,Bank:0:task_1:Mysql02:2021-03-04 14:57:00,Bank:Mysql02:2021-03-04 14:57:00,0,task_1,2021_03_04,Mysql02,apache02,17,-0.022212,0,0.058823529411764705,2.8903717578961645,0.9056603773584906,1.0,0.0,0.0,0.0,0.0,0.0,0.0,1.0,1.0,0.6931471805599453,0.0,0.0,1.0,0.0,0.90566,0.0,0.382504,0.0,1.0,0.182419,0.0,0.0,0.0,0.150832,0.818182,0.195537,0.0,0.0,0.0,0.23073,0.522682,0.171863,0.211842,0.676983,0.216656,0.894134,0.507439,0.0,0.286169,0.0,0.0,0.0,0.0,0.194952,0.0,0.5,0.0,0.0,1.0,0.0,1.0,0.0,0.0,0.0,0.039647,0.072207,0.0,0.070642,0.0,0.0,1.0,0.0,0.0,0.0,0.0,0.0,0.0,1.0,0.0,0.0,0.0,0.0,0.0,0.0,0.0,0.0,0.0,0.0,0.0,0.0,0.0,0.0,-2.3367844,2,-0.5380797247868484,-0.41712683,-0.6423614333849853,-0.7466431419831222,-0.8509248356800979,-0.955206559179396,-1.1637699465733475
Bank,Bank:0:task_1:Mysql02:2021-03-04 14:57:00,Bank:Mysql02:2021-03-04 14:57:00,0,task_1,2021_03_04,Mysql02,mg02,18,-0.050553,0,0.05555555555555555,2.9444389791664403,0.9056603773584906,1.0,0.0,0.0,0.0,0.0,0.0,0.0,1.0,1.0,0.6931471805599453,0.0,0.0,1.0,0.0,0.90566,0.0,0.382504,0.0,1.0,0.182419,0.0,0.0,0.0,0.150832,0.818182,0.195537,0.0,0.0,0.0,0.090444,0.522682,0.099815,0.211842,0.676983,0.216656,0.894134,0.316484,0.0,0.232396,0.0,0.0,0.0,0.0,0.194952,0.0,0.5,0.0,0.0,1.0,0.0,1.0,0.0,0.0,0.0,0.039647,0.072207,0.0,0.070642,0.0,0.0,1.0,0.0,0.0,0.0,0.0,1.0,0.0,0.0,0.0,0.0,0.0,0.0,0.0,0.0,0.0,0.0,0.0,0.0,0.0,0.0,0.0,0.0,-1.7348381,2,-0.6412285227867014,0.5002609,-0.5161633004041559,-0.39109807802161045,-0.2660328407379038,-0.1409676332565195,0.10916284131089382
Bank,Bank:0:task_1:Mysql02:2021-03-04 14:57:00,Bank:Mysql02:2021-03-04 14:57:00,0,task_1,2021_03_04,Mysql02,dockerb1,19,-0.054796,0,0.05263157894736842,2.995732273553991,0.9056603773584906,1.0,0.0,0.0,0.0,0.0,0.0,0.0,1.0,1.0,0.6931471805599453,0.0,0.0,1.0,0.06666666666666667,0.90566,0.0,0.382504,0.0,1.0,0.182419,0.0,0.0,0.0,0.150832,0.818182,0.195537,0.0,0.0,0.0,0.070745,0.522682,0.089516,0.211842,0.676983,0.216656,0.894134,0.286464,0.0,0.224555,0.0,0.0,0.0,0.0,0.194952,0.0,0.5,0.0,0.0,1.0,0.0,1.0,0.0,0.0,0.0,0.039647,0.072207,0.0,0.070642,1.0,0.0,0.0,0.0,0.0,0.0,0.0,0.0,0.0,0.0,0.0,0.0,0.0,0.0,0.0,0.0,0.0,0.0,0.0,0.0,0.0,0.0,0.0,0.0,-2.0006192,2,-0.656671180064616,0.095201015,-0.632870926196513,-0.60907067232841,-0.5852704184603069,-0.5614701645922039,-0.5138696568559978
Bank,Bank:0:task_1:Mysql02:2021-03-04 14:57:00,Bank:Mysql02:2021-03-04 14:57:00,0,task_1,2021_03_04,Mysql02,dockera2,20,-0.115087,0,0.05,3.044522437723423,0.0,0.0,0.0,0.0,0.0,0.0,0.0,0.0,1.0,1.0,0.6931471805599453,0.0,0.0,1.0,0.0,0.0,0.0,0.382504,0.0,1.0,0.0,0.0,0.0,0.0,0.150832,0.636364,0.01896,0.0,0.0,0.0,0.230961,0.0,0.0,0.211842,0.676983,0.09848,0.894134,0.0,0.0,0.15497,0.0,0.0,0.0,0.0,0.0,0.0,0.5,0.0,0.0,1.0,0.0,1.0,0.0,0.0,0.0,0.0,0.0,0.0,0.0,0.0,1.0,0.0,0.0,0.0,0.0,0.0,0.0,0.0,0.0,0.0,0.0,0.0,0.0,0.0,0.0,0.0,0.0,0.0,0.0,0.0,0.0,0.0,0.0,-2.6025655,2,-0.8761039516749733,-0.8221869,-1.0816506734910363,-1.2871973953070992,-1.492744102222001,-1.698290838939225,-2.1093842527690283
Bank,Bank:0:task_1:Mysql02:2021-03-04 14:57:00,Bank:Mysql02:2021-03-04 14:57:00,0,task_1,2021_03_04,Mysql02,dockerb2,21,-0.115087,0,0.047619047619047616,3.091042453358316,0.0,0.0,0.0,0.0,0.0,0.0,0.0,0.0,1.0,1.0,0.6931471805599453,0.0,0.0,1.0,0.0,0.0,0.0,0.382504,0.0,1.0,0.0,0.0,0.0,0.0,0.150832,0.636364,0.01896,0.0,0.0,0.0,0.230961,0.0,0.0,0.211842,0.676983,0.09848,0.894134,0.0,0.0,0.15497,0.0,0.0,0.0,0.0,0.0,0.0,0.5,0.0,0.0,1.0,0.0,1.0,0.0,0.0,0.0,0.0,0.0,0.0,0.0,0.0,1.0,0.0,0.0,0.0,0.0,0.0,0.0,0.0,0.0,0.0,0.0,0.0,0.0,0.0,0.0,0.0,0.0,0.0,0.0,0.0,0.0,0.0,0.0,-2.6025655,2,-0.8761039516749733,-0.8221869,-1.0816506734910363,-1.2871973953070992,-1.492744102222001,-1.698290838939225,-2.1093842527690283
Bank,Bank:0:task_1:Mysql02:2021-03-04 14:57:00,Bank:Mysql02:2021-03-04 14:57:00,0,task_1,2021_03_04,Mysql02,tomcat03,22,-0.115293,0,0.045454545454545456,3.1354942159291497,1.0,1.0,0.37735849056603776,0.0,0.0,0.0,0.0,0.0,1.0,1.0,0.6931471805599453,0.0,0.0,1.0,-0.05138888888888889,1.0,0.0,0.382504,0.0,1.0,0.19731,0.0,0.0,0.0,0.150832,1.0,0.187939,0.0,0.0,0.0,0.012361,0.522682,0.058805,0.211842,0.676983,0.216656,0.894134,0.194183,0.0,0.201021,0.0,0.0,0.0,0.0,0.21526,0.0,0.5,0.0,0.0,1.0,0.0,1.0,0.0,0.0,0.0,0.09023,0.078102,0.0,0.141284,1.0,0.0,0.0,0.0,0.0,0.0,1.0,0.0,0.0,0.0,0.0,0.0,0.0,0.0,0.0,0.0,0.0,0.0,0.0,0.0,0.0,0.0,0.0,0.0,-1.9215221,2,-0.8768537012387845,0.21574774,-0.822916765277538,-0.7689798293162915,-0.7150428859044644,-0.6611059573937985,-0.5532320705701443
Bank,Bank:0:task_1:Mysql02:2021-03-04 14:57:00,Bank:Mysql02:2021-03-04 14:57:00,0,task_1,2021_03_04,Mysql02,servicetest3,23,-0.117662,0,0.043478260869565216,3.1780538303479458,0.24070187702157647,0.40116979503596084,0.0,0.0,0.0,0.0,0.0,0.0,1.0,1.0,0.6931471805599453,0.0,0.0,1.0,0.0,0.240702,0.0,0.382504,0.0,1.0,0.077456,0.0,0.0,0.0,0.150832,0.818182,0.046356,0.0,0.0,0.0,0.230961,0.209684,0.068543,0.211842,0.676983,0.145889,0.894134,0.195738,0.0,0.206921,0.0,0.0,0.0,0.0,0.051813,0.0,0.5,0.0,0.0,1.0,0.0,1.0,0.0,0.0,0.0,0.047493,0.03066,0.0,0.070642,0.0,1.0,0.0,0.0,0.0,0.0,0.0,0.0,0.0,0.0,0.0,0.0,1.0,0.0,0.0,0.0,0.0,0.0,0.0,0.0,0.0,0.0,0.0,0.0,-2.6025655,2,-0.8854758212226117,-0.8221869,-1.0910225430386746,-1.2965692648547376,-1.5021159717696393,-1.7076627084868634,-2.118756122316667
Bank,Bank:0:task_1:Mysql02:2021-03-04 14:57:00,Bank:Mysql02:2021-03-04 14:57:00,0,task_1,2021_03_04,Mysql02,servicetest1,24,-0.140834,0,0.041666666666666664,3.2188758248682006,0.1243497440902598,0.20724957348376635,0.0,0.0,0.0,0.0,0.0,0.0,1.0,1.0,0.6931471805599453,0.0,0.0,1.0,0.0,0.12435,0.0,0.382504,0.0,1.0,0.05909,0.0,0.0,0.0,0.150832,0.818182,0.020252,0.0,0.0,0.0,0.230961,0.108326,0.035331,0.211842,0.676983,0.122972,0.894134,0.09973,0.0,0.181683,0.0,0.0,0.0,0.0,0.026768,0.0,0.5,0.0,0.0,1.0,0.0,1.0,0.0,0.0,0.0,0.048866,0.02339,0.0,0.070642,0.0,1.0,0.0,0.0,0.0,0.0,0.0,0.0,0.0,0.0,0.0,0.0,1.0,0.0,0.0,0.0,0.0,0.0,0.0,0.0,0.0,0.0,0.0,0.0,-2.6025655,2,-0.9698117284683897,-0.8221869,-1.1753584502844525,-1.3809051721005154,-1.5864518790154172,-1.7919986157326413,-2.2030920295624448
Bank,Bank:0:task_1:Mysql02:2021-03-04 14:57:00,Bank:Mysql02:2021-03-04 14:57:00,0,task_1,2021_03_04,Mysql02,servicetest8,25,-0.14873,0,0.04,3.258096538021482,0.08445518853895705,0.14075864756492842,0.0,0.0,0.0,0.0,0.0,0.0,1.0,1.0,0.6931471805599453,0.0,0.0,1.0,0.0,0.084455,0.0,0.382504,0.0,1.0,0.052793,0.0,0.0,0.0,0.150832,0.818182,0.011302,0.0,0.0,0.0,0.230961,0.073572,0.023978,0.211842,0.676983,0.115114,0.894134,0.067408,0.0,0.173083,0.0,0.0,0.0,0.0,0.01818,0.0,0.5,0.0,0.0,1.0,0.0,1.0,0.0,0.0,0.0,0.049336,0.020897,0.0,0.070642,0.0,1.0,0.0,0.0,0.0,0.0,0.0,0.0,0.0,0.0,0.0,0.0,1.0,0.0,0.0,0.0,0.0,0.0,0.0,0.0,0.0,0.0,0.0,0.0,-2.6025655,2,-0.9985497020404881,-0.8221869,-1.204096423856551,-1.409643145672614,-1.6151898525875157,-1.8207365893047398,-2.2318300031345433
Bank,Bank:0:task_1:Mysql02:2021-03-04 14:57:00,Bank:Mysql02:2021-03-04 14:57:00,0,task_1,2021_03_04,Mysql02,servicetest9,26,-0.1526,0,0.038461538461538464,3.295836866004329,0.06485396402169821,0.10808994003616369,0.0,0.0,0.0,0.0,0.0,0.0,1.0,1.0,0.6931471805599453,0.0,0.0,1.0,0.0,0.064854,0.0,0.382504,0.0,1.0,0.049699,0.0,0.0,0.0,0.150832,0.818182,0.006905,0.0,0.0,0.0,0.230961,0.056497,0.018406,0.211842,0.676983,0.111254,0.894134,0.051639,0.0,0.168868,0.0,0.0,0.0,0.0,0.01396,0.0,0.5,0.0,0.0,1.0,0.0,1.0,0.0,0.0,0.0,0.049568,0.019672,0.0,0.070642,0.0,1.0,0.0,0.0,0.0,0.0,0.0,0.0,0.0,0.0,0.0,0.0,1.0,0.0,0.0,0.0,0.0,0.0,0.0,0.0,0.0,0.0,0.0,0.0,-2.6025655,2,-1.0126348030693662,-0.8221869,-1.218181524885429,-1.423728246701492,-1.6292749536163937,-1.8348216903336179,-2.245915104163421
Bank,Bank:0:task_1:Mysql02:2021-03-04 14:57:00,Bank:Mysql02:2021-03-04 14:57:00,0,task_1,2021_03_04,Mysql02,servicetest7,27,-0.15715,0,0.037037037037037035,3.332204510175204,0.04177109152626319,0.06961848587710531,0.0,0.0,0.0,0.0,0.0,0.0,1.0,1.0,0.6931471805599453,0.0,0.0,1.0,0.0,0.041771,0.0,0.382504,0.0,1.0,0.046055,0.0,0.0,0.0,0.150832,0.818182,0.001726,0.0,0.0,0.0,0.230961,0.036388,0.011849,0.211842,0.676983,0.106707,0.894134,0.033166,0.0,0.163913,0.0,0.0,0.0,0.0,0.008992,0.0,0.5,0.0,0.0,1.0,0.0,1.0,0.0,0.0,0.0,0.04984,0.01823,0.0,0.070642,0.0,1.0,0.0,0.0,0.0,0.0,0.0,0.0,0.0,0.0,0.0,0.0,1.0,0.0,0.0,0.0,0.0,0.0,0.0,0.0,0.0,0.0,0.0,0.0,-2.6025655,2,-1.0291948055710187,-0.8221869,-1.2347415273870816,-1.4402882492031446,-1.6458349561180463,-1.8513816928352704,-2.262475106665074
Bank,Bank:0:task_1:Mysql02:2021-03-04 14:57:00,Bank:Mysql02:2021-03-04 14:57:00,0,task_1,2021_03_04,Mysql02,servicetest2,28,-0.157747,0,0.03571428571428571,3.367295829986474,0.03874034438594977,0.06456724064324962,0.0,0.0,0.0,0.0,0.0,0.0,1.0,1.0,0.6931471805599453,0.0,0.0,1.0,0.0,0.03874,0.0,0.382504,0.0,1.0,0.045577,0.0,0.0,0.0,0.150832,0.818182,0.001046,0.0,0.0,0.0,0.230961,0.033748,0.010989,0.211842,0.676983,0.10611,0.894134,0.030748,0.0,0.163263,0.0,0.0,0.0,0.0,0.008339,0.0,0.5,0.0,0.0,1.0,0.0,1.0,0.0,0.0,0.0,0.049876,0.018041,0.0,0.070642,0.0,1.0,0.0,0.0,0.0,0.0,0.0,0.0,0.0,0.0,0.0,0.0,1.0,0.0,0.0,0.0,0.0,0.0,0.0,0.0,0.0,0.0,0.0,0.0,-2.6025655,2,-1.031367623481675,-0.8221869,-1.236914345297738,-1.442461067113801,-1.6480077740287027,-1.8535545107459268,-2.2646479245757303
Bank,Bank:0:task_1:Mysql02:2021-03-04 14:57:00,Bank:Mysql02:2021-03-04 14:57:00,0,task_1,2021_03_04,Mysql02,servicetest6,29,-0.158665,0,0.034482758620689655,3.4011973816621555,0.03407669055002228,0.05679448425003713,0.0,0.0,0.0,0.0,0.0,0.0,1.0,1.0,0.6931471805599453,0.0,0.0,1.0,0.0,0.034077,0.0,0.382504,0.0,1.0,0.044841,0.0,0.0,0.0,0.150832,0.818182,0.0,0.0,0.0,0.0,0.230961,0.029685,0.009665,0.211842,0.676983,0.105192,0.894134,0.027031,0.0,0.162263,0.0,0.0,0.0,0.0,0.007335,0.0,0.5,0.0,0.0,1.0,0.0,1.0,0.0,0.0,0.0,0.049931,0.017749,0.0,0.070642,0.0,1.0,0.0,0.0,0.0,0.0,0.0,0.0,0.0,0.0,0.0,0.0,1.0,0.0,0.0,0.0,0.0,0.0,0.0,0.0,0.0,0.0,0.0,0.0,-2.6025655,2,-1.0347087404699205,-0.8221869,-1.2402554622859834,-1.4458021841020463,-1.651348891016948,-1.8568956277341722,-2.2679890415639754
Bank,Bank:4:task_6:Tomcat04:2021-03-06 00:53:00,Bank:Tomcat04:2021-03-06 00:53:00,4,task_6,2021_03_06,Tomcat04,ig02,1,0.573427,0,1.0,0.6931471805599453,0.9056603773584906,1.0,0.0,0.0,0.0,0.0,6.0,6.0,0.0,1.0,0.6931471805599453,0.0,4.936721456329277,1.0,0.0,0.90566,0.767736,0.0,1.0,0.0,1.0,0.783084,1.0,1.0,1.0,0.618632,1.0,0.0,0.884421,1.0,0.520645,0.922631,0.996645,0.01345,0.92548,1.0,0.687214,0.771671,1.0,1.0,0.776518,0.0,1.0,0.0,1.0,0.195365,1.0,1.0,0.0,0.0,1.0,0.264893,1.0,0.0,1.0,0.321028,1.0,0.45,0.460935,0.0,0.0,1.0,0.0,0.0,0.0,0.0,0.0,1.0,0.0,0.0,0.0,0.0,0.0,0.0,0.0,0.0,0.0,0.0,0.0,0.0,0.0,0.0,0.0,-1.0786263,2,2.859028535838983,1.0211711,3.114321309085748,3.369614082332513,3.6249068555792783,3.8801996288260434,4.390785175319573
Bank,Bank:4:task_6:Tomcat04:2021-03-06 00:53:00,Bank:Tomcat04:2021-03-06 00:53:00,4,task_6,2021_03_06,Tomcat04,mysql02,2,0.360713,0,0.5,1.0986122886681096,0.9056603773584906,1.0,0.0,0.0,0.0,1.0,2.0,3.0,0.0,1.0,0.6931471805599453,0.676205273142004,0.8407239477868438,1.0,0.0,0.90566,0.130746,0.577728,0.324905,0.675095,0.13992,1.0,0.288564,1.0,0.0,0.191397,0.358741,0.084038,0.451851,1.0,1.0,0.727682,0.789568,0.398213,0.87577,0.572075,0.0,0.842562,0.392857,0.695725,1.0,0.0,0.197044,0.0,0.173035,0.121261,0.0,0.6875,0.0,0.0,1.0,0.295918,1.0,0.0,0.333333,0.440654,0.555498,0.45,0.418082,0.0,0.0,0.0,1.0,0.0,0.0,0.0,0.0,0.0,0.0,1.0,0.0,0.0,0.0,0.0,0.0,0.0,0.0,0.0,0.0,0.0,0.0,0.0,0.0,-1.8846971,2,1.707597169179527,-0.06297097,1.6918544257917087,1.6761116824038904,1.660368937153427,1.6446261956282537,1.6131407051273268
Bank,Bank:4:task_6:Tomcat04:2021-03-06 00:53:00,Bank:Tomcat04:2021-03-06 00:53:00,4,task_6,2021_03_06,Tomcat04,servicetest6,3,0.289546,0,0.3333333333333333,1.3862943611198906,0.16533192323675067,0.27555320539458444,0.0,0.0,0.0,2.0,0.0,2.0,0.0,1.0,0.6931471805599453,1.5810524019085839,0.0,1.0,0.0,0.165332,0.0,0.977277,0.0,1.0,0.023623,0.0,0.780458,1.0,0.001902,0.0,0.223417,0.196491,0.0,1.0,0.839978,0.141241,0.507637,0.396303,0.851671,0.15422,0.533487,0.31229,0.321429,0.307415,0.0,0.0,0.0,0.0,0.013666,0.0,0.0,0.0,0.0,1.0,0.0,1.0,0.0,0.0,0.0,0.211928,0.010258,0.0,0.268806,0.0,1.0,0.0,0.0,0.0,0.0,0.0,0.0,0.0,0.0,0.0,0.0,1.0,0.0,0.0,0.0,0.0,0.0,0.0,0.0,0.0,0.0,0.0,0.0,-2.5177753,2,1.3223666903626488,-0.914443,1.0937559363495872,0.8651451823365257,0.6365344283234642,0.40792367431040266,-0.049297833715720385
Bank,Bank:4:task_6:Tomcat04:2021-03-06 00:53:00,Bank:Tomcat04:2021-03-06 00:53:00,4,task_6,2021_03_06,Tomcat04,apache02,4,0.289126,0,0.25,1.6094379124341003,0.9056603773584906,1.0,0.0,0.0,0.0,5.0,1.0,6.0,0.0,1.0,0.6931471805599453,4.031061078970787,0.9056603773584906,1.0,0.0,0.90566,0.140844,0.0,1.0,0.0,0.620822,0.685409,0.0,1.0,0.022824,0.183771,0.464352,0.500975,0.973503,1.0,0.535299,0.922631,0.902079,0.81281,0.762973,0.681124,0.670622,0.778957,0.821429,0.464809,0.643175,0.0,0.985222,0.0,0.845342,1.0,0.0,0.914966,0.0,0.0,1.0,0.079999,1.0,0.0,1.0,0.49895,0.678544,0.45,0.578609,0.0,0.0,1.0,0.0,0.0,0.0,0.0,0.0,0.0,1.0,0.0,0.0,0.0,0.0,0.0,0.0,0.0,0.0,0.0,0.0,0.0,0.0,0.0,0.0,-2.300672,2,1.3200932096608755,-0.62244534,1.1644818734296438,1.0088705371984121,0.8532592009671804,0.6976478647359488,0.3864251922734854
Bank,Bank:4:task_6:Tomcat04:2021-03-06 00:53:00,Bank:Tomcat04:2021-03-06 00:53:00,4,task_6,2021_03_06,Tomcat04,servicetest2,5,0.259927,0,0.2,1.791759469228055,0.6753920245500932,1.0,0.0,0.0,0.0,1.0,1.0,2.0,0.0,1.0,0.6931471805599453,0.9056603773584906,0.16533192323675067,1.0,0.0,0.675392,0.025712,0.691362,0.171356,0.828644,0.065878,1.0,0.0,1.0,0.0,0.021931,0.275593,0.112554,0.177717,1.0,0.839978,0.532732,0.661721,0.418636,0.88998,0.350728,0.378053,0.61932,0.357143,0.49206,1.0,0.0,0.098522,0.0,0.08259,0.161681,0.0,1.0,0.0,0.0,1.0,0.218696,1.0,0.0,0.166667,0.541122,0.468742,0.45,0.5274,0.0,1.0,0.0,0.0,0.0,0.0,0.0,0.0,0.0,0.0,0.0,0.0,1.0,0.0,0.0,0.0,0.0,0.0,0.0,0.0,0.0,0.0,0.0,0.0,-2.3937423,2,1.162037583444033,-0.7476222,0.9751320354675392,0.7882264874910454,0.6013209544157128,0.41441539153805773,0.04060432538739245
Bank,Bank:4:task_6:Tomcat04:2021-03-06 00:53:00,Bank:Tomcat04:2021-03-06 00:53:00,4,task_6,2021_03_06,Tomcat04,mysql01,6,0.253762,0,0.16666666666666666,1.9459101490553132,0.9056603773584906,1.0,0.0,0.0,0.0,1.0,5.0,6.0,0.0,1.0,0.6931471805599453,0.9056603773584906,4.031061078970787,1.0,0.0,0.90566,0.626892,0.0,1.0,0.0,0.914846,0.766818,0.0,1.0,0.022824,0.587482,0.805656,0.112554,0.866605,1.0,0.859893,0.922631,1.0,0.653565,0.704571,0.679348,0.804147,0.937613,0.964286,0.637765,0.758466,0.0,1.0,0.0,0.54027,0.13285,0.0,0.571449,0.0,0.0,1.0,0.210512,1.0,0.0,1.0,0.371038,0.932461,0.45,0.512371,0.0,0.0,0.0,1.0,0.0,0.0,0.0,0.0,0.0,0.0,1.0,0.0,0.0,0.0,0.0,0.0,0.0,0.0,0.0,0.0,0.0,0.0,0.0,0.0,-1.7832354,2,1.1286661345715772,0.07349203,1.1470391415263663,1.1654121484811555,1.1837851572985898,1.2021581623907338,1.2389041800256024
Bank,Bank:4:task_6:Tomcat04:2021-03-06 00:53:00,Bank:Tomcat04:2021-03-06 00:53:00,4,task_6,2021_03_06,Tomcat04,servicetest1,7,0.164311,0,0.14285714285714285,2.0794415416798357,0.6395960064406868,1.0,0.0,0.0,0.0,3.0,3.0,6.0,0.0,1.0,0.6931471805599453,2.716981132075472,2.485804695171609,1.0,0.0,0.639596,0.386581,0.0,1.0,0.0,0.75242,0.732607,0.0,1.0,0.022824,0.457615,0.590782,0.337663,0.890672,1.0,0.839978,0.922631,0.972605,0.750463,0.134422,0.654331,0.870682,0.928067,0.892857,0.518226,0.711928,0.0,1.0,0.0,0.491224,0.209486,0.0,0.766398,0.0,0.0,1.0,0.015886,1.0,0.0,1.0,0.495945,0.764757,0.45,0.627126,0.0,1.0,0.0,0.0,0.0,0.0,0.0,0.0,0.0,0.0,0.0,0.0,1.0,0.0,0.0,0.0,0.0,0.0,0.0,0.0,0.0,0.0,0.0,0.0,-2.5741203,2,0.6444634625375083,-0.9902254,0.3969071188628486,0.14935077518818884,-0.09820558338763208,-0.3457619121611306,-0.8408746293127725
Bank,Bank:4:task_6:Tomcat04:2021-03-06 00:53:00,Bank:Tomcat04:2021-03-06 00:53:00,4,task_6,2021_03_06,Tomcat04,servicetest10,8,0.163436,0,0.125,2.1972245773362196,0.6744839404546279,1.0,0.0,0.0,0.0,4.0,2.0,6.0,0.0,1.0,0.6931471805599453,3.3565771385161587,1.8113207547169812,1.0,0.0,0.674484,0.281688,0.0,1.0,0.0,0.691192,0.714311,0.0,1.0,0.022824,0.340577,0.524675,0.417151,0.973503,1.0,0.839978,0.922631,0.966428,0.804378,0.413859,0.681124,0.786301,0.928067,0.857143,0.509316,0.681216,0.0,1.0,0.0,0.424594,0.254175,0.0,0.665203,0.0,0.0,1.0,0.076277,1.0,0.0,1.0,0.520169,0.73782,0.45,0.650919,0.0,1.0,0.0,0.0,0.0,0.0,0.0,0.0,0.0,0.0,0.0,0.0,1.0,0.0,0.0,0.0,0.0,0.0,0.0,0.0,0.0,0.0,0.0,0.0,-2.5779824,2,0.6397270444088142,-0.99541986,0.39087207943727187,0.1420171144657295,-0.10683782070349046,-0.3556928154773552,-0.8534026858157951
Bank,Bank:4:task_6:Tomcat04:2021-03-06 00:53:00,Bank:Tomcat04:2021-03-06 00:53:00,4,task_6,2021_03_06,Tomcat04,redis01,9,0.163302,0,0.1111111111111111,2.302585092994046,0.9056603773584906,1.0,0.0,0.0,0.0,2.0,4.0,6.0,0.0,1.0,0.6931471805599453,1.8113207547169812,3.1254007016122958,1.0,0.0,0.90566,0.486048,0.0,1.0,0.0,0.829675,0.747915,0.0,1.0,0.022824,0.536923,0.702124,0.225109,0.839881,1.0,0.320354,0.922631,0.887626,0.714142,0.273747,0.637902,0.925927,0.671429,0.928571,0.43363,0.737242,0.0,1.0,0.0,0.929895,0.274859,0.455786,0.954504,0.0,0.0,1.0,0.0,1.0,0.0,1.0,0.500212,0.810039,0.45,0.664459,0.0,0.0,1.0,0.0,0.0,0.0,0.0,0.0,0.0,0.0,0.0,1.0,0.0,0.0,0.0,0.0,0.0,0.0,0.0,0.0,0.0,0.0,0.0,0.0,-2.2844644,2,0.6390016958039628,-0.6006465,0.48884007184918987,0.3386784478944169,0.18851682393964397,0.038355199984871025,-0.2619680479246749
Bank,Bank:4:task_6:Tomcat04:2021-03-06 00:53:00,Bank:Tomcat04:2021-03-06 00:53:00,4,task_6,2021_03_06,Tomcat04,ig01,10,0.143328,0,0.1,2.3978952727983707,0.9056603773584906,1.0,0.0,0.0,0.0,6.0,9.0,15.0,0.0,1.0,0.6931471805599453,4.936721456329277,8.046431303055833,1.0,0.0,0.90566,1.0,0.316875,0.785542,0.214458,0.812566,0.972867,0.384106,0.733333,0.022824,0.65576,0.9816,0.613529,0.961021,0.733333,0.78617,0.97421,0.845561,0.877347,0.946749,0.567458,1.0,0.955393,0.785714,0.358871,0.628659,0.0,0.985222,0.0,0.882324,0.117983,0.600671,0.865745,0.0,0.0,1.0,0.158803,1.0,0.0,1.0,0.593818,0.778619,0.45,0.804834,0.0,0.0,1.0,0.0,0.0,0.0,0.0,0.0,1.0,0.0,0.0,0.0,0.0,0.0,0.0,0.0,0.0,0.0,0.0,0.0,0.0,0.0,0.0,0.0,-2.3825235,2,0.5308814492867804,-0.7325333,0.3477481302665091,0.16461481124623778,-0.018518522675194715,-0.20165182679430482,-0.5679184946371698
Bank,Bank:4:task_6:Tomcat04:2021-03-06 00:53:00,Bank:Tomcat04:2021-03-06 00:53:00,4,task_6,2021_03_06,Tomcat04,tomcat02,11,0.115548,0,0.09090909090909091,2.4849066497880004,1.0,1.0,0.37735849056603776,0.0,0.0,6.0,4.0,10.0,0.0,1.0,0.6931471805599453,5.046431303055833,3.5818656505004944,1.0,-0.025277777777777777,1.0,0.529574,1.0,0.195395,0.804605,0.429474,0.929364,0.0,1.0,0.068462,0.759146,0.690777,0.627164,0.962545,1.0,0.193494,0.980658,0.7885,0.865817,0.956646,0.693324,0.925927,0.643714,0.571429,0.291809,0.901402,1.0,0.492611,0.0,0.559227,0.155159,0.0,0.860752,0.0,0.0,1.0,0.833691,1.0,1.0,1.0,0.897759,0.881831,1.0,0.99675,0.0,0.0,1.0,0.0,0.0,0.0,1.0,0.0,0.0,0.0,0.0,0.0,0.0,0.0,0.0,0.0,0.0,0.0,0.0,0.0,0.0,0.0,0.0,0.0,-0.408892,2,0.3805069400123571,1.9219444,0.8609930349639867,1.3414791299156164,1.8219651652626012,2.302451319818876,3.2634233905128456
Bank,Bank:4:task_6:Tomcat04:2021-03-06 00:53:00,Bank:Tomcat04:2021-03-06 00:53:00,4,task_6,2021_03_06,Tomcat04,mg02,12,0.084047,0,0.08333333333333333,2.5649493574615367,0.9056603773584906,1.0,0.0,0.0,0.0,1.0,9.0,10.0,0.0,1.0,0.6931471805599453,0.9056603773584906,7.816976198839346,1.0,0.0,0.90566,0.964316,0.20362,0.77293,0.22707,0.820926,0.96366,0.0,0.6,0.022824,0.65576,0.948811,0.112554,0.933616,0.6,0.540141,0.97421,0.739994,0.835391,0.670238,0.529583,0.844565,0.821756,0.75,0.27785,0.628659,0.0,0.985222,0.0,0.797655,0.106119,0.600671,0.818396,0.0,0.0,1.0,0.089722,1.0,0.0,1.0,0.529601,0.758917,0.45,0.680841,0.0,0.0,1.0,0.0,0.0,0.0,0.0,1.0,0.0,0.0,0.0,0.0,0.0,0.0,0.0,0.0,0.0,0.0,0.0,0.0,0.0,0.0,0.0,0.0,-2.394284,2,0.20999047433008175,-0.74835074,0.022902789460315515,-0.16418489540945072,-0.3512726100815393,-0.5383602651489832,-0.9125356944931604
Bank,Bank:4:task_6:Tomcat04:2021-03-06 00:53:00,Bank:Tomcat04:2021-03-06 00:53:00,4,task_6,2021_03_06,Tomcat04,redis02,13,-0.013068,0,0.07692307692307693,2.639057329615259,0.9056603773584906,1.0,0.0,0.0,0.0,2.0,8.0,10.0,0.0,1.0,0.6931471805599453,1.8113207547169812,6.911315821480856,1.0,0.0,0.90566,0.823472,0.25191,0.782046,0.217954,0.735903,0.95945,0.0,0.6,0.022824,0.648894,0.844383,0.225109,0.92863,0.6,0.701012,0.980658,0.756083,0.907904,0.133064,0.496919,0.996548,0.912081,0.714286,0.211978,0.586556,0.0,0.8867,0.0,0.682747,0.101239,0.675755,0.774373,0.0,0.0,1.0,0.03586,1.0,0.0,1.0,0.621086,0.646842,0.45,0.758013,0.0,0.0,1.0,0.0,0.0,0.0,0.0,0.0,0.0,0.0,0.0,1.0,0.0,0.0,0.0,0.0,0.0,0.0,0.0,0.0,0.0,0.0,0.0,0.0,-2.3166897,2,-0.3156978074620571,-0.64398867,-0.4766949746917095,-0.6376921419213619,-0.7986893240521755,-0.9596864763806667,-1.281680840642294
Bank,Bank:4:task_6:Tomcat04:2021-03-06 00:53:00,Bank:Tomcat04:2021-03-06 00:53:00,4,task_6,2021_03_06,Tomcat04,tomcat01,14,-0.044132,0,0.07142857142857142,2.70805020110221,1.0,1.0,0.37735849056603776,0.0,0.0,5.0,5.0,10.0,0.0,1.0,0.6931471805599453,4.046431303055833,4.581865650500495,1.0,-0.01611111111111111,1.0,0.569911,0.851185,0.356316,0.643684,0.523313,0.942236,0.0,0.8,0.053809,0.809704,0.721663,0.502885,0.985018,0.8,0.168928,0.992263,0.717894,0.916944,0.761748,0.611024,0.959582,0.64342,0.607143,0.183206,0.636362,0.537264,0.591133,0.0,0.576753,0.128569,0.0,0.862499,0.0,0.0,1.0,0.601012,1.0,0.992387,1.0,1.0,0.693482,0.995813,0.982189,0.0,0.0,1.0,0.0,0.0,0.0,1.0,0.0,0.0,0.0,0.0,0.0,0.0,0.0,0.0,0.0,0.0,0.0,0.0,0.0,0.0,0.0,0.0,0.0,-0.51296127,2,-0.48384877060463033,1.7819743,-0.03835519169380269,0.40713838721702494,0.8526319661278525,1.2981255450386802,2.1891127028603354
Bank,Bank:4:task_6:Tomcat04:2021-03-06 00:53:00,Bank:Tomcat04:2021-03-06 00:53:00,4,task_6,2021_03_06,Tomcat04,servicetest3,15,-0.050449,0,0.06666666666666667,2.772588722239781,0.676205273142004,1.0,0.0,0.0,0.0,9.0,1.0,10.0,0.0,1.0,0.6931471805599453,8.046431303055833,0.9056603773584906,1.0,0.0,0.676205,0.140844,0.0,1.0,0.0,0.165478,0.831507,0.384106,0.6,0.007132,0.183771,0.212476,1.0,0.973503,0.6,0.839978,0.922631,0.682941,1.0,0.999983,0.495689,0.670622,0.937164,0.428571,0.187497,1.0,0.0,0.295567,0.777778,0.233503,0.327405,0.0,0.884259,0.0,0.0,1.0,0.182648,1.0,0.0,0.5,0.734285,0.556862,0.45,0.876552,0.0,1.0,0.0,0.0,0.0,0.0,0.0,0.0,0.0,0.0,0.0,0.0,1.0,0.0,0.0,0.0,0.0,0.0,0.0,0.0,0.0,0.0,0.0,0.0,-2.5386834,2,-0.5180430029691563,-0.94256383,-0.753683960920702,-0.9893249188722477,-1.2249658917249546,-1.4606068347753391,-1.931888780480753
Bank,Bank:4:task_6:Tomcat04:2021-03-06 00:53:00,Bank:Tomcat04:2021-03-06 00:53:00,4,task_6,2021_03_06,Tomcat04,servicetest8,16,-0.0654,0,0.0625,2.833213344056216,0.6614753522148713,1.0,0.0,0.0,0.0,0.0,0.0,0.0,1.0,1.0,0.6931471805599453,0.0,0.0,1.0,0.0,0.661475,0.0,0.43701,0.0,1.0,0.054557,0.0,0.0,0.0,0.022824,1.0,0.068151,0.0,0.0,0.0,0.839978,0.512573,0.173886,0.0,0.973533,0.139076,0.76886,0.44272,0.0,0.205413,0.0,0.0,0.0,0.0,0.054677,0.0,0.0,0.0,0.0,1.0,0.0,1.0,0.0,0.0,0.0,0.055048,0.023691,0.0,0.072937,0.0,1.0,0.0,0.0,0.0,0.0,0.0,0.0,0.0,0.0,0.0,0.0,1.0,0.0,0.0,0.0,0.0,0.0,0.0,0.0,0.0,0.0,0.0,0.0,-1.9640287,2,-0.59897350290299,-0.16966975,-0.64139093974114,-0.6838083765792901,-0.7262258134174401,-0.7686432502555901,-0.8534781239318902
Bank,Bank:4:task_6:Tomcat04:2021-03-06 00:53:00,Bank:Tomcat04:2021-03-06 00:53:00,4,task_6,2021_03_06,Tomcat04,servicetest9,17,-0.06678,0,0.058823529411764705,2.8903717578961645,0.6207962637469354,1.0,0.0,0.0,0.0,0.0,0.0,0.0,1.0,1.0,0.6931471805599453,0.0,0.0,1.0,0.0,0.620796,0.0,0.43701,0.0,1.0,0.052122,0.0,0.0,0.0,0.022824,1.0,0.063045,0.0,0.0,0.0,0.839978,0.512573,0.173886,0.0,0.973533,0.139076,0.76886,0.44272,0.0,0.205413,0.0,0.0,0.0,0.0,0.051314,0.0,0.0,0.0,0.0,1.0,0.0,1.0,0.0,0.0,0.0,0.05518,0.022634,0.0,0.072937,0.0,1.0,0.0,0.0,0.0,0.0,0.0,0.0,0.0,0.0,0.0,0.0,1.0,0.0,0.0,0.0,0.0,0.0,0.0,0.0,0.0,0.0,0.0,0.0,-1.9640287,2,-0.6064435109231019,-0.16966975,-0.6488609477612519,-0.6912783845994019,-0.733695821437552,-0.776113258275702,-0.860948131952002
Bank,Bank:4:task_6:Tomcat04:2021-03-06 00:53:00,Bank:Tomcat04:2021-03-06 00:53:00,4,task_6,2021_03_06,Tomcat04,servicetest4,18,-0.066968,0,0.05555555555555555,2.9444389791664403,0.6152333621595825,1.0,0.0,0.0,0.0,0.0,0.0,0.0,1.0,1.0,0.6931471805599453,0.0,0.0,1.0,0.0,0.615233,0.0,0.43701,0.0,1.0,0.051789,0.0,0.0,0.0,0.022824,1.0,0.062346,0.0,0.0,0.0,0.839978,0.512573,0.173886,0.0,0.973533,0.139076,0.76886,0.44272,0.0,0.205413,0.0,0.0,0.0,0.0,0.050855,0.0,0.0,0.0,0.0,1.0,0.0,1.0,0.0,0.0,0.0,0.055198,0.022489,0.0,0.072937,0.0,1.0,0.0,0.0,0.0,0.0,0.0,0.0,0.0,0.0,0.0,0.0,1.0,0.0,0.0,0.0,0.0,0.0,0.0,0.0,0.0,0.0,0.0,0.0,-1.9640287,2,-0.6074611641896098,-0.16966975,-0.6498786010277599,-0.6922960378659099,-0.7347134747040599,-0.7771309115422099,-0.86196578521851
Bank,Bank:4:task_6:Tomcat04:2021-03-06 00:53:00,Bank:Tomcat04:2021-03-06 00:53:00,4,task_6,2021_03_06,Tomcat04,servicetest11,19,-0.067233,0,0.05263157894736842,2.995732273553991,0.6074343283079591,1.0,0.0,0.0,0.0,0.0,0.0,0.0,1.0,1.0,0.6931471805599453,0.0,0.0,1.0,0.0,0.607434,0.0,0.43701,0.0,1.0,0.051322,0.0,0.0,0.0,0.022824,1.0,0.061367,0.0,0.0,0.0,0.839978,0.512573,0.173886,0.0,0.973533,0.139076,0.76886,0.44272,0.0,0.205413,0.0,0.0,0.0,0.0,0.05021,0.0,0.0,0.0,0.0,1.0,0.0,1.0,0.0,0.0,0.0,0.055223,0.022286,0.0,0.072937,0.0,1.0,0.0,0.0,0.0,0.0,0.0,0.0,0.0,0.0,0.0,0.0,1.0,0.0,0.0,0.0,0.0,0.0,0.0,0.0,0.0,0.0,0.0,0.0,-1.9640287,2,-0.6088956222514428,-0.16966975,-0.6513130590895928,-0.6937304959277428,-0.7361479327658929,-0.7785653696040429,-0.8634002432803429
Bank,Bank:4:task_6:Tomcat04:2021-03-06 00:53:00,Bank:Tomcat04:2021-03-06 00:53:00,4,task_6,2021_03_06,Tomcat04,apache01,20,-0.071602,0,0.05,3.044522437723423,0.9056603773584906,1.0,0.0,0.0,0.0,9.0,1.0,10.0,0.0,1.0,0.6931471805599453,8.046431303055833,0.676205273142004,1.0,0.0,0.90566,0.10516,0.332448,0.77465,0.22535,0.162402,0.799616,0.0,0.6,0.006086,0.183771,0.259672,1.0,0.726859,0.6,0.695034,0.922631,0.655424,0.856135,1.0,0.415909,0.670622,0.864261,0.464286,0.23429,1.0,0.0,0.197044,0.777778,0.177833,0.163537,0.0,0.4375,0.0,0.0,1.0,0.098149,1.0,0.0,0.666667,0.752792,0.498464,0.45,0.865105,0.0,0.0,1.0,0.0,0.0,0.0,0.0,0.0,0.0,1.0,0.0,0.0,0.0,0.0,0.0,0.0,0.0,0.0,0.0,0.0,0.0,0.0,0.0,0.0,-2.45211,2,-0.6325452345991734,-0.82612514,-0.8390765208387975,-1.0456078070784214,-1.2521390933180454,-1.4586703795576694,-1.8717329520369175
Bank,Bank:4:task_6:Tomcat04:2021-03-06 00:53:00,Bank:Tomcat04:2021-03-06 00:53:00,4,task_6,2021_03_06,Tomcat04,mg01,21,-0.088204,0,0.047619047619047616,3.091042453358316,0.9056603773584906,1.0,0.0,0.0,0.0,0.0,0.0,0.0,1.0,1.0,0.6931471805599453,0.0,0.0,1.0,0.0,0.90566,0.0,0.43701,0.0,1.0,0.069173,0.0,0.0,0.0,0.022824,1.0,0.098805,0.0,0.0,0.0,0.432234,0.512573,0.103933,0.0,0.973533,0.139076,0.76886,0.28345,0.0,0.124683,0.0,0.0,0.0,0.0,0.074861,0.0,0.0,0.0,0.0,1.0,0.0,1.0,0.0,0.0,0.0,0.054257,0.030038,0.0,0.072937,0.0,0.0,1.0,0.0,0.0,0.0,0.0,1.0,0.0,0.0,0.0,0.0,0.0,0.0,0.0,0.0,0.0,0.0,0.0,0.0,0.0,0.0,0.0,0.0,-1.6982474,2,-0.7224126789106917,0.18779844,-0.6754630687965941,-0.6285134586824965,-0.5815638485683989,-0.5346142384543013,-0.44071501822610615
Bank,Bank:4:task_6:Tomcat04:2021-03-06 00:53:00,Bank:Tomcat04:2021-03-06 00:53:00,4,task_6,2021_03_06,Tomcat04,servicetest5,22,-0.095809,0,0.045454545454545456,3.1354942159291497,0.6753353912836503,1.0,0.0,0.0,0.0,3.0,7.0,10.0,0.0,1.0,0.6931471805599453,2.716981132075472,6.2359804301972055,1.0,0.0,0.675335,0.718447,0.0,1.0,0.0,0.65771,0.955615,0.0,0.6,0.022824,0.637512,0.682014,0.337663,0.957588,0.6,0.839978,0.988947,0.775163,0.932237,0.0,0.508534,0.990324,0.991098,0.678571,0.217897,0.533686,0.0,0.788177,0.0,0.619323,0.120307,0.772291,0.783565,0.0,0.0,1.0,0.045782,1.0,0.0,1.0,0.698837,0.552003,0.45,0.818032,0.0,1.0,0.0,0.0,0.0,0.0,0.0,0.0,0.0,0.0,0.0,0.0,1.0,0.0,0.0,0.0,0.0,0.0,0.0,0.0,0.0,0.0,0.0,0.0,-2.4086754,2,-0.7635789187606553,-0.7677068,-0.9555056216176728,-1.1474323244746905,-1.3393590124305468,-1.5312857301887255,-1.9151391061004381
Bank,Bank:4:task_6:Tomcat04:2021-03-06 00:53:00,Bank:Tomcat04:2021-03-06 00:53:00,4,task_6,2021_03_06,Tomcat04,dockera1,23,-0.112481,0,0.043478260869565216,3.1780538303479458,0.0,0.0,0.0,0.0,0.0,0.0,0.0,0.0,1.0,1.0,0.6931471805599453,0.0,0.0,1.0,0.0,0.0,0.0,0.43701,0.0,1.0,0.0,0.0,0.0,0.0,0.022824,0.777778,0.0,0.0,0.0,0.0,0.839978,0.0,0.0,0.0,0.973533,0.0,0.76886,0.0,0.0,0.0,0.0,0.0,0.0,0.0,0.0,0.0,0.0,0.0,0.0,1.0,0.0,1.0,0.0,0.0,0.0,0.0,0.0,0.0,0.0,0.0,1.0,0.0,0.0,0.0,0.0,0.0,0.0,0.0,0.0,0.0,0.0,0.0,0.0,0.0,0.0,0.0,0.0,0.0,0.0,0.0,0.0,0.0,0.0,-1.6923411,2,-0.853825276522469,0.19574231,-0.8048896992491001,-0.7559541219757313,-0.7070185447023625,-0.6580829674289936,-0.560211812882256
Bank,Bank:4:task_6:Tomcat04:2021-03-06 00:53:00,Bank:Tomcat04:2021-03-06 00:53:00,4,task_6,2021_03_06,Tomcat04,dockera2,24,-0.112481,0,0.041666666666666664,3.2188758248682006,0.0,0.0,0.0,0.0,0.0,0.0,0.0,0.0,1.0,1.0,0.6931471805599453,0.0,0.0,1.0,0.0,0.0,0.0,0.43701,0.0,1.0,0.0,0.0,0.0,0.0,0.022824,0.777778,0.0,0.0,0.0,0.0,0.839978,0.0,0.0,0.0,0.973533,0.0,0.76886,0.0,0.0,0.0,0.0,0.0,0.0,0.0,0.0,0.0,0.0,0.0,0.0,1.0,0.0,1.0,0.0,0.0,0.0,0.0,0.0,0.0,0.0,0.0,1.0,0.0,0.0,0.0,0.0,0.0,0.0,0.0,0.0,0.0,0.0,0.0,0.0,0.0,0.0,0.0,0.0,0.0,0.0,0.0,0.0,0.0,0.0,-1.6923411,2,-0.853825276522469,0.19574231,-0.8048896992491001,-0.7559541219757313,-0.7070185447023625,-0.6580829674289936,-0.560211812882256
Bank,Bank:4:task_6:Tomcat04:2021-03-06 00:53:00,Bank:Tomcat04:2021-03-06 00:53:00,4,task_6,2021_03_06,Tomcat04,dockerb2,25,-0.112481,0,0.04,3.258096538021482,0.0,0.0,0.0,0.0,0.0,0.0,0.0,0.0,1.0,1.0,0.6931471805599453,0.0,0.0,1.0,0.0,0.0,0.0,0.43701,0.0,1.0,0.0,0.0,0.0,0.0,0.022824,0.777778,0.0,0.0,0.0,0.0,0.839978,0.0,0.0,0.0,0.973533,0.0,0.76886,0.0,0.0,0.0,0.0,0.0,0.0,0.0,0.0,0.0,0.0,0.0,0.0,1.0,0.0,1.0,0.0,0.0,0.0,0.0,0.0,0.0,0.0,0.0,1.0,0.0,0.0,0.0,0.0,0.0,0.0,0.0,0.0,0.0,0.0,0.0,0.0,0.0,0.0,0.0,0.0,0.0,0.0,0.0,0.0,0.0,0.0,-1.6923411,2,-0.853825276522469,0.19574231,-0.8048896992491001,-0.7559541219757313,-0.7070185447023625,-0.6580829674289936,-0.560211812882256
Bank,Bank:4:task_6:Tomcat04:2021-03-06 00:53:00,Bank:Tomcat04:2021-03-06 00:53:00,4,task_6,2021_03_06,Tomcat04,servicetest7,26,-0.115882,0,0.038461538461538464,3.295836866004329,0.6541147796967108,1.0,0.0,0.0,0.0,4.0,6.0,10.0,0.0,1.0,0.6931471805599453,3.3923165233591224,5.581865650500495,1.0,0.0,0.654115,0.616722,0.0,1.0,0.0,0.59493,0.95114,0.0,0.6,0.022824,0.618632,0.603039,0.421593,1.0,0.6,0.839978,1.0,0.770779,0.963958,0.399871,0.525252,0.979192,1.0,0.642857,0.220089,0.465312,0.0,0.689655,0.0,0.520778,0.114488,0.450503,0.729369,0.0,0.0,1.0,0.060249,1.0,0.0,1.0,0.719255,0.454918,0.45,0.786231,0.0,1.0,0.0,0.0,0.0,0.0,0.0,0.0,0.0,0.0,0.0,0.0,1.0,0.0,0.0,0.0,0.0,0.0,0.0,0.0,0.0,0.0,0.0,0.0,-2.5741203,2,-0.8722350571575413,-0.9902254,-1.119791400832201,-1.3673477445068607,-1.6149041030826816,-1.8624604318561802,-2.357573149007822
Bank,Bank:4:task_6:Tomcat04:2021-03-06 00:53:00,Bank:Tomcat04:2021-03-06 00:53:00,4,task_6,2021_03_06,Tomcat04,dockerb1,27,-0.124015,0,0.037037037037037035,3.332204510175204,0.9056603773584906,1.0,0.0,0.0,0.0,0.0,0.0,0.0,1.0,1.0,0.6931471805599453,0.0,0.0,1.0,0.08333333333333333,0.90566,0.0,0.43701,0.0,1.0,0.069173,0.0,0.0,0.0,0.022824,1.0,0.098805,0.0,0.0,0.0,0.0,0.512573,0.027814,0.0,0.973533,0.139076,0.76886,0.084718,0.0,0.034264,0.0,0.0,0.0,0.0,0.074861,0.0,0.0,0.0,0.0,1.0,0.0,1.0,0.0,0.0,0.0,0.054257,0.030038,0.0,0.072937,1.0,0.0,0.0,0.0,0.0,0.0,0.0,0.0,0.0,0.0,0.0,0.0,0.0,0.0,0.0,0.0,0.0,0.0,0.0,0.0,0.0,0.0,0.0,0.0,-0.50193954,2,-0.9162593870325912,1.7967982,-0.4670598297282089,-0.017860272423826595,0.43133928488055573,0.880538842184938,1.7789379567937027
Bank,Bank:4:task_6:Tomcat04:2021-03-06 00:53:00,Bank:Tomcat04:2021-03-06 00:53:00,4,task_6,2021_03_06,Tomcat04,tomcat03,28,-0.167766,0,0.03571428571428571,3.367295829986474,1.0,1.0,0.37735849056603776,0.0,0.0,7.0,3.0,10.0,0.0,1.0,0.6931471805599453,6.046431303055833,2.5818656505004944,1.0,0.0,1.0,0.40152,0.466324,0.678511,0.321489,0.335663,0.90911,0.0,0.6,0.003511,0.679838,0.482355,0.751443,0.925091,0.6,0.180337,0.961315,0.604712,0.948121,0.993198,0.490526,0.870682,0.618721,0.535714,0.083601,1.0,0.0,0.394089,1.0,0.445501,0.1623,0.0,0.811071,0.0,0.0,1.0,0.137647,1.0,0.0,1.0,0.771606,0.644087,0.45,1.0,0.0,0.0,1.0,0.0,0.0,0.0,1.0,0.0,0.0,0.0,0.0,0.0,0.0,0.0,0.0,0.0,0.0,0.0,0.0,0.0,0.0,0.0,0.0,0.0,0.19451235,2,-1.1530857065165832,2.733506,-0.46970921544678945,0.21366727562300425,0.8970437070881532,1.5804202577625917,2.9471731206928897
Bank,Bank:4:task_6:Tomcat04:2021-03-06 00:53:00,Bank:Tomcat04:2021-03-06 00:53:00,4,task_6,2021_03_06,Tomcat04,tomcat04,29,-0.173367,1,0.034482758620689655,3.4011973816621555,1.0,1.0,0.37735849056603776,0.0,0.0,8.0,2.0,10.0,0.0,1.0,0.6931471805599453,7.046431303055833,1.5818656505004944,1.0,0.0,1.0,0.246005,0.480836,0.667766,0.332234,0.242169,0.872572,0.0,0.6,0.004891,0.5628,0.374779,0.875721,0.850181,0.6,0.150892,0.922631,0.573197,0.915419,0.999133,0.455799,0.786301,0.578478,0.5,0.080531,1.0,0.0,0.295567,0.875,0.31118,0.162609,0.0,0.717146,0.0,0.0,1.0,0.123066,1.0,0.0,0.833333,0.79387,0.570041,0.45,0.979192,0.0,0.0,1.0,0.0,0.0,0.0,1.0,0.0,0.0,0.0,0.0,0.0,0.0,0.0,0.0,0.0,0.0,0.0,0.0,0.0,0.0,0.0,0.0,0.0,-0.9753786,2,-1.183404195589515,1.1600363,-0.893395114225837,-0.603386032862159,-0.313376951498481,-0.023367870134803015,0.5566502925925529
Bank,Bank:2:task_6:Tomcat01:2021-03-06 06:20:00,Bank:Tomcat01:2021-03-06 06:20:00,2,task_6,2021_03_06,Tomcat01,ig02,1,0.751951,0,1.0,0.6931471805599453,1.0,1.0,0.0,0.0,0.0,0.0,6.0,6.0,0.0,1.0,0.6931471805599453,0.0,4.271874501256023,1.0,0.0,1.0,1.0,0.179908,0.540385,0.459615,0.996772,0.93361,1.0,1.0,1.0,0.362698,1.0,0.0,0.711979,1.0,0.0,0.837047,0.852795,0.074908,0.952258,1.0,0.389736,0.4307,1.0,0.898311,1.0,0.0,0.7,0.0,1.0,0.232835,0.0,0.703979,0.0,0.0,1.0,0.067607,1.0,0.0,1.0,0.241635,1.0,0.45,0.244022,0.0,0.0,1.0,0.0,0.0,0.0,0.0,0.0,1.0,0.0,0.0,0.0,0.0,0.0,0.0,0.0,0.0,0.0,0.0,0.0,0.0,0.0,0.0,0.0,-0.9609281,3,3.038072483580589,1.1789424,3.332808094065666,3.627543704550743,3.9222793150358197,4.217014925520896,4.80648614649105
Bank,Bank:2:task_6:Tomcat01:2021-03-06 06:20:00,Bank:Tomcat01:2021-03-06 06:20:00,2,task_6,2021_03_06,Tomcat01,tomcat01,2,0.597057,1,0.5,1.0986122886681096,1.0,1.0,0.4166666666666667,0.0,0.0,0.0,4.0,4.0,0.0,1.0,0.6931471805599453,0.0,2.2718745012560233,1.0,-0.07666666666666666,1.0,0.45622,0.33454,0.131594,0.868406,0.648877,0.893028,0.0,1.0,1.0,0.431652,0.712096,0.0,0.567969,1.0,0.165845,0.777695,0.868011,0.0,0.957439,0.929707,0.0,0.503416,1.0,1.0,0.715687,1.0,0.5,0.0,0.626197,0.230856,0.0,0.628203,0.0,0.0,1.0,0.809592,1.0,1.0,1.0,0.756462,0.848987,1.0,0.500344,0.0,0.0,1.0,0.0,0.0,0.0,1.0,0.0,0.0,0.0,0.0,0.0,0.0,0.0,0.0,0.0,0.0,0.0,0.0,0.0,0.0,0.0,0.0,0.0,-0.18475363,3,2.2984324742388718,2.3256934,2.8798558164668075,3.4612791586947433,4.042702560527324,4.624125843150615,5.7869726468157765
Bank,Bank:2:task_6:Tomcat01:2021-03-06 06:20:00,Bank:Tomcat01:2021-03-06 06:20:00,2,task_6,2021_03_06,Tomcat01,mysql02,3,0.414531,0,0.3333333333333333,1.3862943611198906,1.0,1.0,0.0,0.0,0.0,2.0,4.0,6.0,0.0,1.0,0.6931471805599453,2.0,2.2718745012560233,1.0,0.0,1.0,0.531821,0.520714,0.460578,0.539422,0.63443,0.893028,0.0,1.0,0.090944,0.249834,0.652712,0.379372,0.567969,1.0,1.0,0.777695,1.0,0.639046,0.50603,0.557237,0.954854,1.0,0.928571,0.573935,1.0,0.0,0.5,0.0,0.691401,0.287858,0.0,0.690275,0.0,0.0,1.0,0.482999,1.0,0.0,1.0,0.481739,0.924757,0.45,0.629165,0.0,0.0,0.0,1.0,0.0,0.0,0.0,0.0,0.0,0.0,1.0,0.0,0.0,0.0,0.0,0.0,0.0,0.0,0.0,0.0,0.0,0.0,0.0,0.0,-1.8618929,3,1.4268458902194374,-0.15217882,1.3888011842324608,1.3507564782454842,1.3127117722585075,1.274667066271531,1.1985776542975777
Bank,Bank:2:task_6:Tomcat01:2021-03-06 06:20:00,Bank:Tomcat01:2021-03-06 06:20:00,2,task_6,2021_03_06,Tomcat01,mysql01,4,0.336143,0,0.25,1.6094379124341003,1.0,1.0,0.0,0.0,0.0,1.0,5.0,6.0,0.0,1.0,0.6931471805599453,1.0,3.2718745012560233,1.0,0.0,1.0,0.765911,0.377266,0.508462,0.491538,0.815576,0.918069,0.0,1.0,0.090944,0.316094,0.769427,0.189686,0.654375,1.0,0.191716,0.813306,0.82939,0.67656,0.740257,0.599413,1.0,0.542266,0.964286,0.424083,1.0,0.0,0.6,0.0,0.804554,0.238051,0.0,0.621015,0.0,0.0,1.0,0.181911,1.0,0.0,1.0,0.439398,0.9307,0.45,0.55793,0.0,0.0,1.0,0.0,0.0,0.0,0.0,0.0,0.0,0.0,1.0,0.0,0.0,0.0,0.0,0.0,0.0,0.0,0.0,0.0,0.0,0.0,0.0,0.0,-0.36228925,3,1.0525324820029893,2.0633953,1.568381297444121,2.0842301128852525,2.6000788687217393,3.1159277437675157,4.14762525544049
Bank,Bank:2:task_6:Tomcat01:2021-03-06 06:20:00,Bank:Tomcat01:2021-03-06 06:20:00,2,task_6,2021_03_06,Tomcat01,apache02,5,0.288936,0,0.2,1.791759469228055,1.0,1.0,0.0,0.0,0.0,5.0,5.0,10.0,0.0,1.0,0.6931471805599453,3.800688396744968,1.3944918497775363,1.0,0.0,1.0,0.326436,0.875395,0.195229,0.804771,0.353875,1.0,0.0,0.8,0.083986,0.151522,0.578666,0.720937,0.278898,0.8,0.960539,0.583047,0.711844,0.619467,0.961097,0.295625,0.428425,0.817028,0.5,0.49889,1.0,0.0,0.5,0.156892,0.357121,0.166837,0.0,0.542008,0.0,0.0,1.0,0.164581,1.0,0.0,0.833333,0.668079,0.694478,0.45,0.766721,1.0,0.0,0.0,0.0,0.0,0.0,0.0,0.0,0.0,1.0,0.0,0.0,0.0,0.0,0.0,0.0,0.0,0.0,0.0,0.0,0.0,0.0,0.0,0.0,-1.2837112,3,0.8271126082764768,0.70204985,1.0026250711308622,1.1781375339852476,1.3536500266419553,1.5291624596940183,1.8801874450074338
Bank,Bank:2:task_6:Tomcat01:2021-03-06 06:20:00,Bank:Tomcat01:2021-03-06 06:20:00,2,task_6,2021_03_06,Tomcat01,redis01,6,0.251922,0,0.16666666666666666,1.9459101490553132,1.0,1.0,0.0,0.0,0.0,4.0,3.0,7.0,0.0,1.0,0.6931471805599453,2.271874501256023,1.800688396744968,1.0,0.0,1.0,0.421522,0.372675,0.708161,0.291839,0.784374,0.781281,0.391231,1.0,0.045472,0.265883,0.620082,0.430942,0.600229,1.0,0.308406,0.827754,0.78987,0.700412,0.528343,0.583299,0.880746,0.627287,0.714286,0.336293,0.727593,0.0,0.6,0.0,0.792485,0.392436,0.0,0.698119,0.0,0.0,1.0,0.162773,1.0,0.0,1.0,0.604199,0.725874,0.45,0.687268,1.0,0.0,0.0,0.0,0.0,0.0,0.0,0.0,0.0,0.0,0.0,1.0,0.0,0.0,0.0,0.0,0.0,0.0,0.0,0.0,0.0,0.0,0.0,0.0,-1.3913466,3,0.6503657019678118,0.5430251,0.78612197106514,0.9218782401624682,1.0576345241609575,1.1933907783571245,1.4649033463541032
Bank,Bank:2:task_6:Tomcat01:2021-03-06 06:20:00,Bank:Tomcat01:2021-03-06 06:20:00,2,task_6,2021_03_06,Tomcat01,mg02,7,0.244064,0,0.14285714285714285,2.0794415416798357,1.0,1.0,0.0,0.0,0.0,3.0,7.0,10.0,0.0,1.0,0.6931471805599453,1.800688396744968,3.3944918497775363,1.0,0.0,1.0,0.606238,0.664793,0.382306,0.617694,0.714559,1.0,0.0,0.8,0.090944,0.269536,0.735432,0.341565,0.484927,0.8,0.390196,0.708498,0.646164,0.711772,0.56471,0.407565,0.428425,0.604053,0.571429,0.257603,0.740881,0.0,0.7,0.0,0.579325,0.161151,0.0,0.66132,0.0,0.0,1.0,0.136943,1.0,0.0,1.0,0.56357,0.724754,0.45,0.620564,0.0,0.0,1.0,0.0,0.0,0.0,0.0,1.0,0.0,0.0,0.0,0.0,0.0,0.0,0.0,0.0,0.0,0.0,0.0,0.0,0.0,0.0,0.0,0.0,-1.444825,3,0.6128426785233453,0.46401384,0.7288461397054627,0.8448496008875802,0.9608530695202783,1.076856523251815,1.3088634605172111
Bank,Bank:2:task_6:Tomcat01:2021-03-06 06:20:00,Bank:Tomcat01:2021-03-06 06:20:00,2,task_6,2021_03_06,Tomcat01,ig01,8,0.209081,0,0.125,2.1972245773362196,1.0,1.0,0.0,0.0,0.0,3.0,4.0,7.0,0.0,1.0,0.6931471805599453,3.0,0.39449184977753626,1.0,0.0,1.0,0.092346,0.900916,0.069036,0.930964,0.190132,1.0,0.0,0.714286,0.081004,0.060367,0.475303,0.569058,0.098623,0.714286,0.740572,0.489871,0.575836,0.550961,0.892205,0.159765,0.428425,0.629567,0.464286,0.384649,1.0,0.0,0.4,0.261487,0.181338,0.150427,0.0,0.4375,0.0,0.0,1.0,0.263493,1.0,0.0,0.666667,0.725476,0.627568,0.45,0.806489,0.0,0.0,1.0,0.0,0.0,0.0,0.0,0.0,1.0,0.0,0.0,0.0,0.0,0.0,0.0,0.0,0.0,0.0,0.0,0.0,0.0,0.0,0.0,0.0,-2.1253588,3,0.4457940746600497,-0.5414338,0.3104356218631137,0.17507716906617765,0.039718716269241616,-0.09563973652769442,-0.3663566421215665
Bank,Bank:2:task_6:Tomcat01:2021-03-06 06:20:00,Bank:Tomcat01:2021-03-06 06:20:00,2,task_6,2021_03_06,Tomcat01,tomcat03,9,0.19633,0,0.1111111111111111,2.302585092994046,1.0,1.0,0.4166666666666667,0.0,0.0,4.0,6.0,10.0,0.0,1.0,0.6931471805599453,2.800688396744968,2.3944918497775363,1.0,-0.011944444444444445,1.0,0.547293,0.953243,0.079816,0.920184,0.533934,1.0,0.0,1.0,0.112403,0.40106,0.720136,0.531251,0.399082,1.0,0.180948,0.645165,0.641315,0.632938,0.789007,0.457145,0.428425,0.429733,0.535714,0.345414,0.952788,0.196116,0.6,0.0,0.556171,0.181337,0.0,0.655093,0.0,0.0,1.0,0.554434,1.0,0.983714,1.0,1.0,0.902214,0.991043,0.991471,0.0,0.0,1.0,0.0,0.0,0.0,1.0,0.0,0.0,0.0,0.0,0.0,0.0,0.0,0.0,0.0,0.0,0.0,0.0,0.0,0.0,0.0,0.0,0.0,-0.5966326,3,0.38490630780583834,1.717167,0.8141980627668521,1.243489817727866,1.6727816024912021,2.1020733276498937,2.960656897176566
Bank,Bank:2:task_6:Tomcat01:2021-03-06 06:20:00,Bank:Tomcat01:2021-03-06 06:20:00,2,task_6,2021_03_06,Tomcat01,tomcat04,10,0.190943,0,0.1,2.3978952727983707,1.0,1.0,0.0,0.0,0.0,7.0,1.0,8.0,0.0,1.0,0.6931471805599453,5.271874501256023,1.0,1.0,0.0,1.0,0.234089,0.0,1.0,0.0,0.482755,0.774969,0.0,0.75,0.038976,0.150358,0.355593,1.0,1.0,0.75,0.432797,0.955752,0.790885,0.952938,1.0,0.643961,0.61238,0.805529,0.75,0.366562,1.0,0.0,0.4,0.571429,0.781023,1.0,0.0,0.794654,0.0,0.0,1.0,0.128203,1.0,0.0,1.0,0.742456,0.709265,0.45,0.897776,1.0,0.0,0.0,0.0,0.0,0.0,1.0,0.0,0.0,0.0,0.0,0.0,0.0,0.0,0.0,0.0,0.0,0.0,0.0,0.0,0.0,0.0,0.0,0.0,-1.7042402,3,0.35918264691307406,0.08074359,0.3793685440398679,0.3995544411666618,0.4197403401561008,0.4399262354202495,0.4802980333991275
Bank,Bank:2:task_6:Tomcat01:2021-03-06 06:20:00,Bank:Tomcat01:2021-03-06 06:20:00,2,task_6,2021_03_06,Tomcat01,servicetest8,11,0.185653,0,0.09090909090909091,2.4849066497880004,0.058086524309598236,0.0968108738493304,0.0,0.0,0.0,7.0,0.0,7.0,0.0,1.0,0.6931471805599453,4.336405325467938,0.0,1.0,0.0,0.058087,0.0,1.0,0.0,1.0,0.034767,0.0,0.156319,0.714286,0.084619,0.0,0.244441,0.822555,0.0,0.714286,0.599258,0.051404,0.356704,0.529384,0.991104,0.0,0.428425,0.224854,0.321429,0.198598,0.0,0.0,0.0,0.112066,0.007392,0.0,0.0,0.0,0.0,1.0,0.0,1.0,0.0,0.0,0.0,0.340707,0.015157,0.0,0.418521,0.0,1.0,0.0,0.0,0.0,0.0,0.0,0.0,0.0,0.0,0.0,0.0,1.0,0.0,0.0,0.0,0.0,0.0,0.0,0.0,0.0,0.0,0.0,0.0,-2.676265,3,0.33392217427102416,-1.3553644,-0.004918936196886603,-0.34376004666479737,-0.6826011869350306,-1.021442267600619,-1.6991245481410853
Bank,Bank:2:task_6:Tomcat01:2021-03-06 06:20:00,Bank:Tomcat01:2021-03-06 06:20:00,2,task_6,2021_03_06,Tomcat01,redis02,12,0.106292,0,0.08333333333333333,2.5649493574615367,0.8383682399373126,1.0,0.0,0.0,0.0,4.0,4.0,8.0,0.0,1.0,0.6931471805599453,4.0,2.4335062613187106,1.0,0.0,0.838368,0.569658,0.449478,0.643282,0.356718,0.722598,0.851154,0.0,0.75,0.0,0.249834,0.625348,0.758743,0.608377,0.75,0.214226,0.777695,0.690798,0.726942,0.963509,0.448131,0.954854,0.537328,0.857143,0.342848,1.0,0.0,0.7,1.0,0.567235,0.252834,0.0,0.586325,0.0,0.0,1.0,0.097256,1.0,0.0,1.0,0.678086,0.890525,0.45,0.94776,0.0,0.0,0.0,1.0,0.0,0.0,0.0,0.0,0.0,0.0,0.0,1.0,0.0,0.0,0.0,0.0,0.0,0.0,0.0,0.0,0.0,0.0,0.0,0.0,-1.2797691,3,-0.04503744186238337,0.7078741,0.13193108795805883,0.30889961777850106,0.48586816250010445,0.6628366774193855,1.0167737668625922
Bank,Bank:2:task_6:Tomcat01:2021-03-06 06:20:00,Bank:Tomcat01:2021-03-06 06:20:00,2,task_6,2021_03_06,Tomcat01,servicetest5,13,0.089393,0,0.07692307692307693,2.639057329615259,0.13784883956068236,0.2297480659344706,0.0,0.0,0.0,6.0,1.0,7.0,0.0,1.0,0.6931471805599453,4.198556485907256,0.058086524309598236,1.0,0.0,0.137849,0.013597,0.79774,0.294965,0.705035,0.049108,1.0,0.0,0.714286,0.083986,0.017943,0.226783,0.796407,0.058087,0.714286,0.599258,0.145467,0.399706,0.552168,0.98662,0.048029,0.428425,0.294639,0.357143,0.227685,1.0,0.0,0.1,0.130744,0.03202,0.273504,0.0,1.0,0.0,0.0,1.0,0.216905,1.0,0.0,0.166667,0.798484,0.463099,0.45,0.796433,0.0,1.0,0.0,0.0,0.0,0.0,0.0,0.0,0.0,0.0,0.0,0.0,1.0,0.0,0.0,0.0,0.0,0.0,0.0,0.0,0.0,0.0,0.0,0.0,-2.3621974,3,-0.1257324753553894,-0.8913485,-0.3485695956499603,-0.5714067159445313,-0.7942438660414246,-1.0170809565336731,-1.4627552567274598
Bank,Bank:2:task_6:Tomcat01:2021-03-06 06:20:00,Bank:Tomcat01:2021-03-06 06:20:00,2,task_6,2021_03_06,Tomcat01,servicetest11,14,0.080491,0,0.07142857142857142,2.70805020110221,0.11872624811086577,0.19787708018477626,0.0,0.0,0.0,4.0,3.0,7.0,0.0,1.0,0.6931471805599453,4.0,0.27576560166667047,1.0,0.0,0.118726,0.064554,0.562613,0.541964,0.458036,0.077852,1.0,0.0,0.714286,0.082247,0.048823,0.182916,0.758743,0.091922,0.714286,0.599258,0.164215,0.427428,0.554906,0.978757,0.065892,0.428425,0.308676,0.428571,0.248986,1.0,0.0,0.3,0.196116,0.083837,0.273504,0.0,1.0,0.0,0.0,1.0,0.358805,1.0,0.0,0.5,0.741723,0.581873,0.45,0.797411,0.0,1.0,0.0,0.0,0.0,0.0,0.0,0.0,0.0,0.0,0.0,0.0,1.0,0.0,0.0,0.0,0.0,0.0,0.0,0.0,0.0,0.0,0.0,0.0,-2.2855659,3,-0.16824074141579182,-0.77813,-0.36277324013309986,-0.5573057388504079,-0.7518382226665548,-0.946370736285024,-1.3354357039173177
Bank,Bank:2:task_6:Tomcat01:2021-03-06 06:20:00,Bank:Tomcat01:2021-03-06 06:20:00,2,task_6,2021_03_06,Tomcat01,apache01,15,0.071363,0,0.06666666666666667,2.772588722239781,0.9560380267225703,1.0,0.0,0.0,0.0,3.0,3.0,6.0,0.0,1.0,0.6931471805599453,1.8446503700223977,3.0,1.0,0.0,0.956038,0.513891,0.04822,0.95931,0.04069,0.803121,0.888935,0.0,0.666667,0.057874,0.374413,0.550093,0.349904,1.0,0.666667,0.488555,1.0,0.745093,1.0,0.0,0.614991,0.880746,0.874325,0.607143,0.0,0.744531,0.0,0.8,0.0,0.741402,0.423427,0.0,0.739206,0.0,0.0,1.0,0.085382,1.0,0.0,1.0,0.614641,0.777419,0.45,0.743363,0.0,0.0,1.0,0.0,0.0,0.0,0.0,0.0,0.0,1.0,0.0,0.0,0.0,0.0,0.0,0.0,0.0,0.0,0.0,0.0,0.0,0.0,0.0,0.0,-1.7873881,3,-0.21182818834899253,-0.042102396,-0.22235378747103995,-0.23287938659308738,-0.2434049857151348,-0.2539305848371822,-0.2749817830812771
Bank,Bank:2:task_6:Tomcat01:2021-03-06 06:20:00,Bank:Tomcat01:2021-03-06 06:20:00,2,task_6,2021_03_06,Tomcat01,servicetest6,16,0.033956,0,0.0625,2.833213344056216,0.19404342483957415,0.3234057080659569,0.0,0.0,0.0,5.0,3.0,8.0,0.0,1.0,0.6931471805599453,4.838368239937313,2.2394628364791362,1.0,0.0,0.194043,0.524234,0.0,1.0,0.0,0.606627,0.844006,0.0,0.75,0.018189,0.265883,0.369621,0.91777,0.746488,0.75,0.599258,0.574641,0.716936,0.806211,0.995211,0.442598,0.880746,0.625508,0.821429,0.343861,1.0,0.0,0.6,0.8,0.535794,0.33401,0.0,0.734589,0.0,0.0,1.0,0.072628,1.0,0.0,1.0,0.732214,0.802552,0.45,0.960911,0.0,1.0,0.0,0.0,0.0,0.0,0.0,0.0,0.0,0.0,0.0,0.0,1.0,0.0,0.0,0.0,0.0,0.0,0.0,0.0,0.0,0.0,0.0,0.0,-2.496097,3,-0.3904517233435411,-1.0891773,-0.6627460360590716,-0.935040348774602,-1.2073346912924547,-1.4796289742056628,-2.0242176592413683
Bank,Bank:2:task_6:Tomcat01:2021-03-06 06:20:00,Bank:Tomcat01:2021-03-06 06:20:00,2,task_6,2021_03_06,Tomcat01,servicetest7,17,0.02367,0,0.058823529411764705,2.8903717578961645,0.23946283647913638,0.39910472746522735,0.0,0.0,0.0,6.0,2.0,8.0,0.0,1.0,0.6931471805599453,5.032411664776887,2.0,1.0,0.0,0.239463,0.468179,0.0,1.0,0.0,0.568791,0.834177,0.0,0.75,0.030315,0.278654,0.342696,0.954577,1.0,0.75,0.599258,0.716458,0.765372,0.945508,0.997463,0.576816,0.767556,0.735642,0.785714,0.32687,1.0,0.0,0.5,0.666667,0.484755,0.366154,0.0,0.633928,0.0,0.0,1.0,0.025063,1.0,0.0,1.0,0.788843,0.740865,0.45,1.0,0.0,1.0,0.0,0.0,0.0,0.0,0.0,0.0,0.0,0.0,0.0,0.0,1.0,0.0,0.0,0.0,0.0,0.0,0.0,0.0,0.0,0.0,0.0,0.0,-2.4963498,3,-0.4395687784656821,-1.0895506,-0.7119564320549308,-0.9843440856441794,-1.2567317690357505,-1.5291193928226767,-2.073894759605819
Bank,Bank:2:task_6:Tomcat01:2021-03-06 06:20:00,Bank:Tomcat01:2021-03-06 06:20:00,2,task_6,2021_03_06,Tomcat01,servicetest3,18,0.01634,0,0.05555555555555555,2.9444389791664403,0.07983023779638988,0.13305039632731647,0.0,0.0,0.0,5.0,2.0,7.0,0.0,1.0,0.6931471805599453,4.118726248110866,0.1959353638702806,1.0,0.0,0.07983,0.045866,0.183869,0.85904,0.14096,0.061059,1.0,0.0,0.714286,0.083213,0.034541,0.07592,0.781264,0.097968,0.714286,0.599258,0.144017,0.411261,0.565481,0.983223,0.062476,0.428425,0.293555,0.392857,0.228846,1.0,0.0,0.2,0.156892,0.058991,0.273504,0.0,1.0,0.0,0.0,1.0,0.373516,1.0,0.0,0.333333,0.756693,0.550476,0.45,0.797091,0.0,1.0,0.0,0.0,0.0,0.0,0.0,0.0,0.0,0.0,0.0,0.0,1.0,0.0,0.0,0.0,0.0,0.0,0.0,0.0,0.0,0.0,0.0,0.0,-2.4673588,3,-0.47457052978254904,-1.0467181,-0.7362500599262869,-0.9979295900700247,-1.2596091202137625,-1.5212886503575003,-2.0446477106449756
Bank,Bank:2:task_6:Tomcat01:2021-03-06 06:20:00,Bank:Tomcat01:2021-03-06 06:20:00,2,task_6,2021_03_06,Tomcat01,servicetest1,19,-0.015569,0,0.05263157894736842,2.995732273553991,0.1867498577242335,0.3112497628737225,0.0,0.0,0.0,1.0,5.0,6.0,0.0,1.0,0.6931471805599453,1.0,4.613938539020735,1.0,0.0,0.18675,0.891697,0.0,1.0,0.0,1.0,0.918769,0.0,0.666667,0.050525,0.480667,0.613859,0.189686,0.922788,0.666667,0.599258,0.70802,0.694891,0.944976,0.646636,0.504304,1.0,0.725689,0.678571,0.14508,0.800678,0.0,1.0,0.0,0.565319,0.247248,0.8,0.794663,0.0,0.0,1.0,0.0,1.0,0.0,1.0,0.627298,0.930503,0.45,0.894465,0.0,1.0,0.0,0.0,0.0,0.0,0.0,0.0,0.0,0.0,0.0,0.0,1.0,0.0,0.0,0.0,0.0,0.0,0.0,0.0,0.0,0.0,0.0,0.0,-2.6019428,3,-0.6269403637211448,-1.2455579,-0.9383298397820121,-1.2497193158428794,-1.5611088217060691,-1.872498267964614,-2.4952772796909937
Bank,Bank:2:task_6:Tomcat01:2021-03-06 06:20:00,Bank:Tomcat01:2021-03-06 06:20:00,2,task_6,2021_03_06,Tomcat01,servicetest10,20,-0.018775,0,0.05,3.044522437723423,0.6579005122981642,1.0,0.0,0.0,0.0,2.0,4.0,6.0,0.0,1.0,0.6931471805599453,1.1867498577242335,3.9560380267225703,1.0,0.0,0.657901,0.737689,0.0,1.0,0.0,0.939332,0.908781,0.0,0.666667,0.054567,0.439301,0.613096,0.22511,0.98901,0.666667,0.599258,0.988938,0.778665,0.986852,0.500925,0.607793,0.954854,0.943849,0.642857,0.176792,0.77607,0.0,0.9,0.0,0.520629,0.258265,1.0,0.715986,0.0,0.0,1.0,0.024828,1.0,0.0,1.0,0.702618,0.866721,0.45,0.968587,0.0,1.0,0.0,0.0,0.0,0.0,0.0,0.0,0.0,0.0,0.0,0.0,1.0,0.0,0.0,0.0,0.0,0.0,0.0,0.0,0.0,0.0,0.0,0.0,-2.4447987,3,-0.6422494516777445,-1.013387,-0.8955961928772379,-1.1489429340767314,-1.4022896752762248,-1.6556364164757182,-2.162329898874705
Bank,Bank:2:task_6:Tomcat01:2021-03-06 06:20:00,Bank:Tomcat01:2021-03-06 06:20:00,2,task_6,2021_03_06,Tomcat01,mg01,21,-0.024417,0,0.047619047619047616,3.091042453358316,1.0,1.0,0.0,0.0,0.0,0.0,0.0,0.0,1.0,1.0,0.6931471805599453,0.0,0.0,1.0,0.0,1.0,0.0,0.382504,0.0,1.0,0.144465,0.0,0.0,0.0,0.090944,0.818182,0.14416,0.0,0.0,0.0,0.275337,0.530973,0.094822,0.120692,0.977821,0.152301,0.744161,0.256842,0.0,0.1793,0.0,0.0,0.0,0.0,0.127264,0.0,0.0,0.0,0.0,1.0,0.0,1.0,0.0,0.0,0.0,0.051479,0.062981,0.0,0.074074,0.0,0.0,1.0,0.0,0.0,0.0,0.0,1.0,0.0,0.0,0.0,0.0,0.0,0.0,0.0,0.0,0.0,0.0,0.0,0.0,0.0,0.0,0.0,0.0,-1.6065361,3,-0.6691907724048608,0.22509544,-0.6129169134106153,-0.5566430544163697,-0.5003691991474145,-0.4440953364278787,-0.3315476258899682
Bank,Bank:2:task_6:Tomcat01:2021-03-06 06:20:00,Bank:Tomcat01:2021-03-06 06:20:00,2,task_6,2021_03_06,Tomcat01,dockerb1,22,-0.054946,0,0.045454545454545456,3.1354942159291497,1.0,1.0,0.0,0.0,0.0,0.0,0.0,0.0,1.0,1.0,0.6931471805599453,0.0,0.0,1.0,0.06666666666666667,1.0,0.0,0.382504,0.0,1.0,0.144465,0.0,0.0,0.0,0.090944,0.818182,0.14416,0.0,0.0,0.0,0.001157,0.530973,0.027559,0.120692,0.977821,0.152301,0.744161,0.082765,0.0,0.105087,0.0,0.0,0.0,0.0,0.127264,0.0,0.0,0.0,0.0,1.0,0.0,1.0,0.0,0.0,0.0,0.051479,0.062981,0.0,0.074074,1.0,0.0,0.0,0.0,0.0,0.0,0.0,0.0,0.0,0.0,0.0,0.0,0.0,0.0,0.0,0.0,0.0,0.0,0.0,0.0,0.0,0.0,0.0,0.0,-0.8524758,3,-0.8149709178281391,1.3391742,-0.4801773799729908,-0.1453838421178425,0.18940966593498343,0.5242032335924541,1.193790249698106
Bank,Bank:2:task_6:Tomcat01:2021-03-06 06:20:00,Bank:Tomcat01:2021-03-06 06:20:00,2,task_6,2021_03_06,Tomcat01,dockera1,23,-0.072664,0,0.043478260869565216,3.1780538303479458,0.0,0.0,0.0,0.0,0.0,0.0,0.0,0.0,1.0,1.0,0.6931471805599453,0.0,0.0,1.0,0.0,0.0,0.0,0.382504,0.0,1.0,0.0,0.0,0.0,0.0,0.090944,0.636364,0.008503,0.0,0.0,0.0,0.599258,0.0,0.0,0.120692,0.977821,0.003313,0.744161,0.0,0.0,0.073591,0.0,0.0,0.0,0.0,0.0,0.0,0.0,0.0,0.0,1.0,0.0,1.0,0.0,0.0,0.0,0.0,0.0,0.0,0.0,0.0,1.0,0.0,0.0,0.0,0.0,0.0,0.0,0.0,0.0,0.0,0.0,0.0,0.0,0.0,0.0,0.0,0.0,0.0,0.0,0.0,0.0,0.0,0.0,-1.9616464,3,-0.8995767882008879,-0.2995586,-0.9744664406318991,-1.0493560930629102,-1.1242457380433408,-1.1991353979249326,-1.3489146878857938
Bank,Bank:2:task_6:Tomcat01:2021-03-06 06:20:00,Bank:Tomcat01:2021-03-06 06:20:00,2,task_6,2021_03_06,Tomcat01,dockera2,24,-0.072664,0,0.041666666666666664,3.2188758248682006,0.0,0.0,0.0,0.0,0.0,0.0,0.0,0.0,1.0,1.0,0.6931471805599453,0.0,0.0,1.0,0.0,0.0,0.0,0.382504,0.0,1.0,0.0,0.0,0.0,0.0,0.090944,0.636364,0.008503,0.0,0.0,0.0,0.599258,0.0,0.0,0.120692,0.977821,0.003313,0.744161,0.0,0.0,0.073591,0.0,0.0,0.0,0.0,0.0,0.0,0.0,0.0,0.0,1.0,0.0,1.0,0.0,0.0,0.0,0.0,0.0,0.0,0.0,0.0,1.0,0.0,0.0,0.0,0.0,0.0,0.0,0.0,0.0,0.0,0.0,0.0,0.0,0.0,0.0,0.0,0.0,0.0,0.0,0.0,0.0,0.0,0.0,-1.9686013,3,-0.8995767882008879,-0.30983406,-0.9770353039641707,-1.0544938197274534,-1.1319523354907362,-1.209410851254019,-1.3643278827805845
Bank,Bank:2:task_6:Tomcat01:2021-03-06 06:20:00,Bank:Tomcat01:2021-03-06 06:20:00,2,task_6,2021_03_06,Tomcat01,dockerb2,25,-0.072664,0,0.04,3.258096538021482,0.0,0.0,0.0,0.0,0.0,0.0,0.0,0.0,1.0,1.0,0.6931471805599453,0.0,0.0,1.0,0.0,0.0,0.0,0.382504,0.0,1.0,0.0,0.0,0.0,0.0,0.090944,0.636364,0.008503,0.0,0.0,0.0,0.599258,0.0,0.0,0.120692,0.977821,0.003313,0.744161,0.0,0.0,0.073591,0.0,0.0,0.0,0.0,0.0,0.0,0.0,0.0,0.0,1.0,0.0,1.0,0.0,0.0,0.0,0.0,0.0,0.0,0.0,0.0,1.0,0.0,0.0,0.0,0.0,0.0,0.0,0.0,0.0,0.0,0.0,0.0,0.0,0.0,0.0,0.0,0.0,0.0,0.0,0.0,0.0,0.0,0.0,-1.9750599,3,-0.8995767882008879,-0.31937614,-0.9794208234091132,-1.0592648586173383,-1.1391089012761442,-1.2189529290337888,-1.3786410143514005
Bank,Bank:2:task_6:Tomcat01:2021-03-06 06:20:00,Bank:Tomcat01:2021-03-06 06:20:00,2,task_6,2021_03_06,Tomcat01,servicetest4,26,-0.077521,0,0.038461538461538464,3.295836866004329,0.24887930993922028,0.4147988498987004,0.0,0.0,0.0,0.0,0.0,0.0,1.0,1.0,0.6931471805599453,0.0,0.0,1.0,0.0,0.248879,0.0,0.382504,0.0,1.0,0.057656,0.0,0.0,0.0,0.090944,0.818182,0.028556,0.0,0.0,0.0,0.599258,0.220247,0.07101,0.120692,0.977821,0.065113,0.744161,0.172576,0.0,0.150872,0.0,0.0,0.0,0.0,0.031673,0.0,0.0,0.0,0.0,1.0,0.0,1.0,0.0,0.0,0.0,0.057182,0.025136,0.0,0.074074,0.0,1.0,0.0,0.0,0.0,0.0,0.0,0.0,0.0,0.0,0.0,0.0,1.0,0.0,0.0,0.0,0.0,0.0,0.0,0.0,0.0,0.0,0.0,0.0,-2.6184127,3,-0.9227696266928419,-1.2698913,-1.2402424422064526,-1.5577152577200635,-1.8751880732336743,-2.192660888747285,-2.827606519774507
Bank,Bank:2:task_6:Tomcat01:2021-03-06 06:20:00,Bank:Tomcat01:2021-03-06 06:20:00,2,task_6,2021_03_06,Tomcat01,tomcat02,27,-0.099754,0,0.037037037037037035,3.332204510175204,0.9189913215371245,1.0,0.4166666666666667,0.0,0.0,0.0,0.0,0.0,1.0,1.0,0.6931471805599453,0.0,0.0,1.0,-0.0175,0.918991,0.0,0.382504,0.0,1.0,0.135102,0.0,0.0,0.0,0.090944,1.0,0.11196,0.0,0.0,0.0,0.119798,0.530973,0.056784,0.120692,0.977821,0.152301,0.744161,0.159878,0.0,0.137472,0.0,0.0,0.0,0.0,0.116954,0.0,0.0,0.0,0.0,1.0,0.0,1.0,0.0,0.0,0.0,0.111821,0.058899,0.0,0.148149,0.0,0.0,1.0,0.0,0.0,0.0,1.0,0.0,0.0,0.0,0.0,0.0,0.0,0.0,0.0,0.0,0.0,0.0,0.0,0.0,0.0,0.0,0.0,0.0,-1.5346059,3,-1.028935238838531,0.33136812,-0.9460932092073933,-0.8632511795762554,-0.780409142494537,-0.6975671203139797,-0.5318830461505428
Bank,Bank:2:task_6:Tomcat01:2021-03-06 06:20:00,Bank:Tomcat01:2021-03-06 06:20:00,2,task_6,2021_03_06,Tomcat01,servicetest2,28,-0.111163,0,0.03571428571428571,3.367295829986474,0.06784455638851135,0.11307426064751892,0.0,0.0,0.0,0.0,0.0,0.0,1.0,1.0,0.6931471805599453,0.0,0.0,1.0,0.0,0.067845,0.0,0.382504,0.0,1.0,0.036734,0.0,0.0,0.0,0.090944,0.818182,0.000693,0.0,0.0,0.0,0.599258,0.060039,0.01929,0.120692,0.977821,0.02016,0.744161,0.046036,0.0,0.094504,0.0,0.0,0.0,0.0,0.008634,0.0,0.0,0.0,0.0,1.0,0.0,1.0,0.0,0.0,0.0,0.058556,0.016014,0.0,0.074074,0.0,1.0,0.0,0.0,0.0,0.0,0.0,0.0,0.0,0.0,0.0,0.0,1.0,0.0,0.0,0.0,0.0,0.0,0.0,0.0,0.0,0.0,0.0,0.0,-1.8383996,3,-1.0834147723684266,-0.1174689,-1.112781997613068,-1.1421492228577093,-1.1715164499649957,-1.2008836733469919,-1.2596181275615648
Bank,Bank:2:task_6:Tomcat01:2021-03-06 06:20:00,Bank:Tomcat01:2021-03-06 06:20:00,2,task_6,2021_03_06,Tomcat01,servicetest9,29,-0.111993,0,0.034482758620689655,3.4011973816621555,0.06334151300487659,0.10556918834146098,0.0,0.0,0.0,0.0,0.0,0.0,1.0,1.0,0.6931471805599453,0.0,0.0,1.0,0.0,0.063342,0.0,0.382504,0.0,1.0,0.036213,0.0,0.0,0.0,0.090944,0.818182,0.0,0.0,0.0,0.0,0.599258,0.056054,0.018008,0.120692,0.977821,0.019042,0.744161,0.042957,0.0,0.093113,0.0,0.0,0.0,0.0,0.008061,0.0,0.0,0.0,0.0,1.0,0.0,1.0,0.0,0.0,0.0,0.05859,0.015787,0.0,0.074074,0.0,1.0,0.0,0.0,0.0,0.0,0.0,0.0,0.0,0.0,0.0,0.0,1.0,0.0,0.0,0.0,0.0,0.0,0.0,0.0,0.0,0.0,0.0,0.0,-1.8383996,3,-1.0873781357508279,-0.1174689,-1.1167453609954692,-1.1461125862401105,-1.175479813347397,-1.204847036729393,-1.263581490943966
